nodeId1,portId1,nodeId2,portId2,bandwidth,delay
0,0,1024,0,400Gbps,1ns
0,1,1152,0,400Gbps,1ns
0,2,1280,0,400Gbps,1ns
0,3,1408,0,400Gbps,1ns
0,4,1536,0,400Gbps,1ns
0,5,1664,0,400Gbps,1ns
0,6,1792,0,400Gbps,1ns
0,7,1920,0,400Gbps,1ns
1,0,1024,1,400Gbps,1ns
1,1,1152,1,400Gbps,1ns
1,2,1280,1,400Gbps,1ns
1,3,1408,1,400Gbps,1ns
1,4,1536,1,400Gbps,1ns
1,5,1664,1,400Gbps,1ns
1,6,1792,1,400Gbps,1ns
1,7,1920,1,400Gbps,1ns
2,0,1024,2,400Gbps,1ns
2,1,1152,2,400Gbps,1ns
2,2,1280,2,400Gbps,1ns
2,3,1408,2,400Gbps,1ns
2,4,1536,2,400Gbps,1ns
2,5,1664,2,400Gbps,1ns
2,6,1792,2,400Gbps,1ns
2,7,1920,2,400Gbps,1ns
3,0,1024,3,400Gbps,1ns
3,1,1152,3,400Gbps,1ns
3,2,1280,3,400Gbps,1ns
3,3,1408,3,400Gbps,1ns
3,4,1536,3,400Gbps,1ns
3,5,1664,3,400Gbps,1ns
3,6,1792,3,400Gbps,1ns
3,7,1920,3,400Gbps,1ns
4,0,1024,4,400Gbps,1ns
4,1,1152,4,400Gbps,1ns
4,2,1280,4,400Gbps,1ns
4,3,1408,4,400Gbps,1ns
4,4,1536,4,400Gbps,1ns
4,5,1664,4,400Gbps,1ns
4,6,1792,4,400Gbps,1ns
4,7,1920,4,400Gbps,1ns
5,0,1024,5,400Gbps,1ns
5,1,1152,5,400Gbps,1ns
5,2,1280,5,400Gbps,1ns
5,3,1408,5,400Gbps,1ns
5,4,1536,5,400Gbps,1ns
5,5,1664,5,400Gbps,1ns
5,6,1792,5,400Gbps,1ns
5,7,1920,5,400Gbps,1ns
6,0,1024,6,400Gbps,1ns
6,1,1152,6,400Gbps,1ns
6,2,1280,6,400Gbps,1ns
6,3,1408,6,400Gbps,1ns
6,4,1536,6,400Gbps,1ns
6,5,1664,6,400Gbps,1ns
6,6,1792,6,400Gbps,1ns
6,7,1920,6,400Gbps,1ns
7,0,1024,7,400Gbps,1ns
7,1,1152,7,400Gbps,1ns
7,2,1280,7,400Gbps,1ns
7,3,1408,7,400Gbps,1ns
7,4,1536,7,400Gbps,1ns
7,5,1664,7,400Gbps,1ns
7,6,1792,7,400Gbps,1ns
7,7,1920,7,400Gbps,1ns
8,0,1025,0,400Gbps,1ns
8,1,1153,0,400Gbps,1ns
8,2,1281,0,400Gbps,1ns
8,3,1409,0,400Gbps,1ns
8,4,1537,0,400Gbps,1ns
8,5,1665,0,400Gbps,1ns
8,6,1793,0,400Gbps,1ns
8,7,1921,0,400Gbps,1ns
9,0,1025,1,400Gbps,1ns
9,1,1153,1,400Gbps,1ns
9,2,1281,1,400Gbps,1ns
9,3,1409,1,400Gbps,1ns
9,4,1537,1,400Gbps,1ns
9,5,1665,1,400Gbps,1ns
9,6,1793,1,400Gbps,1ns
9,7,1921,1,400Gbps,1ns
10,0,1025,2,400Gbps,1ns
10,1,1153,2,400Gbps,1ns
10,2,1281,2,400Gbps,1ns
10,3,1409,2,400Gbps,1ns
10,4,1537,2,400Gbps,1ns
10,5,1665,2,400Gbps,1ns
10,6,1793,2,400Gbps,1ns
10,7,1921,2,400Gbps,1ns
11,0,1025,3,400Gbps,1ns
11,1,1153,3,400Gbps,1ns
11,2,1281,3,400Gbps,1ns
11,3,1409,3,400Gbps,1ns
11,4,1537,3,400Gbps,1ns
11,5,1665,3,400Gbps,1ns
11,6,1793,3,400Gbps,1ns
11,7,1921,3,400Gbps,1ns
12,0,1025,4,400Gbps,1ns
12,1,1153,4,400Gbps,1ns
12,2,1281,4,400Gbps,1ns
12,3,1409,4,400Gbps,1ns
12,4,1537,4,400Gbps,1ns
12,5,1665,4,400Gbps,1ns
12,6,1793,4,400Gbps,1ns
12,7,1921,4,400Gbps,1ns
13,0,1025,5,400Gbps,1ns
13,1,1153,5,400Gbps,1ns
13,2,1281,5,400Gbps,1ns
13,3,1409,5,400Gbps,1ns
13,4,1537,5,400Gbps,1ns
13,5,1665,5,400Gbps,1ns
13,6,1793,5,400Gbps,1ns
13,7,1921,5,400Gbps,1ns
14,0,1025,6,400Gbps,1ns
14,1,1153,6,400Gbps,1ns
14,2,1281,6,400Gbps,1ns
14,3,1409,6,400Gbps,1ns
14,4,1537,6,400Gbps,1ns
14,5,1665,6,400Gbps,1ns
14,6,1793,6,400Gbps,1ns
14,7,1921,6,400Gbps,1ns
15,0,1025,7,400Gbps,1ns
15,1,1153,7,400Gbps,1ns
15,2,1281,7,400Gbps,1ns
15,3,1409,7,400Gbps,1ns
15,4,1537,7,400Gbps,1ns
15,5,1665,7,400Gbps,1ns
15,6,1793,7,400Gbps,1ns
15,7,1921,7,400Gbps,1ns
16,0,1026,0,400Gbps,1ns
16,1,1154,0,400Gbps,1ns
16,2,1282,0,400Gbps,1ns
16,3,1410,0,400Gbps,1ns
16,4,1538,0,400Gbps,1ns
16,5,1666,0,400Gbps,1ns
16,6,1794,0,400Gbps,1ns
16,7,1922,0,400Gbps,1ns
17,0,1026,1,400Gbps,1ns
17,1,1154,1,400Gbps,1ns
17,2,1282,1,400Gbps,1ns
17,3,1410,1,400Gbps,1ns
17,4,1538,1,400Gbps,1ns
17,5,1666,1,400Gbps,1ns
17,6,1794,1,400Gbps,1ns
17,7,1922,1,400Gbps,1ns
18,0,1026,2,400Gbps,1ns
18,1,1154,2,400Gbps,1ns
18,2,1282,2,400Gbps,1ns
18,3,1410,2,400Gbps,1ns
18,4,1538,2,400Gbps,1ns
18,5,1666,2,400Gbps,1ns
18,6,1794,2,400Gbps,1ns
18,7,1922,2,400Gbps,1ns
19,0,1026,3,400Gbps,1ns
19,1,1154,3,400Gbps,1ns
19,2,1282,3,400Gbps,1ns
19,3,1410,3,400Gbps,1ns
19,4,1538,3,400Gbps,1ns
19,5,1666,3,400Gbps,1ns
19,6,1794,3,400Gbps,1ns
19,7,1922,3,400Gbps,1ns
20,0,1026,4,400Gbps,1ns
20,1,1154,4,400Gbps,1ns
20,2,1282,4,400Gbps,1ns
20,3,1410,4,400Gbps,1ns
20,4,1538,4,400Gbps,1ns
20,5,1666,4,400Gbps,1ns
20,6,1794,4,400Gbps,1ns
20,7,1922,4,400Gbps,1ns
21,0,1026,5,400Gbps,1ns
21,1,1154,5,400Gbps,1ns
21,2,1282,5,400Gbps,1ns
21,3,1410,5,400Gbps,1ns
21,4,1538,5,400Gbps,1ns
21,5,1666,5,400Gbps,1ns
21,6,1794,5,400Gbps,1ns
21,7,1922,5,400Gbps,1ns
22,0,1026,6,400Gbps,1ns
22,1,1154,6,400Gbps,1ns
22,2,1282,6,400Gbps,1ns
22,3,1410,6,400Gbps,1ns
22,4,1538,6,400Gbps,1ns
22,5,1666,6,400Gbps,1ns
22,6,1794,6,400Gbps,1ns
22,7,1922,6,400Gbps,1ns
23,0,1026,7,400Gbps,1ns
23,1,1154,7,400Gbps,1ns
23,2,1282,7,400Gbps,1ns
23,3,1410,7,400Gbps,1ns
23,4,1538,7,400Gbps,1ns
23,5,1666,7,400Gbps,1ns
23,6,1794,7,400Gbps,1ns
23,7,1922,7,400Gbps,1ns
24,0,1027,0,400Gbps,1ns
24,1,1155,0,400Gbps,1ns
24,2,1283,0,400Gbps,1ns
24,3,1411,0,400Gbps,1ns
24,4,1539,0,400Gbps,1ns
24,5,1667,0,400Gbps,1ns
24,6,1795,0,400Gbps,1ns
24,7,1923,0,400Gbps,1ns
25,0,1027,1,400Gbps,1ns
25,1,1155,1,400Gbps,1ns
25,2,1283,1,400Gbps,1ns
25,3,1411,1,400Gbps,1ns
25,4,1539,1,400Gbps,1ns
25,5,1667,1,400Gbps,1ns
25,6,1795,1,400Gbps,1ns
25,7,1923,1,400Gbps,1ns
26,0,1027,2,400Gbps,1ns
26,1,1155,2,400Gbps,1ns
26,2,1283,2,400Gbps,1ns
26,3,1411,2,400Gbps,1ns
26,4,1539,2,400Gbps,1ns
26,5,1667,2,400Gbps,1ns
26,6,1795,2,400Gbps,1ns
26,7,1923,2,400Gbps,1ns
27,0,1027,3,400Gbps,1ns
27,1,1155,3,400Gbps,1ns
27,2,1283,3,400Gbps,1ns
27,3,1411,3,400Gbps,1ns
27,4,1539,3,400Gbps,1ns
27,5,1667,3,400Gbps,1ns
27,6,1795,3,400Gbps,1ns
27,7,1923,3,400Gbps,1ns
28,0,1027,4,400Gbps,1ns
28,1,1155,4,400Gbps,1ns
28,2,1283,4,400Gbps,1ns
28,3,1411,4,400Gbps,1ns
28,4,1539,4,400Gbps,1ns
28,5,1667,4,400Gbps,1ns
28,6,1795,4,400Gbps,1ns
28,7,1923,4,400Gbps,1ns
29,0,1027,5,400Gbps,1ns
29,1,1155,5,400Gbps,1ns
29,2,1283,5,400Gbps,1ns
29,3,1411,5,400Gbps,1ns
29,4,1539,5,400Gbps,1ns
29,5,1667,5,400Gbps,1ns
29,6,1795,5,400Gbps,1ns
29,7,1923,5,400Gbps,1ns
30,0,1027,6,400Gbps,1ns
30,1,1155,6,400Gbps,1ns
30,2,1283,6,400Gbps,1ns
30,3,1411,6,400Gbps,1ns
30,4,1539,6,400Gbps,1ns
30,5,1667,6,400Gbps,1ns
30,6,1795,6,400Gbps,1ns
30,7,1923,6,400Gbps,1ns
31,0,1027,7,400Gbps,1ns
31,1,1155,7,400Gbps,1ns
31,2,1283,7,400Gbps,1ns
31,3,1411,7,400Gbps,1ns
31,4,1539,7,400Gbps,1ns
31,5,1667,7,400Gbps,1ns
31,6,1795,7,400Gbps,1ns
31,7,1923,7,400Gbps,1ns
32,0,1028,0,400Gbps,1ns
32,1,1156,0,400Gbps,1ns
32,2,1284,0,400Gbps,1ns
32,3,1412,0,400Gbps,1ns
32,4,1540,0,400Gbps,1ns
32,5,1668,0,400Gbps,1ns
32,6,1796,0,400Gbps,1ns
32,7,1924,0,400Gbps,1ns
33,0,1028,1,400Gbps,1ns
33,1,1156,1,400Gbps,1ns
33,2,1284,1,400Gbps,1ns
33,3,1412,1,400Gbps,1ns
33,4,1540,1,400Gbps,1ns
33,5,1668,1,400Gbps,1ns
33,6,1796,1,400Gbps,1ns
33,7,1924,1,400Gbps,1ns
34,0,1028,2,400Gbps,1ns
34,1,1156,2,400Gbps,1ns
34,2,1284,2,400Gbps,1ns
34,3,1412,2,400Gbps,1ns
34,4,1540,2,400Gbps,1ns
34,5,1668,2,400Gbps,1ns
34,6,1796,2,400Gbps,1ns
34,7,1924,2,400Gbps,1ns
35,0,1028,3,400Gbps,1ns
35,1,1156,3,400Gbps,1ns
35,2,1284,3,400Gbps,1ns
35,3,1412,3,400Gbps,1ns
35,4,1540,3,400Gbps,1ns
35,5,1668,3,400Gbps,1ns
35,6,1796,3,400Gbps,1ns
35,7,1924,3,400Gbps,1ns
36,0,1028,4,400Gbps,1ns
36,1,1156,4,400Gbps,1ns
36,2,1284,4,400Gbps,1ns
36,3,1412,4,400Gbps,1ns
36,4,1540,4,400Gbps,1ns
36,5,1668,4,400Gbps,1ns
36,6,1796,4,400Gbps,1ns
36,7,1924,4,400Gbps,1ns
37,0,1028,5,400Gbps,1ns
37,1,1156,5,400Gbps,1ns
37,2,1284,5,400Gbps,1ns
37,3,1412,5,400Gbps,1ns
37,4,1540,5,400Gbps,1ns
37,5,1668,5,400Gbps,1ns
37,6,1796,5,400Gbps,1ns
37,7,1924,5,400Gbps,1ns
38,0,1028,6,400Gbps,1ns
38,1,1156,6,400Gbps,1ns
38,2,1284,6,400Gbps,1ns
38,3,1412,6,400Gbps,1ns
38,4,1540,6,400Gbps,1ns
38,5,1668,6,400Gbps,1ns
38,6,1796,6,400Gbps,1ns
38,7,1924,6,400Gbps,1ns
39,0,1028,7,400Gbps,1ns
39,1,1156,7,400Gbps,1ns
39,2,1284,7,400Gbps,1ns
39,3,1412,7,400Gbps,1ns
39,4,1540,7,400Gbps,1ns
39,5,1668,7,400Gbps,1ns
39,6,1796,7,400Gbps,1ns
39,7,1924,7,400Gbps,1ns
40,0,1029,0,400Gbps,1ns
40,1,1157,0,400Gbps,1ns
40,2,1285,0,400Gbps,1ns
40,3,1413,0,400Gbps,1ns
40,4,1541,0,400Gbps,1ns
40,5,1669,0,400Gbps,1ns
40,6,1797,0,400Gbps,1ns
40,7,1925,0,400Gbps,1ns
41,0,1029,1,400Gbps,1ns
41,1,1157,1,400Gbps,1ns
41,2,1285,1,400Gbps,1ns
41,3,1413,1,400Gbps,1ns
41,4,1541,1,400Gbps,1ns
41,5,1669,1,400Gbps,1ns
41,6,1797,1,400Gbps,1ns
41,7,1925,1,400Gbps,1ns
42,0,1029,2,400Gbps,1ns
42,1,1157,2,400Gbps,1ns
42,2,1285,2,400Gbps,1ns
42,3,1413,2,400Gbps,1ns
42,4,1541,2,400Gbps,1ns
42,5,1669,2,400Gbps,1ns
42,6,1797,2,400Gbps,1ns
42,7,1925,2,400Gbps,1ns
43,0,1029,3,400Gbps,1ns
43,1,1157,3,400Gbps,1ns
43,2,1285,3,400Gbps,1ns
43,3,1413,3,400Gbps,1ns
43,4,1541,3,400Gbps,1ns
43,5,1669,3,400Gbps,1ns
43,6,1797,3,400Gbps,1ns
43,7,1925,3,400Gbps,1ns
44,0,1029,4,400Gbps,1ns
44,1,1157,4,400Gbps,1ns
44,2,1285,4,400Gbps,1ns
44,3,1413,4,400Gbps,1ns
44,4,1541,4,400Gbps,1ns
44,5,1669,4,400Gbps,1ns
44,6,1797,4,400Gbps,1ns
44,7,1925,4,400Gbps,1ns
45,0,1029,5,400Gbps,1ns
45,1,1157,5,400Gbps,1ns
45,2,1285,5,400Gbps,1ns
45,3,1413,5,400Gbps,1ns
45,4,1541,5,400Gbps,1ns
45,5,1669,5,400Gbps,1ns
45,6,1797,5,400Gbps,1ns
45,7,1925,5,400Gbps,1ns
46,0,1029,6,400Gbps,1ns
46,1,1157,6,400Gbps,1ns
46,2,1285,6,400Gbps,1ns
46,3,1413,6,400Gbps,1ns
46,4,1541,6,400Gbps,1ns
46,5,1669,6,400Gbps,1ns
46,6,1797,6,400Gbps,1ns
46,7,1925,6,400Gbps,1ns
47,0,1029,7,400Gbps,1ns
47,1,1157,7,400Gbps,1ns
47,2,1285,7,400Gbps,1ns
47,3,1413,7,400Gbps,1ns
47,4,1541,7,400Gbps,1ns
47,5,1669,7,400Gbps,1ns
47,6,1797,7,400Gbps,1ns
47,7,1925,7,400Gbps,1ns
48,0,1030,0,400Gbps,1ns
48,1,1158,0,400Gbps,1ns
48,2,1286,0,400Gbps,1ns
48,3,1414,0,400Gbps,1ns
48,4,1542,0,400Gbps,1ns
48,5,1670,0,400Gbps,1ns
48,6,1798,0,400Gbps,1ns
48,7,1926,0,400Gbps,1ns
49,0,1030,1,400Gbps,1ns
49,1,1158,1,400Gbps,1ns
49,2,1286,1,400Gbps,1ns
49,3,1414,1,400Gbps,1ns
49,4,1542,1,400Gbps,1ns
49,5,1670,1,400Gbps,1ns
49,6,1798,1,400Gbps,1ns
49,7,1926,1,400Gbps,1ns
50,0,1030,2,400Gbps,1ns
50,1,1158,2,400Gbps,1ns
50,2,1286,2,400Gbps,1ns
50,3,1414,2,400Gbps,1ns
50,4,1542,2,400Gbps,1ns
50,5,1670,2,400Gbps,1ns
50,6,1798,2,400Gbps,1ns
50,7,1926,2,400Gbps,1ns
51,0,1030,3,400Gbps,1ns
51,1,1158,3,400Gbps,1ns
51,2,1286,3,400Gbps,1ns
51,3,1414,3,400Gbps,1ns
51,4,1542,3,400Gbps,1ns
51,5,1670,3,400Gbps,1ns
51,6,1798,3,400Gbps,1ns
51,7,1926,3,400Gbps,1ns
52,0,1030,4,400Gbps,1ns
52,1,1158,4,400Gbps,1ns
52,2,1286,4,400Gbps,1ns
52,3,1414,4,400Gbps,1ns
52,4,1542,4,400Gbps,1ns
52,5,1670,4,400Gbps,1ns
52,6,1798,4,400Gbps,1ns
52,7,1926,4,400Gbps,1ns
53,0,1030,5,400Gbps,1ns
53,1,1158,5,400Gbps,1ns
53,2,1286,5,400Gbps,1ns
53,3,1414,5,400Gbps,1ns
53,4,1542,5,400Gbps,1ns
53,5,1670,5,400Gbps,1ns
53,6,1798,5,400Gbps,1ns
53,7,1926,5,400Gbps,1ns
54,0,1030,6,400Gbps,1ns
54,1,1158,6,400Gbps,1ns
54,2,1286,6,400Gbps,1ns
54,3,1414,6,400Gbps,1ns
54,4,1542,6,400Gbps,1ns
54,5,1670,6,400Gbps,1ns
54,6,1798,6,400Gbps,1ns
54,7,1926,6,400Gbps,1ns
55,0,1030,7,400Gbps,1ns
55,1,1158,7,400Gbps,1ns
55,2,1286,7,400Gbps,1ns
55,3,1414,7,400Gbps,1ns
55,4,1542,7,400Gbps,1ns
55,5,1670,7,400Gbps,1ns
55,6,1798,7,400Gbps,1ns
55,7,1926,7,400Gbps,1ns
56,0,1031,0,400Gbps,1ns
56,1,1159,0,400Gbps,1ns
56,2,1287,0,400Gbps,1ns
56,3,1415,0,400Gbps,1ns
56,4,1543,0,400Gbps,1ns
56,5,1671,0,400Gbps,1ns
56,6,1799,0,400Gbps,1ns
56,7,1927,0,400Gbps,1ns
57,0,1031,1,400Gbps,1ns
57,1,1159,1,400Gbps,1ns
57,2,1287,1,400Gbps,1ns
57,3,1415,1,400Gbps,1ns
57,4,1543,1,400Gbps,1ns
57,5,1671,1,400Gbps,1ns
57,6,1799,1,400Gbps,1ns
57,7,1927,1,400Gbps,1ns
58,0,1031,2,400Gbps,1ns
58,1,1159,2,400Gbps,1ns
58,2,1287,2,400Gbps,1ns
58,3,1415,2,400Gbps,1ns
58,4,1543,2,400Gbps,1ns
58,5,1671,2,400Gbps,1ns
58,6,1799,2,400Gbps,1ns
58,7,1927,2,400Gbps,1ns
59,0,1031,3,400Gbps,1ns
59,1,1159,3,400Gbps,1ns
59,2,1287,3,400Gbps,1ns
59,3,1415,3,400Gbps,1ns
59,4,1543,3,400Gbps,1ns
59,5,1671,3,400Gbps,1ns
59,6,1799,3,400Gbps,1ns
59,7,1927,3,400Gbps,1ns
60,0,1031,4,400Gbps,1ns
60,1,1159,4,400Gbps,1ns
60,2,1287,4,400Gbps,1ns
60,3,1415,4,400Gbps,1ns
60,4,1543,4,400Gbps,1ns
60,5,1671,4,400Gbps,1ns
60,6,1799,4,400Gbps,1ns
60,7,1927,4,400Gbps,1ns
61,0,1031,5,400Gbps,1ns
61,1,1159,5,400Gbps,1ns
61,2,1287,5,400Gbps,1ns
61,3,1415,5,400Gbps,1ns
61,4,1543,5,400Gbps,1ns
61,5,1671,5,400Gbps,1ns
61,6,1799,5,400Gbps,1ns
61,7,1927,5,400Gbps,1ns
62,0,1031,6,400Gbps,1ns
62,1,1159,6,400Gbps,1ns
62,2,1287,6,400Gbps,1ns
62,3,1415,6,400Gbps,1ns
62,4,1543,6,400Gbps,1ns
62,5,1671,6,400Gbps,1ns
62,6,1799,6,400Gbps,1ns
62,7,1927,6,400Gbps,1ns
63,0,1031,7,400Gbps,1ns
63,1,1159,7,400Gbps,1ns
63,2,1287,7,400Gbps,1ns
63,3,1415,7,400Gbps,1ns
63,4,1543,7,400Gbps,1ns
63,5,1671,7,400Gbps,1ns
63,6,1799,7,400Gbps,1ns
63,7,1927,7,400Gbps,1ns
64,0,1032,0,400Gbps,1ns
64,1,1160,0,400Gbps,1ns
64,2,1288,0,400Gbps,1ns
64,3,1416,0,400Gbps,1ns
64,4,1544,0,400Gbps,1ns
64,5,1672,0,400Gbps,1ns
64,6,1800,0,400Gbps,1ns
64,7,1928,0,400Gbps,1ns
65,0,1032,1,400Gbps,1ns
65,1,1160,1,400Gbps,1ns
65,2,1288,1,400Gbps,1ns
65,3,1416,1,400Gbps,1ns
65,4,1544,1,400Gbps,1ns
65,5,1672,1,400Gbps,1ns
65,6,1800,1,400Gbps,1ns
65,7,1928,1,400Gbps,1ns
66,0,1032,2,400Gbps,1ns
66,1,1160,2,400Gbps,1ns
66,2,1288,2,400Gbps,1ns
66,3,1416,2,400Gbps,1ns
66,4,1544,2,400Gbps,1ns
66,5,1672,2,400Gbps,1ns
66,6,1800,2,400Gbps,1ns
66,7,1928,2,400Gbps,1ns
67,0,1032,3,400Gbps,1ns
67,1,1160,3,400Gbps,1ns
67,2,1288,3,400Gbps,1ns
67,3,1416,3,400Gbps,1ns
67,4,1544,3,400Gbps,1ns
67,5,1672,3,400Gbps,1ns
67,6,1800,3,400Gbps,1ns
67,7,1928,3,400Gbps,1ns
68,0,1032,4,400Gbps,1ns
68,1,1160,4,400Gbps,1ns
68,2,1288,4,400Gbps,1ns
68,3,1416,4,400Gbps,1ns
68,4,1544,4,400Gbps,1ns
68,5,1672,4,400Gbps,1ns
68,6,1800,4,400Gbps,1ns
68,7,1928,4,400Gbps,1ns
69,0,1032,5,400Gbps,1ns
69,1,1160,5,400Gbps,1ns
69,2,1288,5,400Gbps,1ns
69,3,1416,5,400Gbps,1ns
69,4,1544,5,400Gbps,1ns
69,5,1672,5,400Gbps,1ns
69,6,1800,5,400Gbps,1ns
69,7,1928,5,400Gbps,1ns
70,0,1032,6,400Gbps,1ns
70,1,1160,6,400Gbps,1ns
70,2,1288,6,400Gbps,1ns
70,3,1416,6,400Gbps,1ns
70,4,1544,6,400Gbps,1ns
70,5,1672,6,400Gbps,1ns
70,6,1800,6,400Gbps,1ns
70,7,1928,6,400Gbps,1ns
71,0,1032,7,400Gbps,1ns
71,1,1160,7,400Gbps,1ns
71,2,1288,7,400Gbps,1ns
71,3,1416,7,400Gbps,1ns
71,4,1544,7,400Gbps,1ns
71,5,1672,7,400Gbps,1ns
71,6,1800,7,400Gbps,1ns
71,7,1928,7,400Gbps,1ns
72,0,1033,0,400Gbps,1ns
72,1,1161,0,400Gbps,1ns
72,2,1289,0,400Gbps,1ns
72,3,1417,0,400Gbps,1ns
72,4,1545,0,400Gbps,1ns
72,5,1673,0,400Gbps,1ns
72,6,1801,0,400Gbps,1ns
72,7,1929,0,400Gbps,1ns
73,0,1033,1,400Gbps,1ns
73,1,1161,1,400Gbps,1ns
73,2,1289,1,400Gbps,1ns
73,3,1417,1,400Gbps,1ns
73,4,1545,1,400Gbps,1ns
73,5,1673,1,400Gbps,1ns
73,6,1801,1,400Gbps,1ns
73,7,1929,1,400Gbps,1ns
74,0,1033,2,400Gbps,1ns
74,1,1161,2,400Gbps,1ns
74,2,1289,2,400Gbps,1ns
74,3,1417,2,400Gbps,1ns
74,4,1545,2,400Gbps,1ns
74,5,1673,2,400Gbps,1ns
74,6,1801,2,400Gbps,1ns
74,7,1929,2,400Gbps,1ns
75,0,1033,3,400Gbps,1ns
75,1,1161,3,400Gbps,1ns
75,2,1289,3,400Gbps,1ns
75,3,1417,3,400Gbps,1ns
75,4,1545,3,400Gbps,1ns
75,5,1673,3,400Gbps,1ns
75,6,1801,3,400Gbps,1ns
75,7,1929,3,400Gbps,1ns
76,0,1033,4,400Gbps,1ns
76,1,1161,4,400Gbps,1ns
76,2,1289,4,400Gbps,1ns
76,3,1417,4,400Gbps,1ns
76,4,1545,4,400Gbps,1ns
76,5,1673,4,400Gbps,1ns
76,6,1801,4,400Gbps,1ns
76,7,1929,4,400Gbps,1ns
77,0,1033,5,400Gbps,1ns
77,1,1161,5,400Gbps,1ns
77,2,1289,5,400Gbps,1ns
77,3,1417,5,400Gbps,1ns
77,4,1545,5,400Gbps,1ns
77,5,1673,5,400Gbps,1ns
77,6,1801,5,400Gbps,1ns
77,7,1929,5,400Gbps,1ns
78,0,1033,6,400Gbps,1ns
78,1,1161,6,400Gbps,1ns
78,2,1289,6,400Gbps,1ns
78,3,1417,6,400Gbps,1ns
78,4,1545,6,400Gbps,1ns
78,5,1673,6,400Gbps,1ns
78,6,1801,6,400Gbps,1ns
78,7,1929,6,400Gbps,1ns
79,0,1033,7,400Gbps,1ns
79,1,1161,7,400Gbps,1ns
79,2,1289,7,400Gbps,1ns
79,3,1417,7,400Gbps,1ns
79,4,1545,7,400Gbps,1ns
79,5,1673,7,400Gbps,1ns
79,6,1801,7,400Gbps,1ns
79,7,1929,7,400Gbps,1ns
80,0,1034,0,400Gbps,1ns
80,1,1162,0,400Gbps,1ns
80,2,1290,0,400Gbps,1ns
80,3,1418,0,400Gbps,1ns
80,4,1546,0,400Gbps,1ns
80,5,1674,0,400Gbps,1ns
80,6,1802,0,400Gbps,1ns
80,7,1930,0,400Gbps,1ns
81,0,1034,1,400Gbps,1ns
81,1,1162,1,400Gbps,1ns
81,2,1290,1,400Gbps,1ns
81,3,1418,1,400Gbps,1ns
81,4,1546,1,400Gbps,1ns
81,5,1674,1,400Gbps,1ns
81,6,1802,1,400Gbps,1ns
81,7,1930,1,400Gbps,1ns
82,0,1034,2,400Gbps,1ns
82,1,1162,2,400Gbps,1ns
82,2,1290,2,400Gbps,1ns
82,3,1418,2,400Gbps,1ns
82,4,1546,2,400Gbps,1ns
82,5,1674,2,400Gbps,1ns
82,6,1802,2,400Gbps,1ns
82,7,1930,2,400Gbps,1ns
83,0,1034,3,400Gbps,1ns
83,1,1162,3,400Gbps,1ns
83,2,1290,3,400Gbps,1ns
83,3,1418,3,400Gbps,1ns
83,4,1546,3,400Gbps,1ns
83,5,1674,3,400Gbps,1ns
83,6,1802,3,400Gbps,1ns
83,7,1930,3,400Gbps,1ns
84,0,1034,4,400Gbps,1ns
84,1,1162,4,400Gbps,1ns
84,2,1290,4,400Gbps,1ns
84,3,1418,4,400Gbps,1ns
84,4,1546,4,400Gbps,1ns
84,5,1674,4,400Gbps,1ns
84,6,1802,4,400Gbps,1ns
84,7,1930,4,400Gbps,1ns
85,0,1034,5,400Gbps,1ns
85,1,1162,5,400Gbps,1ns
85,2,1290,5,400Gbps,1ns
85,3,1418,5,400Gbps,1ns
85,4,1546,5,400Gbps,1ns
85,5,1674,5,400Gbps,1ns
85,6,1802,5,400Gbps,1ns
85,7,1930,5,400Gbps,1ns
86,0,1034,6,400Gbps,1ns
86,1,1162,6,400Gbps,1ns
86,2,1290,6,400Gbps,1ns
86,3,1418,6,400Gbps,1ns
86,4,1546,6,400Gbps,1ns
86,5,1674,6,400Gbps,1ns
86,6,1802,6,400Gbps,1ns
86,7,1930,6,400Gbps,1ns
87,0,1034,7,400Gbps,1ns
87,1,1162,7,400Gbps,1ns
87,2,1290,7,400Gbps,1ns
87,3,1418,7,400Gbps,1ns
87,4,1546,7,400Gbps,1ns
87,5,1674,7,400Gbps,1ns
87,6,1802,7,400Gbps,1ns
87,7,1930,7,400Gbps,1ns
88,0,1035,0,400Gbps,1ns
88,1,1163,0,400Gbps,1ns
88,2,1291,0,400Gbps,1ns
88,3,1419,0,400Gbps,1ns
88,4,1547,0,400Gbps,1ns
88,5,1675,0,400Gbps,1ns
88,6,1803,0,400Gbps,1ns
88,7,1931,0,400Gbps,1ns
89,0,1035,1,400Gbps,1ns
89,1,1163,1,400Gbps,1ns
89,2,1291,1,400Gbps,1ns
89,3,1419,1,400Gbps,1ns
89,4,1547,1,400Gbps,1ns
89,5,1675,1,400Gbps,1ns
89,6,1803,1,400Gbps,1ns
89,7,1931,1,400Gbps,1ns
90,0,1035,2,400Gbps,1ns
90,1,1163,2,400Gbps,1ns
90,2,1291,2,400Gbps,1ns
90,3,1419,2,400Gbps,1ns
90,4,1547,2,400Gbps,1ns
90,5,1675,2,400Gbps,1ns
90,6,1803,2,400Gbps,1ns
90,7,1931,2,400Gbps,1ns
91,0,1035,3,400Gbps,1ns
91,1,1163,3,400Gbps,1ns
91,2,1291,3,400Gbps,1ns
91,3,1419,3,400Gbps,1ns
91,4,1547,3,400Gbps,1ns
91,5,1675,3,400Gbps,1ns
91,6,1803,3,400Gbps,1ns
91,7,1931,3,400Gbps,1ns
92,0,1035,4,400Gbps,1ns
92,1,1163,4,400Gbps,1ns
92,2,1291,4,400Gbps,1ns
92,3,1419,4,400Gbps,1ns
92,4,1547,4,400Gbps,1ns
92,5,1675,4,400Gbps,1ns
92,6,1803,4,400Gbps,1ns
92,7,1931,4,400Gbps,1ns
93,0,1035,5,400Gbps,1ns
93,1,1163,5,400Gbps,1ns
93,2,1291,5,400Gbps,1ns
93,3,1419,5,400Gbps,1ns
93,4,1547,5,400Gbps,1ns
93,5,1675,5,400Gbps,1ns
93,6,1803,5,400Gbps,1ns
93,7,1931,5,400Gbps,1ns
94,0,1035,6,400Gbps,1ns
94,1,1163,6,400Gbps,1ns
94,2,1291,6,400Gbps,1ns
94,3,1419,6,400Gbps,1ns
94,4,1547,6,400Gbps,1ns
94,5,1675,6,400Gbps,1ns
94,6,1803,6,400Gbps,1ns
94,7,1931,6,400Gbps,1ns
95,0,1035,7,400Gbps,1ns
95,1,1163,7,400Gbps,1ns
95,2,1291,7,400Gbps,1ns
95,3,1419,7,400Gbps,1ns
95,4,1547,7,400Gbps,1ns
95,5,1675,7,400Gbps,1ns
95,6,1803,7,400Gbps,1ns
95,7,1931,7,400Gbps,1ns
96,0,1036,0,400Gbps,1ns
96,1,1164,0,400Gbps,1ns
96,2,1292,0,400Gbps,1ns
96,3,1420,0,400Gbps,1ns
96,4,1548,0,400Gbps,1ns
96,5,1676,0,400Gbps,1ns
96,6,1804,0,400Gbps,1ns
96,7,1932,0,400Gbps,1ns
97,0,1036,1,400Gbps,1ns
97,1,1164,1,400Gbps,1ns
97,2,1292,1,400Gbps,1ns
97,3,1420,1,400Gbps,1ns
97,4,1548,1,400Gbps,1ns
97,5,1676,1,400Gbps,1ns
97,6,1804,1,400Gbps,1ns
97,7,1932,1,400Gbps,1ns
98,0,1036,2,400Gbps,1ns
98,1,1164,2,400Gbps,1ns
98,2,1292,2,400Gbps,1ns
98,3,1420,2,400Gbps,1ns
98,4,1548,2,400Gbps,1ns
98,5,1676,2,400Gbps,1ns
98,6,1804,2,400Gbps,1ns
98,7,1932,2,400Gbps,1ns
99,0,1036,3,400Gbps,1ns
99,1,1164,3,400Gbps,1ns
99,2,1292,3,400Gbps,1ns
99,3,1420,3,400Gbps,1ns
99,4,1548,3,400Gbps,1ns
99,5,1676,3,400Gbps,1ns
99,6,1804,3,400Gbps,1ns
99,7,1932,3,400Gbps,1ns
100,0,1036,4,400Gbps,1ns
100,1,1164,4,400Gbps,1ns
100,2,1292,4,400Gbps,1ns
100,3,1420,4,400Gbps,1ns
100,4,1548,4,400Gbps,1ns
100,5,1676,4,400Gbps,1ns
100,6,1804,4,400Gbps,1ns
100,7,1932,4,400Gbps,1ns
101,0,1036,5,400Gbps,1ns
101,1,1164,5,400Gbps,1ns
101,2,1292,5,400Gbps,1ns
101,3,1420,5,400Gbps,1ns
101,4,1548,5,400Gbps,1ns
101,5,1676,5,400Gbps,1ns
101,6,1804,5,400Gbps,1ns
101,7,1932,5,400Gbps,1ns
102,0,1036,6,400Gbps,1ns
102,1,1164,6,400Gbps,1ns
102,2,1292,6,400Gbps,1ns
102,3,1420,6,400Gbps,1ns
102,4,1548,6,400Gbps,1ns
102,5,1676,6,400Gbps,1ns
102,6,1804,6,400Gbps,1ns
102,7,1932,6,400Gbps,1ns
103,0,1036,7,400Gbps,1ns
103,1,1164,7,400Gbps,1ns
103,2,1292,7,400Gbps,1ns
103,3,1420,7,400Gbps,1ns
103,4,1548,7,400Gbps,1ns
103,5,1676,7,400Gbps,1ns
103,6,1804,7,400Gbps,1ns
103,7,1932,7,400Gbps,1ns
104,0,1037,0,400Gbps,1ns
104,1,1165,0,400Gbps,1ns
104,2,1293,0,400Gbps,1ns
104,3,1421,0,400Gbps,1ns
104,4,1549,0,400Gbps,1ns
104,5,1677,0,400Gbps,1ns
104,6,1805,0,400Gbps,1ns
104,7,1933,0,400Gbps,1ns
105,0,1037,1,400Gbps,1ns
105,1,1165,1,400Gbps,1ns
105,2,1293,1,400Gbps,1ns
105,3,1421,1,400Gbps,1ns
105,4,1549,1,400Gbps,1ns
105,5,1677,1,400Gbps,1ns
105,6,1805,1,400Gbps,1ns
105,7,1933,1,400Gbps,1ns
106,0,1037,2,400Gbps,1ns
106,1,1165,2,400Gbps,1ns
106,2,1293,2,400Gbps,1ns
106,3,1421,2,400Gbps,1ns
106,4,1549,2,400Gbps,1ns
106,5,1677,2,400Gbps,1ns
106,6,1805,2,400Gbps,1ns
106,7,1933,2,400Gbps,1ns
107,0,1037,3,400Gbps,1ns
107,1,1165,3,400Gbps,1ns
107,2,1293,3,400Gbps,1ns
107,3,1421,3,400Gbps,1ns
107,4,1549,3,400Gbps,1ns
107,5,1677,3,400Gbps,1ns
107,6,1805,3,400Gbps,1ns
107,7,1933,3,400Gbps,1ns
108,0,1037,4,400Gbps,1ns
108,1,1165,4,400Gbps,1ns
108,2,1293,4,400Gbps,1ns
108,3,1421,4,400Gbps,1ns
108,4,1549,4,400Gbps,1ns
108,5,1677,4,400Gbps,1ns
108,6,1805,4,400Gbps,1ns
108,7,1933,4,400Gbps,1ns
109,0,1037,5,400Gbps,1ns
109,1,1165,5,400Gbps,1ns
109,2,1293,5,400Gbps,1ns
109,3,1421,5,400Gbps,1ns
109,4,1549,5,400Gbps,1ns
109,5,1677,5,400Gbps,1ns
109,6,1805,5,400Gbps,1ns
109,7,1933,5,400Gbps,1ns
110,0,1037,6,400Gbps,1ns
110,1,1165,6,400Gbps,1ns
110,2,1293,6,400Gbps,1ns
110,3,1421,6,400Gbps,1ns
110,4,1549,6,400Gbps,1ns
110,5,1677,6,400Gbps,1ns
110,6,1805,6,400Gbps,1ns
110,7,1933,6,400Gbps,1ns
111,0,1037,7,400Gbps,1ns
111,1,1165,7,400Gbps,1ns
111,2,1293,7,400Gbps,1ns
111,3,1421,7,400Gbps,1ns
111,4,1549,7,400Gbps,1ns
111,5,1677,7,400Gbps,1ns
111,6,1805,7,400Gbps,1ns
111,7,1933,7,400Gbps,1ns
112,0,1038,0,400Gbps,1ns
112,1,1166,0,400Gbps,1ns
112,2,1294,0,400Gbps,1ns
112,3,1422,0,400Gbps,1ns
112,4,1550,0,400Gbps,1ns
112,5,1678,0,400Gbps,1ns
112,6,1806,0,400Gbps,1ns
112,7,1934,0,400Gbps,1ns
113,0,1038,1,400Gbps,1ns
113,1,1166,1,400Gbps,1ns
113,2,1294,1,400Gbps,1ns
113,3,1422,1,400Gbps,1ns
113,4,1550,1,400Gbps,1ns
113,5,1678,1,400Gbps,1ns
113,6,1806,1,400Gbps,1ns
113,7,1934,1,400Gbps,1ns
114,0,1038,2,400Gbps,1ns
114,1,1166,2,400Gbps,1ns
114,2,1294,2,400Gbps,1ns
114,3,1422,2,400Gbps,1ns
114,4,1550,2,400Gbps,1ns
114,5,1678,2,400Gbps,1ns
114,6,1806,2,400Gbps,1ns
114,7,1934,2,400Gbps,1ns
115,0,1038,3,400Gbps,1ns
115,1,1166,3,400Gbps,1ns
115,2,1294,3,400Gbps,1ns
115,3,1422,3,400Gbps,1ns
115,4,1550,3,400Gbps,1ns
115,5,1678,3,400Gbps,1ns
115,6,1806,3,400Gbps,1ns
115,7,1934,3,400Gbps,1ns
116,0,1038,4,400Gbps,1ns
116,1,1166,4,400Gbps,1ns
116,2,1294,4,400Gbps,1ns
116,3,1422,4,400Gbps,1ns
116,4,1550,4,400Gbps,1ns
116,5,1678,4,400Gbps,1ns
116,6,1806,4,400Gbps,1ns
116,7,1934,4,400Gbps,1ns
117,0,1038,5,400Gbps,1ns
117,1,1166,5,400Gbps,1ns
117,2,1294,5,400Gbps,1ns
117,3,1422,5,400Gbps,1ns
117,4,1550,5,400Gbps,1ns
117,5,1678,5,400Gbps,1ns
117,6,1806,5,400Gbps,1ns
117,7,1934,5,400Gbps,1ns
118,0,1038,6,400Gbps,1ns
118,1,1166,6,400Gbps,1ns
118,2,1294,6,400Gbps,1ns
118,3,1422,6,400Gbps,1ns
118,4,1550,6,400Gbps,1ns
118,5,1678,6,400Gbps,1ns
118,6,1806,6,400Gbps,1ns
118,7,1934,6,400Gbps,1ns
119,0,1038,7,400Gbps,1ns
119,1,1166,7,400Gbps,1ns
119,2,1294,7,400Gbps,1ns
119,3,1422,7,400Gbps,1ns
119,4,1550,7,400Gbps,1ns
119,5,1678,7,400Gbps,1ns
119,6,1806,7,400Gbps,1ns
119,7,1934,7,400Gbps,1ns
120,0,1039,0,400Gbps,1ns
120,1,1167,0,400Gbps,1ns
120,2,1295,0,400Gbps,1ns
120,3,1423,0,400Gbps,1ns
120,4,1551,0,400Gbps,1ns
120,5,1679,0,400Gbps,1ns
120,6,1807,0,400Gbps,1ns
120,7,1935,0,400Gbps,1ns
121,0,1039,1,400Gbps,1ns
121,1,1167,1,400Gbps,1ns
121,2,1295,1,400Gbps,1ns
121,3,1423,1,400Gbps,1ns
121,4,1551,1,400Gbps,1ns
121,5,1679,1,400Gbps,1ns
121,6,1807,1,400Gbps,1ns
121,7,1935,1,400Gbps,1ns
122,0,1039,2,400Gbps,1ns
122,1,1167,2,400Gbps,1ns
122,2,1295,2,400Gbps,1ns
122,3,1423,2,400Gbps,1ns
122,4,1551,2,400Gbps,1ns
122,5,1679,2,400Gbps,1ns
122,6,1807,2,400Gbps,1ns
122,7,1935,2,400Gbps,1ns
123,0,1039,3,400Gbps,1ns
123,1,1167,3,400Gbps,1ns
123,2,1295,3,400Gbps,1ns
123,3,1423,3,400Gbps,1ns
123,4,1551,3,400Gbps,1ns
123,5,1679,3,400Gbps,1ns
123,6,1807,3,400Gbps,1ns
123,7,1935,3,400Gbps,1ns
124,0,1039,4,400Gbps,1ns
124,1,1167,4,400Gbps,1ns
124,2,1295,4,400Gbps,1ns
124,3,1423,4,400Gbps,1ns
124,4,1551,4,400Gbps,1ns
124,5,1679,4,400Gbps,1ns
124,6,1807,4,400Gbps,1ns
124,7,1935,4,400Gbps,1ns
125,0,1039,5,400Gbps,1ns
125,1,1167,5,400Gbps,1ns
125,2,1295,5,400Gbps,1ns
125,3,1423,5,400Gbps,1ns
125,4,1551,5,400Gbps,1ns
125,5,1679,5,400Gbps,1ns
125,6,1807,5,400Gbps,1ns
125,7,1935,5,400Gbps,1ns
126,0,1039,6,400Gbps,1ns
126,1,1167,6,400Gbps,1ns
126,2,1295,6,400Gbps,1ns
126,3,1423,6,400Gbps,1ns
126,4,1551,6,400Gbps,1ns
126,5,1679,6,400Gbps,1ns
126,6,1807,6,400Gbps,1ns
126,7,1935,6,400Gbps,1ns
127,0,1039,7,400Gbps,1ns
127,1,1167,7,400Gbps,1ns
127,2,1295,7,400Gbps,1ns
127,3,1423,7,400Gbps,1ns
127,4,1551,7,400Gbps,1ns
127,5,1679,7,400Gbps,1ns
127,6,1807,7,400Gbps,1ns
127,7,1935,7,400Gbps,1ns
128,0,1040,0,400Gbps,1ns
128,1,1168,0,400Gbps,1ns
128,2,1296,0,400Gbps,1ns
128,3,1424,0,400Gbps,1ns
128,4,1552,0,400Gbps,1ns
128,5,1680,0,400Gbps,1ns
128,6,1808,0,400Gbps,1ns
128,7,1936,0,400Gbps,1ns
129,0,1040,1,400Gbps,1ns
129,1,1168,1,400Gbps,1ns
129,2,1296,1,400Gbps,1ns
129,3,1424,1,400Gbps,1ns
129,4,1552,1,400Gbps,1ns
129,5,1680,1,400Gbps,1ns
129,6,1808,1,400Gbps,1ns
129,7,1936,1,400Gbps,1ns
130,0,1040,2,400Gbps,1ns
130,1,1168,2,400Gbps,1ns
130,2,1296,2,400Gbps,1ns
130,3,1424,2,400Gbps,1ns
130,4,1552,2,400Gbps,1ns
130,5,1680,2,400Gbps,1ns
130,6,1808,2,400Gbps,1ns
130,7,1936,2,400Gbps,1ns
131,0,1040,3,400Gbps,1ns
131,1,1168,3,400Gbps,1ns
131,2,1296,3,400Gbps,1ns
131,3,1424,3,400Gbps,1ns
131,4,1552,3,400Gbps,1ns
131,5,1680,3,400Gbps,1ns
131,6,1808,3,400Gbps,1ns
131,7,1936,3,400Gbps,1ns
132,0,1040,4,400Gbps,1ns
132,1,1168,4,400Gbps,1ns
132,2,1296,4,400Gbps,1ns
132,3,1424,4,400Gbps,1ns
132,4,1552,4,400Gbps,1ns
132,5,1680,4,400Gbps,1ns
132,6,1808,4,400Gbps,1ns
132,7,1936,4,400Gbps,1ns
133,0,1040,5,400Gbps,1ns
133,1,1168,5,400Gbps,1ns
133,2,1296,5,400Gbps,1ns
133,3,1424,5,400Gbps,1ns
133,4,1552,5,400Gbps,1ns
133,5,1680,5,400Gbps,1ns
133,6,1808,5,400Gbps,1ns
133,7,1936,5,400Gbps,1ns
134,0,1040,6,400Gbps,1ns
134,1,1168,6,400Gbps,1ns
134,2,1296,6,400Gbps,1ns
134,3,1424,6,400Gbps,1ns
134,4,1552,6,400Gbps,1ns
134,5,1680,6,400Gbps,1ns
134,6,1808,6,400Gbps,1ns
134,7,1936,6,400Gbps,1ns
135,0,1040,7,400Gbps,1ns
135,1,1168,7,400Gbps,1ns
135,2,1296,7,400Gbps,1ns
135,3,1424,7,400Gbps,1ns
135,4,1552,7,400Gbps,1ns
135,5,1680,7,400Gbps,1ns
135,6,1808,7,400Gbps,1ns
135,7,1936,7,400Gbps,1ns
136,0,1041,0,400Gbps,1ns
136,1,1169,0,400Gbps,1ns
136,2,1297,0,400Gbps,1ns
136,3,1425,0,400Gbps,1ns
136,4,1553,0,400Gbps,1ns
136,5,1681,0,400Gbps,1ns
136,6,1809,0,400Gbps,1ns
136,7,1937,0,400Gbps,1ns
137,0,1041,1,400Gbps,1ns
137,1,1169,1,400Gbps,1ns
137,2,1297,1,400Gbps,1ns
137,3,1425,1,400Gbps,1ns
137,4,1553,1,400Gbps,1ns
137,5,1681,1,400Gbps,1ns
137,6,1809,1,400Gbps,1ns
137,7,1937,1,400Gbps,1ns
138,0,1041,2,400Gbps,1ns
138,1,1169,2,400Gbps,1ns
138,2,1297,2,400Gbps,1ns
138,3,1425,2,400Gbps,1ns
138,4,1553,2,400Gbps,1ns
138,5,1681,2,400Gbps,1ns
138,6,1809,2,400Gbps,1ns
138,7,1937,2,400Gbps,1ns
139,0,1041,3,400Gbps,1ns
139,1,1169,3,400Gbps,1ns
139,2,1297,3,400Gbps,1ns
139,3,1425,3,400Gbps,1ns
139,4,1553,3,400Gbps,1ns
139,5,1681,3,400Gbps,1ns
139,6,1809,3,400Gbps,1ns
139,7,1937,3,400Gbps,1ns
140,0,1041,4,400Gbps,1ns
140,1,1169,4,400Gbps,1ns
140,2,1297,4,400Gbps,1ns
140,3,1425,4,400Gbps,1ns
140,4,1553,4,400Gbps,1ns
140,5,1681,4,400Gbps,1ns
140,6,1809,4,400Gbps,1ns
140,7,1937,4,400Gbps,1ns
141,0,1041,5,400Gbps,1ns
141,1,1169,5,400Gbps,1ns
141,2,1297,5,400Gbps,1ns
141,3,1425,5,400Gbps,1ns
141,4,1553,5,400Gbps,1ns
141,5,1681,5,400Gbps,1ns
141,6,1809,5,400Gbps,1ns
141,7,1937,5,400Gbps,1ns
142,0,1041,6,400Gbps,1ns
142,1,1169,6,400Gbps,1ns
142,2,1297,6,400Gbps,1ns
142,3,1425,6,400Gbps,1ns
142,4,1553,6,400Gbps,1ns
142,5,1681,6,400Gbps,1ns
142,6,1809,6,400Gbps,1ns
142,7,1937,6,400Gbps,1ns
143,0,1041,7,400Gbps,1ns
143,1,1169,7,400Gbps,1ns
143,2,1297,7,400Gbps,1ns
143,3,1425,7,400Gbps,1ns
143,4,1553,7,400Gbps,1ns
143,5,1681,7,400Gbps,1ns
143,6,1809,7,400Gbps,1ns
143,7,1937,7,400Gbps,1ns
144,0,1042,0,400Gbps,1ns
144,1,1170,0,400Gbps,1ns
144,2,1298,0,400Gbps,1ns
144,3,1426,0,400Gbps,1ns
144,4,1554,0,400Gbps,1ns
144,5,1682,0,400Gbps,1ns
144,6,1810,0,400Gbps,1ns
144,7,1938,0,400Gbps,1ns
145,0,1042,1,400Gbps,1ns
145,1,1170,1,400Gbps,1ns
145,2,1298,1,400Gbps,1ns
145,3,1426,1,400Gbps,1ns
145,4,1554,1,400Gbps,1ns
145,5,1682,1,400Gbps,1ns
145,6,1810,1,400Gbps,1ns
145,7,1938,1,400Gbps,1ns
146,0,1042,2,400Gbps,1ns
146,1,1170,2,400Gbps,1ns
146,2,1298,2,400Gbps,1ns
146,3,1426,2,400Gbps,1ns
146,4,1554,2,400Gbps,1ns
146,5,1682,2,400Gbps,1ns
146,6,1810,2,400Gbps,1ns
146,7,1938,2,400Gbps,1ns
147,0,1042,3,400Gbps,1ns
147,1,1170,3,400Gbps,1ns
147,2,1298,3,400Gbps,1ns
147,3,1426,3,400Gbps,1ns
147,4,1554,3,400Gbps,1ns
147,5,1682,3,400Gbps,1ns
147,6,1810,3,400Gbps,1ns
147,7,1938,3,400Gbps,1ns
148,0,1042,4,400Gbps,1ns
148,1,1170,4,400Gbps,1ns
148,2,1298,4,400Gbps,1ns
148,3,1426,4,400Gbps,1ns
148,4,1554,4,400Gbps,1ns
148,5,1682,4,400Gbps,1ns
148,6,1810,4,400Gbps,1ns
148,7,1938,4,400Gbps,1ns
149,0,1042,5,400Gbps,1ns
149,1,1170,5,400Gbps,1ns
149,2,1298,5,400Gbps,1ns
149,3,1426,5,400Gbps,1ns
149,4,1554,5,400Gbps,1ns
149,5,1682,5,400Gbps,1ns
149,6,1810,5,400Gbps,1ns
149,7,1938,5,400Gbps,1ns
150,0,1042,6,400Gbps,1ns
150,1,1170,6,400Gbps,1ns
150,2,1298,6,400Gbps,1ns
150,3,1426,6,400Gbps,1ns
150,4,1554,6,400Gbps,1ns
150,5,1682,6,400Gbps,1ns
150,6,1810,6,400Gbps,1ns
150,7,1938,6,400Gbps,1ns
151,0,1042,7,400Gbps,1ns
151,1,1170,7,400Gbps,1ns
151,2,1298,7,400Gbps,1ns
151,3,1426,7,400Gbps,1ns
151,4,1554,7,400Gbps,1ns
151,5,1682,7,400Gbps,1ns
151,6,1810,7,400Gbps,1ns
151,7,1938,7,400Gbps,1ns
152,0,1043,0,400Gbps,1ns
152,1,1171,0,400Gbps,1ns
152,2,1299,0,400Gbps,1ns
152,3,1427,0,400Gbps,1ns
152,4,1555,0,400Gbps,1ns
152,5,1683,0,400Gbps,1ns
152,6,1811,0,400Gbps,1ns
152,7,1939,0,400Gbps,1ns
153,0,1043,1,400Gbps,1ns
153,1,1171,1,400Gbps,1ns
153,2,1299,1,400Gbps,1ns
153,3,1427,1,400Gbps,1ns
153,4,1555,1,400Gbps,1ns
153,5,1683,1,400Gbps,1ns
153,6,1811,1,400Gbps,1ns
153,7,1939,1,400Gbps,1ns
154,0,1043,2,400Gbps,1ns
154,1,1171,2,400Gbps,1ns
154,2,1299,2,400Gbps,1ns
154,3,1427,2,400Gbps,1ns
154,4,1555,2,400Gbps,1ns
154,5,1683,2,400Gbps,1ns
154,6,1811,2,400Gbps,1ns
154,7,1939,2,400Gbps,1ns
155,0,1043,3,400Gbps,1ns
155,1,1171,3,400Gbps,1ns
155,2,1299,3,400Gbps,1ns
155,3,1427,3,400Gbps,1ns
155,4,1555,3,400Gbps,1ns
155,5,1683,3,400Gbps,1ns
155,6,1811,3,400Gbps,1ns
155,7,1939,3,400Gbps,1ns
156,0,1043,4,400Gbps,1ns
156,1,1171,4,400Gbps,1ns
156,2,1299,4,400Gbps,1ns
156,3,1427,4,400Gbps,1ns
156,4,1555,4,400Gbps,1ns
156,5,1683,4,400Gbps,1ns
156,6,1811,4,400Gbps,1ns
156,7,1939,4,400Gbps,1ns
157,0,1043,5,400Gbps,1ns
157,1,1171,5,400Gbps,1ns
157,2,1299,5,400Gbps,1ns
157,3,1427,5,400Gbps,1ns
157,4,1555,5,400Gbps,1ns
157,5,1683,5,400Gbps,1ns
157,6,1811,5,400Gbps,1ns
157,7,1939,5,400Gbps,1ns
158,0,1043,6,400Gbps,1ns
158,1,1171,6,400Gbps,1ns
158,2,1299,6,400Gbps,1ns
158,3,1427,6,400Gbps,1ns
158,4,1555,6,400Gbps,1ns
158,5,1683,6,400Gbps,1ns
158,6,1811,6,400Gbps,1ns
158,7,1939,6,400Gbps,1ns
159,0,1043,7,400Gbps,1ns
159,1,1171,7,400Gbps,1ns
159,2,1299,7,400Gbps,1ns
159,3,1427,7,400Gbps,1ns
159,4,1555,7,400Gbps,1ns
159,5,1683,7,400Gbps,1ns
159,6,1811,7,400Gbps,1ns
159,7,1939,7,400Gbps,1ns
160,0,1044,0,400Gbps,1ns
160,1,1172,0,400Gbps,1ns
160,2,1300,0,400Gbps,1ns
160,3,1428,0,400Gbps,1ns
160,4,1556,0,400Gbps,1ns
160,5,1684,0,400Gbps,1ns
160,6,1812,0,400Gbps,1ns
160,7,1940,0,400Gbps,1ns
161,0,1044,1,400Gbps,1ns
161,1,1172,1,400Gbps,1ns
161,2,1300,1,400Gbps,1ns
161,3,1428,1,400Gbps,1ns
161,4,1556,1,400Gbps,1ns
161,5,1684,1,400Gbps,1ns
161,6,1812,1,400Gbps,1ns
161,7,1940,1,400Gbps,1ns
162,0,1044,2,400Gbps,1ns
162,1,1172,2,400Gbps,1ns
162,2,1300,2,400Gbps,1ns
162,3,1428,2,400Gbps,1ns
162,4,1556,2,400Gbps,1ns
162,5,1684,2,400Gbps,1ns
162,6,1812,2,400Gbps,1ns
162,7,1940,2,400Gbps,1ns
163,0,1044,3,400Gbps,1ns
163,1,1172,3,400Gbps,1ns
163,2,1300,3,400Gbps,1ns
163,3,1428,3,400Gbps,1ns
163,4,1556,3,400Gbps,1ns
163,5,1684,3,400Gbps,1ns
163,6,1812,3,400Gbps,1ns
163,7,1940,3,400Gbps,1ns
164,0,1044,4,400Gbps,1ns
164,1,1172,4,400Gbps,1ns
164,2,1300,4,400Gbps,1ns
164,3,1428,4,400Gbps,1ns
164,4,1556,4,400Gbps,1ns
164,5,1684,4,400Gbps,1ns
164,6,1812,4,400Gbps,1ns
164,7,1940,4,400Gbps,1ns
165,0,1044,5,400Gbps,1ns
165,1,1172,5,400Gbps,1ns
165,2,1300,5,400Gbps,1ns
165,3,1428,5,400Gbps,1ns
165,4,1556,5,400Gbps,1ns
165,5,1684,5,400Gbps,1ns
165,6,1812,5,400Gbps,1ns
165,7,1940,5,400Gbps,1ns
166,0,1044,6,400Gbps,1ns
166,1,1172,6,400Gbps,1ns
166,2,1300,6,400Gbps,1ns
166,3,1428,6,400Gbps,1ns
166,4,1556,6,400Gbps,1ns
166,5,1684,6,400Gbps,1ns
166,6,1812,6,400Gbps,1ns
166,7,1940,6,400Gbps,1ns
167,0,1044,7,400Gbps,1ns
167,1,1172,7,400Gbps,1ns
167,2,1300,7,400Gbps,1ns
167,3,1428,7,400Gbps,1ns
167,4,1556,7,400Gbps,1ns
167,5,1684,7,400Gbps,1ns
167,6,1812,7,400Gbps,1ns
167,7,1940,7,400Gbps,1ns
168,0,1045,0,400Gbps,1ns
168,1,1173,0,400Gbps,1ns
168,2,1301,0,400Gbps,1ns
168,3,1429,0,400Gbps,1ns
168,4,1557,0,400Gbps,1ns
168,5,1685,0,400Gbps,1ns
168,6,1813,0,400Gbps,1ns
168,7,1941,0,400Gbps,1ns
169,0,1045,1,400Gbps,1ns
169,1,1173,1,400Gbps,1ns
169,2,1301,1,400Gbps,1ns
169,3,1429,1,400Gbps,1ns
169,4,1557,1,400Gbps,1ns
169,5,1685,1,400Gbps,1ns
169,6,1813,1,400Gbps,1ns
169,7,1941,1,400Gbps,1ns
170,0,1045,2,400Gbps,1ns
170,1,1173,2,400Gbps,1ns
170,2,1301,2,400Gbps,1ns
170,3,1429,2,400Gbps,1ns
170,4,1557,2,400Gbps,1ns
170,5,1685,2,400Gbps,1ns
170,6,1813,2,400Gbps,1ns
170,7,1941,2,400Gbps,1ns
171,0,1045,3,400Gbps,1ns
171,1,1173,3,400Gbps,1ns
171,2,1301,3,400Gbps,1ns
171,3,1429,3,400Gbps,1ns
171,4,1557,3,400Gbps,1ns
171,5,1685,3,400Gbps,1ns
171,6,1813,3,400Gbps,1ns
171,7,1941,3,400Gbps,1ns
172,0,1045,4,400Gbps,1ns
172,1,1173,4,400Gbps,1ns
172,2,1301,4,400Gbps,1ns
172,3,1429,4,400Gbps,1ns
172,4,1557,4,400Gbps,1ns
172,5,1685,4,400Gbps,1ns
172,6,1813,4,400Gbps,1ns
172,7,1941,4,400Gbps,1ns
173,0,1045,5,400Gbps,1ns
173,1,1173,5,400Gbps,1ns
173,2,1301,5,400Gbps,1ns
173,3,1429,5,400Gbps,1ns
173,4,1557,5,400Gbps,1ns
173,5,1685,5,400Gbps,1ns
173,6,1813,5,400Gbps,1ns
173,7,1941,5,400Gbps,1ns
174,0,1045,6,400Gbps,1ns
174,1,1173,6,400Gbps,1ns
174,2,1301,6,400Gbps,1ns
174,3,1429,6,400Gbps,1ns
174,4,1557,6,400Gbps,1ns
174,5,1685,6,400Gbps,1ns
174,6,1813,6,400Gbps,1ns
174,7,1941,6,400Gbps,1ns
175,0,1045,7,400Gbps,1ns
175,1,1173,7,400Gbps,1ns
175,2,1301,7,400Gbps,1ns
175,3,1429,7,400Gbps,1ns
175,4,1557,7,400Gbps,1ns
175,5,1685,7,400Gbps,1ns
175,6,1813,7,400Gbps,1ns
175,7,1941,7,400Gbps,1ns
176,0,1046,0,400Gbps,1ns
176,1,1174,0,400Gbps,1ns
176,2,1302,0,400Gbps,1ns
176,3,1430,0,400Gbps,1ns
176,4,1558,0,400Gbps,1ns
176,5,1686,0,400Gbps,1ns
176,6,1814,0,400Gbps,1ns
176,7,1942,0,400Gbps,1ns
177,0,1046,1,400Gbps,1ns
177,1,1174,1,400Gbps,1ns
177,2,1302,1,400Gbps,1ns
177,3,1430,1,400Gbps,1ns
177,4,1558,1,400Gbps,1ns
177,5,1686,1,400Gbps,1ns
177,6,1814,1,400Gbps,1ns
177,7,1942,1,400Gbps,1ns
178,0,1046,2,400Gbps,1ns
178,1,1174,2,400Gbps,1ns
178,2,1302,2,400Gbps,1ns
178,3,1430,2,400Gbps,1ns
178,4,1558,2,400Gbps,1ns
178,5,1686,2,400Gbps,1ns
178,6,1814,2,400Gbps,1ns
178,7,1942,2,400Gbps,1ns
179,0,1046,3,400Gbps,1ns
179,1,1174,3,400Gbps,1ns
179,2,1302,3,400Gbps,1ns
179,3,1430,3,400Gbps,1ns
179,4,1558,3,400Gbps,1ns
179,5,1686,3,400Gbps,1ns
179,6,1814,3,400Gbps,1ns
179,7,1942,3,400Gbps,1ns
180,0,1046,4,400Gbps,1ns
180,1,1174,4,400Gbps,1ns
180,2,1302,4,400Gbps,1ns
180,3,1430,4,400Gbps,1ns
180,4,1558,4,400Gbps,1ns
180,5,1686,4,400Gbps,1ns
180,6,1814,4,400Gbps,1ns
180,7,1942,4,400Gbps,1ns
181,0,1046,5,400Gbps,1ns
181,1,1174,5,400Gbps,1ns
181,2,1302,5,400Gbps,1ns
181,3,1430,5,400Gbps,1ns
181,4,1558,5,400Gbps,1ns
181,5,1686,5,400Gbps,1ns
181,6,1814,5,400Gbps,1ns
181,7,1942,5,400Gbps,1ns
182,0,1046,6,400Gbps,1ns
182,1,1174,6,400Gbps,1ns
182,2,1302,6,400Gbps,1ns
182,3,1430,6,400Gbps,1ns
182,4,1558,6,400Gbps,1ns
182,5,1686,6,400Gbps,1ns
182,6,1814,6,400Gbps,1ns
182,7,1942,6,400Gbps,1ns
183,0,1046,7,400Gbps,1ns
183,1,1174,7,400Gbps,1ns
183,2,1302,7,400Gbps,1ns
183,3,1430,7,400Gbps,1ns
183,4,1558,7,400Gbps,1ns
183,5,1686,7,400Gbps,1ns
183,6,1814,7,400Gbps,1ns
183,7,1942,7,400Gbps,1ns
184,0,1047,0,400Gbps,1ns
184,1,1175,0,400Gbps,1ns
184,2,1303,0,400Gbps,1ns
184,3,1431,0,400Gbps,1ns
184,4,1559,0,400Gbps,1ns
184,5,1687,0,400Gbps,1ns
184,6,1815,0,400Gbps,1ns
184,7,1943,0,400Gbps,1ns
185,0,1047,1,400Gbps,1ns
185,1,1175,1,400Gbps,1ns
185,2,1303,1,400Gbps,1ns
185,3,1431,1,400Gbps,1ns
185,4,1559,1,400Gbps,1ns
185,5,1687,1,400Gbps,1ns
185,6,1815,1,400Gbps,1ns
185,7,1943,1,400Gbps,1ns
186,0,1047,2,400Gbps,1ns
186,1,1175,2,400Gbps,1ns
186,2,1303,2,400Gbps,1ns
186,3,1431,2,400Gbps,1ns
186,4,1559,2,400Gbps,1ns
186,5,1687,2,400Gbps,1ns
186,6,1815,2,400Gbps,1ns
186,7,1943,2,400Gbps,1ns
187,0,1047,3,400Gbps,1ns
187,1,1175,3,400Gbps,1ns
187,2,1303,3,400Gbps,1ns
187,3,1431,3,400Gbps,1ns
187,4,1559,3,400Gbps,1ns
187,5,1687,3,400Gbps,1ns
187,6,1815,3,400Gbps,1ns
187,7,1943,3,400Gbps,1ns
188,0,1047,4,400Gbps,1ns
188,1,1175,4,400Gbps,1ns
188,2,1303,4,400Gbps,1ns
188,3,1431,4,400Gbps,1ns
188,4,1559,4,400Gbps,1ns
188,5,1687,4,400Gbps,1ns
188,6,1815,4,400Gbps,1ns
188,7,1943,4,400Gbps,1ns
189,0,1047,5,400Gbps,1ns
189,1,1175,5,400Gbps,1ns
189,2,1303,5,400Gbps,1ns
189,3,1431,5,400Gbps,1ns
189,4,1559,5,400Gbps,1ns
189,5,1687,5,400Gbps,1ns
189,6,1815,5,400Gbps,1ns
189,7,1943,5,400Gbps,1ns
190,0,1047,6,400Gbps,1ns
190,1,1175,6,400Gbps,1ns
190,2,1303,6,400Gbps,1ns
190,3,1431,6,400Gbps,1ns
190,4,1559,6,400Gbps,1ns
190,5,1687,6,400Gbps,1ns
190,6,1815,6,400Gbps,1ns
190,7,1943,6,400Gbps,1ns
191,0,1047,7,400Gbps,1ns
191,1,1175,7,400Gbps,1ns
191,2,1303,7,400Gbps,1ns
191,3,1431,7,400Gbps,1ns
191,4,1559,7,400Gbps,1ns
191,5,1687,7,400Gbps,1ns
191,6,1815,7,400Gbps,1ns
191,7,1943,7,400Gbps,1ns
192,0,1048,0,400Gbps,1ns
192,1,1176,0,400Gbps,1ns
192,2,1304,0,400Gbps,1ns
192,3,1432,0,400Gbps,1ns
192,4,1560,0,400Gbps,1ns
192,5,1688,0,400Gbps,1ns
192,6,1816,0,400Gbps,1ns
192,7,1944,0,400Gbps,1ns
193,0,1048,1,400Gbps,1ns
193,1,1176,1,400Gbps,1ns
193,2,1304,1,400Gbps,1ns
193,3,1432,1,400Gbps,1ns
193,4,1560,1,400Gbps,1ns
193,5,1688,1,400Gbps,1ns
193,6,1816,1,400Gbps,1ns
193,7,1944,1,400Gbps,1ns
194,0,1048,2,400Gbps,1ns
194,1,1176,2,400Gbps,1ns
194,2,1304,2,400Gbps,1ns
194,3,1432,2,400Gbps,1ns
194,4,1560,2,400Gbps,1ns
194,5,1688,2,400Gbps,1ns
194,6,1816,2,400Gbps,1ns
194,7,1944,2,400Gbps,1ns
195,0,1048,3,400Gbps,1ns
195,1,1176,3,400Gbps,1ns
195,2,1304,3,400Gbps,1ns
195,3,1432,3,400Gbps,1ns
195,4,1560,3,400Gbps,1ns
195,5,1688,3,400Gbps,1ns
195,6,1816,3,400Gbps,1ns
195,7,1944,3,400Gbps,1ns
196,0,1048,4,400Gbps,1ns
196,1,1176,4,400Gbps,1ns
196,2,1304,4,400Gbps,1ns
196,3,1432,4,400Gbps,1ns
196,4,1560,4,400Gbps,1ns
196,5,1688,4,400Gbps,1ns
196,6,1816,4,400Gbps,1ns
196,7,1944,4,400Gbps,1ns
197,0,1048,5,400Gbps,1ns
197,1,1176,5,400Gbps,1ns
197,2,1304,5,400Gbps,1ns
197,3,1432,5,400Gbps,1ns
197,4,1560,5,400Gbps,1ns
197,5,1688,5,400Gbps,1ns
197,6,1816,5,400Gbps,1ns
197,7,1944,5,400Gbps,1ns
198,0,1048,6,400Gbps,1ns
198,1,1176,6,400Gbps,1ns
198,2,1304,6,400Gbps,1ns
198,3,1432,6,400Gbps,1ns
198,4,1560,6,400Gbps,1ns
198,5,1688,6,400Gbps,1ns
198,6,1816,6,400Gbps,1ns
198,7,1944,6,400Gbps,1ns
199,0,1048,7,400Gbps,1ns
199,1,1176,7,400Gbps,1ns
199,2,1304,7,400Gbps,1ns
199,3,1432,7,400Gbps,1ns
199,4,1560,7,400Gbps,1ns
199,5,1688,7,400Gbps,1ns
199,6,1816,7,400Gbps,1ns
199,7,1944,7,400Gbps,1ns
200,0,1049,0,400Gbps,1ns
200,1,1177,0,400Gbps,1ns
200,2,1305,0,400Gbps,1ns
200,3,1433,0,400Gbps,1ns
200,4,1561,0,400Gbps,1ns
200,5,1689,0,400Gbps,1ns
200,6,1817,0,400Gbps,1ns
200,7,1945,0,400Gbps,1ns
201,0,1049,1,400Gbps,1ns
201,1,1177,1,400Gbps,1ns
201,2,1305,1,400Gbps,1ns
201,3,1433,1,400Gbps,1ns
201,4,1561,1,400Gbps,1ns
201,5,1689,1,400Gbps,1ns
201,6,1817,1,400Gbps,1ns
201,7,1945,1,400Gbps,1ns
202,0,1049,2,400Gbps,1ns
202,1,1177,2,400Gbps,1ns
202,2,1305,2,400Gbps,1ns
202,3,1433,2,400Gbps,1ns
202,4,1561,2,400Gbps,1ns
202,5,1689,2,400Gbps,1ns
202,6,1817,2,400Gbps,1ns
202,7,1945,2,400Gbps,1ns
203,0,1049,3,400Gbps,1ns
203,1,1177,3,400Gbps,1ns
203,2,1305,3,400Gbps,1ns
203,3,1433,3,400Gbps,1ns
203,4,1561,3,400Gbps,1ns
203,5,1689,3,400Gbps,1ns
203,6,1817,3,400Gbps,1ns
203,7,1945,3,400Gbps,1ns
204,0,1049,4,400Gbps,1ns
204,1,1177,4,400Gbps,1ns
204,2,1305,4,400Gbps,1ns
204,3,1433,4,400Gbps,1ns
204,4,1561,4,400Gbps,1ns
204,5,1689,4,400Gbps,1ns
204,6,1817,4,400Gbps,1ns
204,7,1945,4,400Gbps,1ns
205,0,1049,5,400Gbps,1ns
205,1,1177,5,400Gbps,1ns
205,2,1305,5,400Gbps,1ns
205,3,1433,5,400Gbps,1ns
205,4,1561,5,400Gbps,1ns
205,5,1689,5,400Gbps,1ns
205,6,1817,5,400Gbps,1ns
205,7,1945,5,400Gbps,1ns
206,0,1049,6,400Gbps,1ns
206,1,1177,6,400Gbps,1ns
206,2,1305,6,400Gbps,1ns
206,3,1433,6,400Gbps,1ns
206,4,1561,6,400Gbps,1ns
206,5,1689,6,400Gbps,1ns
206,6,1817,6,400Gbps,1ns
206,7,1945,6,400Gbps,1ns
207,0,1049,7,400Gbps,1ns
207,1,1177,7,400Gbps,1ns
207,2,1305,7,400Gbps,1ns
207,3,1433,7,400Gbps,1ns
207,4,1561,7,400Gbps,1ns
207,5,1689,7,400Gbps,1ns
207,6,1817,7,400Gbps,1ns
207,7,1945,7,400Gbps,1ns
208,0,1050,0,400Gbps,1ns
208,1,1178,0,400Gbps,1ns
208,2,1306,0,400Gbps,1ns
208,3,1434,0,400Gbps,1ns
208,4,1562,0,400Gbps,1ns
208,5,1690,0,400Gbps,1ns
208,6,1818,0,400Gbps,1ns
208,7,1946,0,400Gbps,1ns
209,0,1050,1,400Gbps,1ns
209,1,1178,1,400Gbps,1ns
209,2,1306,1,400Gbps,1ns
209,3,1434,1,400Gbps,1ns
209,4,1562,1,400Gbps,1ns
209,5,1690,1,400Gbps,1ns
209,6,1818,1,400Gbps,1ns
209,7,1946,1,400Gbps,1ns
210,0,1050,2,400Gbps,1ns
210,1,1178,2,400Gbps,1ns
210,2,1306,2,400Gbps,1ns
210,3,1434,2,400Gbps,1ns
210,4,1562,2,400Gbps,1ns
210,5,1690,2,400Gbps,1ns
210,6,1818,2,400Gbps,1ns
210,7,1946,2,400Gbps,1ns
211,0,1050,3,400Gbps,1ns
211,1,1178,3,400Gbps,1ns
211,2,1306,3,400Gbps,1ns
211,3,1434,3,400Gbps,1ns
211,4,1562,3,400Gbps,1ns
211,5,1690,3,400Gbps,1ns
211,6,1818,3,400Gbps,1ns
211,7,1946,3,400Gbps,1ns
212,0,1050,4,400Gbps,1ns
212,1,1178,4,400Gbps,1ns
212,2,1306,4,400Gbps,1ns
212,3,1434,4,400Gbps,1ns
212,4,1562,4,400Gbps,1ns
212,5,1690,4,400Gbps,1ns
212,6,1818,4,400Gbps,1ns
212,7,1946,4,400Gbps,1ns
213,0,1050,5,400Gbps,1ns
213,1,1178,5,400Gbps,1ns
213,2,1306,5,400Gbps,1ns
213,3,1434,5,400Gbps,1ns
213,4,1562,5,400Gbps,1ns
213,5,1690,5,400Gbps,1ns
213,6,1818,5,400Gbps,1ns
213,7,1946,5,400Gbps,1ns
214,0,1050,6,400Gbps,1ns
214,1,1178,6,400Gbps,1ns
214,2,1306,6,400Gbps,1ns
214,3,1434,6,400Gbps,1ns
214,4,1562,6,400Gbps,1ns
214,5,1690,6,400Gbps,1ns
214,6,1818,6,400Gbps,1ns
214,7,1946,6,400Gbps,1ns
215,0,1050,7,400Gbps,1ns
215,1,1178,7,400Gbps,1ns
215,2,1306,7,400Gbps,1ns
215,3,1434,7,400Gbps,1ns
215,4,1562,7,400Gbps,1ns
215,5,1690,7,400Gbps,1ns
215,6,1818,7,400Gbps,1ns
215,7,1946,7,400Gbps,1ns
216,0,1051,0,400Gbps,1ns
216,1,1179,0,400Gbps,1ns
216,2,1307,0,400Gbps,1ns
216,3,1435,0,400Gbps,1ns
216,4,1563,0,400Gbps,1ns
216,5,1691,0,400Gbps,1ns
216,6,1819,0,400Gbps,1ns
216,7,1947,0,400Gbps,1ns
217,0,1051,1,400Gbps,1ns
217,1,1179,1,400Gbps,1ns
217,2,1307,1,400Gbps,1ns
217,3,1435,1,400Gbps,1ns
217,4,1563,1,400Gbps,1ns
217,5,1691,1,400Gbps,1ns
217,6,1819,1,400Gbps,1ns
217,7,1947,1,400Gbps,1ns
218,0,1051,2,400Gbps,1ns
218,1,1179,2,400Gbps,1ns
218,2,1307,2,400Gbps,1ns
218,3,1435,2,400Gbps,1ns
218,4,1563,2,400Gbps,1ns
218,5,1691,2,400Gbps,1ns
218,6,1819,2,400Gbps,1ns
218,7,1947,2,400Gbps,1ns
219,0,1051,3,400Gbps,1ns
219,1,1179,3,400Gbps,1ns
219,2,1307,3,400Gbps,1ns
219,3,1435,3,400Gbps,1ns
219,4,1563,3,400Gbps,1ns
219,5,1691,3,400Gbps,1ns
219,6,1819,3,400Gbps,1ns
219,7,1947,3,400Gbps,1ns
220,0,1051,4,400Gbps,1ns
220,1,1179,4,400Gbps,1ns
220,2,1307,4,400Gbps,1ns
220,3,1435,4,400Gbps,1ns
220,4,1563,4,400Gbps,1ns
220,5,1691,4,400Gbps,1ns
220,6,1819,4,400Gbps,1ns
220,7,1947,4,400Gbps,1ns
221,0,1051,5,400Gbps,1ns
221,1,1179,5,400Gbps,1ns
221,2,1307,5,400Gbps,1ns
221,3,1435,5,400Gbps,1ns
221,4,1563,5,400Gbps,1ns
221,5,1691,5,400Gbps,1ns
221,6,1819,5,400Gbps,1ns
221,7,1947,5,400Gbps,1ns
222,0,1051,6,400Gbps,1ns
222,1,1179,6,400Gbps,1ns
222,2,1307,6,400Gbps,1ns
222,3,1435,6,400Gbps,1ns
222,4,1563,6,400Gbps,1ns
222,5,1691,6,400Gbps,1ns
222,6,1819,6,400Gbps,1ns
222,7,1947,6,400Gbps,1ns
223,0,1051,7,400Gbps,1ns
223,1,1179,7,400Gbps,1ns
223,2,1307,7,400Gbps,1ns
223,3,1435,7,400Gbps,1ns
223,4,1563,7,400Gbps,1ns
223,5,1691,7,400Gbps,1ns
223,6,1819,7,400Gbps,1ns
223,7,1947,7,400Gbps,1ns
224,0,1052,0,400Gbps,1ns
224,1,1180,0,400Gbps,1ns
224,2,1308,0,400Gbps,1ns
224,3,1436,0,400Gbps,1ns
224,4,1564,0,400Gbps,1ns
224,5,1692,0,400Gbps,1ns
224,6,1820,0,400Gbps,1ns
224,7,1948,0,400Gbps,1ns
225,0,1052,1,400Gbps,1ns
225,1,1180,1,400Gbps,1ns
225,2,1308,1,400Gbps,1ns
225,3,1436,1,400Gbps,1ns
225,4,1564,1,400Gbps,1ns
225,5,1692,1,400Gbps,1ns
225,6,1820,1,400Gbps,1ns
225,7,1948,1,400Gbps,1ns
226,0,1052,2,400Gbps,1ns
226,1,1180,2,400Gbps,1ns
226,2,1308,2,400Gbps,1ns
226,3,1436,2,400Gbps,1ns
226,4,1564,2,400Gbps,1ns
226,5,1692,2,400Gbps,1ns
226,6,1820,2,400Gbps,1ns
226,7,1948,2,400Gbps,1ns
227,0,1052,3,400Gbps,1ns
227,1,1180,3,400Gbps,1ns
227,2,1308,3,400Gbps,1ns
227,3,1436,3,400Gbps,1ns
227,4,1564,3,400Gbps,1ns
227,5,1692,3,400Gbps,1ns
227,6,1820,3,400Gbps,1ns
227,7,1948,3,400Gbps,1ns
228,0,1052,4,400Gbps,1ns
228,1,1180,4,400Gbps,1ns
228,2,1308,4,400Gbps,1ns
228,3,1436,4,400Gbps,1ns
228,4,1564,4,400Gbps,1ns
228,5,1692,4,400Gbps,1ns
228,6,1820,4,400Gbps,1ns
228,7,1948,4,400Gbps,1ns
229,0,1052,5,400Gbps,1ns
229,1,1180,5,400Gbps,1ns
229,2,1308,5,400Gbps,1ns
229,3,1436,5,400Gbps,1ns
229,4,1564,5,400Gbps,1ns
229,5,1692,5,400Gbps,1ns
229,6,1820,5,400Gbps,1ns
229,7,1948,5,400Gbps,1ns
230,0,1052,6,400Gbps,1ns
230,1,1180,6,400Gbps,1ns
230,2,1308,6,400Gbps,1ns
230,3,1436,6,400Gbps,1ns
230,4,1564,6,400Gbps,1ns
230,5,1692,6,400Gbps,1ns
230,6,1820,6,400Gbps,1ns
230,7,1948,6,400Gbps,1ns
231,0,1052,7,400Gbps,1ns
231,1,1180,7,400Gbps,1ns
231,2,1308,7,400Gbps,1ns
231,3,1436,7,400Gbps,1ns
231,4,1564,7,400Gbps,1ns
231,5,1692,7,400Gbps,1ns
231,6,1820,7,400Gbps,1ns
231,7,1948,7,400Gbps,1ns
232,0,1053,0,400Gbps,1ns
232,1,1181,0,400Gbps,1ns
232,2,1309,0,400Gbps,1ns
232,3,1437,0,400Gbps,1ns
232,4,1565,0,400Gbps,1ns
232,5,1693,0,400Gbps,1ns
232,6,1821,0,400Gbps,1ns
232,7,1949,0,400Gbps,1ns
233,0,1053,1,400Gbps,1ns
233,1,1181,1,400Gbps,1ns
233,2,1309,1,400Gbps,1ns
233,3,1437,1,400Gbps,1ns
233,4,1565,1,400Gbps,1ns
233,5,1693,1,400Gbps,1ns
233,6,1821,1,400Gbps,1ns
233,7,1949,1,400Gbps,1ns
234,0,1053,2,400Gbps,1ns
234,1,1181,2,400Gbps,1ns
234,2,1309,2,400Gbps,1ns
234,3,1437,2,400Gbps,1ns
234,4,1565,2,400Gbps,1ns
234,5,1693,2,400Gbps,1ns
234,6,1821,2,400Gbps,1ns
234,7,1949,2,400Gbps,1ns
235,0,1053,3,400Gbps,1ns
235,1,1181,3,400Gbps,1ns
235,2,1309,3,400Gbps,1ns
235,3,1437,3,400Gbps,1ns
235,4,1565,3,400Gbps,1ns
235,5,1693,3,400Gbps,1ns
235,6,1821,3,400Gbps,1ns
235,7,1949,3,400Gbps,1ns
236,0,1053,4,400Gbps,1ns
236,1,1181,4,400Gbps,1ns
236,2,1309,4,400Gbps,1ns
236,3,1437,4,400Gbps,1ns
236,4,1565,4,400Gbps,1ns
236,5,1693,4,400Gbps,1ns
236,6,1821,4,400Gbps,1ns
236,7,1949,4,400Gbps,1ns
237,0,1053,5,400Gbps,1ns
237,1,1181,5,400Gbps,1ns
237,2,1309,5,400Gbps,1ns
237,3,1437,5,400Gbps,1ns
237,4,1565,5,400Gbps,1ns
237,5,1693,5,400Gbps,1ns
237,6,1821,5,400Gbps,1ns
237,7,1949,5,400Gbps,1ns
238,0,1053,6,400Gbps,1ns
238,1,1181,6,400Gbps,1ns
238,2,1309,6,400Gbps,1ns
238,3,1437,6,400Gbps,1ns
238,4,1565,6,400Gbps,1ns
238,5,1693,6,400Gbps,1ns
238,6,1821,6,400Gbps,1ns
238,7,1949,6,400Gbps,1ns
239,0,1053,7,400Gbps,1ns
239,1,1181,7,400Gbps,1ns
239,2,1309,7,400Gbps,1ns
239,3,1437,7,400Gbps,1ns
239,4,1565,7,400Gbps,1ns
239,5,1693,7,400Gbps,1ns
239,6,1821,7,400Gbps,1ns
239,7,1949,7,400Gbps,1ns
240,0,1054,0,400Gbps,1ns
240,1,1182,0,400Gbps,1ns
240,2,1310,0,400Gbps,1ns
240,3,1438,0,400Gbps,1ns
240,4,1566,0,400Gbps,1ns
240,5,1694,0,400Gbps,1ns
240,6,1822,0,400Gbps,1ns
240,7,1950,0,400Gbps,1ns
241,0,1054,1,400Gbps,1ns
241,1,1182,1,400Gbps,1ns
241,2,1310,1,400Gbps,1ns
241,3,1438,1,400Gbps,1ns
241,4,1566,1,400Gbps,1ns
241,5,1694,1,400Gbps,1ns
241,6,1822,1,400Gbps,1ns
241,7,1950,1,400Gbps,1ns
242,0,1054,2,400Gbps,1ns
242,1,1182,2,400Gbps,1ns
242,2,1310,2,400Gbps,1ns
242,3,1438,2,400Gbps,1ns
242,4,1566,2,400Gbps,1ns
242,5,1694,2,400Gbps,1ns
242,6,1822,2,400Gbps,1ns
242,7,1950,2,400Gbps,1ns
243,0,1054,3,400Gbps,1ns
243,1,1182,3,400Gbps,1ns
243,2,1310,3,400Gbps,1ns
243,3,1438,3,400Gbps,1ns
243,4,1566,3,400Gbps,1ns
243,5,1694,3,400Gbps,1ns
243,6,1822,3,400Gbps,1ns
243,7,1950,3,400Gbps,1ns
244,0,1054,4,400Gbps,1ns
244,1,1182,4,400Gbps,1ns
244,2,1310,4,400Gbps,1ns
244,3,1438,4,400Gbps,1ns
244,4,1566,4,400Gbps,1ns
244,5,1694,4,400Gbps,1ns
244,6,1822,4,400Gbps,1ns
244,7,1950,4,400Gbps,1ns
245,0,1054,5,400Gbps,1ns
245,1,1182,5,400Gbps,1ns
245,2,1310,5,400Gbps,1ns
245,3,1438,5,400Gbps,1ns
245,4,1566,5,400Gbps,1ns
245,5,1694,5,400Gbps,1ns
245,6,1822,5,400Gbps,1ns
245,7,1950,5,400Gbps,1ns
246,0,1054,6,400Gbps,1ns
246,1,1182,6,400Gbps,1ns
246,2,1310,6,400Gbps,1ns
246,3,1438,6,400Gbps,1ns
246,4,1566,6,400Gbps,1ns
246,5,1694,6,400Gbps,1ns
246,6,1822,6,400Gbps,1ns
246,7,1950,6,400Gbps,1ns
247,0,1054,7,400Gbps,1ns
247,1,1182,7,400Gbps,1ns
247,2,1310,7,400Gbps,1ns
247,3,1438,7,400Gbps,1ns
247,4,1566,7,400Gbps,1ns
247,5,1694,7,400Gbps,1ns
247,6,1822,7,400Gbps,1ns
247,7,1950,7,400Gbps,1ns
248,0,1055,0,400Gbps,1ns
248,1,1183,0,400Gbps,1ns
248,2,1311,0,400Gbps,1ns
248,3,1439,0,400Gbps,1ns
248,4,1567,0,400Gbps,1ns
248,5,1695,0,400Gbps,1ns
248,6,1823,0,400Gbps,1ns
248,7,1951,0,400Gbps,1ns
249,0,1055,1,400Gbps,1ns
249,1,1183,1,400Gbps,1ns
249,2,1311,1,400Gbps,1ns
249,3,1439,1,400Gbps,1ns
249,4,1567,1,400Gbps,1ns
249,5,1695,1,400Gbps,1ns
249,6,1823,1,400Gbps,1ns
249,7,1951,1,400Gbps,1ns
250,0,1055,2,400Gbps,1ns
250,1,1183,2,400Gbps,1ns
250,2,1311,2,400Gbps,1ns
250,3,1439,2,400Gbps,1ns
250,4,1567,2,400Gbps,1ns
250,5,1695,2,400Gbps,1ns
250,6,1823,2,400Gbps,1ns
250,7,1951,2,400Gbps,1ns
251,0,1055,3,400Gbps,1ns
251,1,1183,3,400Gbps,1ns
251,2,1311,3,400Gbps,1ns
251,3,1439,3,400Gbps,1ns
251,4,1567,3,400Gbps,1ns
251,5,1695,3,400Gbps,1ns
251,6,1823,3,400Gbps,1ns
251,7,1951,3,400Gbps,1ns
252,0,1055,4,400Gbps,1ns
252,1,1183,4,400Gbps,1ns
252,2,1311,4,400Gbps,1ns
252,3,1439,4,400Gbps,1ns
252,4,1567,4,400Gbps,1ns
252,5,1695,4,400Gbps,1ns
252,6,1823,4,400Gbps,1ns
252,7,1951,4,400Gbps,1ns
253,0,1055,5,400Gbps,1ns
253,1,1183,5,400Gbps,1ns
253,2,1311,5,400Gbps,1ns
253,3,1439,5,400Gbps,1ns
253,4,1567,5,400Gbps,1ns
253,5,1695,5,400Gbps,1ns
253,6,1823,5,400Gbps,1ns
253,7,1951,5,400Gbps,1ns
254,0,1055,6,400Gbps,1ns
254,1,1183,6,400Gbps,1ns
254,2,1311,6,400Gbps,1ns
254,3,1439,6,400Gbps,1ns
254,4,1567,6,400Gbps,1ns
254,5,1695,6,400Gbps,1ns
254,6,1823,6,400Gbps,1ns
254,7,1951,6,400Gbps,1ns
255,0,1055,7,400Gbps,1ns
255,1,1183,7,400Gbps,1ns
255,2,1311,7,400Gbps,1ns
255,3,1439,7,400Gbps,1ns
255,4,1567,7,400Gbps,1ns
255,5,1695,7,400Gbps,1ns
255,6,1823,7,400Gbps,1ns
255,7,1951,7,400Gbps,1ns
256,0,1056,0,400Gbps,1ns
256,1,1184,0,400Gbps,1ns
256,2,1312,0,400Gbps,1ns
256,3,1440,0,400Gbps,1ns
256,4,1568,0,400Gbps,1ns
256,5,1696,0,400Gbps,1ns
256,6,1824,0,400Gbps,1ns
256,7,1952,0,400Gbps,1ns
257,0,1056,1,400Gbps,1ns
257,1,1184,1,400Gbps,1ns
257,2,1312,1,400Gbps,1ns
257,3,1440,1,400Gbps,1ns
257,4,1568,1,400Gbps,1ns
257,5,1696,1,400Gbps,1ns
257,6,1824,1,400Gbps,1ns
257,7,1952,1,400Gbps,1ns
258,0,1056,2,400Gbps,1ns
258,1,1184,2,400Gbps,1ns
258,2,1312,2,400Gbps,1ns
258,3,1440,2,400Gbps,1ns
258,4,1568,2,400Gbps,1ns
258,5,1696,2,400Gbps,1ns
258,6,1824,2,400Gbps,1ns
258,7,1952,2,400Gbps,1ns
259,0,1056,3,400Gbps,1ns
259,1,1184,3,400Gbps,1ns
259,2,1312,3,400Gbps,1ns
259,3,1440,3,400Gbps,1ns
259,4,1568,3,400Gbps,1ns
259,5,1696,3,400Gbps,1ns
259,6,1824,3,400Gbps,1ns
259,7,1952,3,400Gbps,1ns
260,0,1056,4,400Gbps,1ns
260,1,1184,4,400Gbps,1ns
260,2,1312,4,400Gbps,1ns
260,3,1440,4,400Gbps,1ns
260,4,1568,4,400Gbps,1ns
260,5,1696,4,400Gbps,1ns
260,6,1824,4,400Gbps,1ns
260,7,1952,4,400Gbps,1ns
261,0,1056,5,400Gbps,1ns
261,1,1184,5,400Gbps,1ns
261,2,1312,5,400Gbps,1ns
261,3,1440,5,400Gbps,1ns
261,4,1568,5,400Gbps,1ns
261,5,1696,5,400Gbps,1ns
261,6,1824,5,400Gbps,1ns
261,7,1952,5,400Gbps,1ns
262,0,1056,6,400Gbps,1ns
262,1,1184,6,400Gbps,1ns
262,2,1312,6,400Gbps,1ns
262,3,1440,6,400Gbps,1ns
262,4,1568,6,400Gbps,1ns
262,5,1696,6,400Gbps,1ns
262,6,1824,6,400Gbps,1ns
262,7,1952,6,400Gbps,1ns
263,0,1056,7,400Gbps,1ns
263,1,1184,7,400Gbps,1ns
263,2,1312,7,400Gbps,1ns
263,3,1440,7,400Gbps,1ns
263,4,1568,7,400Gbps,1ns
263,5,1696,7,400Gbps,1ns
263,6,1824,7,400Gbps,1ns
263,7,1952,7,400Gbps,1ns
264,0,1057,0,400Gbps,1ns
264,1,1185,0,400Gbps,1ns
264,2,1313,0,400Gbps,1ns
264,3,1441,0,400Gbps,1ns
264,4,1569,0,400Gbps,1ns
264,5,1697,0,400Gbps,1ns
264,6,1825,0,400Gbps,1ns
264,7,1953,0,400Gbps,1ns
265,0,1057,1,400Gbps,1ns
265,1,1185,1,400Gbps,1ns
265,2,1313,1,400Gbps,1ns
265,3,1441,1,400Gbps,1ns
265,4,1569,1,400Gbps,1ns
265,5,1697,1,400Gbps,1ns
265,6,1825,1,400Gbps,1ns
265,7,1953,1,400Gbps,1ns
266,0,1057,2,400Gbps,1ns
266,1,1185,2,400Gbps,1ns
266,2,1313,2,400Gbps,1ns
266,3,1441,2,400Gbps,1ns
266,4,1569,2,400Gbps,1ns
266,5,1697,2,400Gbps,1ns
266,6,1825,2,400Gbps,1ns
266,7,1953,2,400Gbps,1ns
267,0,1057,3,400Gbps,1ns
267,1,1185,3,400Gbps,1ns
267,2,1313,3,400Gbps,1ns
267,3,1441,3,400Gbps,1ns
267,4,1569,3,400Gbps,1ns
267,5,1697,3,400Gbps,1ns
267,6,1825,3,400Gbps,1ns
267,7,1953,3,400Gbps,1ns
268,0,1057,4,400Gbps,1ns
268,1,1185,4,400Gbps,1ns
268,2,1313,4,400Gbps,1ns
268,3,1441,4,400Gbps,1ns
268,4,1569,4,400Gbps,1ns
268,5,1697,4,400Gbps,1ns
268,6,1825,4,400Gbps,1ns
268,7,1953,4,400Gbps,1ns
269,0,1057,5,400Gbps,1ns
269,1,1185,5,400Gbps,1ns
269,2,1313,5,400Gbps,1ns
269,3,1441,5,400Gbps,1ns
269,4,1569,5,400Gbps,1ns
269,5,1697,5,400Gbps,1ns
269,6,1825,5,400Gbps,1ns
269,7,1953,5,400Gbps,1ns
270,0,1057,6,400Gbps,1ns
270,1,1185,6,400Gbps,1ns
270,2,1313,6,400Gbps,1ns
270,3,1441,6,400Gbps,1ns
270,4,1569,6,400Gbps,1ns
270,5,1697,6,400Gbps,1ns
270,6,1825,6,400Gbps,1ns
270,7,1953,6,400Gbps,1ns
271,0,1057,7,400Gbps,1ns
271,1,1185,7,400Gbps,1ns
271,2,1313,7,400Gbps,1ns
271,3,1441,7,400Gbps,1ns
271,4,1569,7,400Gbps,1ns
271,5,1697,7,400Gbps,1ns
271,6,1825,7,400Gbps,1ns
271,7,1953,7,400Gbps,1ns
272,0,1058,0,400Gbps,1ns
272,1,1186,0,400Gbps,1ns
272,2,1314,0,400Gbps,1ns
272,3,1442,0,400Gbps,1ns
272,4,1570,0,400Gbps,1ns
272,5,1698,0,400Gbps,1ns
272,6,1826,0,400Gbps,1ns
272,7,1954,0,400Gbps,1ns
273,0,1058,1,400Gbps,1ns
273,1,1186,1,400Gbps,1ns
273,2,1314,1,400Gbps,1ns
273,3,1442,1,400Gbps,1ns
273,4,1570,1,400Gbps,1ns
273,5,1698,1,400Gbps,1ns
273,6,1826,1,400Gbps,1ns
273,7,1954,1,400Gbps,1ns
274,0,1058,2,400Gbps,1ns
274,1,1186,2,400Gbps,1ns
274,2,1314,2,400Gbps,1ns
274,3,1442,2,400Gbps,1ns
274,4,1570,2,400Gbps,1ns
274,5,1698,2,400Gbps,1ns
274,6,1826,2,400Gbps,1ns
274,7,1954,2,400Gbps,1ns
275,0,1058,3,400Gbps,1ns
275,1,1186,3,400Gbps,1ns
275,2,1314,3,400Gbps,1ns
275,3,1442,3,400Gbps,1ns
275,4,1570,3,400Gbps,1ns
275,5,1698,3,400Gbps,1ns
275,6,1826,3,400Gbps,1ns
275,7,1954,3,400Gbps,1ns
276,0,1058,4,400Gbps,1ns
276,1,1186,4,400Gbps,1ns
276,2,1314,4,400Gbps,1ns
276,3,1442,4,400Gbps,1ns
276,4,1570,4,400Gbps,1ns
276,5,1698,4,400Gbps,1ns
276,6,1826,4,400Gbps,1ns
276,7,1954,4,400Gbps,1ns
277,0,1058,5,400Gbps,1ns
277,1,1186,5,400Gbps,1ns
277,2,1314,5,400Gbps,1ns
277,3,1442,5,400Gbps,1ns
277,4,1570,5,400Gbps,1ns
277,5,1698,5,400Gbps,1ns
277,6,1826,5,400Gbps,1ns
277,7,1954,5,400Gbps,1ns
278,0,1058,6,400Gbps,1ns
278,1,1186,6,400Gbps,1ns
278,2,1314,6,400Gbps,1ns
278,3,1442,6,400Gbps,1ns
278,4,1570,6,400Gbps,1ns
278,5,1698,6,400Gbps,1ns
278,6,1826,6,400Gbps,1ns
278,7,1954,6,400Gbps,1ns
279,0,1058,7,400Gbps,1ns
279,1,1186,7,400Gbps,1ns
279,2,1314,7,400Gbps,1ns
279,3,1442,7,400Gbps,1ns
279,4,1570,7,400Gbps,1ns
279,5,1698,7,400Gbps,1ns
279,6,1826,7,400Gbps,1ns
279,7,1954,7,400Gbps,1ns
280,0,1059,0,400Gbps,1ns
280,1,1187,0,400Gbps,1ns
280,2,1315,0,400Gbps,1ns
280,3,1443,0,400Gbps,1ns
280,4,1571,0,400Gbps,1ns
280,5,1699,0,400Gbps,1ns
280,6,1827,0,400Gbps,1ns
280,7,1955,0,400Gbps,1ns
281,0,1059,1,400Gbps,1ns
281,1,1187,1,400Gbps,1ns
281,2,1315,1,400Gbps,1ns
281,3,1443,1,400Gbps,1ns
281,4,1571,1,400Gbps,1ns
281,5,1699,1,400Gbps,1ns
281,6,1827,1,400Gbps,1ns
281,7,1955,1,400Gbps,1ns
282,0,1059,2,400Gbps,1ns
282,1,1187,2,400Gbps,1ns
282,2,1315,2,400Gbps,1ns
282,3,1443,2,400Gbps,1ns
282,4,1571,2,400Gbps,1ns
282,5,1699,2,400Gbps,1ns
282,6,1827,2,400Gbps,1ns
282,7,1955,2,400Gbps,1ns
283,0,1059,3,400Gbps,1ns
283,1,1187,3,400Gbps,1ns
283,2,1315,3,400Gbps,1ns
283,3,1443,3,400Gbps,1ns
283,4,1571,3,400Gbps,1ns
283,5,1699,3,400Gbps,1ns
283,6,1827,3,400Gbps,1ns
283,7,1955,3,400Gbps,1ns
284,0,1059,4,400Gbps,1ns
284,1,1187,4,400Gbps,1ns
284,2,1315,4,400Gbps,1ns
284,3,1443,4,400Gbps,1ns
284,4,1571,4,400Gbps,1ns
284,5,1699,4,400Gbps,1ns
284,6,1827,4,400Gbps,1ns
284,7,1955,4,400Gbps,1ns
285,0,1059,5,400Gbps,1ns
285,1,1187,5,400Gbps,1ns
285,2,1315,5,400Gbps,1ns
285,3,1443,5,400Gbps,1ns
285,4,1571,5,400Gbps,1ns
285,5,1699,5,400Gbps,1ns
285,6,1827,5,400Gbps,1ns
285,7,1955,5,400Gbps,1ns
286,0,1059,6,400Gbps,1ns
286,1,1187,6,400Gbps,1ns
286,2,1315,6,400Gbps,1ns
286,3,1443,6,400Gbps,1ns
286,4,1571,6,400Gbps,1ns
286,5,1699,6,400Gbps,1ns
286,6,1827,6,400Gbps,1ns
286,7,1955,6,400Gbps,1ns
287,0,1059,7,400Gbps,1ns
287,1,1187,7,400Gbps,1ns
287,2,1315,7,400Gbps,1ns
287,3,1443,7,400Gbps,1ns
287,4,1571,7,400Gbps,1ns
287,5,1699,7,400Gbps,1ns
287,6,1827,7,400Gbps,1ns
287,7,1955,7,400Gbps,1ns
288,0,1060,0,400Gbps,1ns
288,1,1188,0,400Gbps,1ns
288,2,1316,0,400Gbps,1ns
288,3,1444,0,400Gbps,1ns
288,4,1572,0,400Gbps,1ns
288,5,1700,0,400Gbps,1ns
288,6,1828,0,400Gbps,1ns
288,7,1956,0,400Gbps,1ns
289,0,1060,1,400Gbps,1ns
289,1,1188,1,400Gbps,1ns
289,2,1316,1,400Gbps,1ns
289,3,1444,1,400Gbps,1ns
289,4,1572,1,400Gbps,1ns
289,5,1700,1,400Gbps,1ns
289,6,1828,1,400Gbps,1ns
289,7,1956,1,400Gbps,1ns
290,0,1060,2,400Gbps,1ns
290,1,1188,2,400Gbps,1ns
290,2,1316,2,400Gbps,1ns
290,3,1444,2,400Gbps,1ns
290,4,1572,2,400Gbps,1ns
290,5,1700,2,400Gbps,1ns
290,6,1828,2,400Gbps,1ns
290,7,1956,2,400Gbps,1ns
291,0,1060,3,400Gbps,1ns
291,1,1188,3,400Gbps,1ns
291,2,1316,3,400Gbps,1ns
291,3,1444,3,400Gbps,1ns
291,4,1572,3,400Gbps,1ns
291,5,1700,3,400Gbps,1ns
291,6,1828,3,400Gbps,1ns
291,7,1956,3,400Gbps,1ns
292,0,1060,4,400Gbps,1ns
292,1,1188,4,400Gbps,1ns
292,2,1316,4,400Gbps,1ns
292,3,1444,4,400Gbps,1ns
292,4,1572,4,400Gbps,1ns
292,5,1700,4,400Gbps,1ns
292,6,1828,4,400Gbps,1ns
292,7,1956,4,400Gbps,1ns
293,0,1060,5,400Gbps,1ns
293,1,1188,5,400Gbps,1ns
293,2,1316,5,400Gbps,1ns
293,3,1444,5,400Gbps,1ns
293,4,1572,5,400Gbps,1ns
293,5,1700,5,400Gbps,1ns
293,6,1828,5,400Gbps,1ns
293,7,1956,5,400Gbps,1ns
294,0,1060,6,400Gbps,1ns
294,1,1188,6,400Gbps,1ns
294,2,1316,6,400Gbps,1ns
294,3,1444,6,400Gbps,1ns
294,4,1572,6,400Gbps,1ns
294,5,1700,6,400Gbps,1ns
294,6,1828,6,400Gbps,1ns
294,7,1956,6,400Gbps,1ns
295,0,1060,7,400Gbps,1ns
295,1,1188,7,400Gbps,1ns
295,2,1316,7,400Gbps,1ns
295,3,1444,7,400Gbps,1ns
295,4,1572,7,400Gbps,1ns
295,5,1700,7,400Gbps,1ns
295,6,1828,7,400Gbps,1ns
295,7,1956,7,400Gbps,1ns
296,0,1061,0,400Gbps,1ns
296,1,1189,0,400Gbps,1ns
296,2,1317,0,400Gbps,1ns
296,3,1445,0,400Gbps,1ns
296,4,1573,0,400Gbps,1ns
296,5,1701,0,400Gbps,1ns
296,6,1829,0,400Gbps,1ns
296,7,1957,0,400Gbps,1ns
297,0,1061,1,400Gbps,1ns
297,1,1189,1,400Gbps,1ns
297,2,1317,1,400Gbps,1ns
297,3,1445,1,400Gbps,1ns
297,4,1573,1,400Gbps,1ns
297,5,1701,1,400Gbps,1ns
297,6,1829,1,400Gbps,1ns
297,7,1957,1,400Gbps,1ns
298,0,1061,2,400Gbps,1ns
298,1,1189,2,400Gbps,1ns
298,2,1317,2,400Gbps,1ns
298,3,1445,2,400Gbps,1ns
298,4,1573,2,400Gbps,1ns
298,5,1701,2,400Gbps,1ns
298,6,1829,2,400Gbps,1ns
298,7,1957,2,400Gbps,1ns
299,0,1061,3,400Gbps,1ns
299,1,1189,3,400Gbps,1ns
299,2,1317,3,400Gbps,1ns
299,3,1445,3,400Gbps,1ns
299,4,1573,3,400Gbps,1ns
299,5,1701,3,400Gbps,1ns
299,6,1829,3,400Gbps,1ns
299,7,1957,3,400Gbps,1ns
300,0,1061,4,400Gbps,1ns
300,1,1189,4,400Gbps,1ns
300,2,1317,4,400Gbps,1ns
300,3,1445,4,400Gbps,1ns
300,4,1573,4,400Gbps,1ns
300,5,1701,4,400Gbps,1ns
300,6,1829,4,400Gbps,1ns
300,7,1957,4,400Gbps,1ns
301,0,1061,5,400Gbps,1ns
301,1,1189,5,400Gbps,1ns
301,2,1317,5,400Gbps,1ns
301,3,1445,5,400Gbps,1ns
301,4,1573,5,400Gbps,1ns
301,5,1701,5,400Gbps,1ns
301,6,1829,5,400Gbps,1ns
301,7,1957,5,400Gbps,1ns
302,0,1061,6,400Gbps,1ns
302,1,1189,6,400Gbps,1ns
302,2,1317,6,400Gbps,1ns
302,3,1445,6,400Gbps,1ns
302,4,1573,6,400Gbps,1ns
302,5,1701,6,400Gbps,1ns
302,6,1829,6,400Gbps,1ns
302,7,1957,6,400Gbps,1ns
303,0,1061,7,400Gbps,1ns
303,1,1189,7,400Gbps,1ns
303,2,1317,7,400Gbps,1ns
303,3,1445,7,400Gbps,1ns
303,4,1573,7,400Gbps,1ns
303,5,1701,7,400Gbps,1ns
303,6,1829,7,400Gbps,1ns
303,7,1957,7,400Gbps,1ns
304,0,1062,0,400Gbps,1ns
304,1,1190,0,400Gbps,1ns
304,2,1318,0,400Gbps,1ns
304,3,1446,0,400Gbps,1ns
304,4,1574,0,400Gbps,1ns
304,5,1702,0,400Gbps,1ns
304,6,1830,0,400Gbps,1ns
304,7,1958,0,400Gbps,1ns
305,0,1062,1,400Gbps,1ns
305,1,1190,1,400Gbps,1ns
305,2,1318,1,400Gbps,1ns
305,3,1446,1,400Gbps,1ns
305,4,1574,1,400Gbps,1ns
305,5,1702,1,400Gbps,1ns
305,6,1830,1,400Gbps,1ns
305,7,1958,1,400Gbps,1ns
306,0,1062,2,400Gbps,1ns
306,1,1190,2,400Gbps,1ns
306,2,1318,2,400Gbps,1ns
306,3,1446,2,400Gbps,1ns
306,4,1574,2,400Gbps,1ns
306,5,1702,2,400Gbps,1ns
306,6,1830,2,400Gbps,1ns
306,7,1958,2,400Gbps,1ns
307,0,1062,3,400Gbps,1ns
307,1,1190,3,400Gbps,1ns
307,2,1318,3,400Gbps,1ns
307,3,1446,3,400Gbps,1ns
307,4,1574,3,400Gbps,1ns
307,5,1702,3,400Gbps,1ns
307,6,1830,3,400Gbps,1ns
307,7,1958,3,400Gbps,1ns
308,0,1062,4,400Gbps,1ns
308,1,1190,4,400Gbps,1ns
308,2,1318,4,400Gbps,1ns
308,3,1446,4,400Gbps,1ns
308,4,1574,4,400Gbps,1ns
308,5,1702,4,400Gbps,1ns
308,6,1830,4,400Gbps,1ns
308,7,1958,4,400Gbps,1ns
309,0,1062,5,400Gbps,1ns
309,1,1190,5,400Gbps,1ns
309,2,1318,5,400Gbps,1ns
309,3,1446,5,400Gbps,1ns
309,4,1574,5,400Gbps,1ns
309,5,1702,5,400Gbps,1ns
309,6,1830,5,400Gbps,1ns
309,7,1958,5,400Gbps,1ns
310,0,1062,6,400Gbps,1ns
310,1,1190,6,400Gbps,1ns
310,2,1318,6,400Gbps,1ns
310,3,1446,6,400Gbps,1ns
310,4,1574,6,400Gbps,1ns
310,5,1702,6,400Gbps,1ns
310,6,1830,6,400Gbps,1ns
310,7,1958,6,400Gbps,1ns
311,0,1062,7,400Gbps,1ns
311,1,1190,7,400Gbps,1ns
311,2,1318,7,400Gbps,1ns
311,3,1446,7,400Gbps,1ns
311,4,1574,7,400Gbps,1ns
311,5,1702,7,400Gbps,1ns
311,6,1830,7,400Gbps,1ns
311,7,1958,7,400Gbps,1ns
312,0,1063,0,400Gbps,1ns
312,1,1191,0,400Gbps,1ns
312,2,1319,0,400Gbps,1ns
312,3,1447,0,400Gbps,1ns
312,4,1575,0,400Gbps,1ns
312,5,1703,0,400Gbps,1ns
312,6,1831,0,400Gbps,1ns
312,7,1959,0,400Gbps,1ns
313,0,1063,1,400Gbps,1ns
313,1,1191,1,400Gbps,1ns
313,2,1319,1,400Gbps,1ns
313,3,1447,1,400Gbps,1ns
313,4,1575,1,400Gbps,1ns
313,5,1703,1,400Gbps,1ns
313,6,1831,1,400Gbps,1ns
313,7,1959,1,400Gbps,1ns
314,0,1063,2,400Gbps,1ns
314,1,1191,2,400Gbps,1ns
314,2,1319,2,400Gbps,1ns
314,3,1447,2,400Gbps,1ns
314,4,1575,2,400Gbps,1ns
314,5,1703,2,400Gbps,1ns
314,6,1831,2,400Gbps,1ns
314,7,1959,2,400Gbps,1ns
315,0,1063,3,400Gbps,1ns
315,1,1191,3,400Gbps,1ns
315,2,1319,3,400Gbps,1ns
315,3,1447,3,400Gbps,1ns
315,4,1575,3,400Gbps,1ns
315,5,1703,3,400Gbps,1ns
315,6,1831,3,400Gbps,1ns
315,7,1959,3,400Gbps,1ns
316,0,1063,4,400Gbps,1ns
316,1,1191,4,400Gbps,1ns
316,2,1319,4,400Gbps,1ns
316,3,1447,4,400Gbps,1ns
316,4,1575,4,400Gbps,1ns
316,5,1703,4,400Gbps,1ns
316,6,1831,4,400Gbps,1ns
316,7,1959,4,400Gbps,1ns
317,0,1063,5,400Gbps,1ns
317,1,1191,5,400Gbps,1ns
317,2,1319,5,400Gbps,1ns
317,3,1447,5,400Gbps,1ns
317,4,1575,5,400Gbps,1ns
317,5,1703,5,400Gbps,1ns
317,6,1831,5,400Gbps,1ns
317,7,1959,5,400Gbps,1ns
318,0,1063,6,400Gbps,1ns
318,1,1191,6,400Gbps,1ns
318,2,1319,6,400Gbps,1ns
318,3,1447,6,400Gbps,1ns
318,4,1575,6,400Gbps,1ns
318,5,1703,6,400Gbps,1ns
318,6,1831,6,400Gbps,1ns
318,7,1959,6,400Gbps,1ns
319,0,1063,7,400Gbps,1ns
319,1,1191,7,400Gbps,1ns
319,2,1319,7,400Gbps,1ns
319,3,1447,7,400Gbps,1ns
319,4,1575,7,400Gbps,1ns
319,5,1703,7,400Gbps,1ns
319,6,1831,7,400Gbps,1ns
319,7,1959,7,400Gbps,1ns
320,0,1064,0,400Gbps,1ns
320,1,1192,0,400Gbps,1ns
320,2,1320,0,400Gbps,1ns
320,3,1448,0,400Gbps,1ns
320,4,1576,0,400Gbps,1ns
320,5,1704,0,400Gbps,1ns
320,6,1832,0,400Gbps,1ns
320,7,1960,0,400Gbps,1ns
321,0,1064,1,400Gbps,1ns
321,1,1192,1,400Gbps,1ns
321,2,1320,1,400Gbps,1ns
321,3,1448,1,400Gbps,1ns
321,4,1576,1,400Gbps,1ns
321,5,1704,1,400Gbps,1ns
321,6,1832,1,400Gbps,1ns
321,7,1960,1,400Gbps,1ns
322,0,1064,2,400Gbps,1ns
322,1,1192,2,400Gbps,1ns
322,2,1320,2,400Gbps,1ns
322,3,1448,2,400Gbps,1ns
322,4,1576,2,400Gbps,1ns
322,5,1704,2,400Gbps,1ns
322,6,1832,2,400Gbps,1ns
322,7,1960,2,400Gbps,1ns
323,0,1064,3,400Gbps,1ns
323,1,1192,3,400Gbps,1ns
323,2,1320,3,400Gbps,1ns
323,3,1448,3,400Gbps,1ns
323,4,1576,3,400Gbps,1ns
323,5,1704,3,400Gbps,1ns
323,6,1832,3,400Gbps,1ns
323,7,1960,3,400Gbps,1ns
324,0,1064,4,400Gbps,1ns
324,1,1192,4,400Gbps,1ns
324,2,1320,4,400Gbps,1ns
324,3,1448,4,400Gbps,1ns
324,4,1576,4,400Gbps,1ns
324,5,1704,4,400Gbps,1ns
324,6,1832,4,400Gbps,1ns
324,7,1960,4,400Gbps,1ns
325,0,1064,5,400Gbps,1ns
325,1,1192,5,400Gbps,1ns
325,2,1320,5,400Gbps,1ns
325,3,1448,5,400Gbps,1ns
325,4,1576,5,400Gbps,1ns
325,5,1704,5,400Gbps,1ns
325,6,1832,5,400Gbps,1ns
325,7,1960,5,400Gbps,1ns
326,0,1064,6,400Gbps,1ns
326,1,1192,6,400Gbps,1ns
326,2,1320,6,400Gbps,1ns
326,3,1448,6,400Gbps,1ns
326,4,1576,6,400Gbps,1ns
326,5,1704,6,400Gbps,1ns
326,6,1832,6,400Gbps,1ns
326,7,1960,6,400Gbps,1ns
327,0,1064,7,400Gbps,1ns
327,1,1192,7,400Gbps,1ns
327,2,1320,7,400Gbps,1ns
327,3,1448,7,400Gbps,1ns
327,4,1576,7,400Gbps,1ns
327,5,1704,7,400Gbps,1ns
327,6,1832,7,400Gbps,1ns
327,7,1960,7,400Gbps,1ns
328,0,1065,0,400Gbps,1ns
328,1,1193,0,400Gbps,1ns
328,2,1321,0,400Gbps,1ns
328,3,1449,0,400Gbps,1ns
328,4,1577,0,400Gbps,1ns
328,5,1705,0,400Gbps,1ns
328,6,1833,0,400Gbps,1ns
328,7,1961,0,400Gbps,1ns
329,0,1065,1,400Gbps,1ns
329,1,1193,1,400Gbps,1ns
329,2,1321,1,400Gbps,1ns
329,3,1449,1,400Gbps,1ns
329,4,1577,1,400Gbps,1ns
329,5,1705,1,400Gbps,1ns
329,6,1833,1,400Gbps,1ns
329,7,1961,1,400Gbps,1ns
330,0,1065,2,400Gbps,1ns
330,1,1193,2,400Gbps,1ns
330,2,1321,2,400Gbps,1ns
330,3,1449,2,400Gbps,1ns
330,4,1577,2,400Gbps,1ns
330,5,1705,2,400Gbps,1ns
330,6,1833,2,400Gbps,1ns
330,7,1961,2,400Gbps,1ns
331,0,1065,3,400Gbps,1ns
331,1,1193,3,400Gbps,1ns
331,2,1321,3,400Gbps,1ns
331,3,1449,3,400Gbps,1ns
331,4,1577,3,400Gbps,1ns
331,5,1705,3,400Gbps,1ns
331,6,1833,3,400Gbps,1ns
331,7,1961,3,400Gbps,1ns
332,0,1065,4,400Gbps,1ns
332,1,1193,4,400Gbps,1ns
332,2,1321,4,400Gbps,1ns
332,3,1449,4,400Gbps,1ns
332,4,1577,4,400Gbps,1ns
332,5,1705,4,400Gbps,1ns
332,6,1833,4,400Gbps,1ns
332,7,1961,4,400Gbps,1ns
333,0,1065,5,400Gbps,1ns
333,1,1193,5,400Gbps,1ns
333,2,1321,5,400Gbps,1ns
333,3,1449,5,400Gbps,1ns
333,4,1577,5,400Gbps,1ns
333,5,1705,5,400Gbps,1ns
333,6,1833,5,400Gbps,1ns
333,7,1961,5,400Gbps,1ns
334,0,1065,6,400Gbps,1ns
334,1,1193,6,400Gbps,1ns
334,2,1321,6,400Gbps,1ns
334,3,1449,6,400Gbps,1ns
334,4,1577,6,400Gbps,1ns
334,5,1705,6,400Gbps,1ns
334,6,1833,6,400Gbps,1ns
334,7,1961,6,400Gbps,1ns
335,0,1065,7,400Gbps,1ns
335,1,1193,7,400Gbps,1ns
335,2,1321,7,400Gbps,1ns
335,3,1449,7,400Gbps,1ns
335,4,1577,7,400Gbps,1ns
335,5,1705,7,400Gbps,1ns
335,6,1833,7,400Gbps,1ns
335,7,1961,7,400Gbps,1ns
336,0,1066,0,400Gbps,1ns
336,1,1194,0,400Gbps,1ns
336,2,1322,0,400Gbps,1ns
336,3,1450,0,400Gbps,1ns
336,4,1578,0,400Gbps,1ns
336,5,1706,0,400Gbps,1ns
336,6,1834,0,400Gbps,1ns
336,7,1962,0,400Gbps,1ns
337,0,1066,1,400Gbps,1ns
337,1,1194,1,400Gbps,1ns
337,2,1322,1,400Gbps,1ns
337,3,1450,1,400Gbps,1ns
337,4,1578,1,400Gbps,1ns
337,5,1706,1,400Gbps,1ns
337,6,1834,1,400Gbps,1ns
337,7,1962,1,400Gbps,1ns
338,0,1066,2,400Gbps,1ns
338,1,1194,2,400Gbps,1ns
338,2,1322,2,400Gbps,1ns
338,3,1450,2,400Gbps,1ns
338,4,1578,2,400Gbps,1ns
338,5,1706,2,400Gbps,1ns
338,6,1834,2,400Gbps,1ns
338,7,1962,2,400Gbps,1ns
339,0,1066,3,400Gbps,1ns
339,1,1194,3,400Gbps,1ns
339,2,1322,3,400Gbps,1ns
339,3,1450,3,400Gbps,1ns
339,4,1578,3,400Gbps,1ns
339,5,1706,3,400Gbps,1ns
339,6,1834,3,400Gbps,1ns
339,7,1962,3,400Gbps,1ns
340,0,1066,4,400Gbps,1ns
340,1,1194,4,400Gbps,1ns
340,2,1322,4,400Gbps,1ns
340,3,1450,4,400Gbps,1ns
340,4,1578,4,400Gbps,1ns
340,5,1706,4,400Gbps,1ns
340,6,1834,4,400Gbps,1ns
340,7,1962,4,400Gbps,1ns
341,0,1066,5,400Gbps,1ns
341,1,1194,5,400Gbps,1ns
341,2,1322,5,400Gbps,1ns
341,3,1450,5,400Gbps,1ns
341,4,1578,5,400Gbps,1ns
341,5,1706,5,400Gbps,1ns
341,6,1834,5,400Gbps,1ns
341,7,1962,5,400Gbps,1ns
342,0,1066,6,400Gbps,1ns
342,1,1194,6,400Gbps,1ns
342,2,1322,6,400Gbps,1ns
342,3,1450,6,400Gbps,1ns
342,4,1578,6,400Gbps,1ns
342,5,1706,6,400Gbps,1ns
342,6,1834,6,400Gbps,1ns
342,7,1962,6,400Gbps,1ns
343,0,1066,7,400Gbps,1ns
343,1,1194,7,400Gbps,1ns
343,2,1322,7,400Gbps,1ns
343,3,1450,7,400Gbps,1ns
343,4,1578,7,400Gbps,1ns
343,5,1706,7,400Gbps,1ns
343,6,1834,7,400Gbps,1ns
343,7,1962,7,400Gbps,1ns
344,0,1067,0,400Gbps,1ns
344,1,1195,0,400Gbps,1ns
344,2,1323,0,400Gbps,1ns
344,3,1451,0,400Gbps,1ns
344,4,1579,0,400Gbps,1ns
344,5,1707,0,400Gbps,1ns
344,6,1835,0,400Gbps,1ns
344,7,1963,0,400Gbps,1ns
345,0,1067,1,400Gbps,1ns
345,1,1195,1,400Gbps,1ns
345,2,1323,1,400Gbps,1ns
345,3,1451,1,400Gbps,1ns
345,4,1579,1,400Gbps,1ns
345,5,1707,1,400Gbps,1ns
345,6,1835,1,400Gbps,1ns
345,7,1963,1,400Gbps,1ns
346,0,1067,2,400Gbps,1ns
346,1,1195,2,400Gbps,1ns
346,2,1323,2,400Gbps,1ns
346,3,1451,2,400Gbps,1ns
346,4,1579,2,400Gbps,1ns
346,5,1707,2,400Gbps,1ns
346,6,1835,2,400Gbps,1ns
346,7,1963,2,400Gbps,1ns
347,0,1067,3,400Gbps,1ns
347,1,1195,3,400Gbps,1ns
347,2,1323,3,400Gbps,1ns
347,3,1451,3,400Gbps,1ns
347,4,1579,3,400Gbps,1ns
347,5,1707,3,400Gbps,1ns
347,6,1835,3,400Gbps,1ns
347,7,1963,3,400Gbps,1ns
348,0,1067,4,400Gbps,1ns
348,1,1195,4,400Gbps,1ns
348,2,1323,4,400Gbps,1ns
348,3,1451,4,400Gbps,1ns
348,4,1579,4,400Gbps,1ns
348,5,1707,4,400Gbps,1ns
348,6,1835,4,400Gbps,1ns
348,7,1963,4,400Gbps,1ns
349,0,1067,5,400Gbps,1ns
349,1,1195,5,400Gbps,1ns
349,2,1323,5,400Gbps,1ns
349,3,1451,5,400Gbps,1ns
349,4,1579,5,400Gbps,1ns
349,5,1707,5,400Gbps,1ns
349,6,1835,5,400Gbps,1ns
349,7,1963,5,400Gbps,1ns
350,0,1067,6,400Gbps,1ns
350,1,1195,6,400Gbps,1ns
350,2,1323,6,400Gbps,1ns
350,3,1451,6,400Gbps,1ns
350,4,1579,6,400Gbps,1ns
350,5,1707,6,400Gbps,1ns
350,6,1835,6,400Gbps,1ns
350,7,1963,6,400Gbps,1ns
351,0,1067,7,400Gbps,1ns
351,1,1195,7,400Gbps,1ns
351,2,1323,7,400Gbps,1ns
351,3,1451,7,400Gbps,1ns
351,4,1579,7,400Gbps,1ns
351,5,1707,7,400Gbps,1ns
351,6,1835,7,400Gbps,1ns
351,7,1963,7,400Gbps,1ns
352,0,1068,0,400Gbps,1ns
352,1,1196,0,400Gbps,1ns
352,2,1324,0,400Gbps,1ns
352,3,1452,0,400Gbps,1ns
352,4,1580,0,400Gbps,1ns
352,5,1708,0,400Gbps,1ns
352,6,1836,0,400Gbps,1ns
352,7,1964,0,400Gbps,1ns
353,0,1068,1,400Gbps,1ns
353,1,1196,1,400Gbps,1ns
353,2,1324,1,400Gbps,1ns
353,3,1452,1,400Gbps,1ns
353,4,1580,1,400Gbps,1ns
353,5,1708,1,400Gbps,1ns
353,6,1836,1,400Gbps,1ns
353,7,1964,1,400Gbps,1ns
354,0,1068,2,400Gbps,1ns
354,1,1196,2,400Gbps,1ns
354,2,1324,2,400Gbps,1ns
354,3,1452,2,400Gbps,1ns
354,4,1580,2,400Gbps,1ns
354,5,1708,2,400Gbps,1ns
354,6,1836,2,400Gbps,1ns
354,7,1964,2,400Gbps,1ns
355,0,1068,3,400Gbps,1ns
355,1,1196,3,400Gbps,1ns
355,2,1324,3,400Gbps,1ns
355,3,1452,3,400Gbps,1ns
355,4,1580,3,400Gbps,1ns
355,5,1708,3,400Gbps,1ns
355,6,1836,3,400Gbps,1ns
355,7,1964,3,400Gbps,1ns
356,0,1068,4,400Gbps,1ns
356,1,1196,4,400Gbps,1ns
356,2,1324,4,400Gbps,1ns
356,3,1452,4,400Gbps,1ns
356,4,1580,4,400Gbps,1ns
356,5,1708,4,400Gbps,1ns
356,6,1836,4,400Gbps,1ns
356,7,1964,4,400Gbps,1ns
357,0,1068,5,400Gbps,1ns
357,1,1196,5,400Gbps,1ns
357,2,1324,5,400Gbps,1ns
357,3,1452,5,400Gbps,1ns
357,4,1580,5,400Gbps,1ns
357,5,1708,5,400Gbps,1ns
357,6,1836,5,400Gbps,1ns
357,7,1964,5,400Gbps,1ns
358,0,1068,6,400Gbps,1ns
358,1,1196,6,400Gbps,1ns
358,2,1324,6,400Gbps,1ns
358,3,1452,6,400Gbps,1ns
358,4,1580,6,400Gbps,1ns
358,5,1708,6,400Gbps,1ns
358,6,1836,6,400Gbps,1ns
358,7,1964,6,400Gbps,1ns
359,0,1068,7,400Gbps,1ns
359,1,1196,7,400Gbps,1ns
359,2,1324,7,400Gbps,1ns
359,3,1452,7,400Gbps,1ns
359,4,1580,7,400Gbps,1ns
359,5,1708,7,400Gbps,1ns
359,6,1836,7,400Gbps,1ns
359,7,1964,7,400Gbps,1ns
360,0,1069,0,400Gbps,1ns
360,1,1197,0,400Gbps,1ns
360,2,1325,0,400Gbps,1ns
360,3,1453,0,400Gbps,1ns
360,4,1581,0,400Gbps,1ns
360,5,1709,0,400Gbps,1ns
360,6,1837,0,400Gbps,1ns
360,7,1965,0,400Gbps,1ns
361,0,1069,1,400Gbps,1ns
361,1,1197,1,400Gbps,1ns
361,2,1325,1,400Gbps,1ns
361,3,1453,1,400Gbps,1ns
361,4,1581,1,400Gbps,1ns
361,5,1709,1,400Gbps,1ns
361,6,1837,1,400Gbps,1ns
361,7,1965,1,400Gbps,1ns
362,0,1069,2,400Gbps,1ns
362,1,1197,2,400Gbps,1ns
362,2,1325,2,400Gbps,1ns
362,3,1453,2,400Gbps,1ns
362,4,1581,2,400Gbps,1ns
362,5,1709,2,400Gbps,1ns
362,6,1837,2,400Gbps,1ns
362,7,1965,2,400Gbps,1ns
363,0,1069,3,400Gbps,1ns
363,1,1197,3,400Gbps,1ns
363,2,1325,3,400Gbps,1ns
363,3,1453,3,400Gbps,1ns
363,4,1581,3,400Gbps,1ns
363,5,1709,3,400Gbps,1ns
363,6,1837,3,400Gbps,1ns
363,7,1965,3,400Gbps,1ns
364,0,1069,4,400Gbps,1ns
364,1,1197,4,400Gbps,1ns
364,2,1325,4,400Gbps,1ns
364,3,1453,4,400Gbps,1ns
364,4,1581,4,400Gbps,1ns
364,5,1709,4,400Gbps,1ns
364,6,1837,4,400Gbps,1ns
364,7,1965,4,400Gbps,1ns
365,0,1069,5,400Gbps,1ns
365,1,1197,5,400Gbps,1ns
365,2,1325,5,400Gbps,1ns
365,3,1453,5,400Gbps,1ns
365,4,1581,5,400Gbps,1ns
365,5,1709,5,400Gbps,1ns
365,6,1837,5,400Gbps,1ns
365,7,1965,5,400Gbps,1ns
366,0,1069,6,400Gbps,1ns
366,1,1197,6,400Gbps,1ns
366,2,1325,6,400Gbps,1ns
366,3,1453,6,400Gbps,1ns
366,4,1581,6,400Gbps,1ns
366,5,1709,6,400Gbps,1ns
366,6,1837,6,400Gbps,1ns
366,7,1965,6,400Gbps,1ns
367,0,1069,7,400Gbps,1ns
367,1,1197,7,400Gbps,1ns
367,2,1325,7,400Gbps,1ns
367,3,1453,7,400Gbps,1ns
367,4,1581,7,400Gbps,1ns
367,5,1709,7,400Gbps,1ns
367,6,1837,7,400Gbps,1ns
367,7,1965,7,400Gbps,1ns
368,0,1070,0,400Gbps,1ns
368,1,1198,0,400Gbps,1ns
368,2,1326,0,400Gbps,1ns
368,3,1454,0,400Gbps,1ns
368,4,1582,0,400Gbps,1ns
368,5,1710,0,400Gbps,1ns
368,6,1838,0,400Gbps,1ns
368,7,1966,0,400Gbps,1ns
369,0,1070,1,400Gbps,1ns
369,1,1198,1,400Gbps,1ns
369,2,1326,1,400Gbps,1ns
369,3,1454,1,400Gbps,1ns
369,4,1582,1,400Gbps,1ns
369,5,1710,1,400Gbps,1ns
369,6,1838,1,400Gbps,1ns
369,7,1966,1,400Gbps,1ns
370,0,1070,2,400Gbps,1ns
370,1,1198,2,400Gbps,1ns
370,2,1326,2,400Gbps,1ns
370,3,1454,2,400Gbps,1ns
370,4,1582,2,400Gbps,1ns
370,5,1710,2,400Gbps,1ns
370,6,1838,2,400Gbps,1ns
370,7,1966,2,400Gbps,1ns
371,0,1070,3,400Gbps,1ns
371,1,1198,3,400Gbps,1ns
371,2,1326,3,400Gbps,1ns
371,3,1454,3,400Gbps,1ns
371,4,1582,3,400Gbps,1ns
371,5,1710,3,400Gbps,1ns
371,6,1838,3,400Gbps,1ns
371,7,1966,3,400Gbps,1ns
372,0,1070,4,400Gbps,1ns
372,1,1198,4,400Gbps,1ns
372,2,1326,4,400Gbps,1ns
372,3,1454,4,400Gbps,1ns
372,4,1582,4,400Gbps,1ns
372,5,1710,4,400Gbps,1ns
372,6,1838,4,400Gbps,1ns
372,7,1966,4,400Gbps,1ns
373,0,1070,5,400Gbps,1ns
373,1,1198,5,400Gbps,1ns
373,2,1326,5,400Gbps,1ns
373,3,1454,5,400Gbps,1ns
373,4,1582,5,400Gbps,1ns
373,5,1710,5,400Gbps,1ns
373,6,1838,5,400Gbps,1ns
373,7,1966,5,400Gbps,1ns
374,0,1070,6,400Gbps,1ns
374,1,1198,6,400Gbps,1ns
374,2,1326,6,400Gbps,1ns
374,3,1454,6,400Gbps,1ns
374,4,1582,6,400Gbps,1ns
374,5,1710,6,400Gbps,1ns
374,6,1838,6,400Gbps,1ns
374,7,1966,6,400Gbps,1ns
375,0,1070,7,400Gbps,1ns
375,1,1198,7,400Gbps,1ns
375,2,1326,7,400Gbps,1ns
375,3,1454,7,400Gbps,1ns
375,4,1582,7,400Gbps,1ns
375,5,1710,7,400Gbps,1ns
375,6,1838,7,400Gbps,1ns
375,7,1966,7,400Gbps,1ns
376,0,1071,0,400Gbps,1ns
376,1,1199,0,400Gbps,1ns
376,2,1327,0,400Gbps,1ns
376,3,1455,0,400Gbps,1ns
376,4,1583,0,400Gbps,1ns
376,5,1711,0,400Gbps,1ns
376,6,1839,0,400Gbps,1ns
376,7,1967,0,400Gbps,1ns
377,0,1071,1,400Gbps,1ns
377,1,1199,1,400Gbps,1ns
377,2,1327,1,400Gbps,1ns
377,3,1455,1,400Gbps,1ns
377,4,1583,1,400Gbps,1ns
377,5,1711,1,400Gbps,1ns
377,6,1839,1,400Gbps,1ns
377,7,1967,1,400Gbps,1ns
378,0,1071,2,400Gbps,1ns
378,1,1199,2,400Gbps,1ns
378,2,1327,2,400Gbps,1ns
378,3,1455,2,400Gbps,1ns
378,4,1583,2,400Gbps,1ns
378,5,1711,2,400Gbps,1ns
378,6,1839,2,400Gbps,1ns
378,7,1967,2,400Gbps,1ns
379,0,1071,3,400Gbps,1ns
379,1,1199,3,400Gbps,1ns
379,2,1327,3,400Gbps,1ns
379,3,1455,3,400Gbps,1ns
379,4,1583,3,400Gbps,1ns
379,5,1711,3,400Gbps,1ns
379,6,1839,3,400Gbps,1ns
379,7,1967,3,400Gbps,1ns
380,0,1071,4,400Gbps,1ns
380,1,1199,4,400Gbps,1ns
380,2,1327,4,400Gbps,1ns
380,3,1455,4,400Gbps,1ns
380,4,1583,4,400Gbps,1ns
380,5,1711,4,400Gbps,1ns
380,6,1839,4,400Gbps,1ns
380,7,1967,4,400Gbps,1ns
381,0,1071,5,400Gbps,1ns
381,1,1199,5,400Gbps,1ns
381,2,1327,5,400Gbps,1ns
381,3,1455,5,400Gbps,1ns
381,4,1583,5,400Gbps,1ns
381,5,1711,5,400Gbps,1ns
381,6,1839,5,400Gbps,1ns
381,7,1967,5,400Gbps,1ns
382,0,1071,6,400Gbps,1ns
382,1,1199,6,400Gbps,1ns
382,2,1327,6,400Gbps,1ns
382,3,1455,6,400Gbps,1ns
382,4,1583,6,400Gbps,1ns
382,5,1711,6,400Gbps,1ns
382,6,1839,6,400Gbps,1ns
382,7,1967,6,400Gbps,1ns
383,0,1071,7,400Gbps,1ns
383,1,1199,7,400Gbps,1ns
383,2,1327,7,400Gbps,1ns
383,3,1455,7,400Gbps,1ns
383,4,1583,7,400Gbps,1ns
383,5,1711,7,400Gbps,1ns
383,6,1839,7,400Gbps,1ns
383,7,1967,7,400Gbps,1ns
384,0,1072,0,400Gbps,1ns
384,1,1200,0,400Gbps,1ns
384,2,1328,0,400Gbps,1ns
384,3,1456,0,400Gbps,1ns
384,4,1584,0,400Gbps,1ns
384,5,1712,0,400Gbps,1ns
384,6,1840,0,400Gbps,1ns
384,7,1968,0,400Gbps,1ns
385,0,1072,1,400Gbps,1ns
385,1,1200,1,400Gbps,1ns
385,2,1328,1,400Gbps,1ns
385,3,1456,1,400Gbps,1ns
385,4,1584,1,400Gbps,1ns
385,5,1712,1,400Gbps,1ns
385,6,1840,1,400Gbps,1ns
385,7,1968,1,400Gbps,1ns
386,0,1072,2,400Gbps,1ns
386,1,1200,2,400Gbps,1ns
386,2,1328,2,400Gbps,1ns
386,3,1456,2,400Gbps,1ns
386,4,1584,2,400Gbps,1ns
386,5,1712,2,400Gbps,1ns
386,6,1840,2,400Gbps,1ns
386,7,1968,2,400Gbps,1ns
387,0,1072,3,400Gbps,1ns
387,1,1200,3,400Gbps,1ns
387,2,1328,3,400Gbps,1ns
387,3,1456,3,400Gbps,1ns
387,4,1584,3,400Gbps,1ns
387,5,1712,3,400Gbps,1ns
387,6,1840,3,400Gbps,1ns
387,7,1968,3,400Gbps,1ns
388,0,1072,4,400Gbps,1ns
388,1,1200,4,400Gbps,1ns
388,2,1328,4,400Gbps,1ns
388,3,1456,4,400Gbps,1ns
388,4,1584,4,400Gbps,1ns
388,5,1712,4,400Gbps,1ns
388,6,1840,4,400Gbps,1ns
388,7,1968,4,400Gbps,1ns
389,0,1072,5,400Gbps,1ns
389,1,1200,5,400Gbps,1ns
389,2,1328,5,400Gbps,1ns
389,3,1456,5,400Gbps,1ns
389,4,1584,5,400Gbps,1ns
389,5,1712,5,400Gbps,1ns
389,6,1840,5,400Gbps,1ns
389,7,1968,5,400Gbps,1ns
390,0,1072,6,400Gbps,1ns
390,1,1200,6,400Gbps,1ns
390,2,1328,6,400Gbps,1ns
390,3,1456,6,400Gbps,1ns
390,4,1584,6,400Gbps,1ns
390,5,1712,6,400Gbps,1ns
390,6,1840,6,400Gbps,1ns
390,7,1968,6,400Gbps,1ns
391,0,1072,7,400Gbps,1ns
391,1,1200,7,400Gbps,1ns
391,2,1328,7,400Gbps,1ns
391,3,1456,7,400Gbps,1ns
391,4,1584,7,400Gbps,1ns
391,5,1712,7,400Gbps,1ns
391,6,1840,7,400Gbps,1ns
391,7,1968,7,400Gbps,1ns
392,0,1073,0,400Gbps,1ns
392,1,1201,0,400Gbps,1ns
392,2,1329,0,400Gbps,1ns
392,3,1457,0,400Gbps,1ns
392,4,1585,0,400Gbps,1ns
392,5,1713,0,400Gbps,1ns
392,6,1841,0,400Gbps,1ns
392,7,1969,0,400Gbps,1ns
393,0,1073,1,400Gbps,1ns
393,1,1201,1,400Gbps,1ns
393,2,1329,1,400Gbps,1ns
393,3,1457,1,400Gbps,1ns
393,4,1585,1,400Gbps,1ns
393,5,1713,1,400Gbps,1ns
393,6,1841,1,400Gbps,1ns
393,7,1969,1,400Gbps,1ns
394,0,1073,2,400Gbps,1ns
394,1,1201,2,400Gbps,1ns
394,2,1329,2,400Gbps,1ns
394,3,1457,2,400Gbps,1ns
394,4,1585,2,400Gbps,1ns
394,5,1713,2,400Gbps,1ns
394,6,1841,2,400Gbps,1ns
394,7,1969,2,400Gbps,1ns
395,0,1073,3,400Gbps,1ns
395,1,1201,3,400Gbps,1ns
395,2,1329,3,400Gbps,1ns
395,3,1457,3,400Gbps,1ns
395,4,1585,3,400Gbps,1ns
395,5,1713,3,400Gbps,1ns
395,6,1841,3,400Gbps,1ns
395,7,1969,3,400Gbps,1ns
396,0,1073,4,400Gbps,1ns
396,1,1201,4,400Gbps,1ns
396,2,1329,4,400Gbps,1ns
396,3,1457,4,400Gbps,1ns
396,4,1585,4,400Gbps,1ns
396,5,1713,4,400Gbps,1ns
396,6,1841,4,400Gbps,1ns
396,7,1969,4,400Gbps,1ns
397,0,1073,5,400Gbps,1ns
397,1,1201,5,400Gbps,1ns
397,2,1329,5,400Gbps,1ns
397,3,1457,5,400Gbps,1ns
397,4,1585,5,400Gbps,1ns
397,5,1713,5,400Gbps,1ns
397,6,1841,5,400Gbps,1ns
397,7,1969,5,400Gbps,1ns
398,0,1073,6,400Gbps,1ns
398,1,1201,6,400Gbps,1ns
398,2,1329,6,400Gbps,1ns
398,3,1457,6,400Gbps,1ns
398,4,1585,6,400Gbps,1ns
398,5,1713,6,400Gbps,1ns
398,6,1841,6,400Gbps,1ns
398,7,1969,6,400Gbps,1ns
399,0,1073,7,400Gbps,1ns
399,1,1201,7,400Gbps,1ns
399,2,1329,7,400Gbps,1ns
399,3,1457,7,400Gbps,1ns
399,4,1585,7,400Gbps,1ns
399,5,1713,7,400Gbps,1ns
399,6,1841,7,400Gbps,1ns
399,7,1969,7,400Gbps,1ns
400,0,1074,0,400Gbps,1ns
400,1,1202,0,400Gbps,1ns
400,2,1330,0,400Gbps,1ns
400,3,1458,0,400Gbps,1ns
400,4,1586,0,400Gbps,1ns
400,5,1714,0,400Gbps,1ns
400,6,1842,0,400Gbps,1ns
400,7,1970,0,400Gbps,1ns
401,0,1074,1,400Gbps,1ns
401,1,1202,1,400Gbps,1ns
401,2,1330,1,400Gbps,1ns
401,3,1458,1,400Gbps,1ns
401,4,1586,1,400Gbps,1ns
401,5,1714,1,400Gbps,1ns
401,6,1842,1,400Gbps,1ns
401,7,1970,1,400Gbps,1ns
402,0,1074,2,400Gbps,1ns
402,1,1202,2,400Gbps,1ns
402,2,1330,2,400Gbps,1ns
402,3,1458,2,400Gbps,1ns
402,4,1586,2,400Gbps,1ns
402,5,1714,2,400Gbps,1ns
402,6,1842,2,400Gbps,1ns
402,7,1970,2,400Gbps,1ns
403,0,1074,3,400Gbps,1ns
403,1,1202,3,400Gbps,1ns
403,2,1330,3,400Gbps,1ns
403,3,1458,3,400Gbps,1ns
403,4,1586,3,400Gbps,1ns
403,5,1714,3,400Gbps,1ns
403,6,1842,3,400Gbps,1ns
403,7,1970,3,400Gbps,1ns
404,0,1074,4,400Gbps,1ns
404,1,1202,4,400Gbps,1ns
404,2,1330,4,400Gbps,1ns
404,3,1458,4,400Gbps,1ns
404,4,1586,4,400Gbps,1ns
404,5,1714,4,400Gbps,1ns
404,6,1842,4,400Gbps,1ns
404,7,1970,4,400Gbps,1ns
405,0,1074,5,400Gbps,1ns
405,1,1202,5,400Gbps,1ns
405,2,1330,5,400Gbps,1ns
405,3,1458,5,400Gbps,1ns
405,4,1586,5,400Gbps,1ns
405,5,1714,5,400Gbps,1ns
405,6,1842,5,400Gbps,1ns
405,7,1970,5,400Gbps,1ns
406,0,1074,6,400Gbps,1ns
406,1,1202,6,400Gbps,1ns
406,2,1330,6,400Gbps,1ns
406,3,1458,6,400Gbps,1ns
406,4,1586,6,400Gbps,1ns
406,5,1714,6,400Gbps,1ns
406,6,1842,6,400Gbps,1ns
406,7,1970,6,400Gbps,1ns
407,0,1074,7,400Gbps,1ns
407,1,1202,7,400Gbps,1ns
407,2,1330,7,400Gbps,1ns
407,3,1458,7,400Gbps,1ns
407,4,1586,7,400Gbps,1ns
407,5,1714,7,400Gbps,1ns
407,6,1842,7,400Gbps,1ns
407,7,1970,7,400Gbps,1ns
408,0,1075,0,400Gbps,1ns
408,1,1203,0,400Gbps,1ns
408,2,1331,0,400Gbps,1ns
408,3,1459,0,400Gbps,1ns
408,4,1587,0,400Gbps,1ns
408,5,1715,0,400Gbps,1ns
408,6,1843,0,400Gbps,1ns
408,7,1971,0,400Gbps,1ns
409,0,1075,1,400Gbps,1ns
409,1,1203,1,400Gbps,1ns
409,2,1331,1,400Gbps,1ns
409,3,1459,1,400Gbps,1ns
409,4,1587,1,400Gbps,1ns
409,5,1715,1,400Gbps,1ns
409,6,1843,1,400Gbps,1ns
409,7,1971,1,400Gbps,1ns
410,0,1075,2,400Gbps,1ns
410,1,1203,2,400Gbps,1ns
410,2,1331,2,400Gbps,1ns
410,3,1459,2,400Gbps,1ns
410,4,1587,2,400Gbps,1ns
410,5,1715,2,400Gbps,1ns
410,6,1843,2,400Gbps,1ns
410,7,1971,2,400Gbps,1ns
411,0,1075,3,400Gbps,1ns
411,1,1203,3,400Gbps,1ns
411,2,1331,3,400Gbps,1ns
411,3,1459,3,400Gbps,1ns
411,4,1587,3,400Gbps,1ns
411,5,1715,3,400Gbps,1ns
411,6,1843,3,400Gbps,1ns
411,7,1971,3,400Gbps,1ns
412,0,1075,4,400Gbps,1ns
412,1,1203,4,400Gbps,1ns
412,2,1331,4,400Gbps,1ns
412,3,1459,4,400Gbps,1ns
412,4,1587,4,400Gbps,1ns
412,5,1715,4,400Gbps,1ns
412,6,1843,4,400Gbps,1ns
412,7,1971,4,400Gbps,1ns
413,0,1075,5,400Gbps,1ns
413,1,1203,5,400Gbps,1ns
413,2,1331,5,400Gbps,1ns
413,3,1459,5,400Gbps,1ns
413,4,1587,5,400Gbps,1ns
413,5,1715,5,400Gbps,1ns
413,6,1843,5,400Gbps,1ns
413,7,1971,5,400Gbps,1ns
414,0,1075,6,400Gbps,1ns
414,1,1203,6,400Gbps,1ns
414,2,1331,6,400Gbps,1ns
414,3,1459,6,400Gbps,1ns
414,4,1587,6,400Gbps,1ns
414,5,1715,6,400Gbps,1ns
414,6,1843,6,400Gbps,1ns
414,7,1971,6,400Gbps,1ns
415,0,1075,7,400Gbps,1ns
415,1,1203,7,400Gbps,1ns
415,2,1331,7,400Gbps,1ns
415,3,1459,7,400Gbps,1ns
415,4,1587,7,400Gbps,1ns
415,5,1715,7,400Gbps,1ns
415,6,1843,7,400Gbps,1ns
415,7,1971,7,400Gbps,1ns
416,0,1076,0,400Gbps,1ns
416,1,1204,0,400Gbps,1ns
416,2,1332,0,400Gbps,1ns
416,3,1460,0,400Gbps,1ns
416,4,1588,0,400Gbps,1ns
416,5,1716,0,400Gbps,1ns
416,6,1844,0,400Gbps,1ns
416,7,1972,0,400Gbps,1ns
417,0,1076,1,400Gbps,1ns
417,1,1204,1,400Gbps,1ns
417,2,1332,1,400Gbps,1ns
417,3,1460,1,400Gbps,1ns
417,4,1588,1,400Gbps,1ns
417,5,1716,1,400Gbps,1ns
417,6,1844,1,400Gbps,1ns
417,7,1972,1,400Gbps,1ns
418,0,1076,2,400Gbps,1ns
418,1,1204,2,400Gbps,1ns
418,2,1332,2,400Gbps,1ns
418,3,1460,2,400Gbps,1ns
418,4,1588,2,400Gbps,1ns
418,5,1716,2,400Gbps,1ns
418,6,1844,2,400Gbps,1ns
418,7,1972,2,400Gbps,1ns
419,0,1076,3,400Gbps,1ns
419,1,1204,3,400Gbps,1ns
419,2,1332,3,400Gbps,1ns
419,3,1460,3,400Gbps,1ns
419,4,1588,3,400Gbps,1ns
419,5,1716,3,400Gbps,1ns
419,6,1844,3,400Gbps,1ns
419,7,1972,3,400Gbps,1ns
420,0,1076,4,400Gbps,1ns
420,1,1204,4,400Gbps,1ns
420,2,1332,4,400Gbps,1ns
420,3,1460,4,400Gbps,1ns
420,4,1588,4,400Gbps,1ns
420,5,1716,4,400Gbps,1ns
420,6,1844,4,400Gbps,1ns
420,7,1972,4,400Gbps,1ns
421,0,1076,5,400Gbps,1ns
421,1,1204,5,400Gbps,1ns
421,2,1332,5,400Gbps,1ns
421,3,1460,5,400Gbps,1ns
421,4,1588,5,400Gbps,1ns
421,5,1716,5,400Gbps,1ns
421,6,1844,5,400Gbps,1ns
421,7,1972,5,400Gbps,1ns
422,0,1076,6,400Gbps,1ns
422,1,1204,6,400Gbps,1ns
422,2,1332,6,400Gbps,1ns
422,3,1460,6,400Gbps,1ns
422,4,1588,6,400Gbps,1ns
422,5,1716,6,400Gbps,1ns
422,6,1844,6,400Gbps,1ns
422,7,1972,6,400Gbps,1ns
423,0,1076,7,400Gbps,1ns
423,1,1204,7,400Gbps,1ns
423,2,1332,7,400Gbps,1ns
423,3,1460,7,400Gbps,1ns
423,4,1588,7,400Gbps,1ns
423,5,1716,7,400Gbps,1ns
423,6,1844,7,400Gbps,1ns
423,7,1972,7,400Gbps,1ns
424,0,1077,0,400Gbps,1ns
424,1,1205,0,400Gbps,1ns
424,2,1333,0,400Gbps,1ns
424,3,1461,0,400Gbps,1ns
424,4,1589,0,400Gbps,1ns
424,5,1717,0,400Gbps,1ns
424,6,1845,0,400Gbps,1ns
424,7,1973,0,400Gbps,1ns
425,0,1077,1,400Gbps,1ns
425,1,1205,1,400Gbps,1ns
425,2,1333,1,400Gbps,1ns
425,3,1461,1,400Gbps,1ns
425,4,1589,1,400Gbps,1ns
425,5,1717,1,400Gbps,1ns
425,6,1845,1,400Gbps,1ns
425,7,1973,1,400Gbps,1ns
426,0,1077,2,400Gbps,1ns
426,1,1205,2,400Gbps,1ns
426,2,1333,2,400Gbps,1ns
426,3,1461,2,400Gbps,1ns
426,4,1589,2,400Gbps,1ns
426,5,1717,2,400Gbps,1ns
426,6,1845,2,400Gbps,1ns
426,7,1973,2,400Gbps,1ns
427,0,1077,3,400Gbps,1ns
427,1,1205,3,400Gbps,1ns
427,2,1333,3,400Gbps,1ns
427,3,1461,3,400Gbps,1ns
427,4,1589,3,400Gbps,1ns
427,5,1717,3,400Gbps,1ns
427,6,1845,3,400Gbps,1ns
427,7,1973,3,400Gbps,1ns
428,0,1077,4,400Gbps,1ns
428,1,1205,4,400Gbps,1ns
428,2,1333,4,400Gbps,1ns
428,3,1461,4,400Gbps,1ns
428,4,1589,4,400Gbps,1ns
428,5,1717,4,400Gbps,1ns
428,6,1845,4,400Gbps,1ns
428,7,1973,4,400Gbps,1ns
429,0,1077,5,400Gbps,1ns
429,1,1205,5,400Gbps,1ns
429,2,1333,5,400Gbps,1ns
429,3,1461,5,400Gbps,1ns
429,4,1589,5,400Gbps,1ns
429,5,1717,5,400Gbps,1ns
429,6,1845,5,400Gbps,1ns
429,7,1973,5,400Gbps,1ns
430,0,1077,6,400Gbps,1ns
430,1,1205,6,400Gbps,1ns
430,2,1333,6,400Gbps,1ns
430,3,1461,6,400Gbps,1ns
430,4,1589,6,400Gbps,1ns
430,5,1717,6,400Gbps,1ns
430,6,1845,6,400Gbps,1ns
430,7,1973,6,400Gbps,1ns
431,0,1077,7,400Gbps,1ns
431,1,1205,7,400Gbps,1ns
431,2,1333,7,400Gbps,1ns
431,3,1461,7,400Gbps,1ns
431,4,1589,7,400Gbps,1ns
431,5,1717,7,400Gbps,1ns
431,6,1845,7,400Gbps,1ns
431,7,1973,7,400Gbps,1ns
432,0,1078,0,400Gbps,1ns
432,1,1206,0,400Gbps,1ns
432,2,1334,0,400Gbps,1ns
432,3,1462,0,400Gbps,1ns
432,4,1590,0,400Gbps,1ns
432,5,1718,0,400Gbps,1ns
432,6,1846,0,400Gbps,1ns
432,7,1974,0,400Gbps,1ns
433,0,1078,1,400Gbps,1ns
433,1,1206,1,400Gbps,1ns
433,2,1334,1,400Gbps,1ns
433,3,1462,1,400Gbps,1ns
433,4,1590,1,400Gbps,1ns
433,5,1718,1,400Gbps,1ns
433,6,1846,1,400Gbps,1ns
433,7,1974,1,400Gbps,1ns
434,0,1078,2,400Gbps,1ns
434,1,1206,2,400Gbps,1ns
434,2,1334,2,400Gbps,1ns
434,3,1462,2,400Gbps,1ns
434,4,1590,2,400Gbps,1ns
434,5,1718,2,400Gbps,1ns
434,6,1846,2,400Gbps,1ns
434,7,1974,2,400Gbps,1ns
435,0,1078,3,400Gbps,1ns
435,1,1206,3,400Gbps,1ns
435,2,1334,3,400Gbps,1ns
435,3,1462,3,400Gbps,1ns
435,4,1590,3,400Gbps,1ns
435,5,1718,3,400Gbps,1ns
435,6,1846,3,400Gbps,1ns
435,7,1974,3,400Gbps,1ns
436,0,1078,4,400Gbps,1ns
436,1,1206,4,400Gbps,1ns
436,2,1334,4,400Gbps,1ns
436,3,1462,4,400Gbps,1ns
436,4,1590,4,400Gbps,1ns
436,5,1718,4,400Gbps,1ns
436,6,1846,4,400Gbps,1ns
436,7,1974,4,400Gbps,1ns
437,0,1078,5,400Gbps,1ns
437,1,1206,5,400Gbps,1ns
437,2,1334,5,400Gbps,1ns
437,3,1462,5,400Gbps,1ns
437,4,1590,5,400Gbps,1ns
437,5,1718,5,400Gbps,1ns
437,6,1846,5,400Gbps,1ns
437,7,1974,5,400Gbps,1ns
438,0,1078,6,400Gbps,1ns
438,1,1206,6,400Gbps,1ns
438,2,1334,6,400Gbps,1ns
438,3,1462,6,400Gbps,1ns
438,4,1590,6,400Gbps,1ns
438,5,1718,6,400Gbps,1ns
438,6,1846,6,400Gbps,1ns
438,7,1974,6,400Gbps,1ns
439,0,1078,7,400Gbps,1ns
439,1,1206,7,400Gbps,1ns
439,2,1334,7,400Gbps,1ns
439,3,1462,7,400Gbps,1ns
439,4,1590,7,400Gbps,1ns
439,5,1718,7,400Gbps,1ns
439,6,1846,7,400Gbps,1ns
439,7,1974,7,400Gbps,1ns
440,0,1079,0,400Gbps,1ns
440,1,1207,0,400Gbps,1ns
440,2,1335,0,400Gbps,1ns
440,3,1463,0,400Gbps,1ns
440,4,1591,0,400Gbps,1ns
440,5,1719,0,400Gbps,1ns
440,6,1847,0,400Gbps,1ns
440,7,1975,0,400Gbps,1ns
441,0,1079,1,400Gbps,1ns
441,1,1207,1,400Gbps,1ns
441,2,1335,1,400Gbps,1ns
441,3,1463,1,400Gbps,1ns
441,4,1591,1,400Gbps,1ns
441,5,1719,1,400Gbps,1ns
441,6,1847,1,400Gbps,1ns
441,7,1975,1,400Gbps,1ns
442,0,1079,2,400Gbps,1ns
442,1,1207,2,400Gbps,1ns
442,2,1335,2,400Gbps,1ns
442,3,1463,2,400Gbps,1ns
442,4,1591,2,400Gbps,1ns
442,5,1719,2,400Gbps,1ns
442,6,1847,2,400Gbps,1ns
442,7,1975,2,400Gbps,1ns
443,0,1079,3,400Gbps,1ns
443,1,1207,3,400Gbps,1ns
443,2,1335,3,400Gbps,1ns
443,3,1463,3,400Gbps,1ns
443,4,1591,3,400Gbps,1ns
443,5,1719,3,400Gbps,1ns
443,6,1847,3,400Gbps,1ns
443,7,1975,3,400Gbps,1ns
444,0,1079,4,400Gbps,1ns
444,1,1207,4,400Gbps,1ns
444,2,1335,4,400Gbps,1ns
444,3,1463,4,400Gbps,1ns
444,4,1591,4,400Gbps,1ns
444,5,1719,4,400Gbps,1ns
444,6,1847,4,400Gbps,1ns
444,7,1975,4,400Gbps,1ns
445,0,1079,5,400Gbps,1ns
445,1,1207,5,400Gbps,1ns
445,2,1335,5,400Gbps,1ns
445,3,1463,5,400Gbps,1ns
445,4,1591,5,400Gbps,1ns
445,5,1719,5,400Gbps,1ns
445,6,1847,5,400Gbps,1ns
445,7,1975,5,400Gbps,1ns
446,0,1079,6,400Gbps,1ns
446,1,1207,6,400Gbps,1ns
446,2,1335,6,400Gbps,1ns
446,3,1463,6,400Gbps,1ns
446,4,1591,6,400Gbps,1ns
446,5,1719,6,400Gbps,1ns
446,6,1847,6,400Gbps,1ns
446,7,1975,6,400Gbps,1ns
447,0,1079,7,400Gbps,1ns
447,1,1207,7,400Gbps,1ns
447,2,1335,7,400Gbps,1ns
447,3,1463,7,400Gbps,1ns
447,4,1591,7,400Gbps,1ns
447,5,1719,7,400Gbps,1ns
447,6,1847,7,400Gbps,1ns
447,7,1975,7,400Gbps,1ns
448,0,1080,0,400Gbps,1ns
448,1,1208,0,400Gbps,1ns
448,2,1336,0,400Gbps,1ns
448,3,1464,0,400Gbps,1ns
448,4,1592,0,400Gbps,1ns
448,5,1720,0,400Gbps,1ns
448,6,1848,0,400Gbps,1ns
448,7,1976,0,400Gbps,1ns
449,0,1080,1,400Gbps,1ns
449,1,1208,1,400Gbps,1ns
449,2,1336,1,400Gbps,1ns
449,3,1464,1,400Gbps,1ns
449,4,1592,1,400Gbps,1ns
449,5,1720,1,400Gbps,1ns
449,6,1848,1,400Gbps,1ns
449,7,1976,1,400Gbps,1ns
450,0,1080,2,400Gbps,1ns
450,1,1208,2,400Gbps,1ns
450,2,1336,2,400Gbps,1ns
450,3,1464,2,400Gbps,1ns
450,4,1592,2,400Gbps,1ns
450,5,1720,2,400Gbps,1ns
450,6,1848,2,400Gbps,1ns
450,7,1976,2,400Gbps,1ns
451,0,1080,3,400Gbps,1ns
451,1,1208,3,400Gbps,1ns
451,2,1336,3,400Gbps,1ns
451,3,1464,3,400Gbps,1ns
451,4,1592,3,400Gbps,1ns
451,5,1720,3,400Gbps,1ns
451,6,1848,3,400Gbps,1ns
451,7,1976,3,400Gbps,1ns
452,0,1080,4,400Gbps,1ns
452,1,1208,4,400Gbps,1ns
452,2,1336,4,400Gbps,1ns
452,3,1464,4,400Gbps,1ns
452,4,1592,4,400Gbps,1ns
452,5,1720,4,400Gbps,1ns
452,6,1848,4,400Gbps,1ns
452,7,1976,4,400Gbps,1ns
453,0,1080,5,400Gbps,1ns
453,1,1208,5,400Gbps,1ns
453,2,1336,5,400Gbps,1ns
453,3,1464,5,400Gbps,1ns
453,4,1592,5,400Gbps,1ns
453,5,1720,5,400Gbps,1ns
453,6,1848,5,400Gbps,1ns
453,7,1976,5,400Gbps,1ns
454,0,1080,6,400Gbps,1ns
454,1,1208,6,400Gbps,1ns
454,2,1336,6,400Gbps,1ns
454,3,1464,6,400Gbps,1ns
454,4,1592,6,400Gbps,1ns
454,5,1720,6,400Gbps,1ns
454,6,1848,6,400Gbps,1ns
454,7,1976,6,400Gbps,1ns
455,0,1080,7,400Gbps,1ns
455,1,1208,7,400Gbps,1ns
455,2,1336,7,400Gbps,1ns
455,3,1464,7,400Gbps,1ns
455,4,1592,7,400Gbps,1ns
455,5,1720,7,400Gbps,1ns
455,6,1848,7,400Gbps,1ns
455,7,1976,7,400Gbps,1ns
456,0,1081,0,400Gbps,1ns
456,1,1209,0,400Gbps,1ns
456,2,1337,0,400Gbps,1ns
456,3,1465,0,400Gbps,1ns
456,4,1593,0,400Gbps,1ns
456,5,1721,0,400Gbps,1ns
456,6,1849,0,400Gbps,1ns
456,7,1977,0,400Gbps,1ns
457,0,1081,1,400Gbps,1ns
457,1,1209,1,400Gbps,1ns
457,2,1337,1,400Gbps,1ns
457,3,1465,1,400Gbps,1ns
457,4,1593,1,400Gbps,1ns
457,5,1721,1,400Gbps,1ns
457,6,1849,1,400Gbps,1ns
457,7,1977,1,400Gbps,1ns
458,0,1081,2,400Gbps,1ns
458,1,1209,2,400Gbps,1ns
458,2,1337,2,400Gbps,1ns
458,3,1465,2,400Gbps,1ns
458,4,1593,2,400Gbps,1ns
458,5,1721,2,400Gbps,1ns
458,6,1849,2,400Gbps,1ns
458,7,1977,2,400Gbps,1ns
459,0,1081,3,400Gbps,1ns
459,1,1209,3,400Gbps,1ns
459,2,1337,3,400Gbps,1ns
459,3,1465,3,400Gbps,1ns
459,4,1593,3,400Gbps,1ns
459,5,1721,3,400Gbps,1ns
459,6,1849,3,400Gbps,1ns
459,7,1977,3,400Gbps,1ns
460,0,1081,4,400Gbps,1ns
460,1,1209,4,400Gbps,1ns
460,2,1337,4,400Gbps,1ns
460,3,1465,4,400Gbps,1ns
460,4,1593,4,400Gbps,1ns
460,5,1721,4,400Gbps,1ns
460,6,1849,4,400Gbps,1ns
460,7,1977,4,400Gbps,1ns
461,0,1081,5,400Gbps,1ns
461,1,1209,5,400Gbps,1ns
461,2,1337,5,400Gbps,1ns
461,3,1465,5,400Gbps,1ns
461,4,1593,5,400Gbps,1ns
461,5,1721,5,400Gbps,1ns
461,6,1849,5,400Gbps,1ns
461,7,1977,5,400Gbps,1ns
462,0,1081,6,400Gbps,1ns
462,1,1209,6,400Gbps,1ns
462,2,1337,6,400Gbps,1ns
462,3,1465,6,400Gbps,1ns
462,4,1593,6,400Gbps,1ns
462,5,1721,6,400Gbps,1ns
462,6,1849,6,400Gbps,1ns
462,7,1977,6,400Gbps,1ns
463,0,1081,7,400Gbps,1ns
463,1,1209,7,400Gbps,1ns
463,2,1337,7,400Gbps,1ns
463,3,1465,7,400Gbps,1ns
463,4,1593,7,400Gbps,1ns
463,5,1721,7,400Gbps,1ns
463,6,1849,7,400Gbps,1ns
463,7,1977,7,400Gbps,1ns
464,0,1082,0,400Gbps,1ns
464,1,1210,0,400Gbps,1ns
464,2,1338,0,400Gbps,1ns
464,3,1466,0,400Gbps,1ns
464,4,1594,0,400Gbps,1ns
464,5,1722,0,400Gbps,1ns
464,6,1850,0,400Gbps,1ns
464,7,1978,0,400Gbps,1ns
465,0,1082,1,400Gbps,1ns
465,1,1210,1,400Gbps,1ns
465,2,1338,1,400Gbps,1ns
465,3,1466,1,400Gbps,1ns
465,4,1594,1,400Gbps,1ns
465,5,1722,1,400Gbps,1ns
465,6,1850,1,400Gbps,1ns
465,7,1978,1,400Gbps,1ns
466,0,1082,2,400Gbps,1ns
466,1,1210,2,400Gbps,1ns
466,2,1338,2,400Gbps,1ns
466,3,1466,2,400Gbps,1ns
466,4,1594,2,400Gbps,1ns
466,5,1722,2,400Gbps,1ns
466,6,1850,2,400Gbps,1ns
466,7,1978,2,400Gbps,1ns
467,0,1082,3,400Gbps,1ns
467,1,1210,3,400Gbps,1ns
467,2,1338,3,400Gbps,1ns
467,3,1466,3,400Gbps,1ns
467,4,1594,3,400Gbps,1ns
467,5,1722,3,400Gbps,1ns
467,6,1850,3,400Gbps,1ns
467,7,1978,3,400Gbps,1ns
468,0,1082,4,400Gbps,1ns
468,1,1210,4,400Gbps,1ns
468,2,1338,4,400Gbps,1ns
468,3,1466,4,400Gbps,1ns
468,4,1594,4,400Gbps,1ns
468,5,1722,4,400Gbps,1ns
468,6,1850,4,400Gbps,1ns
468,7,1978,4,400Gbps,1ns
469,0,1082,5,400Gbps,1ns
469,1,1210,5,400Gbps,1ns
469,2,1338,5,400Gbps,1ns
469,3,1466,5,400Gbps,1ns
469,4,1594,5,400Gbps,1ns
469,5,1722,5,400Gbps,1ns
469,6,1850,5,400Gbps,1ns
469,7,1978,5,400Gbps,1ns
470,0,1082,6,400Gbps,1ns
470,1,1210,6,400Gbps,1ns
470,2,1338,6,400Gbps,1ns
470,3,1466,6,400Gbps,1ns
470,4,1594,6,400Gbps,1ns
470,5,1722,6,400Gbps,1ns
470,6,1850,6,400Gbps,1ns
470,7,1978,6,400Gbps,1ns
471,0,1082,7,400Gbps,1ns
471,1,1210,7,400Gbps,1ns
471,2,1338,7,400Gbps,1ns
471,3,1466,7,400Gbps,1ns
471,4,1594,7,400Gbps,1ns
471,5,1722,7,400Gbps,1ns
471,6,1850,7,400Gbps,1ns
471,7,1978,7,400Gbps,1ns
472,0,1083,0,400Gbps,1ns
472,1,1211,0,400Gbps,1ns
472,2,1339,0,400Gbps,1ns
472,3,1467,0,400Gbps,1ns
472,4,1595,0,400Gbps,1ns
472,5,1723,0,400Gbps,1ns
472,6,1851,0,400Gbps,1ns
472,7,1979,0,400Gbps,1ns
473,0,1083,1,400Gbps,1ns
473,1,1211,1,400Gbps,1ns
473,2,1339,1,400Gbps,1ns
473,3,1467,1,400Gbps,1ns
473,4,1595,1,400Gbps,1ns
473,5,1723,1,400Gbps,1ns
473,6,1851,1,400Gbps,1ns
473,7,1979,1,400Gbps,1ns
474,0,1083,2,400Gbps,1ns
474,1,1211,2,400Gbps,1ns
474,2,1339,2,400Gbps,1ns
474,3,1467,2,400Gbps,1ns
474,4,1595,2,400Gbps,1ns
474,5,1723,2,400Gbps,1ns
474,6,1851,2,400Gbps,1ns
474,7,1979,2,400Gbps,1ns
475,0,1083,3,400Gbps,1ns
475,1,1211,3,400Gbps,1ns
475,2,1339,3,400Gbps,1ns
475,3,1467,3,400Gbps,1ns
475,4,1595,3,400Gbps,1ns
475,5,1723,3,400Gbps,1ns
475,6,1851,3,400Gbps,1ns
475,7,1979,3,400Gbps,1ns
476,0,1083,4,400Gbps,1ns
476,1,1211,4,400Gbps,1ns
476,2,1339,4,400Gbps,1ns
476,3,1467,4,400Gbps,1ns
476,4,1595,4,400Gbps,1ns
476,5,1723,4,400Gbps,1ns
476,6,1851,4,400Gbps,1ns
476,7,1979,4,400Gbps,1ns
477,0,1083,5,400Gbps,1ns
477,1,1211,5,400Gbps,1ns
477,2,1339,5,400Gbps,1ns
477,3,1467,5,400Gbps,1ns
477,4,1595,5,400Gbps,1ns
477,5,1723,5,400Gbps,1ns
477,6,1851,5,400Gbps,1ns
477,7,1979,5,400Gbps,1ns
478,0,1083,6,400Gbps,1ns
478,1,1211,6,400Gbps,1ns
478,2,1339,6,400Gbps,1ns
478,3,1467,6,400Gbps,1ns
478,4,1595,6,400Gbps,1ns
478,5,1723,6,400Gbps,1ns
478,6,1851,6,400Gbps,1ns
478,7,1979,6,400Gbps,1ns
479,0,1083,7,400Gbps,1ns
479,1,1211,7,400Gbps,1ns
479,2,1339,7,400Gbps,1ns
479,3,1467,7,400Gbps,1ns
479,4,1595,7,400Gbps,1ns
479,5,1723,7,400Gbps,1ns
479,6,1851,7,400Gbps,1ns
479,7,1979,7,400Gbps,1ns
480,0,1084,0,400Gbps,1ns
480,1,1212,0,400Gbps,1ns
480,2,1340,0,400Gbps,1ns
480,3,1468,0,400Gbps,1ns
480,4,1596,0,400Gbps,1ns
480,5,1724,0,400Gbps,1ns
480,6,1852,0,400Gbps,1ns
480,7,1980,0,400Gbps,1ns
481,0,1084,1,400Gbps,1ns
481,1,1212,1,400Gbps,1ns
481,2,1340,1,400Gbps,1ns
481,3,1468,1,400Gbps,1ns
481,4,1596,1,400Gbps,1ns
481,5,1724,1,400Gbps,1ns
481,6,1852,1,400Gbps,1ns
481,7,1980,1,400Gbps,1ns
482,0,1084,2,400Gbps,1ns
482,1,1212,2,400Gbps,1ns
482,2,1340,2,400Gbps,1ns
482,3,1468,2,400Gbps,1ns
482,4,1596,2,400Gbps,1ns
482,5,1724,2,400Gbps,1ns
482,6,1852,2,400Gbps,1ns
482,7,1980,2,400Gbps,1ns
483,0,1084,3,400Gbps,1ns
483,1,1212,3,400Gbps,1ns
483,2,1340,3,400Gbps,1ns
483,3,1468,3,400Gbps,1ns
483,4,1596,3,400Gbps,1ns
483,5,1724,3,400Gbps,1ns
483,6,1852,3,400Gbps,1ns
483,7,1980,3,400Gbps,1ns
484,0,1084,4,400Gbps,1ns
484,1,1212,4,400Gbps,1ns
484,2,1340,4,400Gbps,1ns
484,3,1468,4,400Gbps,1ns
484,4,1596,4,400Gbps,1ns
484,5,1724,4,400Gbps,1ns
484,6,1852,4,400Gbps,1ns
484,7,1980,4,400Gbps,1ns
485,0,1084,5,400Gbps,1ns
485,1,1212,5,400Gbps,1ns
485,2,1340,5,400Gbps,1ns
485,3,1468,5,400Gbps,1ns
485,4,1596,5,400Gbps,1ns
485,5,1724,5,400Gbps,1ns
485,6,1852,5,400Gbps,1ns
485,7,1980,5,400Gbps,1ns
486,0,1084,6,400Gbps,1ns
486,1,1212,6,400Gbps,1ns
486,2,1340,6,400Gbps,1ns
486,3,1468,6,400Gbps,1ns
486,4,1596,6,400Gbps,1ns
486,5,1724,6,400Gbps,1ns
486,6,1852,6,400Gbps,1ns
486,7,1980,6,400Gbps,1ns
487,0,1084,7,400Gbps,1ns
487,1,1212,7,400Gbps,1ns
487,2,1340,7,400Gbps,1ns
487,3,1468,7,400Gbps,1ns
487,4,1596,7,400Gbps,1ns
487,5,1724,7,400Gbps,1ns
487,6,1852,7,400Gbps,1ns
487,7,1980,7,400Gbps,1ns
488,0,1085,0,400Gbps,1ns
488,1,1213,0,400Gbps,1ns
488,2,1341,0,400Gbps,1ns
488,3,1469,0,400Gbps,1ns
488,4,1597,0,400Gbps,1ns
488,5,1725,0,400Gbps,1ns
488,6,1853,0,400Gbps,1ns
488,7,1981,0,400Gbps,1ns
489,0,1085,1,400Gbps,1ns
489,1,1213,1,400Gbps,1ns
489,2,1341,1,400Gbps,1ns
489,3,1469,1,400Gbps,1ns
489,4,1597,1,400Gbps,1ns
489,5,1725,1,400Gbps,1ns
489,6,1853,1,400Gbps,1ns
489,7,1981,1,400Gbps,1ns
490,0,1085,2,400Gbps,1ns
490,1,1213,2,400Gbps,1ns
490,2,1341,2,400Gbps,1ns
490,3,1469,2,400Gbps,1ns
490,4,1597,2,400Gbps,1ns
490,5,1725,2,400Gbps,1ns
490,6,1853,2,400Gbps,1ns
490,7,1981,2,400Gbps,1ns
491,0,1085,3,400Gbps,1ns
491,1,1213,3,400Gbps,1ns
491,2,1341,3,400Gbps,1ns
491,3,1469,3,400Gbps,1ns
491,4,1597,3,400Gbps,1ns
491,5,1725,3,400Gbps,1ns
491,6,1853,3,400Gbps,1ns
491,7,1981,3,400Gbps,1ns
492,0,1085,4,400Gbps,1ns
492,1,1213,4,400Gbps,1ns
492,2,1341,4,400Gbps,1ns
492,3,1469,4,400Gbps,1ns
492,4,1597,4,400Gbps,1ns
492,5,1725,4,400Gbps,1ns
492,6,1853,4,400Gbps,1ns
492,7,1981,4,400Gbps,1ns
493,0,1085,5,400Gbps,1ns
493,1,1213,5,400Gbps,1ns
493,2,1341,5,400Gbps,1ns
493,3,1469,5,400Gbps,1ns
493,4,1597,5,400Gbps,1ns
493,5,1725,5,400Gbps,1ns
493,6,1853,5,400Gbps,1ns
493,7,1981,5,400Gbps,1ns
494,0,1085,6,400Gbps,1ns
494,1,1213,6,400Gbps,1ns
494,2,1341,6,400Gbps,1ns
494,3,1469,6,400Gbps,1ns
494,4,1597,6,400Gbps,1ns
494,5,1725,6,400Gbps,1ns
494,6,1853,6,400Gbps,1ns
494,7,1981,6,400Gbps,1ns
495,0,1085,7,400Gbps,1ns
495,1,1213,7,400Gbps,1ns
495,2,1341,7,400Gbps,1ns
495,3,1469,7,400Gbps,1ns
495,4,1597,7,400Gbps,1ns
495,5,1725,7,400Gbps,1ns
495,6,1853,7,400Gbps,1ns
495,7,1981,7,400Gbps,1ns
496,0,1086,0,400Gbps,1ns
496,1,1214,0,400Gbps,1ns
496,2,1342,0,400Gbps,1ns
496,3,1470,0,400Gbps,1ns
496,4,1598,0,400Gbps,1ns
496,5,1726,0,400Gbps,1ns
496,6,1854,0,400Gbps,1ns
496,7,1982,0,400Gbps,1ns
497,0,1086,1,400Gbps,1ns
497,1,1214,1,400Gbps,1ns
497,2,1342,1,400Gbps,1ns
497,3,1470,1,400Gbps,1ns
497,4,1598,1,400Gbps,1ns
497,5,1726,1,400Gbps,1ns
497,6,1854,1,400Gbps,1ns
497,7,1982,1,400Gbps,1ns
498,0,1086,2,400Gbps,1ns
498,1,1214,2,400Gbps,1ns
498,2,1342,2,400Gbps,1ns
498,3,1470,2,400Gbps,1ns
498,4,1598,2,400Gbps,1ns
498,5,1726,2,400Gbps,1ns
498,6,1854,2,400Gbps,1ns
498,7,1982,2,400Gbps,1ns
499,0,1086,3,400Gbps,1ns
499,1,1214,3,400Gbps,1ns
499,2,1342,3,400Gbps,1ns
499,3,1470,3,400Gbps,1ns
499,4,1598,3,400Gbps,1ns
499,5,1726,3,400Gbps,1ns
499,6,1854,3,400Gbps,1ns
499,7,1982,3,400Gbps,1ns
500,0,1086,4,400Gbps,1ns
500,1,1214,4,400Gbps,1ns
500,2,1342,4,400Gbps,1ns
500,3,1470,4,400Gbps,1ns
500,4,1598,4,400Gbps,1ns
500,5,1726,4,400Gbps,1ns
500,6,1854,4,400Gbps,1ns
500,7,1982,4,400Gbps,1ns
501,0,1086,5,400Gbps,1ns
501,1,1214,5,400Gbps,1ns
501,2,1342,5,400Gbps,1ns
501,3,1470,5,400Gbps,1ns
501,4,1598,5,400Gbps,1ns
501,5,1726,5,400Gbps,1ns
501,6,1854,5,400Gbps,1ns
501,7,1982,5,400Gbps,1ns
502,0,1086,6,400Gbps,1ns
502,1,1214,6,400Gbps,1ns
502,2,1342,6,400Gbps,1ns
502,3,1470,6,400Gbps,1ns
502,4,1598,6,400Gbps,1ns
502,5,1726,6,400Gbps,1ns
502,6,1854,6,400Gbps,1ns
502,7,1982,6,400Gbps,1ns
503,0,1086,7,400Gbps,1ns
503,1,1214,7,400Gbps,1ns
503,2,1342,7,400Gbps,1ns
503,3,1470,7,400Gbps,1ns
503,4,1598,7,400Gbps,1ns
503,5,1726,7,400Gbps,1ns
503,6,1854,7,400Gbps,1ns
503,7,1982,7,400Gbps,1ns
504,0,1087,0,400Gbps,1ns
504,1,1215,0,400Gbps,1ns
504,2,1343,0,400Gbps,1ns
504,3,1471,0,400Gbps,1ns
504,4,1599,0,400Gbps,1ns
504,5,1727,0,400Gbps,1ns
504,6,1855,0,400Gbps,1ns
504,7,1983,0,400Gbps,1ns
505,0,1087,1,400Gbps,1ns
505,1,1215,1,400Gbps,1ns
505,2,1343,1,400Gbps,1ns
505,3,1471,1,400Gbps,1ns
505,4,1599,1,400Gbps,1ns
505,5,1727,1,400Gbps,1ns
505,6,1855,1,400Gbps,1ns
505,7,1983,1,400Gbps,1ns
506,0,1087,2,400Gbps,1ns
506,1,1215,2,400Gbps,1ns
506,2,1343,2,400Gbps,1ns
506,3,1471,2,400Gbps,1ns
506,4,1599,2,400Gbps,1ns
506,5,1727,2,400Gbps,1ns
506,6,1855,2,400Gbps,1ns
506,7,1983,2,400Gbps,1ns
507,0,1087,3,400Gbps,1ns
507,1,1215,3,400Gbps,1ns
507,2,1343,3,400Gbps,1ns
507,3,1471,3,400Gbps,1ns
507,4,1599,3,400Gbps,1ns
507,5,1727,3,400Gbps,1ns
507,6,1855,3,400Gbps,1ns
507,7,1983,3,400Gbps,1ns
508,0,1087,4,400Gbps,1ns
508,1,1215,4,400Gbps,1ns
508,2,1343,4,400Gbps,1ns
508,3,1471,4,400Gbps,1ns
508,4,1599,4,400Gbps,1ns
508,5,1727,4,400Gbps,1ns
508,6,1855,4,400Gbps,1ns
508,7,1983,4,400Gbps,1ns
509,0,1087,5,400Gbps,1ns
509,1,1215,5,400Gbps,1ns
509,2,1343,5,400Gbps,1ns
509,3,1471,5,400Gbps,1ns
509,4,1599,5,400Gbps,1ns
509,5,1727,5,400Gbps,1ns
509,6,1855,5,400Gbps,1ns
509,7,1983,5,400Gbps,1ns
510,0,1087,6,400Gbps,1ns
510,1,1215,6,400Gbps,1ns
510,2,1343,6,400Gbps,1ns
510,3,1471,6,400Gbps,1ns
510,4,1599,6,400Gbps,1ns
510,5,1727,6,400Gbps,1ns
510,6,1855,6,400Gbps,1ns
510,7,1983,6,400Gbps,1ns
511,0,1087,7,400Gbps,1ns
511,1,1215,7,400Gbps,1ns
511,2,1343,7,400Gbps,1ns
511,3,1471,7,400Gbps,1ns
511,4,1599,7,400Gbps,1ns
511,5,1727,7,400Gbps,1ns
511,6,1855,7,400Gbps,1ns
511,7,1983,7,400Gbps,1ns
512,0,1088,0,400Gbps,1ns
512,1,1216,0,400Gbps,1ns
512,2,1344,0,400Gbps,1ns
512,3,1472,0,400Gbps,1ns
512,4,1600,0,400Gbps,1ns
512,5,1728,0,400Gbps,1ns
512,6,1856,0,400Gbps,1ns
512,7,1984,0,400Gbps,1ns
513,0,1088,1,400Gbps,1ns
513,1,1216,1,400Gbps,1ns
513,2,1344,1,400Gbps,1ns
513,3,1472,1,400Gbps,1ns
513,4,1600,1,400Gbps,1ns
513,5,1728,1,400Gbps,1ns
513,6,1856,1,400Gbps,1ns
513,7,1984,1,400Gbps,1ns
514,0,1088,2,400Gbps,1ns
514,1,1216,2,400Gbps,1ns
514,2,1344,2,400Gbps,1ns
514,3,1472,2,400Gbps,1ns
514,4,1600,2,400Gbps,1ns
514,5,1728,2,400Gbps,1ns
514,6,1856,2,400Gbps,1ns
514,7,1984,2,400Gbps,1ns
515,0,1088,3,400Gbps,1ns
515,1,1216,3,400Gbps,1ns
515,2,1344,3,400Gbps,1ns
515,3,1472,3,400Gbps,1ns
515,4,1600,3,400Gbps,1ns
515,5,1728,3,400Gbps,1ns
515,6,1856,3,400Gbps,1ns
515,7,1984,3,400Gbps,1ns
516,0,1088,4,400Gbps,1ns
516,1,1216,4,400Gbps,1ns
516,2,1344,4,400Gbps,1ns
516,3,1472,4,400Gbps,1ns
516,4,1600,4,400Gbps,1ns
516,5,1728,4,400Gbps,1ns
516,6,1856,4,400Gbps,1ns
516,7,1984,4,400Gbps,1ns
517,0,1088,5,400Gbps,1ns
517,1,1216,5,400Gbps,1ns
517,2,1344,5,400Gbps,1ns
517,3,1472,5,400Gbps,1ns
517,4,1600,5,400Gbps,1ns
517,5,1728,5,400Gbps,1ns
517,6,1856,5,400Gbps,1ns
517,7,1984,5,400Gbps,1ns
518,0,1088,6,400Gbps,1ns
518,1,1216,6,400Gbps,1ns
518,2,1344,6,400Gbps,1ns
518,3,1472,6,400Gbps,1ns
518,4,1600,6,400Gbps,1ns
518,5,1728,6,400Gbps,1ns
518,6,1856,6,400Gbps,1ns
518,7,1984,6,400Gbps,1ns
519,0,1088,7,400Gbps,1ns
519,1,1216,7,400Gbps,1ns
519,2,1344,7,400Gbps,1ns
519,3,1472,7,400Gbps,1ns
519,4,1600,7,400Gbps,1ns
519,5,1728,7,400Gbps,1ns
519,6,1856,7,400Gbps,1ns
519,7,1984,7,400Gbps,1ns
520,0,1089,0,400Gbps,1ns
520,1,1217,0,400Gbps,1ns
520,2,1345,0,400Gbps,1ns
520,3,1473,0,400Gbps,1ns
520,4,1601,0,400Gbps,1ns
520,5,1729,0,400Gbps,1ns
520,6,1857,0,400Gbps,1ns
520,7,1985,0,400Gbps,1ns
521,0,1089,1,400Gbps,1ns
521,1,1217,1,400Gbps,1ns
521,2,1345,1,400Gbps,1ns
521,3,1473,1,400Gbps,1ns
521,4,1601,1,400Gbps,1ns
521,5,1729,1,400Gbps,1ns
521,6,1857,1,400Gbps,1ns
521,7,1985,1,400Gbps,1ns
522,0,1089,2,400Gbps,1ns
522,1,1217,2,400Gbps,1ns
522,2,1345,2,400Gbps,1ns
522,3,1473,2,400Gbps,1ns
522,4,1601,2,400Gbps,1ns
522,5,1729,2,400Gbps,1ns
522,6,1857,2,400Gbps,1ns
522,7,1985,2,400Gbps,1ns
523,0,1089,3,400Gbps,1ns
523,1,1217,3,400Gbps,1ns
523,2,1345,3,400Gbps,1ns
523,3,1473,3,400Gbps,1ns
523,4,1601,3,400Gbps,1ns
523,5,1729,3,400Gbps,1ns
523,6,1857,3,400Gbps,1ns
523,7,1985,3,400Gbps,1ns
524,0,1089,4,400Gbps,1ns
524,1,1217,4,400Gbps,1ns
524,2,1345,4,400Gbps,1ns
524,3,1473,4,400Gbps,1ns
524,4,1601,4,400Gbps,1ns
524,5,1729,4,400Gbps,1ns
524,6,1857,4,400Gbps,1ns
524,7,1985,4,400Gbps,1ns
525,0,1089,5,400Gbps,1ns
525,1,1217,5,400Gbps,1ns
525,2,1345,5,400Gbps,1ns
525,3,1473,5,400Gbps,1ns
525,4,1601,5,400Gbps,1ns
525,5,1729,5,400Gbps,1ns
525,6,1857,5,400Gbps,1ns
525,7,1985,5,400Gbps,1ns
526,0,1089,6,400Gbps,1ns
526,1,1217,6,400Gbps,1ns
526,2,1345,6,400Gbps,1ns
526,3,1473,6,400Gbps,1ns
526,4,1601,6,400Gbps,1ns
526,5,1729,6,400Gbps,1ns
526,6,1857,6,400Gbps,1ns
526,7,1985,6,400Gbps,1ns
527,0,1089,7,400Gbps,1ns
527,1,1217,7,400Gbps,1ns
527,2,1345,7,400Gbps,1ns
527,3,1473,7,400Gbps,1ns
527,4,1601,7,400Gbps,1ns
527,5,1729,7,400Gbps,1ns
527,6,1857,7,400Gbps,1ns
527,7,1985,7,400Gbps,1ns
528,0,1090,0,400Gbps,1ns
528,1,1218,0,400Gbps,1ns
528,2,1346,0,400Gbps,1ns
528,3,1474,0,400Gbps,1ns
528,4,1602,0,400Gbps,1ns
528,5,1730,0,400Gbps,1ns
528,6,1858,0,400Gbps,1ns
528,7,1986,0,400Gbps,1ns
529,0,1090,1,400Gbps,1ns
529,1,1218,1,400Gbps,1ns
529,2,1346,1,400Gbps,1ns
529,3,1474,1,400Gbps,1ns
529,4,1602,1,400Gbps,1ns
529,5,1730,1,400Gbps,1ns
529,6,1858,1,400Gbps,1ns
529,7,1986,1,400Gbps,1ns
530,0,1090,2,400Gbps,1ns
530,1,1218,2,400Gbps,1ns
530,2,1346,2,400Gbps,1ns
530,3,1474,2,400Gbps,1ns
530,4,1602,2,400Gbps,1ns
530,5,1730,2,400Gbps,1ns
530,6,1858,2,400Gbps,1ns
530,7,1986,2,400Gbps,1ns
531,0,1090,3,400Gbps,1ns
531,1,1218,3,400Gbps,1ns
531,2,1346,3,400Gbps,1ns
531,3,1474,3,400Gbps,1ns
531,4,1602,3,400Gbps,1ns
531,5,1730,3,400Gbps,1ns
531,6,1858,3,400Gbps,1ns
531,7,1986,3,400Gbps,1ns
532,0,1090,4,400Gbps,1ns
532,1,1218,4,400Gbps,1ns
532,2,1346,4,400Gbps,1ns
532,3,1474,4,400Gbps,1ns
532,4,1602,4,400Gbps,1ns
532,5,1730,4,400Gbps,1ns
532,6,1858,4,400Gbps,1ns
532,7,1986,4,400Gbps,1ns
533,0,1090,5,400Gbps,1ns
533,1,1218,5,400Gbps,1ns
533,2,1346,5,400Gbps,1ns
533,3,1474,5,400Gbps,1ns
533,4,1602,5,400Gbps,1ns
533,5,1730,5,400Gbps,1ns
533,6,1858,5,400Gbps,1ns
533,7,1986,5,400Gbps,1ns
534,0,1090,6,400Gbps,1ns
534,1,1218,6,400Gbps,1ns
534,2,1346,6,400Gbps,1ns
534,3,1474,6,400Gbps,1ns
534,4,1602,6,400Gbps,1ns
534,5,1730,6,400Gbps,1ns
534,6,1858,6,400Gbps,1ns
534,7,1986,6,400Gbps,1ns
535,0,1090,7,400Gbps,1ns
535,1,1218,7,400Gbps,1ns
535,2,1346,7,400Gbps,1ns
535,3,1474,7,400Gbps,1ns
535,4,1602,7,400Gbps,1ns
535,5,1730,7,400Gbps,1ns
535,6,1858,7,400Gbps,1ns
535,7,1986,7,400Gbps,1ns
536,0,1091,0,400Gbps,1ns
536,1,1219,0,400Gbps,1ns
536,2,1347,0,400Gbps,1ns
536,3,1475,0,400Gbps,1ns
536,4,1603,0,400Gbps,1ns
536,5,1731,0,400Gbps,1ns
536,6,1859,0,400Gbps,1ns
536,7,1987,0,400Gbps,1ns
537,0,1091,1,400Gbps,1ns
537,1,1219,1,400Gbps,1ns
537,2,1347,1,400Gbps,1ns
537,3,1475,1,400Gbps,1ns
537,4,1603,1,400Gbps,1ns
537,5,1731,1,400Gbps,1ns
537,6,1859,1,400Gbps,1ns
537,7,1987,1,400Gbps,1ns
538,0,1091,2,400Gbps,1ns
538,1,1219,2,400Gbps,1ns
538,2,1347,2,400Gbps,1ns
538,3,1475,2,400Gbps,1ns
538,4,1603,2,400Gbps,1ns
538,5,1731,2,400Gbps,1ns
538,6,1859,2,400Gbps,1ns
538,7,1987,2,400Gbps,1ns
539,0,1091,3,400Gbps,1ns
539,1,1219,3,400Gbps,1ns
539,2,1347,3,400Gbps,1ns
539,3,1475,3,400Gbps,1ns
539,4,1603,3,400Gbps,1ns
539,5,1731,3,400Gbps,1ns
539,6,1859,3,400Gbps,1ns
539,7,1987,3,400Gbps,1ns
540,0,1091,4,400Gbps,1ns
540,1,1219,4,400Gbps,1ns
540,2,1347,4,400Gbps,1ns
540,3,1475,4,400Gbps,1ns
540,4,1603,4,400Gbps,1ns
540,5,1731,4,400Gbps,1ns
540,6,1859,4,400Gbps,1ns
540,7,1987,4,400Gbps,1ns
541,0,1091,5,400Gbps,1ns
541,1,1219,5,400Gbps,1ns
541,2,1347,5,400Gbps,1ns
541,3,1475,5,400Gbps,1ns
541,4,1603,5,400Gbps,1ns
541,5,1731,5,400Gbps,1ns
541,6,1859,5,400Gbps,1ns
541,7,1987,5,400Gbps,1ns
542,0,1091,6,400Gbps,1ns
542,1,1219,6,400Gbps,1ns
542,2,1347,6,400Gbps,1ns
542,3,1475,6,400Gbps,1ns
542,4,1603,6,400Gbps,1ns
542,5,1731,6,400Gbps,1ns
542,6,1859,6,400Gbps,1ns
542,7,1987,6,400Gbps,1ns
543,0,1091,7,400Gbps,1ns
543,1,1219,7,400Gbps,1ns
543,2,1347,7,400Gbps,1ns
543,3,1475,7,400Gbps,1ns
543,4,1603,7,400Gbps,1ns
543,5,1731,7,400Gbps,1ns
543,6,1859,7,400Gbps,1ns
543,7,1987,7,400Gbps,1ns
544,0,1092,0,400Gbps,1ns
544,1,1220,0,400Gbps,1ns
544,2,1348,0,400Gbps,1ns
544,3,1476,0,400Gbps,1ns
544,4,1604,0,400Gbps,1ns
544,5,1732,0,400Gbps,1ns
544,6,1860,0,400Gbps,1ns
544,7,1988,0,400Gbps,1ns
545,0,1092,1,400Gbps,1ns
545,1,1220,1,400Gbps,1ns
545,2,1348,1,400Gbps,1ns
545,3,1476,1,400Gbps,1ns
545,4,1604,1,400Gbps,1ns
545,5,1732,1,400Gbps,1ns
545,6,1860,1,400Gbps,1ns
545,7,1988,1,400Gbps,1ns
546,0,1092,2,400Gbps,1ns
546,1,1220,2,400Gbps,1ns
546,2,1348,2,400Gbps,1ns
546,3,1476,2,400Gbps,1ns
546,4,1604,2,400Gbps,1ns
546,5,1732,2,400Gbps,1ns
546,6,1860,2,400Gbps,1ns
546,7,1988,2,400Gbps,1ns
547,0,1092,3,400Gbps,1ns
547,1,1220,3,400Gbps,1ns
547,2,1348,3,400Gbps,1ns
547,3,1476,3,400Gbps,1ns
547,4,1604,3,400Gbps,1ns
547,5,1732,3,400Gbps,1ns
547,6,1860,3,400Gbps,1ns
547,7,1988,3,400Gbps,1ns
548,0,1092,4,400Gbps,1ns
548,1,1220,4,400Gbps,1ns
548,2,1348,4,400Gbps,1ns
548,3,1476,4,400Gbps,1ns
548,4,1604,4,400Gbps,1ns
548,5,1732,4,400Gbps,1ns
548,6,1860,4,400Gbps,1ns
548,7,1988,4,400Gbps,1ns
549,0,1092,5,400Gbps,1ns
549,1,1220,5,400Gbps,1ns
549,2,1348,5,400Gbps,1ns
549,3,1476,5,400Gbps,1ns
549,4,1604,5,400Gbps,1ns
549,5,1732,5,400Gbps,1ns
549,6,1860,5,400Gbps,1ns
549,7,1988,5,400Gbps,1ns
550,0,1092,6,400Gbps,1ns
550,1,1220,6,400Gbps,1ns
550,2,1348,6,400Gbps,1ns
550,3,1476,6,400Gbps,1ns
550,4,1604,6,400Gbps,1ns
550,5,1732,6,400Gbps,1ns
550,6,1860,6,400Gbps,1ns
550,7,1988,6,400Gbps,1ns
551,0,1092,7,400Gbps,1ns
551,1,1220,7,400Gbps,1ns
551,2,1348,7,400Gbps,1ns
551,3,1476,7,400Gbps,1ns
551,4,1604,7,400Gbps,1ns
551,5,1732,7,400Gbps,1ns
551,6,1860,7,400Gbps,1ns
551,7,1988,7,400Gbps,1ns
552,0,1093,0,400Gbps,1ns
552,1,1221,0,400Gbps,1ns
552,2,1349,0,400Gbps,1ns
552,3,1477,0,400Gbps,1ns
552,4,1605,0,400Gbps,1ns
552,5,1733,0,400Gbps,1ns
552,6,1861,0,400Gbps,1ns
552,7,1989,0,400Gbps,1ns
553,0,1093,1,400Gbps,1ns
553,1,1221,1,400Gbps,1ns
553,2,1349,1,400Gbps,1ns
553,3,1477,1,400Gbps,1ns
553,4,1605,1,400Gbps,1ns
553,5,1733,1,400Gbps,1ns
553,6,1861,1,400Gbps,1ns
553,7,1989,1,400Gbps,1ns
554,0,1093,2,400Gbps,1ns
554,1,1221,2,400Gbps,1ns
554,2,1349,2,400Gbps,1ns
554,3,1477,2,400Gbps,1ns
554,4,1605,2,400Gbps,1ns
554,5,1733,2,400Gbps,1ns
554,6,1861,2,400Gbps,1ns
554,7,1989,2,400Gbps,1ns
555,0,1093,3,400Gbps,1ns
555,1,1221,3,400Gbps,1ns
555,2,1349,3,400Gbps,1ns
555,3,1477,3,400Gbps,1ns
555,4,1605,3,400Gbps,1ns
555,5,1733,3,400Gbps,1ns
555,6,1861,3,400Gbps,1ns
555,7,1989,3,400Gbps,1ns
556,0,1093,4,400Gbps,1ns
556,1,1221,4,400Gbps,1ns
556,2,1349,4,400Gbps,1ns
556,3,1477,4,400Gbps,1ns
556,4,1605,4,400Gbps,1ns
556,5,1733,4,400Gbps,1ns
556,6,1861,4,400Gbps,1ns
556,7,1989,4,400Gbps,1ns
557,0,1093,5,400Gbps,1ns
557,1,1221,5,400Gbps,1ns
557,2,1349,5,400Gbps,1ns
557,3,1477,5,400Gbps,1ns
557,4,1605,5,400Gbps,1ns
557,5,1733,5,400Gbps,1ns
557,6,1861,5,400Gbps,1ns
557,7,1989,5,400Gbps,1ns
558,0,1093,6,400Gbps,1ns
558,1,1221,6,400Gbps,1ns
558,2,1349,6,400Gbps,1ns
558,3,1477,6,400Gbps,1ns
558,4,1605,6,400Gbps,1ns
558,5,1733,6,400Gbps,1ns
558,6,1861,6,400Gbps,1ns
558,7,1989,6,400Gbps,1ns
559,0,1093,7,400Gbps,1ns
559,1,1221,7,400Gbps,1ns
559,2,1349,7,400Gbps,1ns
559,3,1477,7,400Gbps,1ns
559,4,1605,7,400Gbps,1ns
559,5,1733,7,400Gbps,1ns
559,6,1861,7,400Gbps,1ns
559,7,1989,7,400Gbps,1ns
560,0,1094,0,400Gbps,1ns
560,1,1222,0,400Gbps,1ns
560,2,1350,0,400Gbps,1ns
560,3,1478,0,400Gbps,1ns
560,4,1606,0,400Gbps,1ns
560,5,1734,0,400Gbps,1ns
560,6,1862,0,400Gbps,1ns
560,7,1990,0,400Gbps,1ns
561,0,1094,1,400Gbps,1ns
561,1,1222,1,400Gbps,1ns
561,2,1350,1,400Gbps,1ns
561,3,1478,1,400Gbps,1ns
561,4,1606,1,400Gbps,1ns
561,5,1734,1,400Gbps,1ns
561,6,1862,1,400Gbps,1ns
561,7,1990,1,400Gbps,1ns
562,0,1094,2,400Gbps,1ns
562,1,1222,2,400Gbps,1ns
562,2,1350,2,400Gbps,1ns
562,3,1478,2,400Gbps,1ns
562,4,1606,2,400Gbps,1ns
562,5,1734,2,400Gbps,1ns
562,6,1862,2,400Gbps,1ns
562,7,1990,2,400Gbps,1ns
563,0,1094,3,400Gbps,1ns
563,1,1222,3,400Gbps,1ns
563,2,1350,3,400Gbps,1ns
563,3,1478,3,400Gbps,1ns
563,4,1606,3,400Gbps,1ns
563,5,1734,3,400Gbps,1ns
563,6,1862,3,400Gbps,1ns
563,7,1990,3,400Gbps,1ns
564,0,1094,4,400Gbps,1ns
564,1,1222,4,400Gbps,1ns
564,2,1350,4,400Gbps,1ns
564,3,1478,4,400Gbps,1ns
564,4,1606,4,400Gbps,1ns
564,5,1734,4,400Gbps,1ns
564,6,1862,4,400Gbps,1ns
564,7,1990,4,400Gbps,1ns
565,0,1094,5,400Gbps,1ns
565,1,1222,5,400Gbps,1ns
565,2,1350,5,400Gbps,1ns
565,3,1478,5,400Gbps,1ns
565,4,1606,5,400Gbps,1ns
565,5,1734,5,400Gbps,1ns
565,6,1862,5,400Gbps,1ns
565,7,1990,5,400Gbps,1ns
566,0,1094,6,400Gbps,1ns
566,1,1222,6,400Gbps,1ns
566,2,1350,6,400Gbps,1ns
566,3,1478,6,400Gbps,1ns
566,4,1606,6,400Gbps,1ns
566,5,1734,6,400Gbps,1ns
566,6,1862,6,400Gbps,1ns
566,7,1990,6,400Gbps,1ns
567,0,1094,7,400Gbps,1ns
567,1,1222,7,400Gbps,1ns
567,2,1350,7,400Gbps,1ns
567,3,1478,7,400Gbps,1ns
567,4,1606,7,400Gbps,1ns
567,5,1734,7,400Gbps,1ns
567,6,1862,7,400Gbps,1ns
567,7,1990,7,400Gbps,1ns
568,0,1095,0,400Gbps,1ns
568,1,1223,0,400Gbps,1ns
568,2,1351,0,400Gbps,1ns
568,3,1479,0,400Gbps,1ns
568,4,1607,0,400Gbps,1ns
568,5,1735,0,400Gbps,1ns
568,6,1863,0,400Gbps,1ns
568,7,1991,0,400Gbps,1ns
569,0,1095,1,400Gbps,1ns
569,1,1223,1,400Gbps,1ns
569,2,1351,1,400Gbps,1ns
569,3,1479,1,400Gbps,1ns
569,4,1607,1,400Gbps,1ns
569,5,1735,1,400Gbps,1ns
569,6,1863,1,400Gbps,1ns
569,7,1991,1,400Gbps,1ns
570,0,1095,2,400Gbps,1ns
570,1,1223,2,400Gbps,1ns
570,2,1351,2,400Gbps,1ns
570,3,1479,2,400Gbps,1ns
570,4,1607,2,400Gbps,1ns
570,5,1735,2,400Gbps,1ns
570,6,1863,2,400Gbps,1ns
570,7,1991,2,400Gbps,1ns
571,0,1095,3,400Gbps,1ns
571,1,1223,3,400Gbps,1ns
571,2,1351,3,400Gbps,1ns
571,3,1479,3,400Gbps,1ns
571,4,1607,3,400Gbps,1ns
571,5,1735,3,400Gbps,1ns
571,6,1863,3,400Gbps,1ns
571,7,1991,3,400Gbps,1ns
572,0,1095,4,400Gbps,1ns
572,1,1223,4,400Gbps,1ns
572,2,1351,4,400Gbps,1ns
572,3,1479,4,400Gbps,1ns
572,4,1607,4,400Gbps,1ns
572,5,1735,4,400Gbps,1ns
572,6,1863,4,400Gbps,1ns
572,7,1991,4,400Gbps,1ns
573,0,1095,5,400Gbps,1ns
573,1,1223,5,400Gbps,1ns
573,2,1351,5,400Gbps,1ns
573,3,1479,5,400Gbps,1ns
573,4,1607,5,400Gbps,1ns
573,5,1735,5,400Gbps,1ns
573,6,1863,5,400Gbps,1ns
573,7,1991,5,400Gbps,1ns
574,0,1095,6,400Gbps,1ns
574,1,1223,6,400Gbps,1ns
574,2,1351,6,400Gbps,1ns
574,3,1479,6,400Gbps,1ns
574,4,1607,6,400Gbps,1ns
574,5,1735,6,400Gbps,1ns
574,6,1863,6,400Gbps,1ns
574,7,1991,6,400Gbps,1ns
575,0,1095,7,400Gbps,1ns
575,1,1223,7,400Gbps,1ns
575,2,1351,7,400Gbps,1ns
575,3,1479,7,400Gbps,1ns
575,4,1607,7,400Gbps,1ns
575,5,1735,7,400Gbps,1ns
575,6,1863,7,400Gbps,1ns
575,7,1991,7,400Gbps,1ns
576,0,1096,0,400Gbps,1ns
576,1,1224,0,400Gbps,1ns
576,2,1352,0,400Gbps,1ns
576,3,1480,0,400Gbps,1ns
576,4,1608,0,400Gbps,1ns
576,5,1736,0,400Gbps,1ns
576,6,1864,0,400Gbps,1ns
576,7,1992,0,400Gbps,1ns
577,0,1096,1,400Gbps,1ns
577,1,1224,1,400Gbps,1ns
577,2,1352,1,400Gbps,1ns
577,3,1480,1,400Gbps,1ns
577,4,1608,1,400Gbps,1ns
577,5,1736,1,400Gbps,1ns
577,6,1864,1,400Gbps,1ns
577,7,1992,1,400Gbps,1ns
578,0,1096,2,400Gbps,1ns
578,1,1224,2,400Gbps,1ns
578,2,1352,2,400Gbps,1ns
578,3,1480,2,400Gbps,1ns
578,4,1608,2,400Gbps,1ns
578,5,1736,2,400Gbps,1ns
578,6,1864,2,400Gbps,1ns
578,7,1992,2,400Gbps,1ns
579,0,1096,3,400Gbps,1ns
579,1,1224,3,400Gbps,1ns
579,2,1352,3,400Gbps,1ns
579,3,1480,3,400Gbps,1ns
579,4,1608,3,400Gbps,1ns
579,5,1736,3,400Gbps,1ns
579,6,1864,3,400Gbps,1ns
579,7,1992,3,400Gbps,1ns
580,0,1096,4,400Gbps,1ns
580,1,1224,4,400Gbps,1ns
580,2,1352,4,400Gbps,1ns
580,3,1480,4,400Gbps,1ns
580,4,1608,4,400Gbps,1ns
580,5,1736,4,400Gbps,1ns
580,6,1864,4,400Gbps,1ns
580,7,1992,4,400Gbps,1ns
581,0,1096,5,400Gbps,1ns
581,1,1224,5,400Gbps,1ns
581,2,1352,5,400Gbps,1ns
581,3,1480,5,400Gbps,1ns
581,4,1608,5,400Gbps,1ns
581,5,1736,5,400Gbps,1ns
581,6,1864,5,400Gbps,1ns
581,7,1992,5,400Gbps,1ns
582,0,1096,6,400Gbps,1ns
582,1,1224,6,400Gbps,1ns
582,2,1352,6,400Gbps,1ns
582,3,1480,6,400Gbps,1ns
582,4,1608,6,400Gbps,1ns
582,5,1736,6,400Gbps,1ns
582,6,1864,6,400Gbps,1ns
582,7,1992,6,400Gbps,1ns
583,0,1096,7,400Gbps,1ns
583,1,1224,7,400Gbps,1ns
583,2,1352,7,400Gbps,1ns
583,3,1480,7,400Gbps,1ns
583,4,1608,7,400Gbps,1ns
583,5,1736,7,400Gbps,1ns
583,6,1864,7,400Gbps,1ns
583,7,1992,7,400Gbps,1ns
584,0,1097,0,400Gbps,1ns
584,1,1225,0,400Gbps,1ns
584,2,1353,0,400Gbps,1ns
584,3,1481,0,400Gbps,1ns
584,4,1609,0,400Gbps,1ns
584,5,1737,0,400Gbps,1ns
584,6,1865,0,400Gbps,1ns
584,7,1993,0,400Gbps,1ns
585,0,1097,1,400Gbps,1ns
585,1,1225,1,400Gbps,1ns
585,2,1353,1,400Gbps,1ns
585,3,1481,1,400Gbps,1ns
585,4,1609,1,400Gbps,1ns
585,5,1737,1,400Gbps,1ns
585,6,1865,1,400Gbps,1ns
585,7,1993,1,400Gbps,1ns
586,0,1097,2,400Gbps,1ns
586,1,1225,2,400Gbps,1ns
586,2,1353,2,400Gbps,1ns
586,3,1481,2,400Gbps,1ns
586,4,1609,2,400Gbps,1ns
586,5,1737,2,400Gbps,1ns
586,6,1865,2,400Gbps,1ns
586,7,1993,2,400Gbps,1ns
587,0,1097,3,400Gbps,1ns
587,1,1225,3,400Gbps,1ns
587,2,1353,3,400Gbps,1ns
587,3,1481,3,400Gbps,1ns
587,4,1609,3,400Gbps,1ns
587,5,1737,3,400Gbps,1ns
587,6,1865,3,400Gbps,1ns
587,7,1993,3,400Gbps,1ns
588,0,1097,4,400Gbps,1ns
588,1,1225,4,400Gbps,1ns
588,2,1353,4,400Gbps,1ns
588,3,1481,4,400Gbps,1ns
588,4,1609,4,400Gbps,1ns
588,5,1737,4,400Gbps,1ns
588,6,1865,4,400Gbps,1ns
588,7,1993,4,400Gbps,1ns
589,0,1097,5,400Gbps,1ns
589,1,1225,5,400Gbps,1ns
589,2,1353,5,400Gbps,1ns
589,3,1481,5,400Gbps,1ns
589,4,1609,5,400Gbps,1ns
589,5,1737,5,400Gbps,1ns
589,6,1865,5,400Gbps,1ns
589,7,1993,5,400Gbps,1ns
590,0,1097,6,400Gbps,1ns
590,1,1225,6,400Gbps,1ns
590,2,1353,6,400Gbps,1ns
590,3,1481,6,400Gbps,1ns
590,4,1609,6,400Gbps,1ns
590,5,1737,6,400Gbps,1ns
590,6,1865,6,400Gbps,1ns
590,7,1993,6,400Gbps,1ns
591,0,1097,7,400Gbps,1ns
591,1,1225,7,400Gbps,1ns
591,2,1353,7,400Gbps,1ns
591,3,1481,7,400Gbps,1ns
591,4,1609,7,400Gbps,1ns
591,5,1737,7,400Gbps,1ns
591,6,1865,7,400Gbps,1ns
591,7,1993,7,400Gbps,1ns
592,0,1098,0,400Gbps,1ns
592,1,1226,0,400Gbps,1ns
592,2,1354,0,400Gbps,1ns
592,3,1482,0,400Gbps,1ns
592,4,1610,0,400Gbps,1ns
592,5,1738,0,400Gbps,1ns
592,6,1866,0,400Gbps,1ns
592,7,1994,0,400Gbps,1ns
593,0,1098,1,400Gbps,1ns
593,1,1226,1,400Gbps,1ns
593,2,1354,1,400Gbps,1ns
593,3,1482,1,400Gbps,1ns
593,4,1610,1,400Gbps,1ns
593,5,1738,1,400Gbps,1ns
593,6,1866,1,400Gbps,1ns
593,7,1994,1,400Gbps,1ns
594,0,1098,2,400Gbps,1ns
594,1,1226,2,400Gbps,1ns
594,2,1354,2,400Gbps,1ns
594,3,1482,2,400Gbps,1ns
594,4,1610,2,400Gbps,1ns
594,5,1738,2,400Gbps,1ns
594,6,1866,2,400Gbps,1ns
594,7,1994,2,400Gbps,1ns
595,0,1098,3,400Gbps,1ns
595,1,1226,3,400Gbps,1ns
595,2,1354,3,400Gbps,1ns
595,3,1482,3,400Gbps,1ns
595,4,1610,3,400Gbps,1ns
595,5,1738,3,400Gbps,1ns
595,6,1866,3,400Gbps,1ns
595,7,1994,3,400Gbps,1ns
596,0,1098,4,400Gbps,1ns
596,1,1226,4,400Gbps,1ns
596,2,1354,4,400Gbps,1ns
596,3,1482,4,400Gbps,1ns
596,4,1610,4,400Gbps,1ns
596,5,1738,4,400Gbps,1ns
596,6,1866,4,400Gbps,1ns
596,7,1994,4,400Gbps,1ns
597,0,1098,5,400Gbps,1ns
597,1,1226,5,400Gbps,1ns
597,2,1354,5,400Gbps,1ns
597,3,1482,5,400Gbps,1ns
597,4,1610,5,400Gbps,1ns
597,5,1738,5,400Gbps,1ns
597,6,1866,5,400Gbps,1ns
597,7,1994,5,400Gbps,1ns
598,0,1098,6,400Gbps,1ns
598,1,1226,6,400Gbps,1ns
598,2,1354,6,400Gbps,1ns
598,3,1482,6,400Gbps,1ns
598,4,1610,6,400Gbps,1ns
598,5,1738,6,400Gbps,1ns
598,6,1866,6,400Gbps,1ns
598,7,1994,6,400Gbps,1ns
599,0,1098,7,400Gbps,1ns
599,1,1226,7,400Gbps,1ns
599,2,1354,7,400Gbps,1ns
599,3,1482,7,400Gbps,1ns
599,4,1610,7,400Gbps,1ns
599,5,1738,7,400Gbps,1ns
599,6,1866,7,400Gbps,1ns
599,7,1994,7,400Gbps,1ns
600,0,1099,0,400Gbps,1ns
600,1,1227,0,400Gbps,1ns
600,2,1355,0,400Gbps,1ns
600,3,1483,0,400Gbps,1ns
600,4,1611,0,400Gbps,1ns
600,5,1739,0,400Gbps,1ns
600,6,1867,0,400Gbps,1ns
600,7,1995,0,400Gbps,1ns
601,0,1099,1,400Gbps,1ns
601,1,1227,1,400Gbps,1ns
601,2,1355,1,400Gbps,1ns
601,3,1483,1,400Gbps,1ns
601,4,1611,1,400Gbps,1ns
601,5,1739,1,400Gbps,1ns
601,6,1867,1,400Gbps,1ns
601,7,1995,1,400Gbps,1ns
602,0,1099,2,400Gbps,1ns
602,1,1227,2,400Gbps,1ns
602,2,1355,2,400Gbps,1ns
602,3,1483,2,400Gbps,1ns
602,4,1611,2,400Gbps,1ns
602,5,1739,2,400Gbps,1ns
602,6,1867,2,400Gbps,1ns
602,7,1995,2,400Gbps,1ns
603,0,1099,3,400Gbps,1ns
603,1,1227,3,400Gbps,1ns
603,2,1355,3,400Gbps,1ns
603,3,1483,3,400Gbps,1ns
603,4,1611,3,400Gbps,1ns
603,5,1739,3,400Gbps,1ns
603,6,1867,3,400Gbps,1ns
603,7,1995,3,400Gbps,1ns
604,0,1099,4,400Gbps,1ns
604,1,1227,4,400Gbps,1ns
604,2,1355,4,400Gbps,1ns
604,3,1483,4,400Gbps,1ns
604,4,1611,4,400Gbps,1ns
604,5,1739,4,400Gbps,1ns
604,6,1867,4,400Gbps,1ns
604,7,1995,4,400Gbps,1ns
605,0,1099,5,400Gbps,1ns
605,1,1227,5,400Gbps,1ns
605,2,1355,5,400Gbps,1ns
605,3,1483,5,400Gbps,1ns
605,4,1611,5,400Gbps,1ns
605,5,1739,5,400Gbps,1ns
605,6,1867,5,400Gbps,1ns
605,7,1995,5,400Gbps,1ns
606,0,1099,6,400Gbps,1ns
606,1,1227,6,400Gbps,1ns
606,2,1355,6,400Gbps,1ns
606,3,1483,6,400Gbps,1ns
606,4,1611,6,400Gbps,1ns
606,5,1739,6,400Gbps,1ns
606,6,1867,6,400Gbps,1ns
606,7,1995,6,400Gbps,1ns
607,0,1099,7,400Gbps,1ns
607,1,1227,7,400Gbps,1ns
607,2,1355,7,400Gbps,1ns
607,3,1483,7,400Gbps,1ns
607,4,1611,7,400Gbps,1ns
607,5,1739,7,400Gbps,1ns
607,6,1867,7,400Gbps,1ns
607,7,1995,7,400Gbps,1ns
608,0,1100,0,400Gbps,1ns
608,1,1228,0,400Gbps,1ns
608,2,1356,0,400Gbps,1ns
608,3,1484,0,400Gbps,1ns
608,4,1612,0,400Gbps,1ns
608,5,1740,0,400Gbps,1ns
608,6,1868,0,400Gbps,1ns
608,7,1996,0,400Gbps,1ns
609,0,1100,1,400Gbps,1ns
609,1,1228,1,400Gbps,1ns
609,2,1356,1,400Gbps,1ns
609,3,1484,1,400Gbps,1ns
609,4,1612,1,400Gbps,1ns
609,5,1740,1,400Gbps,1ns
609,6,1868,1,400Gbps,1ns
609,7,1996,1,400Gbps,1ns
610,0,1100,2,400Gbps,1ns
610,1,1228,2,400Gbps,1ns
610,2,1356,2,400Gbps,1ns
610,3,1484,2,400Gbps,1ns
610,4,1612,2,400Gbps,1ns
610,5,1740,2,400Gbps,1ns
610,6,1868,2,400Gbps,1ns
610,7,1996,2,400Gbps,1ns
611,0,1100,3,400Gbps,1ns
611,1,1228,3,400Gbps,1ns
611,2,1356,3,400Gbps,1ns
611,3,1484,3,400Gbps,1ns
611,4,1612,3,400Gbps,1ns
611,5,1740,3,400Gbps,1ns
611,6,1868,3,400Gbps,1ns
611,7,1996,3,400Gbps,1ns
612,0,1100,4,400Gbps,1ns
612,1,1228,4,400Gbps,1ns
612,2,1356,4,400Gbps,1ns
612,3,1484,4,400Gbps,1ns
612,4,1612,4,400Gbps,1ns
612,5,1740,4,400Gbps,1ns
612,6,1868,4,400Gbps,1ns
612,7,1996,4,400Gbps,1ns
613,0,1100,5,400Gbps,1ns
613,1,1228,5,400Gbps,1ns
613,2,1356,5,400Gbps,1ns
613,3,1484,5,400Gbps,1ns
613,4,1612,5,400Gbps,1ns
613,5,1740,5,400Gbps,1ns
613,6,1868,5,400Gbps,1ns
613,7,1996,5,400Gbps,1ns
614,0,1100,6,400Gbps,1ns
614,1,1228,6,400Gbps,1ns
614,2,1356,6,400Gbps,1ns
614,3,1484,6,400Gbps,1ns
614,4,1612,6,400Gbps,1ns
614,5,1740,6,400Gbps,1ns
614,6,1868,6,400Gbps,1ns
614,7,1996,6,400Gbps,1ns
615,0,1100,7,400Gbps,1ns
615,1,1228,7,400Gbps,1ns
615,2,1356,7,400Gbps,1ns
615,3,1484,7,400Gbps,1ns
615,4,1612,7,400Gbps,1ns
615,5,1740,7,400Gbps,1ns
615,6,1868,7,400Gbps,1ns
615,7,1996,7,400Gbps,1ns
616,0,1101,0,400Gbps,1ns
616,1,1229,0,400Gbps,1ns
616,2,1357,0,400Gbps,1ns
616,3,1485,0,400Gbps,1ns
616,4,1613,0,400Gbps,1ns
616,5,1741,0,400Gbps,1ns
616,6,1869,0,400Gbps,1ns
616,7,1997,0,400Gbps,1ns
617,0,1101,1,400Gbps,1ns
617,1,1229,1,400Gbps,1ns
617,2,1357,1,400Gbps,1ns
617,3,1485,1,400Gbps,1ns
617,4,1613,1,400Gbps,1ns
617,5,1741,1,400Gbps,1ns
617,6,1869,1,400Gbps,1ns
617,7,1997,1,400Gbps,1ns
618,0,1101,2,400Gbps,1ns
618,1,1229,2,400Gbps,1ns
618,2,1357,2,400Gbps,1ns
618,3,1485,2,400Gbps,1ns
618,4,1613,2,400Gbps,1ns
618,5,1741,2,400Gbps,1ns
618,6,1869,2,400Gbps,1ns
618,7,1997,2,400Gbps,1ns
619,0,1101,3,400Gbps,1ns
619,1,1229,3,400Gbps,1ns
619,2,1357,3,400Gbps,1ns
619,3,1485,3,400Gbps,1ns
619,4,1613,3,400Gbps,1ns
619,5,1741,3,400Gbps,1ns
619,6,1869,3,400Gbps,1ns
619,7,1997,3,400Gbps,1ns
620,0,1101,4,400Gbps,1ns
620,1,1229,4,400Gbps,1ns
620,2,1357,4,400Gbps,1ns
620,3,1485,4,400Gbps,1ns
620,4,1613,4,400Gbps,1ns
620,5,1741,4,400Gbps,1ns
620,6,1869,4,400Gbps,1ns
620,7,1997,4,400Gbps,1ns
621,0,1101,5,400Gbps,1ns
621,1,1229,5,400Gbps,1ns
621,2,1357,5,400Gbps,1ns
621,3,1485,5,400Gbps,1ns
621,4,1613,5,400Gbps,1ns
621,5,1741,5,400Gbps,1ns
621,6,1869,5,400Gbps,1ns
621,7,1997,5,400Gbps,1ns
622,0,1101,6,400Gbps,1ns
622,1,1229,6,400Gbps,1ns
622,2,1357,6,400Gbps,1ns
622,3,1485,6,400Gbps,1ns
622,4,1613,6,400Gbps,1ns
622,5,1741,6,400Gbps,1ns
622,6,1869,6,400Gbps,1ns
622,7,1997,6,400Gbps,1ns
623,0,1101,7,400Gbps,1ns
623,1,1229,7,400Gbps,1ns
623,2,1357,7,400Gbps,1ns
623,3,1485,7,400Gbps,1ns
623,4,1613,7,400Gbps,1ns
623,5,1741,7,400Gbps,1ns
623,6,1869,7,400Gbps,1ns
623,7,1997,7,400Gbps,1ns
624,0,1102,0,400Gbps,1ns
624,1,1230,0,400Gbps,1ns
624,2,1358,0,400Gbps,1ns
624,3,1486,0,400Gbps,1ns
624,4,1614,0,400Gbps,1ns
624,5,1742,0,400Gbps,1ns
624,6,1870,0,400Gbps,1ns
624,7,1998,0,400Gbps,1ns
625,0,1102,1,400Gbps,1ns
625,1,1230,1,400Gbps,1ns
625,2,1358,1,400Gbps,1ns
625,3,1486,1,400Gbps,1ns
625,4,1614,1,400Gbps,1ns
625,5,1742,1,400Gbps,1ns
625,6,1870,1,400Gbps,1ns
625,7,1998,1,400Gbps,1ns
626,0,1102,2,400Gbps,1ns
626,1,1230,2,400Gbps,1ns
626,2,1358,2,400Gbps,1ns
626,3,1486,2,400Gbps,1ns
626,4,1614,2,400Gbps,1ns
626,5,1742,2,400Gbps,1ns
626,6,1870,2,400Gbps,1ns
626,7,1998,2,400Gbps,1ns
627,0,1102,3,400Gbps,1ns
627,1,1230,3,400Gbps,1ns
627,2,1358,3,400Gbps,1ns
627,3,1486,3,400Gbps,1ns
627,4,1614,3,400Gbps,1ns
627,5,1742,3,400Gbps,1ns
627,6,1870,3,400Gbps,1ns
627,7,1998,3,400Gbps,1ns
628,0,1102,4,400Gbps,1ns
628,1,1230,4,400Gbps,1ns
628,2,1358,4,400Gbps,1ns
628,3,1486,4,400Gbps,1ns
628,4,1614,4,400Gbps,1ns
628,5,1742,4,400Gbps,1ns
628,6,1870,4,400Gbps,1ns
628,7,1998,4,400Gbps,1ns
629,0,1102,5,400Gbps,1ns
629,1,1230,5,400Gbps,1ns
629,2,1358,5,400Gbps,1ns
629,3,1486,5,400Gbps,1ns
629,4,1614,5,400Gbps,1ns
629,5,1742,5,400Gbps,1ns
629,6,1870,5,400Gbps,1ns
629,7,1998,5,400Gbps,1ns
630,0,1102,6,400Gbps,1ns
630,1,1230,6,400Gbps,1ns
630,2,1358,6,400Gbps,1ns
630,3,1486,6,400Gbps,1ns
630,4,1614,6,400Gbps,1ns
630,5,1742,6,400Gbps,1ns
630,6,1870,6,400Gbps,1ns
630,7,1998,6,400Gbps,1ns
631,0,1102,7,400Gbps,1ns
631,1,1230,7,400Gbps,1ns
631,2,1358,7,400Gbps,1ns
631,3,1486,7,400Gbps,1ns
631,4,1614,7,400Gbps,1ns
631,5,1742,7,400Gbps,1ns
631,6,1870,7,400Gbps,1ns
631,7,1998,7,400Gbps,1ns
632,0,1103,0,400Gbps,1ns
632,1,1231,0,400Gbps,1ns
632,2,1359,0,400Gbps,1ns
632,3,1487,0,400Gbps,1ns
632,4,1615,0,400Gbps,1ns
632,5,1743,0,400Gbps,1ns
632,6,1871,0,400Gbps,1ns
632,7,1999,0,400Gbps,1ns
633,0,1103,1,400Gbps,1ns
633,1,1231,1,400Gbps,1ns
633,2,1359,1,400Gbps,1ns
633,3,1487,1,400Gbps,1ns
633,4,1615,1,400Gbps,1ns
633,5,1743,1,400Gbps,1ns
633,6,1871,1,400Gbps,1ns
633,7,1999,1,400Gbps,1ns
634,0,1103,2,400Gbps,1ns
634,1,1231,2,400Gbps,1ns
634,2,1359,2,400Gbps,1ns
634,3,1487,2,400Gbps,1ns
634,4,1615,2,400Gbps,1ns
634,5,1743,2,400Gbps,1ns
634,6,1871,2,400Gbps,1ns
634,7,1999,2,400Gbps,1ns
635,0,1103,3,400Gbps,1ns
635,1,1231,3,400Gbps,1ns
635,2,1359,3,400Gbps,1ns
635,3,1487,3,400Gbps,1ns
635,4,1615,3,400Gbps,1ns
635,5,1743,3,400Gbps,1ns
635,6,1871,3,400Gbps,1ns
635,7,1999,3,400Gbps,1ns
636,0,1103,4,400Gbps,1ns
636,1,1231,4,400Gbps,1ns
636,2,1359,4,400Gbps,1ns
636,3,1487,4,400Gbps,1ns
636,4,1615,4,400Gbps,1ns
636,5,1743,4,400Gbps,1ns
636,6,1871,4,400Gbps,1ns
636,7,1999,4,400Gbps,1ns
637,0,1103,5,400Gbps,1ns
637,1,1231,5,400Gbps,1ns
637,2,1359,5,400Gbps,1ns
637,3,1487,5,400Gbps,1ns
637,4,1615,5,400Gbps,1ns
637,5,1743,5,400Gbps,1ns
637,6,1871,5,400Gbps,1ns
637,7,1999,5,400Gbps,1ns
638,0,1103,6,400Gbps,1ns
638,1,1231,6,400Gbps,1ns
638,2,1359,6,400Gbps,1ns
638,3,1487,6,400Gbps,1ns
638,4,1615,6,400Gbps,1ns
638,5,1743,6,400Gbps,1ns
638,6,1871,6,400Gbps,1ns
638,7,1999,6,400Gbps,1ns
639,0,1103,7,400Gbps,1ns
639,1,1231,7,400Gbps,1ns
639,2,1359,7,400Gbps,1ns
639,3,1487,7,400Gbps,1ns
639,4,1615,7,400Gbps,1ns
639,5,1743,7,400Gbps,1ns
639,6,1871,7,400Gbps,1ns
639,7,1999,7,400Gbps,1ns
640,0,1104,0,400Gbps,1ns
640,1,1232,0,400Gbps,1ns
640,2,1360,0,400Gbps,1ns
640,3,1488,0,400Gbps,1ns
640,4,1616,0,400Gbps,1ns
640,5,1744,0,400Gbps,1ns
640,6,1872,0,400Gbps,1ns
640,7,2000,0,400Gbps,1ns
641,0,1104,1,400Gbps,1ns
641,1,1232,1,400Gbps,1ns
641,2,1360,1,400Gbps,1ns
641,3,1488,1,400Gbps,1ns
641,4,1616,1,400Gbps,1ns
641,5,1744,1,400Gbps,1ns
641,6,1872,1,400Gbps,1ns
641,7,2000,1,400Gbps,1ns
642,0,1104,2,400Gbps,1ns
642,1,1232,2,400Gbps,1ns
642,2,1360,2,400Gbps,1ns
642,3,1488,2,400Gbps,1ns
642,4,1616,2,400Gbps,1ns
642,5,1744,2,400Gbps,1ns
642,6,1872,2,400Gbps,1ns
642,7,2000,2,400Gbps,1ns
643,0,1104,3,400Gbps,1ns
643,1,1232,3,400Gbps,1ns
643,2,1360,3,400Gbps,1ns
643,3,1488,3,400Gbps,1ns
643,4,1616,3,400Gbps,1ns
643,5,1744,3,400Gbps,1ns
643,6,1872,3,400Gbps,1ns
643,7,2000,3,400Gbps,1ns
644,0,1104,4,400Gbps,1ns
644,1,1232,4,400Gbps,1ns
644,2,1360,4,400Gbps,1ns
644,3,1488,4,400Gbps,1ns
644,4,1616,4,400Gbps,1ns
644,5,1744,4,400Gbps,1ns
644,6,1872,4,400Gbps,1ns
644,7,2000,4,400Gbps,1ns
645,0,1104,5,400Gbps,1ns
645,1,1232,5,400Gbps,1ns
645,2,1360,5,400Gbps,1ns
645,3,1488,5,400Gbps,1ns
645,4,1616,5,400Gbps,1ns
645,5,1744,5,400Gbps,1ns
645,6,1872,5,400Gbps,1ns
645,7,2000,5,400Gbps,1ns
646,0,1104,6,400Gbps,1ns
646,1,1232,6,400Gbps,1ns
646,2,1360,6,400Gbps,1ns
646,3,1488,6,400Gbps,1ns
646,4,1616,6,400Gbps,1ns
646,5,1744,6,400Gbps,1ns
646,6,1872,6,400Gbps,1ns
646,7,2000,6,400Gbps,1ns
647,0,1104,7,400Gbps,1ns
647,1,1232,7,400Gbps,1ns
647,2,1360,7,400Gbps,1ns
647,3,1488,7,400Gbps,1ns
647,4,1616,7,400Gbps,1ns
647,5,1744,7,400Gbps,1ns
647,6,1872,7,400Gbps,1ns
647,7,2000,7,400Gbps,1ns
648,0,1105,0,400Gbps,1ns
648,1,1233,0,400Gbps,1ns
648,2,1361,0,400Gbps,1ns
648,3,1489,0,400Gbps,1ns
648,4,1617,0,400Gbps,1ns
648,5,1745,0,400Gbps,1ns
648,6,1873,0,400Gbps,1ns
648,7,2001,0,400Gbps,1ns
649,0,1105,1,400Gbps,1ns
649,1,1233,1,400Gbps,1ns
649,2,1361,1,400Gbps,1ns
649,3,1489,1,400Gbps,1ns
649,4,1617,1,400Gbps,1ns
649,5,1745,1,400Gbps,1ns
649,6,1873,1,400Gbps,1ns
649,7,2001,1,400Gbps,1ns
650,0,1105,2,400Gbps,1ns
650,1,1233,2,400Gbps,1ns
650,2,1361,2,400Gbps,1ns
650,3,1489,2,400Gbps,1ns
650,4,1617,2,400Gbps,1ns
650,5,1745,2,400Gbps,1ns
650,6,1873,2,400Gbps,1ns
650,7,2001,2,400Gbps,1ns
651,0,1105,3,400Gbps,1ns
651,1,1233,3,400Gbps,1ns
651,2,1361,3,400Gbps,1ns
651,3,1489,3,400Gbps,1ns
651,4,1617,3,400Gbps,1ns
651,5,1745,3,400Gbps,1ns
651,6,1873,3,400Gbps,1ns
651,7,2001,3,400Gbps,1ns
652,0,1105,4,400Gbps,1ns
652,1,1233,4,400Gbps,1ns
652,2,1361,4,400Gbps,1ns
652,3,1489,4,400Gbps,1ns
652,4,1617,4,400Gbps,1ns
652,5,1745,4,400Gbps,1ns
652,6,1873,4,400Gbps,1ns
652,7,2001,4,400Gbps,1ns
653,0,1105,5,400Gbps,1ns
653,1,1233,5,400Gbps,1ns
653,2,1361,5,400Gbps,1ns
653,3,1489,5,400Gbps,1ns
653,4,1617,5,400Gbps,1ns
653,5,1745,5,400Gbps,1ns
653,6,1873,5,400Gbps,1ns
653,7,2001,5,400Gbps,1ns
654,0,1105,6,400Gbps,1ns
654,1,1233,6,400Gbps,1ns
654,2,1361,6,400Gbps,1ns
654,3,1489,6,400Gbps,1ns
654,4,1617,6,400Gbps,1ns
654,5,1745,6,400Gbps,1ns
654,6,1873,6,400Gbps,1ns
654,7,2001,6,400Gbps,1ns
655,0,1105,7,400Gbps,1ns
655,1,1233,7,400Gbps,1ns
655,2,1361,7,400Gbps,1ns
655,3,1489,7,400Gbps,1ns
655,4,1617,7,400Gbps,1ns
655,5,1745,7,400Gbps,1ns
655,6,1873,7,400Gbps,1ns
655,7,2001,7,400Gbps,1ns
656,0,1106,0,400Gbps,1ns
656,1,1234,0,400Gbps,1ns
656,2,1362,0,400Gbps,1ns
656,3,1490,0,400Gbps,1ns
656,4,1618,0,400Gbps,1ns
656,5,1746,0,400Gbps,1ns
656,6,1874,0,400Gbps,1ns
656,7,2002,0,400Gbps,1ns
657,0,1106,1,400Gbps,1ns
657,1,1234,1,400Gbps,1ns
657,2,1362,1,400Gbps,1ns
657,3,1490,1,400Gbps,1ns
657,4,1618,1,400Gbps,1ns
657,5,1746,1,400Gbps,1ns
657,6,1874,1,400Gbps,1ns
657,7,2002,1,400Gbps,1ns
658,0,1106,2,400Gbps,1ns
658,1,1234,2,400Gbps,1ns
658,2,1362,2,400Gbps,1ns
658,3,1490,2,400Gbps,1ns
658,4,1618,2,400Gbps,1ns
658,5,1746,2,400Gbps,1ns
658,6,1874,2,400Gbps,1ns
658,7,2002,2,400Gbps,1ns
659,0,1106,3,400Gbps,1ns
659,1,1234,3,400Gbps,1ns
659,2,1362,3,400Gbps,1ns
659,3,1490,3,400Gbps,1ns
659,4,1618,3,400Gbps,1ns
659,5,1746,3,400Gbps,1ns
659,6,1874,3,400Gbps,1ns
659,7,2002,3,400Gbps,1ns
660,0,1106,4,400Gbps,1ns
660,1,1234,4,400Gbps,1ns
660,2,1362,4,400Gbps,1ns
660,3,1490,4,400Gbps,1ns
660,4,1618,4,400Gbps,1ns
660,5,1746,4,400Gbps,1ns
660,6,1874,4,400Gbps,1ns
660,7,2002,4,400Gbps,1ns
661,0,1106,5,400Gbps,1ns
661,1,1234,5,400Gbps,1ns
661,2,1362,5,400Gbps,1ns
661,3,1490,5,400Gbps,1ns
661,4,1618,5,400Gbps,1ns
661,5,1746,5,400Gbps,1ns
661,6,1874,5,400Gbps,1ns
661,7,2002,5,400Gbps,1ns
662,0,1106,6,400Gbps,1ns
662,1,1234,6,400Gbps,1ns
662,2,1362,6,400Gbps,1ns
662,3,1490,6,400Gbps,1ns
662,4,1618,6,400Gbps,1ns
662,5,1746,6,400Gbps,1ns
662,6,1874,6,400Gbps,1ns
662,7,2002,6,400Gbps,1ns
663,0,1106,7,400Gbps,1ns
663,1,1234,7,400Gbps,1ns
663,2,1362,7,400Gbps,1ns
663,3,1490,7,400Gbps,1ns
663,4,1618,7,400Gbps,1ns
663,5,1746,7,400Gbps,1ns
663,6,1874,7,400Gbps,1ns
663,7,2002,7,400Gbps,1ns
664,0,1107,0,400Gbps,1ns
664,1,1235,0,400Gbps,1ns
664,2,1363,0,400Gbps,1ns
664,3,1491,0,400Gbps,1ns
664,4,1619,0,400Gbps,1ns
664,5,1747,0,400Gbps,1ns
664,6,1875,0,400Gbps,1ns
664,7,2003,0,400Gbps,1ns
665,0,1107,1,400Gbps,1ns
665,1,1235,1,400Gbps,1ns
665,2,1363,1,400Gbps,1ns
665,3,1491,1,400Gbps,1ns
665,4,1619,1,400Gbps,1ns
665,5,1747,1,400Gbps,1ns
665,6,1875,1,400Gbps,1ns
665,7,2003,1,400Gbps,1ns
666,0,1107,2,400Gbps,1ns
666,1,1235,2,400Gbps,1ns
666,2,1363,2,400Gbps,1ns
666,3,1491,2,400Gbps,1ns
666,4,1619,2,400Gbps,1ns
666,5,1747,2,400Gbps,1ns
666,6,1875,2,400Gbps,1ns
666,7,2003,2,400Gbps,1ns
667,0,1107,3,400Gbps,1ns
667,1,1235,3,400Gbps,1ns
667,2,1363,3,400Gbps,1ns
667,3,1491,3,400Gbps,1ns
667,4,1619,3,400Gbps,1ns
667,5,1747,3,400Gbps,1ns
667,6,1875,3,400Gbps,1ns
667,7,2003,3,400Gbps,1ns
668,0,1107,4,400Gbps,1ns
668,1,1235,4,400Gbps,1ns
668,2,1363,4,400Gbps,1ns
668,3,1491,4,400Gbps,1ns
668,4,1619,4,400Gbps,1ns
668,5,1747,4,400Gbps,1ns
668,6,1875,4,400Gbps,1ns
668,7,2003,4,400Gbps,1ns
669,0,1107,5,400Gbps,1ns
669,1,1235,5,400Gbps,1ns
669,2,1363,5,400Gbps,1ns
669,3,1491,5,400Gbps,1ns
669,4,1619,5,400Gbps,1ns
669,5,1747,5,400Gbps,1ns
669,6,1875,5,400Gbps,1ns
669,7,2003,5,400Gbps,1ns
670,0,1107,6,400Gbps,1ns
670,1,1235,6,400Gbps,1ns
670,2,1363,6,400Gbps,1ns
670,3,1491,6,400Gbps,1ns
670,4,1619,6,400Gbps,1ns
670,5,1747,6,400Gbps,1ns
670,6,1875,6,400Gbps,1ns
670,7,2003,6,400Gbps,1ns
671,0,1107,7,400Gbps,1ns
671,1,1235,7,400Gbps,1ns
671,2,1363,7,400Gbps,1ns
671,3,1491,7,400Gbps,1ns
671,4,1619,7,400Gbps,1ns
671,5,1747,7,400Gbps,1ns
671,6,1875,7,400Gbps,1ns
671,7,2003,7,400Gbps,1ns
672,0,1108,0,400Gbps,1ns
672,1,1236,0,400Gbps,1ns
672,2,1364,0,400Gbps,1ns
672,3,1492,0,400Gbps,1ns
672,4,1620,0,400Gbps,1ns
672,5,1748,0,400Gbps,1ns
672,6,1876,0,400Gbps,1ns
672,7,2004,0,400Gbps,1ns
673,0,1108,1,400Gbps,1ns
673,1,1236,1,400Gbps,1ns
673,2,1364,1,400Gbps,1ns
673,3,1492,1,400Gbps,1ns
673,4,1620,1,400Gbps,1ns
673,5,1748,1,400Gbps,1ns
673,6,1876,1,400Gbps,1ns
673,7,2004,1,400Gbps,1ns
674,0,1108,2,400Gbps,1ns
674,1,1236,2,400Gbps,1ns
674,2,1364,2,400Gbps,1ns
674,3,1492,2,400Gbps,1ns
674,4,1620,2,400Gbps,1ns
674,5,1748,2,400Gbps,1ns
674,6,1876,2,400Gbps,1ns
674,7,2004,2,400Gbps,1ns
675,0,1108,3,400Gbps,1ns
675,1,1236,3,400Gbps,1ns
675,2,1364,3,400Gbps,1ns
675,3,1492,3,400Gbps,1ns
675,4,1620,3,400Gbps,1ns
675,5,1748,3,400Gbps,1ns
675,6,1876,3,400Gbps,1ns
675,7,2004,3,400Gbps,1ns
676,0,1108,4,400Gbps,1ns
676,1,1236,4,400Gbps,1ns
676,2,1364,4,400Gbps,1ns
676,3,1492,4,400Gbps,1ns
676,4,1620,4,400Gbps,1ns
676,5,1748,4,400Gbps,1ns
676,6,1876,4,400Gbps,1ns
676,7,2004,4,400Gbps,1ns
677,0,1108,5,400Gbps,1ns
677,1,1236,5,400Gbps,1ns
677,2,1364,5,400Gbps,1ns
677,3,1492,5,400Gbps,1ns
677,4,1620,5,400Gbps,1ns
677,5,1748,5,400Gbps,1ns
677,6,1876,5,400Gbps,1ns
677,7,2004,5,400Gbps,1ns
678,0,1108,6,400Gbps,1ns
678,1,1236,6,400Gbps,1ns
678,2,1364,6,400Gbps,1ns
678,3,1492,6,400Gbps,1ns
678,4,1620,6,400Gbps,1ns
678,5,1748,6,400Gbps,1ns
678,6,1876,6,400Gbps,1ns
678,7,2004,6,400Gbps,1ns
679,0,1108,7,400Gbps,1ns
679,1,1236,7,400Gbps,1ns
679,2,1364,7,400Gbps,1ns
679,3,1492,7,400Gbps,1ns
679,4,1620,7,400Gbps,1ns
679,5,1748,7,400Gbps,1ns
679,6,1876,7,400Gbps,1ns
679,7,2004,7,400Gbps,1ns
680,0,1109,0,400Gbps,1ns
680,1,1237,0,400Gbps,1ns
680,2,1365,0,400Gbps,1ns
680,3,1493,0,400Gbps,1ns
680,4,1621,0,400Gbps,1ns
680,5,1749,0,400Gbps,1ns
680,6,1877,0,400Gbps,1ns
680,7,2005,0,400Gbps,1ns
681,0,1109,1,400Gbps,1ns
681,1,1237,1,400Gbps,1ns
681,2,1365,1,400Gbps,1ns
681,3,1493,1,400Gbps,1ns
681,4,1621,1,400Gbps,1ns
681,5,1749,1,400Gbps,1ns
681,6,1877,1,400Gbps,1ns
681,7,2005,1,400Gbps,1ns
682,0,1109,2,400Gbps,1ns
682,1,1237,2,400Gbps,1ns
682,2,1365,2,400Gbps,1ns
682,3,1493,2,400Gbps,1ns
682,4,1621,2,400Gbps,1ns
682,5,1749,2,400Gbps,1ns
682,6,1877,2,400Gbps,1ns
682,7,2005,2,400Gbps,1ns
683,0,1109,3,400Gbps,1ns
683,1,1237,3,400Gbps,1ns
683,2,1365,3,400Gbps,1ns
683,3,1493,3,400Gbps,1ns
683,4,1621,3,400Gbps,1ns
683,5,1749,3,400Gbps,1ns
683,6,1877,3,400Gbps,1ns
683,7,2005,3,400Gbps,1ns
684,0,1109,4,400Gbps,1ns
684,1,1237,4,400Gbps,1ns
684,2,1365,4,400Gbps,1ns
684,3,1493,4,400Gbps,1ns
684,4,1621,4,400Gbps,1ns
684,5,1749,4,400Gbps,1ns
684,6,1877,4,400Gbps,1ns
684,7,2005,4,400Gbps,1ns
685,0,1109,5,400Gbps,1ns
685,1,1237,5,400Gbps,1ns
685,2,1365,5,400Gbps,1ns
685,3,1493,5,400Gbps,1ns
685,4,1621,5,400Gbps,1ns
685,5,1749,5,400Gbps,1ns
685,6,1877,5,400Gbps,1ns
685,7,2005,5,400Gbps,1ns
686,0,1109,6,400Gbps,1ns
686,1,1237,6,400Gbps,1ns
686,2,1365,6,400Gbps,1ns
686,3,1493,6,400Gbps,1ns
686,4,1621,6,400Gbps,1ns
686,5,1749,6,400Gbps,1ns
686,6,1877,6,400Gbps,1ns
686,7,2005,6,400Gbps,1ns
687,0,1109,7,400Gbps,1ns
687,1,1237,7,400Gbps,1ns
687,2,1365,7,400Gbps,1ns
687,3,1493,7,400Gbps,1ns
687,4,1621,7,400Gbps,1ns
687,5,1749,7,400Gbps,1ns
687,6,1877,7,400Gbps,1ns
687,7,2005,7,400Gbps,1ns
688,0,1110,0,400Gbps,1ns
688,1,1238,0,400Gbps,1ns
688,2,1366,0,400Gbps,1ns
688,3,1494,0,400Gbps,1ns
688,4,1622,0,400Gbps,1ns
688,5,1750,0,400Gbps,1ns
688,6,1878,0,400Gbps,1ns
688,7,2006,0,400Gbps,1ns
689,0,1110,1,400Gbps,1ns
689,1,1238,1,400Gbps,1ns
689,2,1366,1,400Gbps,1ns
689,3,1494,1,400Gbps,1ns
689,4,1622,1,400Gbps,1ns
689,5,1750,1,400Gbps,1ns
689,6,1878,1,400Gbps,1ns
689,7,2006,1,400Gbps,1ns
690,0,1110,2,400Gbps,1ns
690,1,1238,2,400Gbps,1ns
690,2,1366,2,400Gbps,1ns
690,3,1494,2,400Gbps,1ns
690,4,1622,2,400Gbps,1ns
690,5,1750,2,400Gbps,1ns
690,6,1878,2,400Gbps,1ns
690,7,2006,2,400Gbps,1ns
691,0,1110,3,400Gbps,1ns
691,1,1238,3,400Gbps,1ns
691,2,1366,3,400Gbps,1ns
691,3,1494,3,400Gbps,1ns
691,4,1622,3,400Gbps,1ns
691,5,1750,3,400Gbps,1ns
691,6,1878,3,400Gbps,1ns
691,7,2006,3,400Gbps,1ns
692,0,1110,4,400Gbps,1ns
692,1,1238,4,400Gbps,1ns
692,2,1366,4,400Gbps,1ns
692,3,1494,4,400Gbps,1ns
692,4,1622,4,400Gbps,1ns
692,5,1750,4,400Gbps,1ns
692,6,1878,4,400Gbps,1ns
692,7,2006,4,400Gbps,1ns
693,0,1110,5,400Gbps,1ns
693,1,1238,5,400Gbps,1ns
693,2,1366,5,400Gbps,1ns
693,3,1494,5,400Gbps,1ns
693,4,1622,5,400Gbps,1ns
693,5,1750,5,400Gbps,1ns
693,6,1878,5,400Gbps,1ns
693,7,2006,5,400Gbps,1ns
694,0,1110,6,400Gbps,1ns
694,1,1238,6,400Gbps,1ns
694,2,1366,6,400Gbps,1ns
694,3,1494,6,400Gbps,1ns
694,4,1622,6,400Gbps,1ns
694,5,1750,6,400Gbps,1ns
694,6,1878,6,400Gbps,1ns
694,7,2006,6,400Gbps,1ns
695,0,1110,7,400Gbps,1ns
695,1,1238,7,400Gbps,1ns
695,2,1366,7,400Gbps,1ns
695,3,1494,7,400Gbps,1ns
695,4,1622,7,400Gbps,1ns
695,5,1750,7,400Gbps,1ns
695,6,1878,7,400Gbps,1ns
695,7,2006,7,400Gbps,1ns
696,0,1111,0,400Gbps,1ns
696,1,1239,0,400Gbps,1ns
696,2,1367,0,400Gbps,1ns
696,3,1495,0,400Gbps,1ns
696,4,1623,0,400Gbps,1ns
696,5,1751,0,400Gbps,1ns
696,6,1879,0,400Gbps,1ns
696,7,2007,0,400Gbps,1ns
697,0,1111,1,400Gbps,1ns
697,1,1239,1,400Gbps,1ns
697,2,1367,1,400Gbps,1ns
697,3,1495,1,400Gbps,1ns
697,4,1623,1,400Gbps,1ns
697,5,1751,1,400Gbps,1ns
697,6,1879,1,400Gbps,1ns
697,7,2007,1,400Gbps,1ns
698,0,1111,2,400Gbps,1ns
698,1,1239,2,400Gbps,1ns
698,2,1367,2,400Gbps,1ns
698,3,1495,2,400Gbps,1ns
698,4,1623,2,400Gbps,1ns
698,5,1751,2,400Gbps,1ns
698,6,1879,2,400Gbps,1ns
698,7,2007,2,400Gbps,1ns
699,0,1111,3,400Gbps,1ns
699,1,1239,3,400Gbps,1ns
699,2,1367,3,400Gbps,1ns
699,3,1495,3,400Gbps,1ns
699,4,1623,3,400Gbps,1ns
699,5,1751,3,400Gbps,1ns
699,6,1879,3,400Gbps,1ns
699,7,2007,3,400Gbps,1ns
700,0,1111,4,400Gbps,1ns
700,1,1239,4,400Gbps,1ns
700,2,1367,4,400Gbps,1ns
700,3,1495,4,400Gbps,1ns
700,4,1623,4,400Gbps,1ns
700,5,1751,4,400Gbps,1ns
700,6,1879,4,400Gbps,1ns
700,7,2007,4,400Gbps,1ns
701,0,1111,5,400Gbps,1ns
701,1,1239,5,400Gbps,1ns
701,2,1367,5,400Gbps,1ns
701,3,1495,5,400Gbps,1ns
701,4,1623,5,400Gbps,1ns
701,5,1751,5,400Gbps,1ns
701,6,1879,5,400Gbps,1ns
701,7,2007,5,400Gbps,1ns
702,0,1111,6,400Gbps,1ns
702,1,1239,6,400Gbps,1ns
702,2,1367,6,400Gbps,1ns
702,3,1495,6,400Gbps,1ns
702,4,1623,6,400Gbps,1ns
702,5,1751,6,400Gbps,1ns
702,6,1879,6,400Gbps,1ns
702,7,2007,6,400Gbps,1ns
703,0,1111,7,400Gbps,1ns
703,1,1239,7,400Gbps,1ns
703,2,1367,7,400Gbps,1ns
703,3,1495,7,400Gbps,1ns
703,4,1623,7,400Gbps,1ns
703,5,1751,7,400Gbps,1ns
703,6,1879,7,400Gbps,1ns
703,7,2007,7,400Gbps,1ns
704,0,1112,0,400Gbps,1ns
704,1,1240,0,400Gbps,1ns
704,2,1368,0,400Gbps,1ns
704,3,1496,0,400Gbps,1ns
704,4,1624,0,400Gbps,1ns
704,5,1752,0,400Gbps,1ns
704,6,1880,0,400Gbps,1ns
704,7,2008,0,400Gbps,1ns
705,0,1112,1,400Gbps,1ns
705,1,1240,1,400Gbps,1ns
705,2,1368,1,400Gbps,1ns
705,3,1496,1,400Gbps,1ns
705,4,1624,1,400Gbps,1ns
705,5,1752,1,400Gbps,1ns
705,6,1880,1,400Gbps,1ns
705,7,2008,1,400Gbps,1ns
706,0,1112,2,400Gbps,1ns
706,1,1240,2,400Gbps,1ns
706,2,1368,2,400Gbps,1ns
706,3,1496,2,400Gbps,1ns
706,4,1624,2,400Gbps,1ns
706,5,1752,2,400Gbps,1ns
706,6,1880,2,400Gbps,1ns
706,7,2008,2,400Gbps,1ns
707,0,1112,3,400Gbps,1ns
707,1,1240,3,400Gbps,1ns
707,2,1368,3,400Gbps,1ns
707,3,1496,3,400Gbps,1ns
707,4,1624,3,400Gbps,1ns
707,5,1752,3,400Gbps,1ns
707,6,1880,3,400Gbps,1ns
707,7,2008,3,400Gbps,1ns
708,0,1112,4,400Gbps,1ns
708,1,1240,4,400Gbps,1ns
708,2,1368,4,400Gbps,1ns
708,3,1496,4,400Gbps,1ns
708,4,1624,4,400Gbps,1ns
708,5,1752,4,400Gbps,1ns
708,6,1880,4,400Gbps,1ns
708,7,2008,4,400Gbps,1ns
709,0,1112,5,400Gbps,1ns
709,1,1240,5,400Gbps,1ns
709,2,1368,5,400Gbps,1ns
709,3,1496,5,400Gbps,1ns
709,4,1624,5,400Gbps,1ns
709,5,1752,5,400Gbps,1ns
709,6,1880,5,400Gbps,1ns
709,7,2008,5,400Gbps,1ns
710,0,1112,6,400Gbps,1ns
710,1,1240,6,400Gbps,1ns
710,2,1368,6,400Gbps,1ns
710,3,1496,6,400Gbps,1ns
710,4,1624,6,400Gbps,1ns
710,5,1752,6,400Gbps,1ns
710,6,1880,6,400Gbps,1ns
710,7,2008,6,400Gbps,1ns
711,0,1112,7,400Gbps,1ns
711,1,1240,7,400Gbps,1ns
711,2,1368,7,400Gbps,1ns
711,3,1496,7,400Gbps,1ns
711,4,1624,7,400Gbps,1ns
711,5,1752,7,400Gbps,1ns
711,6,1880,7,400Gbps,1ns
711,7,2008,7,400Gbps,1ns
712,0,1113,0,400Gbps,1ns
712,1,1241,0,400Gbps,1ns
712,2,1369,0,400Gbps,1ns
712,3,1497,0,400Gbps,1ns
712,4,1625,0,400Gbps,1ns
712,5,1753,0,400Gbps,1ns
712,6,1881,0,400Gbps,1ns
712,7,2009,0,400Gbps,1ns
713,0,1113,1,400Gbps,1ns
713,1,1241,1,400Gbps,1ns
713,2,1369,1,400Gbps,1ns
713,3,1497,1,400Gbps,1ns
713,4,1625,1,400Gbps,1ns
713,5,1753,1,400Gbps,1ns
713,6,1881,1,400Gbps,1ns
713,7,2009,1,400Gbps,1ns
714,0,1113,2,400Gbps,1ns
714,1,1241,2,400Gbps,1ns
714,2,1369,2,400Gbps,1ns
714,3,1497,2,400Gbps,1ns
714,4,1625,2,400Gbps,1ns
714,5,1753,2,400Gbps,1ns
714,6,1881,2,400Gbps,1ns
714,7,2009,2,400Gbps,1ns
715,0,1113,3,400Gbps,1ns
715,1,1241,3,400Gbps,1ns
715,2,1369,3,400Gbps,1ns
715,3,1497,3,400Gbps,1ns
715,4,1625,3,400Gbps,1ns
715,5,1753,3,400Gbps,1ns
715,6,1881,3,400Gbps,1ns
715,7,2009,3,400Gbps,1ns
716,0,1113,4,400Gbps,1ns
716,1,1241,4,400Gbps,1ns
716,2,1369,4,400Gbps,1ns
716,3,1497,4,400Gbps,1ns
716,4,1625,4,400Gbps,1ns
716,5,1753,4,400Gbps,1ns
716,6,1881,4,400Gbps,1ns
716,7,2009,4,400Gbps,1ns
717,0,1113,5,400Gbps,1ns
717,1,1241,5,400Gbps,1ns
717,2,1369,5,400Gbps,1ns
717,3,1497,5,400Gbps,1ns
717,4,1625,5,400Gbps,1ns
717,5,1753,5,400Gbps,1ns
717,6,1881,5,400Gbps,1ns
717,7,2009,5,400Gbps,1ns
718,0,1113,6,400Gbps,1ns
718,1,1241,6,400Gbps,1ns
718,2,1369,6,400Gbps,1ns
718,3,1497,6,400Gbps,1ns
718,4,1625,6,400Gbps,1ns
718,5,1753,6,400Gbps,1ns
718,6,1881,6,400Gbps,1ns
718,7,2009,6,400Gbps,1ns
719,0,1113,7,400Gbps,1ns
719,1,1241,7,400Gbps,1ns
719,2,1369,7,400Gbps,1ns
719,3,1497,7,400Gbps,1ns
719,4,1625,7,400Gbps,1ns
719,5,1753,7,400Gbps,1ns
719,6,1881,7,400Gbps,1ns
719,7,2009,7,400Gbps,1ns
720,0,1114,0,400Gbps,1ns
720,1,1242,0,400Gbps,1ns
720,2,1370,0,400Gbps,1ns
720,3,1498,0,400Gbps,1ns
720,4,1626,0,400Gbps,1ns
720,5,1754,0,400Gbps,1ns
720,6,1882,0,400Gbps,1ns
720,7,2010,0,400Gbps,1ns
721,0,1114,1,400Gbps,1ns
721,1,1242,1,400Gbps,1ns
721,2,1370,1,400Gbps,1ns
721,3,1498,1,400Gbps,1ns
721,4,1626,1,400Gbps,1ns
721,5,1754,1,400Gbps,1ns
721,6,1882,1,400Gbps,1ns
721,7,2010,1,400Gbps,1ns
722,0,1114,2,400Gbps,1ns
722,1,1242,2,400Gbps,1ns
722,2,1370,2,400Gbps,1ns
722,3,1498,2,400Gbps,1ns
722,4,1626,2,400Gbps,1ns
722,5,1754,2,400Gbps,1ns
722,6,1882,2,400Gbps,1ns
722,7,2010,2,400Gbps,1ns
723,0,1114,3,400Gbps,1ns
723,1,1242,3,400Gbps,1ns
723,2,1370,3,400Gbps,1ns
723,3,1498,3,400Gbps,1ns
723,4,1626,3,400Gbps,1ns
723,5,1754,3,400Gbps,1ns
723,6,1882,3,400Gbps,1ns
723,7,2010,3,400Gbps,1ns
724,0,1114,4,400Gbps,1ns
724,1,1242,4,400Gbps,1ns
724,2,1370,4,400Gbps,1ns
724,3,1498,4,400Gbps,1ns
724,4,1626,4,400Gbps,1ns
724,5,1754,4,400Gbps,1ns
724,6,1882,4,400Gbps,1ns
724,7,2010,4,400Gbps,1ns
725,0,1114,5,400Gbps,1ns
725,1,1242,5,400Gbps,1ns
725,2,1370,5,400Gbps,1ns
725,3,1498,5,400Gbps,1ns
725,4,1626,5,400Gbps,1ns
725,5,1754,5,400Gbps,1ns
725,6,1882,5,400Gbps,1ns
725,7,2010,5,400Gbps,1ns
726,0,1114,6,400Gbps,1ns
726,1,1242,6,400Gbps,1ns
726,2,1370,6,400Gbps,1ns
726,3,1498,6,400Gbps,1ns
726,4,1626,6,400Gbps,1ns
726,5,1754,6,400Gbps,1ns
726,6,1882,6,400Gbps,1ns
726,7,2010,6,400Gbps,1ns
727,0,1114,7,400Gbps,1ns
727,1,1242,7,400Gbps,1ns
727,2,1370,7,400Gbps,1ns
727,3,1498,7,400Gbps,1ns
727,4,1626,7,400Gbps,1ns
727,5,1754,7,400Gbps,1ns
727,6,1882,7,400Gbps,1ns
727,7,2010,7,400Gbps,1ns
728,0,1115,0,400Gbps,1ns
728,1,1243,0,400Gbps,1ns
728,2,1371,0,400Gbps,1ns
728,3,1499,0,400Gbps,1ns
728,4,1627,0,400Gbps,1ns
728,5,1755,0,400Gbps,1ns
728,6,1883,0,400Gbps,1ns
728,7,2011,0,400Gbps,1ns
729,0,1115,1,400Gbps,1ns
729,1,1243,1,400Gbps,1ns
729,2,1371,1,400Gbps,1ns
729,3,1499,1,400Gbps,1ns
729,4,1627,1,400Gbps,1ns
729,5,1755,1,400Gbps,1ns
729,6,1883,1,400Gbps,1ns
729,7,2011,1,400Gbps,1ns
730,0,1115,2,400Gbps,1ns
730,1,1243,2,400Gbps,1ns
730,2,1371,2,400Gbps,1ns
730,3,1499,2,400Gbps,1ns
730,4,1627,2,400Gbps,1ns
730,5,1755,2,400Gbps,1ns
730,6,1883,2,400Gbps,1ns
730,7,2011,2,400Gbps,1ns
731,0,1115,3,400Gbps,1ns
731,1,1243,3,400Gbps,1ns
731,2,1371,3,400Gbps,1ns
731,3,1499,3,400Gbps,1ns
731,4,1627,3,400Gbps,1ns
731,5,1755,3,400Gbps,1ns
731,6,1883,3,400Gbps,1ns
731,7,2011,3,400Gbps,1ns
732,0,1115,4,400Gbps,1ns
732,1,1243,4,400Gbps,1ns
732,2,1371,4,400Gbps,1ns
732,3,1499,4,400Gbps,1ns
732,4,1627,4,400Gbps,1ns
732,5,1755,4,400Gbps,1ns
732,6,1883,4,400Gbps,1ns
732,7,2011,4,400Gbps,1ns
733,0,1115,5,400Gbps,1ns
733,1,1243,5,400Gbps,1ns
733,2,1371,5,400Gbps,1ns
733,3,1499,5,400Gbps,1ns
733,4,1627,5,400Gbps,1ns
733,5,1755,5,400Gbps,1ns
733,6,1883,5,400Gbps,1ns
733,7,2011,5,400Gbps,1ns
734,0,1115,6,400Gbps,1ns
734,1,1243,6,400Gbps,1ns
734,2,1371,6,400Gbps,1ns
734,3,1499,6,400Gbps,1ns
734,4,1627,6,400Gbps,1ns
734,5,1755,6,400Gbps,1ns
734,6,1883,6,400Gbps,1ns
734,7,2011,6,400Gbps,1ns
735,0,1115,7,400Gbps,1ns
735,1,1243,7,400Gbps,1ns
735,2,1371,7,400Gbps,1ns
735,3,1499,7,400Gbps,1ns
735,4,1627,7,400Gbps,1ns
735,5,1755,7,400Gbps,1ns
735,6,1883,7,400Gbps,1ns
735,7,2011,7,400Gbps,1ns
736,0,1116,0,400Gbps,1ns
736,1,1244,0,400Gbps,1ns
736,2,1372,0,400Gbps,1ns
736,3,1500,0,400Gbps,1ns
736,4,1628,0,400Gbps,1ns
736,5,1756,0,400Gbps,1ns
736,6,1884,0,400Gbps,1ns
736,7,2012,0,400Gbps,1ns
737,0,1116,1,400Gbps,1ns
737,1,1244,1,400Gbps,1ns
737,2,1372,1,400Gbps,1ns
737,3,1500,1,400Gbps,1ns
737,4,1628,1,400Gbps,1ns
737,5,1756,1,400Gbps,1ns
737,6,1884,1,400Gbps,1ns
737,7,2012,1,400Gbps,1ns
738,0,1116,2,400Gbps,1ns
738,1,1244,2,400Gbps,1ns
738,2,1372,2,400Gbps,1ns
738,3,1500,2,400Gbps,1ns
738,4,1628,2,400Gbps,1ns
738,5,1756,2,400Gbps,1ns
738,6,1884,2,400Gbps,1ns
738,7,2012,2,400Gbps,1ns
739,0,1116,3,400Gbps,1ns
739,1,1244,3,400Gbps,1ns
739,2,1372,3,400Gbps,1ns
739,3,1500,3,400Gbps,1ns
739,4,1628,3,400Gbps,1ns
739,5,1756,3,400Gbps,1ns
739,6,1884,3,400Gbps,1ns
739,7,2012,3,400Gbps,1ns
740,0,1116,4,400Gbps,1ns
740,1,1244,4,400Gbps,1ns
740,2,1372,4,400Gbps,1ns
740,3,1500,4,400Gbps,1ns
740,4,1628,4,400Gbps,1ns
740,5,1756,4,400Gbps,1ns
740,6,1884,4,400Gbps,1ns
740,7,2012,4,400Gbps,1ns
741,0,1116,5,400Gbps,1ns
741,1,1244,5,400Gbps,1ns
741,2,1372,5,400Gbps,1ns
741,3,1500,5,400Gbps,1ns
741,4,1628,5,400Gbps,1ns
741,5,1756,5,400Gbps,1ns
741,6,1884,5,400Gbps,1ns
741,7,2012,5,400Gbps,1ns
742,0,1116,6,400Gbps,1ns
742,1,1244,6,400Gbps,1ns
742,2,1372,6,400Gbps,1ns
742,3,1500,6,400Gbps,1ns
742,4,1628,6,400Gbps,1ns
742,5,1756,6,400Gbps,1ns
742,6,1884,6,400Gbps,1ns
742,7,2012,6,400Gbps,1ns
743,0,1116,7,400Gbps,1ns
743,1,1244,7,400Gbps,1ns
743,2,1372,7,400Gbps,1ns
743,3,1500,7,400Gbps,1ns
743,4,1628,7,400Gbps,1ns
743,5,1756,7,400Gbps,1ns
743,6,1884,7,400Gbps,1ns
743,7,2012,7,400Gbps,1ns
744,0,1117,0,400Gbps,1ns
744,1,1245,0,400Gbps,1ns
744,2,1373,0,400Gbps,1ns
744,3,1501,0,400Gbps,1ns
744,4,1629,0,400Gbps,1ns
744,5,1757,0,400Gbps,1ns
744,6,1885,0,400Gbps,1ns
744,7,2013,0,400Gbps,1ns
745,0,1117,1,400Gbps,1ns
745,1,1245,1,400Gbps,1ns
745,2,1373,1,400Gbps,1ns
745,3,1501,1,400Gbps,1ns
745,4,1629,1,400Gbps,1ns
745,5,1757,1,400Gbps,1ns
745,6,1885,1,400Gbps,1ns
745,7,2013,1,400Gbps,1ns
746,0,1117,2,400Gbps,1ns
746,1,1245,2,400Gbps,1ns
746,2,1373,2,400Gbps,1ns
746,3,1501,2,400Gbps,1ns
746,4,1629,2,400Gbps,1ns
746,5,1757,2,400Gbps,1ns
746,6,1885,2,400Gbps,1ns
746,7,2013,2,400Gbps,1ns
747,0,1117,3,400Gbps,1ns
747,1,1245,3,400Gbps,1ns
747,2,1373,3,400Gbps,1ns
747,3,1501,3,400Gbps,1ns
747,4,1629,3,400Gbps,1ns
747,5,1757,3,400Gbps,1ns
747,6,1885,3,400Gbps,1ns
747,7,2013,3,400Gbps,1ns
748,0,1117,4,400Gbps,1ns
748,1,1245,4,400Gbps,1ns
748,2,1373,4,400Gbps,1ns
748,3,1501,4,400Gbps,1ns
748,4,1629,4,400Gbps,1ns
748,5,1757,4,400Gbps,1ns
748,6,1885,4,400Gbps,1ns
748,7,2013,4,400Gbps,1ns
749,0,1117,5,400Gbps,1ns
749,1,1245,5,400Gbps,1ns
749,2,1373,5,400Gbps,1ns
749,3,1501,5,400Gbps,1ns
749,4,1629,5,400Gbps,1ns
749,5,1757,5,400Gbps,1ns
749,6,1885,5,400Gbps,1ns
749,7,2013,5,400Gbps,1ns
750,0,1117,6,400Gbps,1ns
750,1,1245,6,400Gbps,1ns
750,2,1373,6,400Gbps,1ns
750,3,1501,6,400Gbps,1ns
750,4,1629,6,400Gbps,1ns
750,5,1757,6,400Gbps,1ns
750,6,1885,6,400Gbps,1ns
750,7,2013,6,400Gbps,1ns
751,0,1117,7,400Gbps,1ns
751,1,1245,7,400Gbps,1ns
751,2,1373,7,400Gbps,1ns
751,3,1501,7,400Gbps,1ns
751,4,1629,7,400Gbps,1ns
751,5,1757,7,400Gbps,1ns
751,6,1885,7,400Gbps,1ns
751,7,2013,7,400Gbps,1ns
752,0,1118,0,400Gbps,1ns
752,1,1246,0,400Gbps,1ns
752,2,1374,0,400Gbps,1ns
752,3,1502,0,400Gbps,1ns
752,4,1630,0,400Gbps,1ns
752,5,1758,0,400Gbps,1ns
752,6,1886,0,400Gbps,1ns
752,7,2014,0,400Gbps,1ns
753,0,1118,1,400Gbps,1ns
753,1,1246,1,400Gbps,1ns
753,2,1374,1,400Gbps,1ns
753,3,1502,1,400Gbps,1ns
753,4,1630,1,400Gbps,1ns
753,5,1758,1,400Gbps,1ns
753,6,1886,1,400Gbps,1ns
753,7,2014,1,400Gbps,1ns
754,0,1118,2,400Gbps,1ns
754,1,1246,2,400Gbps,1ns
754,2,1374,2,400Gbps,1ns
754,3,1502,2,400Gbps,1ns
754,4,1630,2,400Gbps,1ns
754,5,1758,2,400Gbps,1ns
754,6,1886,2,400Gbps,1ns
754,7,2014,2,400Gbps,1ns
755,0,1118,3,400Gbps,1ns
755,1,1246,3,400Gbps,1ns
755,2,1374,3,400Gbps,1ns
755,3,1502,3,400Gbps,1ns
755,4,1630,3,400Gbps,1ns
755,5,1758,3,400Gbps,1ns
755,6,1886,3,400Gbps,1ns
755,7,2014,3,400Gbps,1ns
756,0,1118,4,400Gbps,1ns
756,1,1246,4,400Gbps,1ns
756,2,1374,4,400Gbps,1ns
756,3,1502,4,400Gbps,1ns
756,4,1630,4,400Gbps,1ns
756,5,1758,4,400Gbps,1ns
756,6,1886,4,400Gbps,1ns
756,7,2014,4,400Gbps,1ns
757,0,1118,5,400Gbps,1ns
757,1,1246,5,400Gbps,1ns
757,2,1374,5,400Gbps,1ns
757,3,1502,5,400Gbps,1ns
757,4,1630,5,400Gbps,1ns
757,5,1758,5,400Gbps,1ns
757,6,1886,5,400Gbps,1ns
757,7,2014,5,400Gbps,1ns
758,0,1118,6,400Gbps,1ns
758,1,1246,6,400Gbps,1ns
758,2,1374,6,400Gbps,1ns
758,3,1502,6,400Gbps,1ns
758,4,1630,6,400Gbps,1ns
758,5,1758,6,400Gbps,1ns
758,6,1886,6,400Gbps,1ns
758,7,2014,6,400Gbps,1ns
759,0,1118,7,400Gbps,1ns
759,1,1246,7,400Gbps,1ns
759,2,1374,7,400Gbps,1ns
759,3,1502,7,400Gbps,1ns
759,4,1630,7,400Gbps,1ns
759,5,1758,7,400Gbps,1ns
759,6,1886,7,400Gbps,1ns
759,7,2014,7,400Gbps,1ns
760,0,1119,0,400Gbps,1ns
760,1,1247,0,400Gbps,1ns
760,2,1375,0,400Gbps,1ns
760,3,1503,0,400Gbps,1ns
760,4,1631,0,400Gbps,1ns
760,5,1759,0,400Gbps,1ns
760,6,1887,0,400Gbps,1ns
760,7,2015,0,400Gbps,1ns
761,0,1119,1,400Gbps,1ns
761,1,1247,1,400Gbps,1ns
761,2,1375,1,400Gbps,1ns
761,3,1503,1,400Gbps,1ns
761,4,1631,1,400Gbps,1ns
761,5,1759,1,400Gbps,1ns
761,6,1887,1,400Gbps,1ns
761,7,2015,1,400Gbps,1ns
762,0,1119,2,400Gbps,1ns
762,1,1247,2,400Gbps,1ns
762,2,1375,2,400Gbps,1ns
762,3,1503,2,400Gbps,1ns
762,4,1631,2,400Gbps,1ns
762,5,1759,2,400Gbps,1ns
762,6,1887,2,400Gbps,1ns
762,7,2015,2,400Gbps,1ns
763,0,1119,3,400Gbps,1ns
763,1,1247,3,400Gbps,1ns
763,2,1375,3,400Gbps,1ns
763,3,1503,3,400Gbps,1ns
763,4,1631,3,400Gbps,1ns
763,5,1759,3,400Gbps,1ns
763,6,1887,3,400Gbps,1ns
763,7,2015,3,400Gbps,1ns
764,0,1119,4,400Gbps,1ns
764,1,1247,4,400Gbps,1ns
764,2,1375,4,400Gbps,1ns
764,3,1503,4,400Gbps,1ns
764,4,1631,4,400Gbps,1ns
764,5,1759,4,400Gbps,1ns
764,6,1887,4,400Gbps,1ns
764,7,2015,4,400Gbps,1ns
765,0,1119,5,400Gbps,1ns
765,1,1247,5,400Gbps,1ns
765,2,1375,5,400Gbps,1ns
765,3,1503,5,400Gbps,1ns
765,4,1631,5,400Gbps,1ns
765,5,1759,5,400Gbps,1ns
765,6,1887,5,400Gbps,1ns
765,7,2015,5,400Gbps,1ns
766,0,1119,6,400Gbps,1ns
766,1,1247,6,400Gbps,1ns
766,2,1375,6,400Gbps,1ns
766,3,1503,6,400Gbps,1ns
766,4,1631,6,400Gbps,1ns
766,5,1759,6,400Gbps,1ns
766,6,1887,6,400Gbps,1ns
766,7,2015,6,400Gbps,1ns
767,0,1119,7,400Gbps,1ns
767,1,1247,7,400Gbps,1ns
767,2,1375,7,400Gbps,1ns
767,3,1503,7,400Gbps,1ns
767,4,1631,7,400Gbps,1ns
767,5,1759,7,400Gbps,1ns
767,6,1887,7,400Gbps,1ns
767,7,2015,7,400Gbps,1ns
768,0,1120,0,400Gbps,1ns
768,1,1248,0,400Gbps,1ns
768,2,1376,0,400Gbps,1ns
768,3,1504,0,400Gbps,1ns
768,4,1632,0,400Gbps,1ns
768,5,1760,0,400Gbps,1ns
768,6,1888,0,400Gbps,1ns
768,7,2016,0,400Gbps,1ns
769,0,1120,1,400Gbps,1ns
769,1,1248,1,400Gbps,1ns
769,2,1376,1,400Gbps,1ns
769,3,1504,1,400Gbps,1ns
769,4,1632,1,400Gbps,1ns
769,5,1760,1,400Gbps,1ns
769,6,1888,1,400Gbps,1ns
769,7,2016,1,400Gbps,1ns
770,0,1120,2,400Gbps,1ns
770,1,1248,2,400Gbps,1ns
770,2,1376,2,400Gbps,1ns
770,3,1504,2,400Gbps,1ns
770,4,1632,2,400Gbps,1ns
770,5,1760,2,400Gbps,1ns
770,6,1888,2,400Gbps,1ns
770,7,2016,2,400Gbps,1ns
771,0,1120,3,400Gbps,1ns
771,1,1248,3,400Gbps,1ns
771,2,1376,3,400Gbps,1ns
771,3,1504,3,400Gbps,1ns
771,4,1632,3,400Gbps,1ns
771,5,1760,3,400Gbps,1ns
771,6,1888,3,400Gbps,1ns
771,7,2016,3,400Gbps,1ns
772,0,1120,4,400Gbps,1ns
772,1,1248,4,400Gbps,1ns
772,2,1376,4,400Gbps,1ns
772,3,1504,4,400Gbps,1ns
772,4,1632,4,400Gbps,1ns
772,5,1760,4,400Gbps,1ns
772,6,1888,4,400Gbps,1ns
772,7,2016,4,400Gbps,1ns
773,0,1120,5,400Gbps,1ns
773,1,1248,5,400Gbps,1ns
773,2,1376,5,400Gbps,1ns
773,3,1504,5,400Gbps,1ns
773,4,1632,5,400Gbps,1ns
773,5,1760,5,400Gbps,1ns
773,6,1888,5,400Gbps,1ns
773,7,2016,5,400Gbps,1ns
774,0,1120,6,400Gbps,1ns
774,1,1248,6,400Gbps,1ns
774,2,1376,6,400Gbps,1ns
774,3,1504,6,400Gbps,1ns
774,4,1632,6,400Gbps,1ns
774,5,1760,6,400Gbps,1ns
774,6,1888,6,400Gbps,1ns
774,7,2016,6,400Gbps,1ns
775,0,1120,7,400Gbps,1ns
775,1,1248,7,400Gbps,1ns
775,2,1376,7,400Gbps,1ns
775,3,1504,7,400Gbps,1ns
775,4,1632,7,400Gbps,1ns
775,5,1760,7,400Gbps,1ns
775,6,1888,7,400Gbps,1ns
775,7,2016,7,400Gbps,1ns
776,0,1121,0,400Gbps,1ns
776,1,1249,0,400Gbps,1ns
776,2,1377,0,400Gbps,1ns
776,3,1505,0,400Gbps,1ns
776,4,1633,0,400Gbps,1ns
776,5,1761,0,400Gbps,1ns
776,6,1889,0,400Gbps,1ns
776,7,2017,0,400Gbps,1ns
777,0,1121,1,400Gbps,1ns
777,1,1249,1,400Gbps,1ns
777,2,1377,1,400Gbps,1ns
777,3,1505,1,400Gbps,1ns
777,4,1633,1,400Gbps,1ns
777,5,1761,1,400Gbps,1ns
777,6,1889,1,400Gbps,1ns
777,7,2017,1,400Gbps,1ns
778,0,1121,2,400Gbps,1ns
778,1,1249,2,400Gbps,1ns
778,2,1377,2,400Gbps,1ns
778,3,1505,2,400Gbps,1ns
778,4,1633,2,400Gbps,1ns
778,5,1761,2,400Gbps,1ns
778,6,1889,2,400Gbps,1ns
778,7,2017,2,400Gbps,1ns
779,0,1121,3,400Gbps,1ns
779,1,1249,3,400Gbps,1ns
779,2,1377,3,400Gbps,1ns
779,3,1505,3,400Gbps,1ns
779,4,1633,3,400Gbps,1ns
779,5,1761,3,400Gbps,1ns
779,6,1889,3,400Gbps,1ns
779,7,2017,3,400Gbps,1ns
780,0,1121,4,400Gbps,1ns
780,1,1249,4,400Gbps,1ns
780,2,1377,4,400Gbps,1ns
780,3,1505,4,400Gbps,1ns
780,4,1633,4,400Gbps,1ns
780,5,1761,4,400Gbps,1ns
780,6,1889,4,400Gbps,1ns
780,7,2017,4,400Gbps,1ns
781,0,1121,5,400Gbps,1ns
781,1,1249,5,400Gbps,1ns
781,2,1377,5,400Gbps,1ns
781,3,1505,5,400Gbps,1ns
781,4,1633,5,400Gbps,1ns
781,5,1761,5,400Gbps,1ns
781,6,1889,5,400Gbps,1ns
781,7,2017,5,400Gbps,1ns
782,0,1121,6,400Gbps,1ns
782,1,1249,6,400Gbps,1ns
782,2,1377,6,400Gbps,1ns
782,3,1505,6,400Gbps,1ns
782,4,1633,6,400Gbps,1ns
782,5,1761,6,400Gbps,1ns
782,6,1889,6,400Gbps,1ns
782,7,2017,6,400Gbps,1ns
783,0,1121,7,400Gbps,1ns
783,1,1249,7,400Gbps,1ns
783,2,1377,7,400Gbps,1ns
783,3,1505,7,400Gbps,1ns
783,4,1633,7,400Gbps,1ns
783,5,1761,7,400Gbps,1ns
783,6,1889,7,400Gbps,1ns
783,7,2017,7,400Gbps,1ns
784,0,1122,0,400Gbps,1ns
784,1,1250,0,400Gbps,1ns
784,2,1378,0,400Gbps,1ns
784,3,1506,0,400Gbps,1ns
784,4,1634,0,400Gbps,1ns
784,5,1762,0,400Gbps,1ns
784,6,1890,0,400Gbps,1ns
784,7,2018,0,400Gbps,1ns
785,0,1122,1,400Gbps,1ns
785,1,1250,1,400Gbps,1ns
785,2,1378,1,400Gbps,1ns
785,3,1506,1,400Gbps,1ns
785,4,1634,1,400Gbps,1ns
785,5,1762,1,400Gbps,1ns
785,6,1890,1,400Gbps,1ns
785,7,2018,1,400Gbps,1ns
786,0,1122,2,400Gbps,1ns
786,1,1250,2,400Gbps,1ns
786,2,1378,2,400Gbps,1ns
786,3,1506,2,400Gbps,1ns
786,4,1634,2,400Gbps,1ns
786,5,1762,2,400Gbps,1ns
786,6,1890,2,400Gbps,1ns
786,7,2018,2,400Gbps,1ns
787,0,1122,3,400Gbps,1ns
787,1,1250,3,400Gbps,1ns
787,2,1378,3,400Gbps,1ns
787,3,1506,3,400Gbps,1ns
787,4,1634,3,400Gbps,1ns
787,5,1762,3,400Gbps,1ns
787,6,1890,3,400Gbps,1ns
787,7,2018,3,400Gbps,1ns
788,0,1122,4,400Gbps,1ns
788,1,1250,4,400Gbps,1ns
788,2,1378,4,400Gbps,1ns
788,3,1506,4,400Gbps,1ns
788,4,1634,4,400Gbps,1ns
788,5,1762,4,400Gbps,1ns
788,6,1890,4,400Gbps,1ns
788,7,2018,4,400Gbps,1ns
789,0,1122,5,400Gbps,1ns
789,1,1250,5,400Gbps,1ns
789,2,1378,5,400Gbps,1ns
789,3,1506,5,400Gbps,1ns
789,4,1634,5,400Gbps,1ns
789,5,1762,5,400Gbps,1ns
789,6,1890,5,400Gbps,1ns
789,7,2018,5,400Gbps,1ns
790,0,1122,6,400Gbps,1ns
790,1,1250,6,400Gbps,1ns
790,2,1378,6,400Gbps,1ns
790,3,1506,6,400Gbps,1ns
790,4,1634,6,400Gbps,1ns
790,5,1762,6,400Gbps,1ns
790,6,1890,6,400Gbps,1ns
790,7,2018,6,400Gbps,1ns
791,0,1122,7,400Gbps,1ns
791,1,1250,7,400Gbps,1ns
791,2,1378,7,400Gbps,1ns
791,3,1506,7,400Gbps,1ns
791,4,1634,7,400Gbps,1ns
791,5,1762,7,400Gbps,1ns
791,6,1890,7,400Gbps,1ns
791,7,2018,7,400Gbps,1ns
792,0,1123,0,400Gbps,1ns
792,1,1251,0,400Gbps,1ns
792,2,1379,0,400Gbps,1ns
792,3,1507,0,400Gbps,1ns
792,4,1635,0,400Gbps,1ns
792,5,1763,0,400Gbps,1ns
792,6,1891,0,400Gbps,1ns
792,7,2019,0,400Gbps,1ns
793,0,1123,1,400Gbps,1ns
793,1,1251,1,400Gbps,1ns
793,2,1379,1,400Gbps,1ns
793,3,1507,1,400Gbps,1ns
793,4,1635,1,400Gbps,1ns
793,5,1763,1,400Gbps,1ns
793,6,1891,1,400Gbps,1ns
793,7,2019,1,400Gbps,1ns
794,0,1123,2,400Gbps,1ns
794,1,1251,2,400Gbps,1ns
794,2,1379,2,400Gbps,1ns
794,3,1507,2,400Gbps,1ns
794,4,1635,2,400Gbps,1ns
794,5,1763,2,400Gbps,1ns
794,6,1891,2,400Gbps,1ns
794,7,2019,2,400Gbps,1ns
795,0,1123,3,400Gbps,1ns
795,1,1251,3,400Gbps,1ns
795,2,1379,3,400Gbps,1ns
795,3,1507,3,400Gbps,1ns
795,4,1635,3,400Gbps,1ns
795,5,1763,3,400Gbps,1ns
795,6,1891,3,400Gbps,1ns
795,7,2019,3,400Gbps,1ns
796,0,1123,4,400Gbps,1ns
796,1,1251,4,400Gbps,1ns
796,2,1379,4,400Gbps,1ns
796,3,1507,4,400Gbps,1ns
796,4,1635,4,400Gbps,1ns
796,5,1763,4,400Gbps,1ns
796,6,1891,4,400Gbps,1ns
796,7,2019,4,400Gbps,1ns
797,0,1123,5,400Gbps,1ns
797,1,1251,5,400Gbps,1ns
797,2,1379,5,400Gbps,1ns
797,3,1507,5,400Gbps,1ns
797,4,1635,5,400Gbps,1ns
797,5,1763,5,400Gbps,1ns
797,6,1891,5,400Gbps,1ns
797,7,2019,5,400Gbps,1ns
798,0,1123,6,400Gbps,1ns
798,1,1251,6,400Gbps,1ns
798,2,1379,6,400Gbps,1ns
798,3,1507,6,400Gbps,1ns
798,4,1635,6,400Gbps,1ns
798,5,1763,6,400Gbps,1ns
798,6,1891,6,400Gbps,1ns
798,7,2019,6,400Gbps,1ns
799,0,1123,7,400Gbps,1ns
799,1,1251,7,400Gbps,1ns
799,2,1379,7,400Gbps,1ns
799,3,1507,7,400Gbps,1ns
799,4,1635,7,400Gbps,1ns
799,5,1763,7,400Gbps,1ns
799,6,1891,7,400Gbps,1ns
799,7,2019,7,400Gbps,1ns
800,0,1124,0,400Gbps,1ns
800,1,1252,0,400Gbps,1ns
800,2,1380,0,400Gbps,1ns
800,3,1508,0,400Gbps,1ns
800,4,1636,0,400Gbps,1ns
800,5,1764,0,400Gbps,1ns
800,6,1892,0,400Gbps,1ns
800,7,2020,0,400Gbps,1ns
801,0,1124,1,400Gbps,1ns
801,1,1252,1,400Gbps,1ns
801,2,1380,1,400Gbps,1ns
801,3,1508,1,400Gbps,1ns
801,4,1636,1,400Gbps,1ns
801,5,1764,1,400Gbps,1ns
801,6,1892,1,400Gbps,1ns
801,7,2020,1,400Gbps,1ns
802,0,1124,2,400Gbps,1ns
802,1,1252,2,400Gbps,1ns
802,2,1380,2,400Gbps,1ns
802,3,1508,2,400Gbps,1ns
802,4,1636,2,400Gbps,1ns
802,5,1764,2,400Gbps,1ns
802,6,1892,2,400Gbps,1ns
802,7,2020,2,400Gbps,1ns
803,0,1124,3,400Gbps,1ns
803,1,1252,3,400Gbps,1ns
803,2,1380,3,400Gbps,1ns
803,3,1508,3,400Gbps,1ns
803,4,1636,3,400Gbps,1ns
803,5,1764,3,400Gbps,1ns
803,6,1892,3,400Gbps,1ns
803,7,2020,3,400Gbps,1ns
804,0,1124,4,400Gbps,1ns
804,1,1252,4,400Gbps,1ns
804,2,1380,4,400Gbps,1ns
804,3,1508,4,400Gbps,1ns
804,4,1636,4,400Gbps,1ns
804,5,1764,4,400Gbps,1ns
804,6,1892,4,400Gbps,1ns
804,7,2020,4,400Gbps,1ns
805,0,1124,5,400Gbps,1ns
805,1,1252,5,400Gbps,1ns
805,2,1380,5,400Gbps,1ns
805,3,1508,5,400Gbps,1ns
805,4,1636,5,400Gbps,1ns
805,5,1764,5,400Gbps,1ns
805,6,1892,5,400Gbps,1ns
805,7,2020,5,400Gbps,1ns
806,0,1124,6,400Gbps,1ns
806,1,1252,6,400Gbps,1ns
806,2,1380,6,400Gbps,1ns
806,3,1508,6,400Gbps,1ns
806,4,1636,6,400Gbps,1ns
806,5,1764,6,400Gbps,1ns
806,6,1892,6,400Gbps,1ns
806,7,2020,6,400Gbps,1ns
807,0,1124,7,400Gbps,1ns
807,1,1252,7,400Gbps,1ns
807,2,1380,7,400Gbps,1ns
807,3,1508,7,400Gbps,1ns
807,4,1636,7,400Gbps,1ns
807,5,1764,7,400Gbps,1ns
807,6,1892,7,400Gbps,1ns
807,7,2020,7,400Gbps,1ns
808,0,1125,0,400Gbps,1ns
808,1,1253,0,400Gbps,1ns
808,2,1381,0,400Gbps,1ns
808,3,1509,0,400Gbps,1ns
808,4,1637,0,400Gbps,1ns
808,5,1765,0,400Gbps,1ns
808,6,1893,0,400Gbps,1ns
808,7,2021,0,400Gbps,1ns
809,0,1125,1,400Gbps,1ns
809,1,1253,1,400Gbps,1ns
809,2,1381,1,400Gbps,1ns
809,3,1509,1,400Gbps,1ns
809,4,1637,1,400Gbps,1ns
809,5,1765,1,400Gbps,1ns
809,6,1893,1,400Gbps,1ns
809,7,2021,1,400Gbps,1ns
810,0,1125,2,400Gbps,1ns
810,1,1253,2,400Gbps,1ns
810,2,1381,2,400Gbps,1ns
810,3,1509,2,400Gbps,1ns
810,4,1637,2,400Gbps,1ns
810,5,1765,2,400Gbps,1ns
810,6,1893,2,400Gbps,1ns
810,7,2021,2,400Gbps,1ns
811,0,1125,3,400Gbps,1ns
811,1,1253,3,400Gbps,1ns
811,2,1381,3,400Gbps,1ns
811,3,1509,3,400Gbps,1ns
811,4,1637,3,400Gbps,1ns
811,5,1765,3,400Gbps,1ns
811,6,1893,3,400Gbps,1ns
811,7,2021,3,400Gbps,1ns
812,0,1125,4,400Gbps,1ns
812,1,1253,4,400Gbps,1ns
812,2,1381,4,400Gbps,1ns
812,3,1509,4,400Gbps,1ns
812,4,1637,4,400Gbps,1ns
812,5,1765,4,400Gbps,1ns
812,6,1893,4,400Gbps,1ns
812,7,2021,4,400Gbps,1ns
813,0,1125,5,400Gbps,1ns
813,1,1253,5,400Gbps,1ns
813,2,1381,5,400Gbps,1ns
813,3,1509,5,400Gbps,1ns
813,4,1637,5,400Gbps,1ns
813,5,1765,5,400Gbps,1ns
813,6,1893,5,400Gbps,1ns
813,7,2021,5,400Gbps,1ns
814,0,1125,6,400Gbps,1ns
814,1,1253,6,400Gbps,1ns
814,2,1381,6,400Gbps,1ns
814,3,1509,6,400Gbps,1ns
814,4,1637,6,400Gbps,1ns
814,5,1765,6,400Gbps,1ns
814,6,1893,6,400Gbps,1ns
814,7,2021,6,400Gbps,1ns
815,0,1125,7,400Gbps,1ns
815,1,1253,7,400Gbps,1ns
815,2,1381,7,400Gbps,1ns
815,3,1509,7,400Gbps,1ns
815,4,1637,7,400Gbps,1ns
815,5,1765,7,400Gbps,1ns
815,6,1893,7,400Gbps,1ns
815,7,2021,7,400Gbps,1ns
816,0,1126,0,400Gbps,1ns
816,1,1254,0,400Gbps,1ns
816,2,1382,0,400Gbps,1ns
816,3,1510,0,400Gbps,1ns
816,4,1638,0,400Gbps,1ns
816,5,1766,0,400Gbps,1ns
816,6,1894,0,400Gbps,1ns
816,7,2022,0,400Gbps,1ns
817,0,1126,1,400Gbps,1ns
817,1,1254,1,400Gbps,1ns
817,2,1382,1,400Gbps,1ns
817,3,1510,1,400Gbps,1ns
817,4,1638,1,400Gbps,1ns
817,5,1766,1,400Gbps,1ns
817,6,1894,1,400Gbps,1ns
817,7,2022,1,400Gbps,1ns
818,0,1126,2,400Gbps,1ns
818,1,1254,2,400Gbps,1ns
818,2,1382,2,400Gbps,1ns
818,3,1510,2,400Gbps,1ns
818,4,1638,2,400Gbps,1ns
818,5,1766,2,400Gbps,1ns
818,6,1894,2,400Gbps,1ns
818,7,2022,2,400Gbps,1ns
819,0,1126,3,400Gbps,1ns
819,1,1254,3,400Gbps,1ns
819,2,1382,3,400Gbps,1ns
819,3,1510,3,400Gbps,1ns
819,4,1638,3,400Gbps,1ns
819,5,1766,3,400Gbps,1ns
819,6,1894,3,400Gbps,1ns
819,7,2022,3,400Gbps,1ns
820,0,1126,4,400Gbps,1ns
820,1,1254,4,400Gbps,1ns
820,2,1382,4,400Gbps,1ns
820,3,1510,4,400Gbps,1ns
820,4,1638,4,400Gbps,1ns
820,5,1766,4,400Gbps,1ns
820,6,1894,4,400Gbps,1ns
820,7,2022,4,400Gbps,1ns
821,0,1126,5,400Gbps,1ns
821,1,1254,5,400Gbps,1ns
821,2,1382,5,400Gbps,1ns
821,3,1510,5,400Gbps,1ns
821,4,1638,5,400Gbps,1ns
821,5,1766,5,400Gbps,1ns
821,6,1894,5,400Gbps,1ns
821,7,2022,5,400Gbps,1ns
822,0,1126,6,400Gbps,1ns
822,1,1254,6,400Gbps,1ns
822,2,1382,6,400Gbps,1ns
822,3,1510,6,400Gbps,1ns
822,4,1638,6,400Gbps,1ns
822,5,1766,6,400Gbps,1ns
822,6,1894,6,400Gbps,1ns
822,7,2022,6,400Gbps,1ns
823,0,1126,7,400Gbps,1ns
823,1,1254,7,400Gbps,1ns
823,2,1382,7,400Gbps,1ns
823,3,1510,7,400Gbps,1ns
823,4,1638,7,400Gbps,1ns
823,5,1766,7,400Gbps,1ns
823,6,1894,7,400Gbps,1ns
823,7,2022,7,400Gbps,1ns
824,0,1127,0,400Gbps,1ns
824,1,1255,0,400Gbps,1ns
824,2,1383,0,400Gbps,1ns
824,3,1511,0,400Gbps,1ns
824,4,1639,0,400Gbps,1ns
824,5,1767,0,400Gbps,1ns
824,6,1895,0,400Gbps,1ns
824,7,2023,0,400Gbps,1ns
825,0,1127,1,400Gbps,1ns
825,1,1255,1,400Gbps,1ns
825,2,1383,1,400Gbps,1ns
825,3,1511,1,400Gbps,1ns
825,4,1639,1,400Gbps,1ns
825,5,1767,1,400Gbps,1ns
825,6,1895,1,400Gbps,1ns
825,7,2023,1,400Gbps,1ns
826,0,1127,2,400Gbps,1ns
826,1,1255,2,400Gbps,1ns
826,2,1383,2,400Gbps,1ns
826,3,1511,2,400Gbps,1ns
826,4,1639,2,400Gbps,1ns
826,5,1767,2,400Gbps,1ns
826,6,1895,2,400Gbps,1ns
826,7,2023,2,400Gbps,1ns
827,0,1127,3,400Gbps,1ns
827,1,1255,3,400Gbps,1ns
827,2,1383,3,400Gbps,1ns
827,3,1511,3,400Gbps,1ns
827,4,1639,3,400Gbps,1ns
827,5,1767,3,400Gbps,1ns
827,6,1895,3,400Gbps,1ns
827,7,2023,3,400Gbps,1ns
828,0,1127,4,400Gbps,1ns
828,1,1255,4,400Gbps,1ns
828,2,1383,4,400Gbps,1ns
828,3,1511,4,400Gbps,1ns
828,4,1639,4,400Gbps,1ns
828,5,1767,4,400Gbps,1ns
828,6,1895,4,400Gbps,1ns
828,7,2023,4,400Gbps,1ns
829,0,1127,5,400Gbps,1ns
829,1,1255,5,400Gbps,1ns
829,2,1383,5,400Gbps,1ns
829,3,1511,5,400Gbps,1ns
829,4,1639,5,400Gbps,1ns
829,5,1767,5,400Gbps,1ns
829,6,1895,5,400Gbps,1ns
829,7,2023,5,400Gbps,1ns
830,0,1127,6,400Gbps,1ns
830,1,1255,6,400Gbps,1ns
830,2,1383,6,400Gbps,1ns
830,3,1511,6,400Gbps,1ns
830,4,1639,6,400Gbps,1ns
830,5,1767,6,400Gbps,1ns
830,6,1895,6,400Gbps,1ns
830,7,2023,6,400Gbps,1ns
831,0,1127,7,400Gbps,1ns
831,1,1255,7,400Gbps,1ns
831,2,1383,7,400Gbps,1ns
831,3,1511,7,400Gbps,1ns
831,4,1639,7,400Gbps,1ns
831,5,1767,7,400Gbps,1ns
831,6,1895,7,400Gbps,1ns
831,7,2023,7,400Gbps,1ns
832,0,1128,0,400Gbps,1ns
832,1,1256,0,400Gbps,1ns
832,2,1384,0,400Gbps,1ns
832,3,1512,0,400Gbps,1ns
832,4,1640,0,400Gbps,1ns
832,5,1768,0,400Gbps,1ns
832,6,1896,0,400Gbps,1ns
832,7,2024,0,400Gbps,1ns
833,0,1128,1,400Gbps,1ns
833,1,1256,1,400Gbps,1ns
833,2,1384,1,400Gbps,1ns
833,3,1512,1,400Gbps,1ns
833,4,1640,1,400Gbps,1ns
833,5,1768,1,400Gbps,1ns
833,6,1896,1,400Gbps,1ns
833,7,2024,1,400Gbps,1ns
834,0,1128,2,400Gbps,1ns
834,1,1256,2,400Gbps,1ns
834,2,1384,2,400Gbps,1ns
834,3,1512,2,400Gbps,1ns
834,4,1640,2,400Gbps,1ns
834,5,1768,2,400Gbps,1ns
834,6,1896,2,400Gbps,1ns
834,7,2024,2,400Gbps,1ns
835,0,1128,3,400Gbps,1ns
835,1,1256,3,400Gbps,1ns
835,2,1384,3,400Gbps,1ns
835,3,1512,3,400Gbps,1ns
835,4,1640,3,400Gbps,1ns
835,5,1768,3,400Gbps,1ns
835,6,1896,3,400Gbps,1ns
835,7,2024,3,400Gbps,1ns
836,0,1128,4,400Gbps,1ns
836,1,1256,4,400Gbps,1ns
836,2,1384,4,400Gbps,1ns
836,3,1512,4,400Gbps,1ns
836,4,1640,4,400Gbps,1ns
836,5,1768,4,400Gbps,1ns
836,6,1896,4,400Gbps,1ns
836,7,2024,4,400Gbps,1ns
837,0,1128,5,400Gbps,1ns
837,1,1256,5,400Gbps,1ns
837,2,1384,5,400Gbps,1ns
837,3,1512,5,400Gbps,1ns
837,4,1640,5,400Gbps,1ns
837,5,1768,5,400Gbps,1ns
837,6,1896,5,400Gbps,1ns
837,7,2024,5,400Gbps,1ns
838,0,1128,6,400Gbps,1ns
838,1,1256,6,400Gbps,1ns
838,2,1384,6,400Gbps,1ns
838,3,1512,6,400Gbps,1ns
838,4,1640,6,400Gbps,1ns
838,5,1768,6,400Gbps,1ns
838,6,1896,6,400Gbps,1ns
838,7,2024,6,400Gbps,1ns
839,0,1128,7,400Gbps,1ns
839,1,1256,7,400Gbps,1ns
839,2,1384,7,400Gbps,1ns
839,3,1512,7,400Gbps,1ns
839,4,1640,7,400Gbps,1ns
839,5,1768,7,400Gbps,1ns
839,6,1896,7,400Gbps,1ns
839,7,2024,7,400Gbps,1ns
840,0,1129,0,400Gbps,1ns
840,1,1257,0,400Gbps,1ns
840,2,1385,0,400Gbps,1ns
840,3,1513,0,400Gbps,1ns
840,4,1641,0,400Gbps,1ns
840,5,1769,0,400Gbps,1ns
840,6,1897,0,400Gbps,1ns
840,7,2025,0,400Gbps,1ns
841,0,1129,1,400Gbps,1ns
841,1,1257,1,400Gbps,1ns
841,2,1385,1,400Gbps,1ns
841,3,1513,1,400Gbps,1ns
841,4,1641,1,400Gbps,1ns
841,5,1769,1,400Gbps,1ns
841,6,1897,1,400Gbps,1ns
841,7,2025,1,400Gbps,1ns
842,0,1129,2,400Gbps,1ns
842,1,1257,2,400Gbps,1ns
842,2,1385,2,400Gbps,1ns
842,3,1513,2,400Gbps,1ns
842,4,1641,2,400Gbps,1ns
842,5,1769,2,400Gbps,1ns
842,6,1897,2,400Gbps,1ns
842,7,2025,2,400Gbps,1ns
843,0,1129,3,400Gbps,1ns
843,1,1257,3,400Gbps,1ns
843,2,1385,3,400Gbps,1ns
843,3,1513,3,400Gbps,1ns
843,4,1641,3,400Gbps,1ns
843,5,1769,3,400Gbps,1ns
843,6,1897,3,400Gbps,1ns
843,7,2025,3,400Gbps,1ns
844,0,1129,4,400Gbps,1ns
844,1,1257,4,400Gbps,1ns
844,2,1385,4,400Gbps,1ns
844,3,1513,4,400Gbps,1ns
844,4,1641,4,400Gbps,1ns
844,5,1769,4,400Gbps,1ns
844,6,1897,4,400Gbps,1ns
844,7,2025,4,400Gbps,1ns
845,0,1129,5,400Gbps,1ns
845,1,1257,5,400Gbps,1ns
845,2,1385,5,400Gbps,1ns
845,3,1513,5,400Gbps,1ns
845,4,1641,5,400Gbps,1ns
845,5,1769,5,400Gbps,1ns
845,6,1897,5,400Gbps,1ns
845,7,2025,5,400Gbps,1ns
846,0,1129,6,400Gbps,1ns
846,1,1257,6,400Gbps,1ns
846,2,1385,6,400Gbps,1ns
846,3,1513,6,400Gbps,1ns
846,4,1641,6,400Gbps,1ns
846,5,1769,6,400Gbps,1ns
846,6,1897,6,400Gbps,1ns
846,7,2025,6,400Gbps,1ns
847,0,1129,7,400Gbps,1ns
847,1,1257,7,400Gbps,1ns
847,2,1385,7,400Gbps,1ns
847,3,1513,7,400Gbps,1ns
847,4,1641,7,400Gbps,1ns
847,5,1769,7,400Gbps,1ns
847,6,1897,7,400Gbps,1ns
847,7,2025,7,400Gbps,1ns
848,0,1130,0,400Gbps,1ns
848,1,1258,0,400Gbps,1ns
848,2,1386,0,400Gbps,1ns
848,3,1514,0,400Gbps,1ns
848,4,1642,0,400Gbps,1ns
848,5,1770,0,400Gbps,1ns
848,6,1898,0,400Gbps,1ns
848,7,2026,0,400Gbps,1ns
849,0,1130,1,400Gbps,1ns
849,1,1258,1,400Gbps,1ns
849,2,1386,1,400Gbps,1ns
849,3,1514,1,400Gbps,1ns
849,4,1642,1,400Gbps,1ns
849,5,1770,1,400Gbps,1ns
849,6,1898,1,400Gbps,1ns
849,7,2026,1,400Gbps,1ns
850,0,1130,2,400Gbps,1ns
850,1,1258,2,400Gbps,1ns
850,2,1386,2,400Gbps,1ns
850,3,1514,2,400Gbps,1ns
850,4,1642,2,400Gbps,1ns
850,5,1770,2,400Gbps,1ns
850,6,1898,2,400Gbps,1ns
850,7,2026,2,400Gbps,1ns
851,0,1130,3,400Gbps,1ns
851,1,1258,3,400Gbps,1ns
851,2,1386,3,400Gbps,1ns
851,3,1514,3,400Gbps,1ns
851,4,1642,3,400Gbps,1ns
851,5,1770,3,400Gbps,1ns
851,6,1898,3,400Gbps,1ns
851,7,2026,3,400Gbps,1ns
852,0,1130,4,400Gbps,1ns
852,1,1258,4,400Gbps,1ns
852,2,1386,4,400Gbps,1ns
852,3,1514,4,400Gbps,1ns
852,4,1642,4,400Gbps,1ns
852,5,1770,4,400Gbps,1ns
852,6,1898,4,400Gbps,1ns
852,7,2026,4,400Gbps,1ns
853,0,1130,5,400Gbps,1ns
853,1,1258,5,400Gbps,1ns
853,2,1386,5,400Gbps,1ns
853,3,1514,5,400Gbps,1ns
853,4,1642,5,400Gbps,1ns
853,5,1770,5,400Gbps,1ns
853,6,1898,5,400Gbps,1ns
853,7,2026,5,400Gbps,1ns
854,0,1130,6,400Gbps,1ns
854,1,1258,6,400Gbps,1ns
854,2,1386,6,400Gbps,1ns
854,3,1514,6,400Gbps,1ns
854,4,1642,6,400Gbps,1ns
854,5,1770,6,400Gbps,1ns
854,6,1898,6,400Gbps,1ns
854,7,2026,6,400Gbps,1ns
855,0,1130,7,400Gbps,1ns
855,1,1258,7,400Gbps,1ns
855,2,1386,7,400Gbps,1ns
855,3,1514,7,400Gbps,1ns
855,4,1642,7,400Gbps,1ns
855,5,1770,7,400Gbps,1ns
855,6,1898,7,400Gbps,1ns
855,7,2026,7,400Gbps,1ns
856,0,1131,0,400Gbps,1ns
856,1,1259,0,400Gbps,1ns
856,2,1387,0,400Gbps,1ns
856,3,1515,0,400Gbps,1ns
856,4,1643,0,400Gbps,1ns
856,5,1771,0,400Gbps,1ns
856,6,1899,0,400Gbps,1ns
856,7,2027,0,400Gbps,1ns
857,0,1131,1,400Gbps,1ns
857,1,1259,1,400Gbps,1ns
857,2,1387,1,400Gbps,1ns
857,3,1515,1,400Gbps,1ns
857,4,1643,1,400Gbps,1ns
857,5,1771,1,400Gbps,1ns
857,6,1899,1,400Gbps,1ns
857,7,2027,1,400Gbps,1ns
858,0,1131,2,400Gbps,1ns
858,1,1259,2,400Gbps,1ns
858,2,1387,2,400Gbps,1ns
858,3,1515,2,400Gbps,1ns
858,4,1643,2,400Gbps,1ns
858,5,1771,2,400Gbps,1ns
858,6,1899,2,400Gbps,1ns
858,7,2027,2,400Gbps,1ns
859,0,1131,3,400Gbps,1ns
859,1,1259,3,400Gbps,1ns
859,2,1387,3,400Gbps,1ns
859,3,1515,3,400Gbps,1ns
859,4,1643,3,400Gbps,1ns
859,5,1771,3,400Gbps,1ns
859,6,1899,3,400Gbps,1ns
859,7,2027,3,400Gbps,1ns
860,0,1131,4,400Gbps,1ns
860,1,1259,4,400Gbps,1ns
860,2,1387,4,400Gbps,1ns
860,3,1515,4,400Gbps,1ns
860,4,1643,4,400Gbps,1ns
860,5,1771,4,400Gbps,1ns
860,6,1899,4,400Gbps,1ns
860,7,2027,4,400Gbps,1ns
861,0,1131,5,400Gbps,1ns
861,1,1259,5,400Gbps,1ns
861,2,1387,5,400Gbps,1ns
861,3,1515,5,400Gbps,1ns
861,4,1643,5,400Gbps,1ns
861,5,1771,5,400Gbps,1ns
861,6,1899,5,400Gbps,1ns
861,7,2027,5,400Gbps,1ns
862,0,1131,6,400Gbps,1ns
862,1,1259,6,400Gbps,1ns
862,2,1387,6,400Gbps,1ns
862,3,1515,6,400Gbps,1ns
862,4,1643,6,400Gbps,1ns
862,5,1771,6,400Gbps,1ns
862,6,1899,6,400Gbps,1ns
862,7,2027,6,400Gbps,1ns
863,0,1131,7,400Gbps,1ns
863,1,1259,7,400Gbps,1ns
863,2,1387,7,400Gbps,1ns
863,3,1515,7,400Gbps,1ns
863,4,1643,7,400Gbps,1ns
863,5,1771,7,400Gbps,1ns
863,6,1899,7,400Gbps,1ns
863,7,2027,7,400Gbps,1ns
864,0,1132,0,400Gbps,1ns
864,1,1260,0,400Gbps,1ns
864,2,1388,0,400Gbps,1ns
864,3,1516,0,400Gbps,1ns
864,4,1644,0,400Gbps,1ns
864,5,1772,0,400Gbps,1ns
864,6,1900,0,400Gbps,1ns
864,7,2028,0,400Gbps,1ns
865,0,1132,1,400Gbps,1ns
865,1,1260,1,400Gbps,1ns
865,2,1388,1,400Gbps,1ns
865,3,1516,1,400Gbps,1ns
865,4,1644,1,400Gbps,1ns
865,5,1772,1,400Gbps,1ns
865,6,1900,1,400Gbps,1ns
865,7,2028,1,400Gbps,1ns
866,0,1132,2,400Gbps,1ns
866,1,1260,2,400Gbps,1ns
866,2,1388,2,400Gbps,1ns
866,3,1516,2,400Gbps,1ns
866,4,1644,2,400Gbps,1ns
866,5,1772,2,400Gbps,1ns
866,6,1900,2,400Gbps,1ns
866,7,2028,2,400Gbps,1ns
867,0,1132,3,400Gbps,1ns
867,1,1260,3,400Gbps,1ns
867,2,1388,3,400Gbps,1ns
867,3,1516,3,400Gbps,1ns
867,4,1644,3,400Gbps,1ns
867,5,1772,3,400Gbps,1ns
867,6,1900,3,400Gbps,1ns
867,7,2028,3,400Gbps,1ns
868,0,1132,4,400Gbps,1ns
868,1,1260,4,400Gbps,1ns
868,2,1388,4,400Gbps,1ns
868,3,1516,4,400Gbps,1ns
868,4,1644,4,400Gbps,1ns
868,5,1772,4,400Gbps,1ns
868,6,1900,4,400Gbps,1ns
868,7,2028,4,400Gbps,1ns
869,0,1132,5,400Gbps,1ns
869,1,1260,5,400Gbps,1ns
869,2,1388,5,400Gbps,1ns
869,3,1516,5,400Gbps,1ns
869,4,1644,5,400Gbps,1ns
869,5,1772,5,400Gbps,1ns
869,6,1900,5,400Gbps,1ns
869,7,2028,5,400Gbps,1ns
870,0,1132,6,400Gbps,1ns
870,1,1260,6,400Gbps,1ns
870,2,1388,6,400Gbps,1ns
870,3,1516,6,400Gbps,1ns
870,4,1644,6,400Gbps,1ns
870,5,1772,6,400Gbps,1ns
870,6,1900,6,400Gbps,1ns
870,7,2028,6,400Gbps,1ns
871,0,1132,7,400Gbps,1ns
871,1,1260,7,400Gbps,1ns
871,2,1388,7,400Gbps,1ns
871,3,1516,7,400Gbps,1ns
871,4,1644,7,400Gbps,1ns
871,5,1772,7,400Gbps,1ns
871,6,1900,7,400Gbps,1ns
871,7,2028,7,400Gbps,1ns
872,0,1133,0,400Gbps,1ns
872,1,1261,0,400Gbps,1ns
872,2,1389,0,400Gbps,1ns
872,3,1517,0,400Gbps,1ns
872,4,1645,0,400Gbps,1ns
872,5,1773,0,400Gbps,1ns
872,6,1901,0,400Gbps,1ns
872,7,2029,0,400Gbps,1ns
873,0,1133,1,400Gbps,1ns
873,1,1261,1,400Gbps,1ns
873,2,1389,1,400Gbps,1ns
873,3,1517,1,400Gbps,1ns
873,4,1645,1,400Gbps,1ns
873,5,1773,1,400Gbps,1ns
873,6,1901,1,400Gbps,1ns
873,7,2029,1,400Gbps,1ns
874,0,1133,2,400Gbps,1ns
874,1,1261,2,400Gbps,1ns
874,2,1389,2,400Gbps,1ns
874,3,1517,2,400Gbps,1ns
874,4,1645,2,400Gbps,1ns
874,5,1773,2,400Gbps,1ns
874,6,1901,2,400Gbps,1ns
874,7,2029,2,400Gbps,1ns
875,0,1133,3,400Gbps,1ns
875,1,1261,3,400Gbps,1ns
875,2,1389,3,400Gbps,1ns
875,3,1517,3,400Gbps,1ns
875,4,1645,3,400Gbps,1ns
875,5,1773,3,400Gbps,1ns
875,6,1901,3,400Gbps,1ns
875,7,2029,3,400Gbps,1ns
876,0,1133,4,400Gbps,1ns
876,1,1261,4,400Gbps,1ns
876,2,1389,4,400Gbps,1ns
876,3,1517,4,400Gbps,1ns
876,4,1645,4,400Gbps,1ns
876,5,1773,4,400Gbps,1ns
876,6,1901,4,400Gbps,1ns
876,7,2029,4,400Gbps,1ns
877,0,1133,5,400Gbps,1ns
877,1,1261,5,400Gbps,1ns
877,2,1389,5,400Gbps,1ns
877,3,1517,5,400Gbps,1ns
877,4,1645,5,400Gbps,1ns
877,5,1773,5,400Gbps,1ns
877,6,1901,5,400Gbps,1ns
877,7,2029,5,400Gbps,1ns
878,0,1133,6,400Gbps,1ns
878,1,1261,6,400Gbps,1ns
878,2,1389,6,400Gbps,1ns
878,3,1517,6,400Gbps,1ns
878,4,1645,6,400Gbps,1ns
878,5,1773,6,400Gbps,1ns
878,6,1901,6,400Gbps,1ns
878,7,2029,6,400Gbps,1ns
879,0,1133,7,400Gbps,1ns
879,1,1261,7,400Gbps,1ns
879,2,1389,7,400Gbps,1ns
879,3,1517,7,400Gbps,1ns
879,4,1645,7,400Gbps,1ns
879,5,1773,7,400Gbps,1ns
879,6,1901,7,400Gbps,1ns
879,7,2029,7,400Gbps,1ns
880,0,1134,0,400Gbps,1ns
880,1,1262,0,400Gbps,1ns
880,2,1390,0,400Gbps,1ns
880,3,1518,0,400Gbps,1ns
880,4,1646,0,400Gbps,1ns
880,5,1774,0,400Gbps,1ns
880,6,1902,0,400Gbps,1ns
880,7,2030,0,400Gbps,1ns
881,0,1134,1,400Gbps,1ns
881,1,1262,1,400Gbps,1ns
881,2,1390,1,400Gbps,1ns
881,3,1518,1,400Gbps,1ns
881,4,1646,1,400Gbps,1ns
881,5,1774,1,400Gbps,1ns
881,6,1902,1,400Gbps,1ns
881,7,2030,1,400Gbps,1ns
882,0,1134,2,400Gbps,1ns
882,1,1262,2,400Gbps,1ns
882,2,1390,2,400Gbps,1ns
882,3,1518,2,400Gbps,1ns
882,4,1646,2,400Gbps,1ns
882,5,1774,2,400Gbps,1ns
882,6,1902,2,400Gbps,1ns
882,7,2030,2,400Gbps,1ns
883,0,1134,3,400Gbps,1ns
883,1,1262,3,400Gbps,1ns
883,2,1390,3,400Gbps,1ns
883,3,1518,3,400Gbps,1ns
883,4,1646,3,400Gbps,1ns
883,5,1774,3,400Gbps,1ns
883,6,1902,3,400Gbps,1ns
883,7,2030,3,400Gbps,1ns
884,0,1134,4,400Gbps,1ns
884,1,1262,4,400Gbps,1ns
884,2,1390,4,400Gbps,1ns
884,3,1518,4,400Gbps,1ns
884,4,1646,4,400Gbps,1ns
884,5,1774,4,400Gbps,1ns
884,6,1902,4,400Gbps,1ns
884,7,2030,4,400Gbps,1ns
885,0,1134,5,400Gbps,1ns
885,1,1262,5,400Gbps,1ns
885,2,1390,5,400Gbps,1ns
885,3,1518,5,400Gbps,1ns
885,4,1646,5,400Gbps,1ns
885,5,1774,5,400Gbps,1ns
885,6,1902,5,400Gbps,1ns
885,7,2030,5,400Gbps,1ns
886,0,1134,6,400Gbps,1ns
886,1,1262,6,400Gbps,1ns
886,2,1390,6,400Gbps,1ns
886,3,1518,6,400Gbps,1ns
886,4,1646,6,400Gbps,1ns
886,5,1774,6,400Gbps,1ns
886,6,1902,6,400Gbps,1ns
886,7,2030,6,400Gbps,1ns
887,0,1134,7,400Gbps,1ns
887,1,1262,7,400Gbps,1ns
887,2,1390,7,400Gbps,1ns
887,3,1518,7,400Gbps,1ns
887,4,1646,7,400Gbps,1ns
887,5,1774,7,400Gbps,1ns
887,6,1902,7,400Gbps,1ns
887,7,2030,7,400Gbps,1ns
888,0,1135,0,400Gbps,1ns
888,1,1263,0,400Gbps,1ns
888,2,1391,0,400Gbps,1ns
888,3,1519,0,400Gbps,1ns
888,4,1647,0,400Gbps,1ns
888,5,1775,0,400Gbps,1ns
888,6,1903,0,400Gbps,1ns
888,7,2031,0,400Gbps,1ns
889,0,1135,1,400Gbps,1ns
889,1,1263,1,400Gbps,1ns
889,2,1391,1,400Gbps,1ns
889,3,1519,1,400Gbps,1ns
889,4,1647,1,400Gbps,1ns
889,5,1775,1,400Gbps,1ns
889,6,1903,1,400Gbps,1ns
889,7,2031,1,400Gbps,1ns
890,0,1135,2,400Gbps,1ns
890,1,1263,2,400Gbps,1ns
890,2,1391,2,400Gbps,1ns
890,3,1519,2,400Gbps,1ns
890,4,1647,2,400Gbps,1ns
890,5,1775,2,400Gbps,1ns
890,6,1903,2,400Gbps,1ns
890,7,2031,2,400Gbps,1ns
891,0,1135,3,400Gbps,1ns
891,1,1263,3,400Gbps,1ns
891,2,1391,3,400Gbps,1ns
891,3,1519,3,400Gbps,1ns
891,4,1647,3,400Gbps,1ns
891,5,1775,3,400Gbps,1ns
891,6,1903,3,400Gbps,1ns
891,7,2031,3,400Gbps,1ns
892,0,1135,4,400Gbps,1ns
892,1,1263,4,400Gbps,1ns
892,2,1391,4,400Gbps,1ns
892,3,1519,4,400Gbps,1ns
892,4,1647,4,400Gbps,1ns
892,5,1775,4,400Gbps,1ns
892,6,1903,4,400Gbps,1ns
892,7,2031,4,400Gbps,1ns
893,0,1135,5,400Gbps,1ns
893,1,1263,5,400Gbps,1ns
893,2,1391,5,400Gbps,1ns
893,3,1519,5,400Gbps,1ns
893,4,1647,5,400Gbps,1ns
893,5,1775,5,400Gbps,1ns
893,6,1903,5,400Gbps,1ns
893,7,2031,5,400Gbps,1ns
894,0,1135,6,400Gbps,1ns
894,1,1263,6,400Gbps,1ns
894,2,1391,6,400Gbps,1ns
894,3,1519,6,400Gbps,1ns
894,4,1647,6,400Gbps,1ns
894,5,1775,6,400Gbps,1ns
894,6,1903,6,400Gbps,1ns
894,7,2031,6,400Gbps,1ns
895,0,1135,7,400Gbps,1ns
895,1,1263,7,400Gbps,1ns
895,2,1391,7,400Gbps,1ns
895,3,1519,7,400Gbps,1ns
895,4,1647,7,400Gbps,1ns
895,5,1775,7,400Gbps,1ns
895,6,1903,7,400Gbps,1ns
895,7,2031,7,400Gbps,1ns
896,0,1136,0,400Gbps,1ns
896,1,1264,0,400Gbps,1ns
896,2,1392,0,400Gbps,1ns
896,3,1520,0,400Gbps,1ns
896,4,1648,0,400Gbps,1ns
896,5,1776,0,400Gbps,1ns
896,6,1904,0,400Gbps,1ns
896,7,2032,0,400Gbps,1ns
897,0,1136,1,400Gbps,1ns
897,1,1264,1,400Gbps,1ns
897,2,1392,1,400Gbps,1ns
897,3,1520,1,400Gbps,1ns
897,4,1648,1,400Gbps,1ns
897,5,1776,1,400Gbps,1ns
897,6,1904,1,400Gbps,1ns
897,7,2032,1,400Gbps,1ns
898,0,1136,2,400Gbps,1ns
898,1,1264,2,400Gbps,1ns
898,2,1392,2,400Gbps,1ns
898,3,1520,2,400Gbps,1ns
898,4,1648,2,400Gbps,1ns
898,5,1776,2,400Gbps,1ns
898,6,1904,2,400Gbps,1ns
898,7,2032,2,400Gbps,1ns
899,0,1136,3,400Gbps,1ns
899,1,1264,3,400Gbps,1ns
899,2,1392,3,400Gbps,1ns
899,3,1520,3,400Gbps,1ns
899,4,1648,3,400Gbps,1ns
899,5,1776,3,400Gbps,1ns
899,6,1904,3,400Gbps,1ns
899,7,2032,3,400Gbps,1ns
900,0,1136,4,400Gbps,1ns
900,1,1264,4,400Gbps,1ns
900,2,1392,4,400Gbps,1ns
900,3,1520,4,400Gbps,1ns
900,4,1648,4,400Gbps,1ns
900,5,1776,4,400Gbps,1ns
900,6,1904,4,400Gbps,1ns
900,7,2032,4,400Gbps,1ns
901,0,1136,5,400Gbps,1ns
901,1,1264,5,400Gbps,1ns
901,2,1392,5,400Gbps,1ns
901,3,1520,5,400Gbps,1ns
901,4,1648,5,400Gbps,1ns
901,5,1776,5,400Gbps,1ns
901,6,1904,5,400Gbps,1ns
901,7,2032,5,400Gbps,1ns
902,0,1136,6,400Gbps,1ns
902,1,1264,6,400Gbps,1ns
902,2,1392,6,400Gbps,1ns
902,3,1520,6,400Gbps,1ns
902,4,1648,6,400Gbps,1ns
902,5,1776,6,400Gbps,1ns
902,6,1904,6,400Gbps,1ns
902,7,2032,6,400Gbps,1ns
903,0,1136,7,400Gbps,1ns
903,1,1264,7,400Gbps,1ns
903,2,1392,7,400Gbps,1ns
903,3,1520,7,400Gbps,1ns
903,4,1648,7,400Gbps,1ns
903,5,1776,7,400Gbps,1ns
903,6,1904,7,400Gbps,1ns
903,7,2032,7,400Gbps,1ns
904,0,1137,0,400Gbps,1ns
904,1,1265,0,400Gbps,1ns
904,2,1393,0,400Gbps,1ns
904,3,1521,0,400Gbps,1ns
904,4,1649,0,400Gbps,1ns
904,5,1777,0,400Gbps,1ns
904,6,1905,0,400Gbps,1ns
904,7,2033,0,400Gbps,1ns
905,0,1137,1,400Gbps,1ns
905,1,1265,1,400Gbps,1ns
905,2,1393,1,400Gbps,1ns
905,3,1521,1,400Gbps,1ns
905,4,1649,1,400Gbps,1ns
905,5,1777,1,400Gbps,1ns
905,6,1905,1,400Gbps,1ns
905,7,2033,1,400Gbps,1ns
906,0,1137,2,400Gbps,1ns
906,1,1265,2,400Gbps,1ns
906,2,1393,2,400Gbps,1ns
906,3,1521,2,400Gbps,1ns
906,4,1649,2,400Gbps,1ns
906,5,1777,2,400Gbps,1ns
906,6,1905,2,400Gbps,1ns
906,7,2033,2,400Gbps,1ns
907,0,1137,3,400Gbps,1ns
907,1,1265,3,400Gbps,1ns
907,2,1393,3,400Gbps,1ns
907,3,1521,3,400Gbps,1ns
907,4,1649,3,400Gbps,1ns
907,5,1777,3,400Gbps,1ns
907,6,1905,3,400Gbps,1ns
907,7,2033,3,400Gbps,1ns
908,0,1137,4,400Gbps,1ns
908,1,1265,4,400Gbps,1ns
908,2,1393,4,400Gbps,1ns
908,3,1521,4,400Gbps,1ns
908,4,1649,4,400Gbps,1ns
908,5,1777,4,400Gbps,1ns
908,6,1905,4,400Gbps,1ns
908,7,2033,4,400Gbps,1ns
909,0,1137,5,400Gbps,1ns
909,1,1265,5,400Gbps,1ns
909,2,1393,5,400Gbps,1ns
909,3,1521,5,400Gbps,1ns
909,4,1649,5,400Gbps,1ns
909,5,1777,5,400Gbps,1ns
909,6,1905,5,400Gbps,1ns
909,7,2033,5,400Gbps,1ns
910,0,1137,6,400Gbps,1ns
910,1,1265,6,400Gbps,1ns
910,2,1393,6,400Gbps,1ns
910,3,1521,6,400Gbps,1ns
910,4,1649,6,400Gbps,1ns
910,5,1777,6,400Gbps,1ns
910,6,1905,6,400Gbps,1ns
910,7,2033,6,400Gbps,1ns
911,0,1137,7,400Gbps,1ns
911,1,1265,7,400Gbps,1ns
911,2,1393,7,400Gbps,1ns
911,3,1521,7,400Gbps,1ns
911,4,1649,7,400Gbps,1ns
911,5,1777,7,400Gbps,1ns
911,6,1905,7,400Gbps,1ns
911,7,2033,7,400Gbps,1ns
912,0,1138,0,400Gbps,1ns
912,1,1266,0,400Gbps,1ns
912,2,1394,0,400Gbps,1ns
912,3,1522,0,400Gbps,1ns
912,4,1650,0,400Gbps,1ns
912,5,1778,0,400Gbps,1ns
912,6,1906,0,400Gbps,1ns
912,7,2034,0,400Gbps,1ns
913,0,1138,1,400Gbps,1ns
913,1,1266,1,400Gbps,1ns
913,2,1394,1,400Gbps,1ns
913,3,1522,1,400Gbps,1ns
913,4,1650,1,400Gbps,1ns
913,5,1778,1,400Gbps,1ns
913,6,1906,1,400Gbps,1ns
913,7,2034,1,400Gbps,1ns
914,0,1138,2,400Gbps,1ns
914,1,1266,2,400Gbps,1ns
914,2,1394,2,400Gbps,1ns
914,3,1522,2,400Gbps,1ns
914,4,1650,2,400Gbps,1ns
914,5,1778,2,400Gbps,1ns
914,6,1906,2,400Gbps,1ns
914,7,2034,2,400Gbps,1ns
915,0,1138,3,400Gbps,1ns
915,1,1266,3,400Gbps,1ns
915,2,1394,3,400Gbps,1ns
915,3,1522,3,400Gbps,1ns
915,4,1650,3,400Gbps,1ns
915,5,1778,3,400Gbps,1ns
915,6,1906,3,400Gbps,1ns
915,7,2034,3,400Gbps,1ns
916,0,1138,4,400Gbps,1ns
916,1,1266,4,400Gbps,1ns
916,2,1394,4,400Gbps,1ns
916,3,1522,4,400Gbps,1ns
916,4,1650,4,400Gbps,1ns
916,5,1778,4,400Gbps,1ns
916,6,1906,4,400Gbps,1ns
916,7,2034,4,400Gbps,1ns
917,0,1138,5,400Gbps,1ns
917,1,1266,5,400Gbps,1ns
917,2,1394,5,400Gbps,1ns
917,3,1522,5,400Gbps,1ns
917,4,1650,5,400Gbps,1ns
917,5,1778,5,400Gbps,1ns
917,6,1906,5,400Gbps,1ns
917,7,2034,5,400Gbps,1ns
918,0,1138,6,400Gbps,1ns
918,1,1266,6,400Gbps,1ns
918,2,1394,6,400Gbps,1ns
918,3,1522,6,400Gbps,1ns
918,4,1650,6,400Gbps,1ns
918,5,1778,6,400Gbps,1ns
918,6,1906,6,400Gbps,1ns
918,7,2034,6,400Gbps,1ns
919,0,1138,7,400Gbps,1ns
919,1,1266,7,400Gbps,1ns
919,2,1394,7,400Gbps,1ns
919,3,1522,7,400Gbps,1ns
919,4,1650,7,400Gbps,1ns
919,5,1778,7,400Gbps,1ns
919,6,1906,7,400Gbps,1ns
919,7,2034,7,400Gbps,1ns
920,0,1139,0,400Gbps,1ns
920,1,1267,0,400Gbps,1ns
920,2,1395,0,400Gbps,1ns
920,3,1523,0,400Gbps,1ns
920,4,1651,0,400Gbps,1ns
920,5,1779,0,400Gbps,1ns
920,6,1907,0,400Gbps,1ns
920,7,2035,0,400Gbps,1ns
921,0,1139,1,400Gbps,1ns
921,1,1267,1,400Gbps,1ns
921,2,1395,1,400Gbps,1ns
921,3,1523,1,400Gbps,1ns
921,4,1651,1,400Gbps,1ns
921,5,1779,1,400Gbps,1ns
921,6,1907,1,400Gbps,1ns
921,7,2035,1,400Gbps,1ns
922,0,1139,2,400Gbps,1ns
922,1,1267,2,400Gbps,1ns
922,2,1395,2,400Gbps,1ns
922,3,1523,2,400Gbps,1ns
922,4,1651,2,400Gbps,1ns
922,5,1779,2,400Gbps,1ns
922,6,1907,2,400Gbps,1ns
922,7,2035,2,400Gbps,1ns
923,0,1139,3,400Gbps,1ns
923,1,1267,3,400Gbps,1ns
923,2,1395,3,400Gbps,1ns
923,3,1523,3,400Gbps,1ns
923,4,1651,3,400Gbps,1ns
923,5,1779,3,400Gbps,1ns
923,6,1907,3,400Gbps,1ns
923,7,2035,3,400Gbps,1ns
924,0,1139,4,400Gbps,1ns
924,1,1267,4,400Gbps,1ns
924,2,1395,4,400Gbps,1ns
924,3,1523,4,400Gbps,1ns
924,4,1651,4,400Gbps,1ns
924,5,1779,4,400Gbps,1ns
924,6,1907,4,400Gbps,1ns
924,7,2035,4,400Gbps,1ns
925,0,1139,5,400Gbps,1ns
925,1,1267,5,400Gbps,1ns
925,2,1395,5,400Gbps,1ns
925,3,1523,5,400Gbps,1ns
925,4,1651,5,400Gbps,1ns
925,5,1779,5,400Gbps,1ns
925,6,1907,5,400Gbps,1ns
925,7,2035,5,400Gbps,1ns
926,0,1139,6,400Gbps,1ns
926,1,1267,6,400Gbps,1ns
926,2,1395,6,400Gbps,1ns
926,3,1523,6,400Gbps,1ns
926,4,1651,6,400Gbps,1ns
926,5,1779,6,400Gbps,1ns
926,6,1907,6,400Gbps,1ns
926,7,2035,6,400Gbps,1ns
927,0,1139,7,400Gbps,1ns
927,1,1267,7,400Gbps,1ns
927,2,1395,7,400Gbps,1ns
927,3,1523,7,400Gbps,1ns
927,4,1651,7,400Gbps,1ns
927,5,1779,7,400Gbps,1ns
927,6,1907,7,400Gbps,1ns
927,7,2035,7,400Gbps,1ns
928,0,1140,0,400Gbps,1ns
928,1,1268,0,400Gbps,1ns
928,2,1396,0,400Gbps,1ns
928,3,1524,0,400Gbps,1ns
928,4,1652,0,400Gbps,1ns
928,5,1780,0,400Gbps,1ns
928,6,1908,0,400Gbps,1ns
928,7,2036,0,400Gbps,1ns
929,0,1140,1,400Gbps,1ns
929,1,1268,1,400Gbps,1ns
929,2,1396,1,400Gbps,1ns
929,3,1524,1,400Gbps,1ns
929,4,1652,1,400Gbps,1ns
929,5,1780,1,400Gbps,1ns
929,6,1908,1,400Gbps,1ns
929,7,2036,1,400Gbps,1ns
930,0,1140,2,400Gbps,1ns
930,1,1268,2,400Gbps,1ns
930,2,1396,2,400Gbps,1ns
930,3,1524,2,400Gbps,1ns
930,4,1652,2,400Gbps,1ns
930,5,1780,2,400Gbps,1ns
930,6,1908,2,400Gbps,1ns
930,7,2036,2,400Gbps,1ns
931,0,1140,3,400Gbps,1ns
931,1,1268,3,400Gbps,1ns
931,2,1396,3,400Gbps,1ns
931,3,1524,3,400Gbps,1ns
931,4,1652,3,400Gbps,1ns
931,5,1780,3,400Gbps,1ns
931,6,1908,3,400Gbps,1ns
931,7,2036,3,400Gbps,1ns
932,0,1140,4,400Gbps,1ns
932,1,1268,4,400Gbps,1ns
932,2,1396,4,400Gbps,1ns
932,3,1524,4,400Gbps,1ns
932,4,1652,4,400Gbps,1ns
932,5,1780,4,400Gbps,1ns
932,6,1908,4,400Gbps,1ns
932,7,2036,4,400Gbps,1ns
933,0,1140,5,400Gbps,1ns
933,1,1268,5,400Gbps,1ns
933,2,1396,5,400Gbps,1ns
933,3,1524,5,400Gbps,1ns
933,4,1652,5,400Gbps,1ns
933,5,1780,5,400Gbps,1ns
933,6,1908,5,400Gbps,1ns
933,7,2036,5,400Gbps,1ns
934,0,1140,6,400Gbps,1ns
934,1,1268,6,400Gbps,1ns
934,2,1396,6,400Gbps,1ns
934,3,1524,6,400Gbps,1ns
934,4,1652,6,400Gbps,1ns
934,5,1780,6,400Gbps,1ns
934,6,1908,6,400Gbps,1ns
934,7,2036,6,400Gbps,1ns
935,0,1140,7,400Gbps,1ns
935,1,1268,7,400Gbps,1ns
935,2,1396,7,400Gbps,1ns
935,3,1524,7,400Gbps,1ns
935,4,1652,7,400Gbps,1ns
935,5,1780,7,400Gbps,1ns
935,6,1908,7,400Gbps,1ns
935,7,2036,7,400Gbps,1ns
936,0,1141,0,400Gbps,1ns
936,1,1269,0,400Gbps,1ns
936,2,1397,0,400Gbps,1ns
936,3,1525,0,400Gbps,1ns
936,4,1653,0,400Gbps,1ns
936,5,1781,0,400Gbps,1ns
936,6,1909,0,400Gbps,1ns
936,7,2037,0,400Gbps,1ns
937,0,1141,1,400Gbps,1ns
937,1,1269,1,400Gbps,1ns
937,2,1397,1,400Gbps,1ns
937,3,1525,1,400Gbps,1ns
937,4,1653,1,400Gbps,1ns
937,5,1781,1,400Gbps,1ns
937,6,1909,1,400Gbps,1ns
937,7,2037,1,400Gbps,1ns
938,0,1141,2,400Gbps,1ns
938,1,1269,2,400Gbps,1ns
938,2,1397,2,400Gbps,1ns
938,3,1525,2,400Gbps,1ns
938,4,1653,2,400Gbps,1ns
938,5,1781,2,400Gbps,1ns
938,6,1909,2,400Gbps,1ns
938,7,2037,2,400Gbps,1ns
939,0,1141,3,400Gbps,1ns
939,1,1269,3,400Gbps,1ns
939,2,1397,3,400Gbps,1ns
939,3,1525,3,400Gbps,1ns
939,4,1653,3,400Gbps,1ns
939,5,1781,3,400Gbps,1ns
939,6,1909,3,400Gbps,1ns
939,7,2037,3,400Gbps,1ns
940,0,1141,4,400Gbps,1ns
940,1,1269,4,400Gbps,1ns
940,2,1397,4,400Gbps,1ns
940,3,1525,4,400Gbps,1ns
940,4,1653,4,400Gbps,1ns
940,5,1781,4,400Gbps,1ns
940,6,1909,4,400Gbps,1ns
940,7,2037,4,400Gbps,1ns
941,0,1141,5,400Gbps,1ns
941,1,1269,5,400Gbps,1ns
941,2,1397,5,400Gbps,1ns
941,3,1525,5,400Gbps,1ns
941,4,1653,5,400Gbps,1ns
941,5,1781,5,400Gbps,1ns
941,6,1909,5,400Gbps,1ns
941,7,2037,5,400Gbps,1ns
942,0,1141,6,400Gbps,1ns
942,1,1269,6,400Gbps,1ns
942,2,1397,6,400Gbps,1ns
942,3,1525,6,400Gbps,1ns
942,4,1653,6,400Gbps,1ns
942,5,1781,6,400Gbps,1ns
942,6,1909,6,400Gbps,1ns
942,7,2037,6,400Gbps,1ns
943,0,1141,7,400Gbps,1ns
943,1,1269,7,400Gbps,1ns
943,2,1397,7,400Gbps,1ns
943,3,1525,7,400Gbps,1ns
943,4,1653,7,400Gbps,1ns
943,5,1781,7,400Gbps,1ns
943,6,1909,7,400Gbps,1ns
943,7,2037,7,400Gbps,1ns
944,0,1142,0,400Gbps,1ns
944,1,1270,0,400Gbps,1ns
944,2,1398,0,400Gbps,1ns
944,3,1526,0,400Gbps,1ns
944,4,1654,0,400Gbps,1ns
944,5,1782,0,400Gbps,1ns
944,6,1910,0,400Gbps,1ns
944,7,2038,0,400Gbps,1ns
945,0,1142,1,400Gbps,1ns
945,1,1270,1,400Gbps,1ns
945,2,1398,1,400Gbps,1ns
945,3,1526,1,400Gbps,1ns
945,4,1654,1,400Gbps,1ns
945,5,1782,1,400Gbps,1ns
945,6,1910,1,400Gbps,1ns
945,7,2038,1,400Gbps,1ns
946,0,1142,2,400Gbps,1ns
946,1,1270,2,400Gbps,1ns
946,2,1398,2,400Gbps,1ns
946,3,1526,2,400Gbps,1ns
946,4,1654,2,400Gbps,1ns
946,5,1782,2,400Gbps,1ns
946,6,1910,2,400Gbps,1ns
946,7,2038,2,400Gbps,1ns
947,0,1142,3,400Gbps,1ns
947,1,1270,3,400Gbps,1ns
947,2,1398,3,400Gbps,1ns
947,3,1526,3,400Gbps,1ns
947,4,1654,3,400Gbps,1ns
947,5,1782,3,400Gbps,1ns
947,6,1910,3,400Gbps,1ns
947,7,2038,3,400Gbps,1ns
948,0,1142,4,400Gbps,1ns
948,1,1270,4,400Gbps,1ns
948,2,1398,4,400Gbps,1ns
948,3,1526,4,400Gbps,1ns
948,4,1654,4,400Gbps,1ns
948,5,1782,4,400Gbps,1ns
948,6,1910,4,400Gbps,1ns
948,7,2038,4,400Gbps,1ns
949,0,1142,5,400Gbps,1ns
949,1,1270,5,400Gbps,1ns
949,2,1398,5,400Gbps,1ns
949,3,1526,5,400Gbps,1ns
949,4,1654,5,400Gbps,1ns
949,5,1782,5,400Gbps,1ns
949,6,1910,5,400Gbps,1ns
949,7,2038,5,400Gbps,1ns
950,0,1142,6,400Gbps,1ns
950,1,1270,6,400Gbps,1ns
950,2,1398,6,400Gbps,1ns
950,3,1526,6,400Gbps,1ns
950,4,1654,6,400Gbps,1ns
950,5,1782,6,400Gbps,1ns
950,6,1910,6,400Gbps,1ns
950,7,2038,6,400Gbps,1ns
951,0,1142,7,400Gbps,1ns
951,1,1270,7,400Gbps,1ns
951,2,1398,7,400Gbps,1ns
951,3,1526,7,400Gbps,1ns
951,4,1654,7,400Gbps,1ns
951,5,1782,7,400Gbps,1ns
951,6,1910,7,400Gbps,1ns
951,7,2038,7,400Gbps,1ns
952,0,1143,0,400Gbps,1ns
952,1,1271,0,400Gbps,1ns
952,2,1399,0,400Gbps,1ns
952,3,1527,0,400Gbps,1ns
952,4,1655,0,400Gbps,1ns
952,5,1783,0,400Gbps,1ns
952,6,1911,0,400Gbps,1ns
952,7,2039,0,400Gbps,1ns
953,0,1143,1,400Gbps,1ns
953,1,1271,1,400Gbps,1ns
953,2,1399,1,400Gbps,1ns
953,3,1527,1,400Gbps,1ns
953,4,1655,1,400Gbps,1ns
953,5,1783,1,400Gbps,1ns
953,6,1911,1,400Gbps,1ns
953,7,2039,1,400Gbps,1ns
954,0,1143,2,400Gbps,1ns
954,1,1271,2,400Gbps,1ns
954,2,1399,2,400Gbps,1ns
954,3,1527,2,400Gbps,1ns
954,4,1655,2,400Gbps,1ns
954,5,1783,2,400Gbps,1ns
954,6,1911,2,400Gbps,1ns
954,7,2039,2,400Gbps,1ns
955,0,1143,3,400Gbps,1ns
955,1,1271,3,400Gbps,1ns
955,2,1399,3,400Gbps,1ns
955,3,1527,3,400Gbps,1ns
955,4,1655,3,400Gbps,1ns
955,5,1783,3,400Gbps,1ns
955,6,1911,3,400Gbps,1ns
955,7,2039,3,400Gbps,1ns
956,0,1143,4,400Gbps,1ns
956,1,1271,4,400Gbps,1ns
956,2,1399,4,400Gbps,1ns
956,3,1527,4,400Gbps,1ns
956,4,1655,4,400Gbps,1ns
956,5,1783,4,400Gbps,1ns
956,6,1911,4,400Gbps,1ns
956,7,2039,4,400Gbps,1ns
957,0,1143,5,400Gbps,1ns
957,1,1271,5,400Gbps,1ns
957,2,1399,5,400Gbps,1ns
957,3,1527,5,400Gbps,1ns
957,4,1655,5,400Gbps,1ns
957,5,1783,5,400Gbps,1ns
957,6,1911,5,400Gbps,1ns
957,7,2039,5,400Gbps,1ns
958,0,1143,6,400Gbps,1ns
958,1,1271,6,400Gbps,1ns
958,2,1399,6,400Gbps,1ns
958,3,1527,6,400Gbps,1ns
958,4,1655,6,400Gbps,1ns
958,5,1783,6,400Gbps,1ns
958,6,1911,6,400Gbps,1ns
958,7,2039,6,400Gbps,1ns
959,0,1143,7,400Gbps,1ns
959,1,1271,7,400Gbps,1ns
959,2,1399,7,400Gbps,1ns
959,3,1527,7,400Gbps,1ns
959,4,1655,7,400Gbps,1ns
959,5,1783,7,400Gbps,1ns
959,6,1911,7,400Gbps,1ns
959,7,2039,7,400Gbps,1ns
960,0,1144,0,400Gbps,1ns
960,1,1272,0,400Gbps,1ns
960,2,1400,0,400Gbps,1ns
960,3,1528,0,400Gbps,1ns
960,4,1656,0,400Gbps,1ns
960,5,1784,0,400Gbps,1ns
960,6,1912,0,400Gbps,1ns
960,7,2040,0,400Gbps,1ns
961,0,1144,1,400Gbps,1ns
961,1,1272,1,400Gbps,1ns
961,2,1400,1,400Gbps,1ns
961,3,1528,1,400Gbps,1ns
961,4,1656,1,400Gbps,1ns
961,5,1784,1,400Gbps,1ns
961,6,1912,1,400Gbps,1ns
961,7,2040,1,400Gbps,1ns
962,0,1144,2,400Gbps,1ns
962,1,1272,2,400Gbps,1ns
962,2,1400,2,400Gbps,1ns
962,3,1528,2,400Gbps,1ns
962,4,1656,2,400Gbps,1ns
962,5,1784,2,400Gbps,1ns
962,6,1912,2,400Gbps,1ns
962,7,2040,2,400Gbps,1ns
963,0,1144,3,400Gbps,1ns
963,1,1272,3,400Gbps,1ns
963,2,1400,3,400Gbps,1ns
963,3,1528,3,400Gbps,1ns
963,4,1656,3,400Gbps,1ns
963,5,1784,3,400Gbps,1ns
963,6,1912,3,400Gbps,1ns
963,7,2040,3,400Gbps,1ns
964,0,1144,4,400Gbps,1ns
964,1,1272,4,400Gbps,1ns
964,2,1400,4,400Gbps,1ns
964,3,1528,4,400Gbps,1ns
964,4,1656,4,400Gbps,1ns
964,5,1784,4,400Gbps,1ns
964,6,1912,4,400Gbps,1ns
964,7,2040,4,400Gbps,1ns
965,0,1144,5,400Gbps,1ns
965,1,1272,5,400Gbps,1ns
965,2,1400,5,400Gbps,1ns
965,3,1528,5,400Gbps,1ns
965,4,1656,5,400Gbps,1ns
965,5,1784,5,400Gbps,1ns
965,6,1912,5,400Gbps,1ns
965,7,2040,5,400Gbps,1ns
966,0,1144,6,400Gbps,1ns
966,1,1272,6,400Gbps,1ns
966,2,1400,6,400Gbps,1ns
966,3,1528,6,400Gbps,1ns
966,4,1656,6,400Gbps,1ns
966,5,1784,6,400Gbps,1ns
966,6,1912,6,400Gbps,1ns
966,7,2040,6,400Gbps,1ns
967,0,1144,7,400Gbps,1ns
967,1,1272,7,400Gbps,1ns
967,2,1400,7,400Gbps,1ns
967,3,1528,7,400Gbps,1ns
967,4,1656,7,400Gbps,1ns
967,5,1784,7,400Gbps,1ns
967,6,1912,7,400Gbps,1ns
967,7,2040,7,400Gbps,1ns
968,0,1145,0,400Gbps,1ns
968,1,1273,0,400Gbps,1ns
968,2,1401,0,400Gbps,1ns
968,3,1529,0,400Gbps,1ns
968,4,1657,0,400Gbps,1ns
968,5,1785,0,400Gbps,1ns
968,6,1913,0,400Gbps,1ns
968,7,2041,0,400Gbps,1ns
969,0,1145,1,400Gbps,1ns
969,1,1273,1,400Gbps,1ns
969,2,1401,1,400Gbps,1ns
969,3,1529,1,400Gbps,1ns
969,4,1657,1,400Gbps,1ns
969,5,1785,1,400Gbps,1ns
969,6,1913,1,400Gbps,1ns
969,7,2041,1,400Gbps,1ns
970,0,1145,2,400Gbps,1ns
970,1,1273,2,400Gbps,1ns
970,2,1401,2,400Gbps,1ns
970,3,1529,2,400Gbps,1ns
970,4,1657,2,400Gbps,1ns
970,5,1785,2,400Gbps,1ns
970,6,1913,2,400Gbps,1ns
970,7,2041,2,400Gbps,1ns
971,0,1145,3,400Gbps,1ns
971,1,1273,3,400Gbps,1ns
971,2,1401,3,400Gbps,1ns
971,3,1529,3,400Gbps,1ns
971,4,1657,3,400Gbps,1ns
971,5,1785,3,400Gbps,1ns
971,6,1913,3,400Gbps,1ns
971,7,2041,3,400Gbps,1ns
972,0,1145,4,400Gbps,1ns
972,1,1273,4,400Gbps,1ns
972,2,1401,4,400Gbps,1ns
972,3,1529,4,400Gbps,1ns
972,4,1657,4,400Gbps,1ns
972,5,1785,4,400Gbps,1ns
972,6,1913,4,400Gbps,1ns
972,7,2041,4,400Gbps,1ns
973,0,1145,5,400Gbps,1ns
973,1,1273,5,400Gbps,1ns
973,2,1401,5,400Gbps,1ns
973,3,1529,5,400Gbps,1ns
973,4,1657,5,400Gbps,1ns
973,5,1785,5,400Gbps,1ns
973,6,1913,5,400Gbps,1ns
973,7,2041,5,400Gbps,1ns
974,0,1145,6,400Gbps,1ns
974,1,1273,6,400Gbps,1ns
974,2,1401,6,400Gbps,1ns
974,3,1529,6,400Gbps,1ns
974,4,1657,6,400Gbps,1ns
974,5,1785,6,400Gbps,1ns
974,6,1913,6,400Gbps,1ns
974,7,2041,6,400Gbps,1ns
975,0,1145,7,400Gbps,1ns
975,1,1273,7,400Gbps,1ns
975,2,1401,7,400Gbps,1ns
975,3,1529,7,400Gbps,1ns
975,4,1657,7,400Gbps,1ns
975,5,1785,7,400Gbps,1ns
975,6,1913,7,400Gbps,1ns
975,7,2041,7,400Gbps,1ns
976,0,1146,0,400Gbps,1ns
976,1,1274,0,400Gbps,1ns
976,2,1402,0,400Gbps,1ns
976,3,1530,0,400Gbps,1ns
976,4,1658,0,400Gbps,1ns
976,5,1786,0,400Gbps,1ns
976,6,1914,0,400Gbps,1ns
976,7,2042,0,400Gbps,1ns
977,0,1146,1,400Gbps,1ns
977,1,1274,1,400Gbps,1ns
977,2,1402,1,400Gbps,1ns
977,3,1530,1,400Gbps,1ns
977,4,1658,1,400Gbps,1ns
977,5,1786,1,400Gbps,1ns
977,6,1914,1,400Gbps,1ns
977,7,2042,1,400Gbps,1ns
978,0,1146,2,400Gbps,1ns
978,1,1274,2,400Gbps,1ns
978,2,1402,2,400Gbps,1ns
978,3,1530,2,400Gbps,1ns
978,4,1658,2,400Gbps,1ns
978,5,1786,2,400Gbps,1ns
978,6,1914,2,400Gbps,1ns
978,7,2042,2,400Gbps,1ns
979,0,1146,3,400Gbps,1ns
979,1,1274,3,400Gbps,1ns
979,2,1402,3,400Gbps,1ns
979,3,1530,3,400Gbps,1ns
979,4,1658,3,400Gbps,1ns
979,5,1786,3,400Gbps,1ns
979,6,1914,3,400Gbps,1ns
979,7,2042,3,400Gbps,1ns
980,0,1146,4,400Gbps,1ns
980,1,1274,4,400Gbps,1ns
980,2,1402,4,400Gbps,1ns
980,3,1530,4,400Gbps,1ns
980,4,1658,4,400Gbps,1ns
980,5,1786,4,400Gbps,1ns
980,6,1914,4,400Gbps,1ns
980,7,2042,4,400Gbps,1ns
981,0,1146,5,400Gbps,1ns
981,1,1274,5,400Gbps,1ns
981,2,1402,5,400Gbps,1ns
981,3,1530,5,400Gbps,1ns
981,4,1658,5,400Gbps,1ns
981,5,1786,5,400Gbps,1ns
981,6,1914,5,400Gbps,1ns
981,7,2042,5,400Gbps,1ns
982,0,1146,6,400Gbps,1ns
982,1,1274,6,400Gbps,1ns
982,2,1402,6,400Gbps,1ns
982,3,1530,6,400Gbps,1ns
982,4,1658,6,400Gbps,1ns
982,5,1786,6,400Gbps,1ns
982,6,1914,6,400Gbps,1ns
982,7,2042,6,400Gbps,1ns
983,0,1146,7,400Gbps,1ns
983,1,1274,7,400Gbps,1ns
983,2,1402,7,400Gbps,1ns
983,3,1530,7,400Gbps,1ns
983,4,1658,7,400Gbps,1ns
983,5,1786,7,400Gbps,1ns
983,6,1914,7,400Gbps,1ns
983,7,2042,7,400Gbps,1ns
984,0,1147,0,400Gbps,1ns
984,1,1275,0,400Gbps,1ns
984,2,1403,0,400Gbps,1ns
984,3,1531,0,400Gbps,1ns
984,4,1659,0,400Gbps,1ns
984,5,1787,0,400Gbps,1ns
984,6,1915,0,400Gbps,1ns
984,7,2043,0,400Gbps,1ns
985,0,1147,1,400Gbps,1ns
985,1,1275,1,400Gbps,1ns
985,2,1403,1,400Gbps,1ns
985,3,1531,1,400Gbps,1ns
985,4,1659,1,400Gbps,1ns
985,5,1787,1,400Gbps,1ns
985,6,1915,1,400Gbps,1ns
985,7,2043,1,400Gbps,1ns
986,0,1147,2,400Gbps,1ns
986,1,1275,2,400Gbps,1ns
986,2,1403,2,400Gbps,1ns
986,3,1531,2,400Gbps,1ns
986,4,1659,2,400Gbps,1ns
986,5,1787,2,400Gbps,1ns
986,6,1915,2,400Gbps,1ns
986,7,2043,2,400Gbps,1ns
987,0,1147,3,400Gbps,1ns
987,1,1275,3,400Gbps,1ns
987,2,1403,3,400Gbps,1ns
987,3,1531,3,400Gbps,1ns
987,4,1659,3,400Gbps,1ns
987,5,1787,3,400Gbps,1ns
987,6,1915,3,400Gbps,1ns
987,7,2043,3,400Gbps,1ns
988,0,1147,4,400Gbps,1ns
988,1,1275,4,400Gbps,1ns
988,2,1403,4,400Gbps,1ns
988,3,1531,4,400Gbps,1ns
988,4,1659,4,400Gbps,1ns
988,5,1787,4,400Gbps,1ns
988,6,1915,4,400Gbps,1ns
988,7,2043,4,400Gbps,1ns
989,0,1147,5,400Gbps,1ns
989,1,1275,5,400Gbps,1ns
989,2,1403,5,400Gbps,1ns
989,3,1531,5,400Gbps,1ns
989,4,1659,5,400Gbps,1ns
989,5,1787,5,400Gbps,1ns
989,6,1915,5,400Gbps,1ns
989,7,2043,5,400Gbps,1ns
990,0,1147,6,400Gbps,1ns
990,1,1275,6,400Gbps,1ns
990,2,1403,6,400Gbps,1ns
990,3,1531,6,400Gbps,1ns
990,4,1659,6,400Gbps,1ns
990,5,1787,6,400Gbps,1ns
990,6,1915,6,400Gbps,1ns
990,7,2043,6,400Gbps,1ns
991,0,1147,7,400Gbps,1ns
991,1,1275,7,400Gbps,1ns
991,2,1403,7,400Gbps,1ns
991,3,1531,7,400Gbps,1ns
991,4,1659,7,400Gbps,1ns
991,5,1787,7,400Gbps,1ns
991,6,1915,7,400Gbps,1ns
991,7,2043,7,400Gbps,1ns
992,0,1148,0,400Gbps,1ns
992,1,1276,0,400Gbps,1ns
992,2,1404,0,400Gbps,1ns
992,3,1532,0,400Gbps,1ns
992,4,1660,0,400Gbps,1ns
992,5,1788,0,400Gbps,1ns
992,6,1916,0,400Gbps,1ns
992,7,2044,0,400Gbps,1ns
993,0,1148,1,400Gbps,1ns
993,1,1276,1,400Gbps,1ns
993,2,1404,1,400Gbps,1ns
993,3,1532,1,400Gbps,1ns
993,4,1660,1,400Gbps,1ns
993,5,1788,1,400Gbps,1ns
993,6,1916,1,400Gbps,1ns
993,7,2044,1,400Gbps,1ns
994,0,1148,2,400Gbps,1ns
994,1,1276,2,400Gbps,1ns
994,2,1404,2,400Gbps,1ns
994,3,1532,2,400Gbps,1ns
994,4,1660,2,400Gbps,1ns
994,5,1788,2,400Gbps,1ns
994,6,1916,2,400Gbps,1ns
994,7,2044,2,400Gbps,1ns
995,0,1148,3,400Gbps,1ns
995,1,1276,3,400Gbps,1ns
995,2,1404,3,400Gbps,1ns
995,3,1532,3,400Gbps,1ns
995,4,1660,3,400Gbps,1ns
995,5,1788,3,400Gbps,1ns
995,6,1916,3,400Gbps,1ns
995,7,2044,3,400Gbps,1ns
996,0,1148,4,400Gbps,1ns
996,1,1276,4,400Gbps,1ns
996,2,1404,4,400Gbps,1ns
996,3,1532,4,400Gbps,1ns
996,4,1660,4,400Gbps,1ns
996,5,1788,4,400Gbps,1ns
996,6,1916,4,400Gbps,1ns
996,7,2044,4,400Gbps,1ns
997,0,1148,5,400Gbps,1ns
997,1,1276,5,400Gbps,1ns
997,2,1404,5,400Gbps,1ns
997,3,1532,5,400Gbps,1ns
997,4,1660,5,400Gbps,1ns
997,5,1788,5,400Gbps,1ns
997,6,1916,5,400Gbps,1ns
997,7,2044,5,400Gbps,1ns
998,0,1148,6,400Gbps,1ns
998,1,1276,6,400Gbps,1ns
998,2,1404,6,400Gbps,1ns
998,3,1532,6,400Gbps,1ns
998,4,1660,6,400Gbps,1ns
998,5,1788,6,400Gbps,1ns
998,6,1916,6,400Gbps,1ns
998,7,2044,6,400Gbps,1ns
999,0,1148,7,400Gbps,1ns
999,1,1276,7,400Gbps,1ns
999,2,1404,7,400Gbps,1ns
999,3,1532,7,400Gbps,1ns
999,4,1660,7,400Gbps,1ns
999,5,1788,7,400Gbps,1ns
999,6,1916,7,400Gbps,1ns
999,7,2044,7,400Gbps,1ns
1000,0,1149,0,400Gbps,1ns
1000,1,1277,0,400Gbps,1ns
1000,2,1405,0,400Gbps,1ns
1000,3,1533,0,400Gbps,1ns
1000,4,1661,0,400Gbps,1ns
1000,5,1789,0,400Gbps,1ns
1000,6,1917,0,400Gbps,1ns
1000,7,2045,0,400Gbps,1ns
1001,0,1149,1,400Gbps,1ns
1001,1,1277,1,400Gbps,1ns
1001,2,1405,1,400Gbps,1ns
1001,3,1533,1,400Gbps,1ns
1001,4,1661,1,400Gbps,1ns
1001,5,1789,1,400Gbps,1ns
1001,6,1917,1,400Gbps,1ns
1001,7,2045,1,400Gbps,1ns
1002,0,1149,2,400Gbps,1ns
1002,1,1277,2,400Gbps,1ns
1002,2,1405,2,400Gbps,1ns
1002,3,1533,2,400Gbps,1ns
1002,4,1661,2,400Gbps,1ns
1002,5,1789,2,400Gbps,1ns
1002,6,1917,2,400Gbps,1ns
1002,7,2045,2,400Gbps,1ns
1003,0,1149,3,400Gbps,1ns
1003,1,1277,3,400Gbps,1ns
1003,2,1405,3,400Gbps,1ns
1003,3,1533,3,400Gbps,1ns
1003,4,1661,3,400Gbps,1ns
1003,5,1789,3,400Gbps,1ns
1003,6,1917,3,400Gbps,1ns
1003,7,2045,3,400Gbps,1ns
1004,0,1149,4,400Gbps,1ns
1004,1,1277,4,400Gbps,1ns
1004,2,1405,4,400Gbps,1ns
1004,3,1533,4,400Gbps,1ns
1004,4,1661,4,400Gbps,1ns
1004,5,1789,4,400Gbps,1ns
1004,6,1917,4,400Gbps,1ns
1004,7,2045,4,400Gbps,1ns
1005,0,1149,5,400Gbps,1ns
1005,1,1277,5,400Gbps,1ns
1005,2,1405,5,400Gbps,1ns
1005,3,1533,5,400Gbps,1ns
1005,4,1661,5,400Gbps,1ns
1005,5,1789,5,400Gbps,1ns
1005,6,1917,5,400Gbps,1ns
1005,7,2045,5,400Gbps,1ns
1006,0,1149,6,400Gbps,1ns
1006,1,1277,6,400Gbps,1ns
1006,2,1405,6,400Gbps,1ns
1006,3,1533,6,400Gbps,1ns
1006,4,1661,6,400Gbps,1ns
1006,5,1789,6,400Gbps,1ns
1006,6,1917,6,400Gbps,1ns
1006,7,2045,6,400Gbps,1ns
1007,0,1149,7,400Gbps,1ns
1007,1,1277,7,400Gbps,1ns
1007,2,1405,7,400Gbps,1ns
1007,3,1533,7,400Gbps,1ns
1007,4,1661,7,400Gbps,1ns
1007,5,1789,7,400Gbps,1ns
1007,6,1917,7,400Gbps,1ns
1007,7,2045,7,400Gbps,1ns
1008,0,1150,0,400Gbps,1ns
1008,1,1278,0,400Gbps,1ns
1008,2,1406,0,400Gbps,1ns
1008,3,1534,0,400Gbps,1ns
1008,4,1662,0,400Gbps,1ns
1008,5,1790,0,400Gbps,1ns
1008,6,1918,0,400Gbps,1ns
1008,7,2046,0,400Gbps,1ns
1009,0,1150,1,400Gbps,1ns
1009,1,1278,1,400Gbps,1ns
1009,2,1406,1,400Gbps,1ns
1009,3,1534,1,400Gbps,1ns
1009,4,1662,1,400Gbps,1ns
1009,5,1790,1,400Gbps,1ns
1009,6,1918,1,400Gbps,1ns
1009,7,2046,1,400Gbps,1ns
1010,0,1150,2,400Gbps,1ns
1010,1,1278,2,400Gbps,1ns
1010,2,1406,2,400Gbps,1ns
1010,3,1534,2,400Gbps,1ns
1010,4,1662,2,400Gbps,1ns
1010,5,1790,2,400Gbps,1ns
1010,6,1918,2,400Gbps,1ns
1010,7,2046,2,400Gbps,1ns
1011,0,1150,3,400Gbps,1ns
1011,1,1278,3,400Gbps,1ns
1011,2,1406,3,400Gbps,1ns
1011,3,1534,3,400Gbps,1ns
1011,4,1662,3,400Gbps,1ns
1011,5,1790,3,400Gbps,1ns
1011,6,1918,3,400Gbps,1ns
1011,7,2046,3,400Gbps,1ns
1012,0,1150,4,400Gbps,1ns
1012,1,1278,4,400Gbps,1ns
1012,2,1406,4,400Gbps,1ns
1012,3,1534,4,400Gbps,1ns
1012,4,1662,4,400Gbps,1ns
1012,5,1790,4,400Gbps,1ns
1012,6,1918,4,400Gbps,1ns
1012,7,2046,4,400Gbps,1ns
1013,0,1150,5,400Gbps,1ns
1013,1,1278,5,400Gbps,1ns
1013,2,1406,5,400Gbps,1ns
1013,3,1534,5,400Gbps,1ns
1013,4,1662,5,400Gbps,1ns
1013,5,1790,5,400Gbps,1ns
1013,6,1918,5,400Gbps,1ns
1013,7,2046,5,400Gbps,1ns
1014,0,1150,6,400Gbps,1ns
1014,1,1278,6,400Gbps,1ns
1014,2,1406,6,400Gbps,1ns
1014,3,1534,6,400Gbps,1ns
1014,4,1662,6,400Gbps,1ns
1014,5,1790,6,400Gbps,1ns
1014,6,1918,6,400Gbps,1ns
1014,7,2046,6,400Gbps,1ns
1015,0,1150,7,400Gbps,1ns
1015,1,1278,7,400Gbps,1ns
1015,2,1406,7,400Gbps,1ns
1015,3,1534,7,400Gbps,1ns
1015,4,1662,7,400Gbps,1ns
1015,5,1790,7,400Gbps,1ns
1015,6,1918,7,400Gbps,1ns
1015,7,2046,7,400Gbps,1ns
1016,0,1151,0,400Gbps,1ns
1016,1,1279,0,400Gbps,1ns
1016,2,1407,0,400Gbps,1ns
1016,3,1535,0,400Gbps,1ns
1016,4,1663,0,400Gbps,1ns
1016,5,1791,0,400Gbps,1ns
1016,6,1919,0,400Gbps,1ns
1016,7,2047,0,400Gbps,1ns
1017,0,1151,1,400Gbps,1ns
1017,1,1279,1,400Gbps,1ns
1017,2,1407,1,400Gbps,1ns
1017,3,1535,1,400Gbps,1ns
1017,4,1663,1,400Gbps,1ns
1017,5,1791,1,400Gbps,1ns
1017,6,1919,1,400Gbps,1ns
1017,7,2047,1,400Gbps,1ns
1018,0,1151,2,400Gbps,1ns
1018,1,1279,2,400Gbps,1ns
1018,2,1407,2,400Gbps,1ns
1018,3,1535,2,400Gbps,1ns
1018,4,1663,2,400Gbps,1ns
1018,5,1791,2,400Gbps,1ns
1018,6,1919,2,400Gbps,1ns
1018,7,2047,2,400Gbps,1ns
1019,0,1151,3,400Gbps,1ns
1019,1,1279,3,400Gbps,1ns
1019,2,1407,3,400Gbps,1ns
1019,3,1535,3,400Gbps,1ns
1019,4,1663,3,400Gbps,1ns
1019,5,1791,3,400Gbps,1ns
1019,6,1919,3,400Gbps,1ns
1019,7,2047,3,400Gbps,1ns
1020,0,1151,4,400Gbps,1ns
1020,1,1279,4,400Gbps,1ns
1020,2,1407,4,400Gbps,1ns
1020,3,1535,4,400Gbps,1ns
1020,4,1663,4,400Gbps,1ns
1020,5,1791,4,400Gbps,1ns
1020,6,1919,4,400Gbps,1ns
1020,7,2047,4,400Gbps,1ns
1021,0,1151,5,400Gbps,1ns
1021,1,1279,5,400Gbps,1ns
1021,2,1407,5,400Gbps,1ns
1021,3,1535,5,400Gbps,1ns
1021,4,1663,5,400Gbps,1ns
1021,5,1791,5,400Gbps,1ns
1021,6,1919,5,400Gbps,1ns
1021,7,2047,5,400Gbps,1ns
1022,0,1151,6,400Gbps,1ns
1022,1,1279,6,400Gbps,1ns
1022,2,1407,6,400Gbps,1ns
1022,3,1535,6,400Gbps,1ns
1022,4,1663,6,400Gbps,1ns
1022,5,1791,6,400Gbps,1ns
1022,6,1919,6,400Gbps,1ns
1022,7,2047,6,400Gbps,1ns
1023,0,1151,7,400Gbps,1ns
1023,1,1279,7,400Gbps,1ns
1023,2,1407,7,400Gbps,1ns
1023,3,1535,7,400Gbps,1ns
1023,4,1663,7,400Gbps,1ns
1023,5,1791,7,400Gbps,1ns
1023,6,1919,7,400Gbps,1ns
1023,7,2047,7,400Gbps,1ns
0,8,1,8,400Gbps,1ns
0,9,2,8,400Gbps,1ns
0,10,3,8,400Gbps,1ns
0,11,4,8,400Gbps,1ns
0,12,5,8,400Gbps,1ns
0,13,6,8,400Gbps,1ns
0,14,7,8,400Gbps,1ns
1,9,2,9,400Gbps,1ns
1,10,3,9,400Gbps,1ns
1,11,4,9,400Gbps,1ns
1,12,5,9,400Gbps,1ns
1,13,6,9,400Gbps,1ns
1,14,7,9,400Gbps,1ns
2,10,3,10,400Gbps,1ns
2,11,4,10,400Gbps,1ns
2,12,5,10,400Gbps,1ns
2,13,6,10,400Gbps,1ns
2,14,7,10,400Gbps,1ns
3,11,4,11,400Gbps,1ns
3,12,5,11,400Gbps,1ns
3,13,6,11,400Gbps,1ns
3,14,7,11,400Gbps,1ns
4,12,5,12,400Gbps,1ns
4,13,6,12,400Gbps,1ns
4,14,7,12,400Gbps,1ns
5,13,6,13,400Gbps,1ns
5,14,7,13,400Gbps,1ns
6,14,7,14,400Gbps,1ns
8,8,9,8,400Gbps,1ns
8,9,10,8,400Gbps,1ns
8,10,11,8,400Gbps,1ns
8,11,12,8,400Gbps,1ns
8,12,13,8,400Gbps,1ns
8,13,14,8,400Gbps,1ns
8,14,15,8,400Gbps,1ns
9,9,10,9,400Gbps,1ns
9,10,11,9,400Gbps,1ns
9,11,12,9,400Gbps,1ns
9,12,13,9,400Gbps,1ns
9,13,14,9,400Gbps,1ns
9,14,15,9,400Gbps,1ns
10,10,11,10,400Gbps,1ns
10,11,12,10,400Gbps,1ns
10,12,13,10,400Gbps,1ns
10,13,14,10,400Gbps,1ns
10,14,15,10,400Gbps,1ns
11,11,12,11,400Gbps,1ns
11,12,13,11,400Gbps,1ns
11,13,14,11,400Gbps,1ns
11,14,15,11,400Gbps,1ns
12,12,13,12,400Gbps,1ns
12,13,14,12,400Gbps,1ns
12,14,15,12,400Gbps,1ns
13,13,14,13,400Gbps,1ns
13,14,15,13,400Gbps,1ns
14,14,15,14,400Gbps,1ns
16,8,17,8,400Gbps,1ns
16,9,18,8,400Gbps,1ns
16,10,19,8,400Gbps,1ns
16,11,20,8,400Gbps,1ns
16,12,21,8,400Gbps,1ns
16,13,22,8,400Gbps,1ns
16,14,23,8,400Gbps,1ns
17,9,18,9,400Gbps,1ns
17,10,19,9,400Gbps,1ns
17,11,20,9,400Gbps,1ns
17,12,21,9,400Gbps,1ns
17,13,22,9,400Gbps,1ns
17,14,23,9,400Gbps,1ns
18,10,19,10,400Gbps,1ns
18,11,20,10,400Gbps,1ns
18,12,21,10,400Gbps,1ns
18,13,22,10,400Gbps,1ns
18,14,23,10,400Gbps,1ns
19,11,20,11,400Gbps,1ns
19,12,21,11,400Gbps,1ns
19,13,22,11,400Gbps,1ns
19,14,23,11,400Gbps,1ns
20,12,21,12,400Gbps,1ns
20,13,22,12,400Gbps,1ns
20,14,23,12,400Gbps,1ns
21,13,22,13,400Gbps,1ns
21,14,23,13,400Gbps,1ns
22,14,23,14,400Gbps,1ns
24,8,25,8,400Gbps,1ns
24,9,26,8,400Gbps,1ns
24,10,27,8,400Gbps,1ns
24,11,28,8,400Gbps,1ns
24,12,29,8,400Gbps,1ns
24,13,30,8,400Gbps,1ns
24,14,31,8,400Gbps,1ns
25,9,26,9,400Gbps,1ns
25,10,27,9,400Gbps,1ns
25,11,28,9,400Gbps,1ns
25,12,29,9,400Gbps,1ns
25,13,30,9,400Gbps,1ns
25,14,31,9,400Gbps,1ns
26,10,27,10,400Gbps,1ns
26,11,28,10,400Gbps,1ns
26,12,29,10,400Gbps,1ns
26,13,30,10,400Gbps,1ns
26,14,31,10,400Gbps,1ns
27,11,28,11,400Gbps,1ns
27,12,29,11,400Gbps,1ns
27,13,30,11,400Gbps,1ns
27,14,31,11,400Gbps,1ns
28,12,29,12,400Gbps,1ns
28,13,30,12,400Gbps,1ns
28,14,31,12,400Gbps,1ns
29,13,30,13,400Gbps,1ns
29,14,31,13,400Gbps,1ns
30,14,31,14,400Gbps,1ns
32,8,33,8,400Gbps,1ns
32,9,34,8,400Gbps,1ns
32,10,35,8,400Gbps,1ns
32,11,36,8,400Gbps,1ns
32,12,37,8,400Gbps,1ns
32,13,38,8,400Gbps,1ns
32,14,39,8,400Gbps,1ns
33,9,34,9,400Gbps,1ns
33,10,35,9,400Gbps,1ns
33,11,36,9,400Gbps,1ns
33,12,37,9,400Gbps,1ns
33,13,38,9,400Gbps,1ns
33,14,39,9,400Gbps,1ns
34,10,35,10,400Gbps,1ns
34,11,36,10,400Gbps,1ns
34,12,37,10,400Gbps,1ns
34,13,38,10,400Gbps,1ns
34,14,39,10,400Gbps,1ns
35,11,36,11,400Gbps,1ns
35,12,37,11,400Gbps,1ns
35,13,38,11,400Gbps,1ns
35,14,39,11,400Gbps,1ns
36,12,37,12,400Gbps,1ns
36,13,38,12,400Gbps,1ns
36,14,39,12,400Gbps,1ns
37,13,38,13,400Gbps,1ns
37,14,39,13,400Gbps,1ns
38,14,39,14,400Gbps,1ns
40,8,41,8,400Gbps,1ns
40,9,42,8,400Gbps,1ns
40,10,43,8,400Gbps,1ns
40,11,44,8,400Gbps,1ns
40,12,45,8,400Gbps,1ns
40,13,46,8,400Gbps,1ns
40,14,47,8,400Gbps,1ns
41,9,42,9,400Gbps,1ns
41,10,43,9,400Gbps,1ns
41,11,44,9,400Gbps,1ns
41,12,45,9,400Gbps,1ns
41,13,46,9,400Gbps,1ns
41,14,47,9,400Gbps,1ns
42,10,43,10,400Gbps,1ns
42,11,44,10,400Gbps,1ns
42,12,45,10,400Gbps,1ns
42,13,46,10,400Gbps,1ns
42,14,47,10,400Gbps,1ns
43,11,44,11,400Gbps,1ns
43,12,45,11,400Gbps,1ns
43,13,46,11,400Gbps,1ns
43,14,47,11,400Gbps,1ns
44,12,45,12,400Gbps,1ns
44,13,46,12,400Gbps,1ns
44,14,47,12,400Gbps,1ns
45,13,46,13,400Gbps,1ns
45,14,47,13,400Gbps,1ns
46,14,47,14,400Gbps,1ns
48,8,49,8,400Gbps,1ns
48,9,50,8,400Gbps,1ns
48,10,51,8,400Gbps,1ns
48,11,52,8,400Gbps,1ns
48,12,53,8,400Gbps,1ns
48,13,54,8,400Gbps,1ns
48,14,55,8,400Gbps,1ns
49,9,50,9,400Gbps,1ns
49,10,51,9,400Gbps,1ns
49,11,52,9,400Gbps,1ns
49,12,53,9,400Gbps,1ns
49,13,54,9,400Gbps,1ns
49,14,55,9,400Gbps,1ns
50,10,51,10,400Gbps,1ns
50,11,52,10,400Gbps,1ns
50,12,53,10,400Gbps,1ns
50,13,54,10,400Gbps,1ns
50,14,55,10,400Gbps,1ns
51,11,52,11,400Gbps,1ns
51,12,53,11,400Gbps,1ns
51,13,54,11,400Gbps,1ns
51,14,55,11,400Gbps,1ns
52,12,53,12,400Gbps,1ns
52,13,54,12,400Gbps,1ns
52,14,55,12,400Gbps,1ns
53,13,54,13,400Gbps,1ns
53,14,55,13,400Gbps,1ns
54,14,55,14,400Gbps,1ns
56,8,57,8,400Gbps,1ns
56,9,58,8,400Gbps,1ns
56,10,59,8,400Gbps,1ns
56,11,60,8,400Gbps,1ns
56,12,61,8,400Gbps,1ns
56,13,62,8,400Gbps,1ns
56,14,63,8,400Gbps,1ns
57,9,58,9,400Gbps,1ns
57,10,59,9,400Gbps,1ns
57,11,60,9,400Gbps,1ns
57,12,61,9,400Gbps,1ns
57,13,62,9,400Gbps,1ns
57,14,63,9,400Gbps,1ns
58,10,59,10,400Gbps,1ns
58,11,60,10,400Gbps,1ns
58,12,61,10,400Gbps,1ns
58,13,62,10,400Gbps,1ns
58,14,63,10,400Gbps,1ns
59,11,60,11,400Gbps,1ns
59,12,61,11,400Gbps,1ns
59,13,62,11,400Gbps,1ns
59,14,63,11,400Gbps,1ns
60,12,61,12,400Gbps,1ns
60,13,62,12,400Gbps,1ns
60,14,63,12,400Gbps,1ns
61,13,62,13,400Gbps,1ns
61,14,63,13,400Gbps,1ns
62,14,63,14,400Gbps,1ns
64,8,65,8,400Gbps,1ns
64,9,66,8,400Gbps,1ns
64,10,67,8,400Gbps,1ns
64,11,68,8,400Gbps,1ns
64,12,69,8,400Gbps,1ns
64,13,70,8,400Gbps,1ns
64,14,71,8,400Gbps,1ns
65,9,66,9,400Gbps,1ns
65,10,67,9,400Gbps,1ns
65,11,68,9,400Gbps,1ns
65,12,69,9,400Gbps,1ns
65,13,70,9,400Gbps,1ns
65,14,71,9,400Gbps,1ns
66,10,67,10,400Gbps,1ns
66,11,68,10,400Gbps,1ns
66,12,69,10,400Gbps,1ns
66,13,70,10,400Gbps,1ns
66,14,71,10,400Gbps,1ns
67,11,68,11,400Gbps,1ns
67,12,69,11,400Gbps,1ns
67,13,70,11,400Gbps,1ns
67,14,71,11,400Gbps,1ns
68,12,69,12,400Gbps,1ns
68,13,70,12,400Gbps,1ns
68,14,71,12,400Gbps,1ns
69,13,70,13,400Gbps,1ns
69,14,71,13,400Gbps,1ns
70,14,71,14,400Gbps,1ns
72,8,73,8,400Gbps,1ns
72,9,74,8,400Gbps,1ns
72,10,75,8,400Gbps,1ns
72,11,76,8,400Gbps,1ns
72,12,77,8,400Gbps,1ns
72,13,78,8,400Gbps,1ns
72,14,79,8,400Gbps,1ns
73,9,74,9,400Gbps,1ns
73,10,75,9,400Gbps,1ns
73,11,76,9,400Gbps,1ns
73,12,77,9,400Gbps,1ns
73,13,78,9,400Gbps,1ns
73,14,79,9,400Gbps,1ns
74,10,75,10,400Gbps,1ns
74,11,76,10,400Gbps,1ns
74,12,77,10,400Gbps,1ns
74,13,78,10,400Gbps,1ns
74,14,79,10,400Gbps,1ns
75,11,76,11,400Gbps,1ns
75,12,77,11,400Gbps,1ns
75,13,78,11,400Gbps,1ns
75,14,79,11,400Gbps,1ns
76,12,77,12,400Gbps,1ns
76,13,78,12,400Gbps,1ns
76,14,79,12,400Gbps,1ns
77,13,78,13,400Gbps,1ns
77,14,79,13,400Gbps,1ns
78,14,79,14,400Gbps,1ns
80,8,81,8,400Gbps,1ns
80,9,82,8,400Gbps,1ns
80,10,83,8,400Gbps,1ns
80,11,84,8,400Gbps,1ns
80,12,85,8,400Gbps,1ns
80,13,86,8,400Gbps,1ns
80,14,87,8,400Gbps,1ns
81,9,82,9,400Gbps,1ns
81,10,83,9,400Gbps,1ns
81,11,84,9,400Gbps,1ns
81,12,85,9,400Gbps,1ns
81,13,86,9,400Gbps,1ns
81,14,87,9,400Gbps,1ns
82,10,83,10,400Gbps,1ns
82,11,84,10,400Gbps,1ns
82,12,85,10,400Gbps,1ns
82,13,86,10,400Gbps,1ns
82,14,87,10,400Gbps,1ns
83,11,84,11,400Gbps,1ns
83,12,85,11,400Gbps,1ns
83,13,86,11,400Gbps,1ns
83,14,87,11,400Gbps,1ns
84,12,85,12,400Gbps,1ns
84,13,86,12,400Gbps,1ns
84,14,87,12,400Gbps,1ns
85,13,86,13,400Gbps,1ns
85,14,87,13,400Gbps,1ns
86,14,87,14,400Gbps,1ns
88,8,89,8,400Gbps,1ns
88,9,90,8,400Gbps,1ns
88,10,91,8,400Gbps,1ns
88,11,92,8,400Gbps,1ns
88,12,93,8,400Gbps,1ns
88,13,94,8,400Gbps,1ns
88,14,95,8,400Gbps,1ns
89,9,90,9,400Gbps,1ns
89,10,91,9,400Gbps,1ns
89,11,92,9,400Gbps,1ns
89,12,93,9,400Gbps,1ns
89,13,94,9,400Gbps,1ns
89,14,95,9,400Gbps,1ns
90,10,91,10,400Gbps,1ns
90,11,92,10,400Gbps,1ns
90,12,93,10,400Gbps,1ns
90,13,94,10,400Gbps,1ns
90,14,95,10,400Gbps,1ns
91,11,92,11,400Gbps,1ns
91,12,93,11,400Gbps,1ns
91,13,94,11,400Gbps,1ns
91,14,95,11,400Gbps,1ns
92,12,93,12,400Gbps,1ns
92,13,94,12,400Gbps,1ns
92,14,95,12,400Gbps,1ns
93,13,94,13,400Gbps,1ns
93,14,95,13,400Gbps,1ns
94,14,95,14,400Gbps,1ns
96,8,97,8,400Gbps,1ns
96,9,98,8,400Gbps,1ns
96,10,99,8,400Gbps,1ns
96,11,100,8,400Gbps,1ns
96,12,101,8,400Gbps,1ns
96,13,102,8,400Gbps,1ns
96,14,103,8,400Gbps,1ns
97,9,98,9,400Gbps,1ns
97,10,99,9,400Gbps,1ns
97,11,100,9,400Gbps,1ns
97,12,101,9,400Gbps,1ns
97,13,102,9,400Gbps,1ns
97,14,103,9,400Gbps,1ns
98,10,99,10,400Gbps,1ns
98,11,100,10,400Gbps,1ns
98,12,101,10,400Gbps,1ns
98,13,102,10,400Gbps,1ns
98,14,103,10,400Gbps,1ns
99,11,100,11,400Gbps,1ns
99,12,101,11,400Gbps,1ns
99,13,102,11,400Gbps,1ns
99,14,103,11,400Gbps,1ns
100,12,101,12,400Gbps,1ns
100,13,102,12,400Gbps,1ns
100,14,103,12,400Gbps,1ns
101,13,102,13,400Gbps,1ns
101,14,103,13,400Gbps,1ns
102,14,103,14,400Gbps,1ns
104,8,105,8,400Gbps,1ns
104,9,106,8,400Gbps,1ns
104,10,107,8,400Gbps,1ns
104,11,108,8,400Gbps,1ns
104,12,109,8,400Gbps,1ns
104,13,110,8,400Gbps,1ns
104,14,111,8,400Gbps,1ns
105,9,106,9,400Gbps,1ns
105,10,107,9,400Gbps,1ns
105,11,108,9,400Gbps,1ns
105,12,109,9,400Gbps,1ns
105,13,110,9,400Gbps,1ns
105,14,111,9,400Gbps,1ns
106,10,107,10,400Gbps,1ns
106,11,108,10,400Gbps,1ns
106,12,109,10,400Gbps,1ns
106,13,110,10,400Gbps,1ns
106,14,111,10,400Gbps,1ns
107,11,108,11,400Gbps,1ns
107,12,109,11,400Gbps,1ns
107,13,110,11,400Gbps,1ns
107,14,111,11,400Gbps,1ns
108,12,109,12,400Gbps,1ns
108,13,110,12,400Gbps,1ns
108,14,111,12,400Gbps,1ns
109,13,110,13,400Gbps,1ns
109,14,111,13,400Gbps,1ns
110,14,111,14,400Gbps,1ns
112,8,113,8,400Gbps,1ns
112,9,114,8,400Gbps,1ns
112,10,115,8,400Gbps,1ns
112,11,116,8,400Gbps,1ns
112,12,117,8,400Gbps,1ns
112,13,118,8,400Gbps,1ns
112,14,119,8,400Gbps,1ns
113,9,114,9,400Gbps,1ns
113,10,115,9,400Gbps,1ns
113,11,116,9,400Gbps,1ns
113,12,117,9,400Gbps,1ns
113,13,118,9,400Gbps,1ns
113,14,119,9,400Gbps,1ns
114,10,115,10,400Gbps,1ns
114,11,116,10,400Gbps,1ns
114,12,117,10,400Gbps,1ns
114,13,118,10,400Gbps,1ns
114,14,119,10,400Gbps,1ns
115,11,116,11,400Gbps,1ns
115,12,117,11,400Gbps,1ns
115,13,118,11,400Gbps,1ns
115,14,119,11,400Gbps,1ns
116,12,117,12,400Gbps,1ns
116,13,118,12,400Gbps,1ns
116,14,119,12,400Gbps,1ns
117,13,118,13,400Gbps,1ns
117,14,119,13,400Gbps,1ns
118,14,119,14,400Gbps,1ns
120,8,121,8,400Gbps,1ns
120,9,122,8,400Gbps,1ns
120,10,123,8,400Gbps,1ns
120,11,124,8,400Gbps,1ns
120,12,125,8,400Gbps,1ns
120,13,126,8,400Gbps,1ns
120,14,127,8,400Gbps,1ns
121,9,122,9,400Gbps,1ns
121,10,123,9,400Gbps,1ns
121,11,124,9,400Gbps,1ns
121,12,125,9,400Gbps,1ns
121,13,126,9,400Gbps,1ns
121,14,127,9,400Gbps,1ns
122,10,123,10,400Gbps,1ns
122,11,124,10,400Gbps,1ns
122,12,125,10,400Gbps,1ns
122,13,126,10,400Gbps,1ns
122,14,127,10,400Gbps,1ns
123,11,124,11,400Gbps,1ns
123,12,125,11,400Gbps,1ns
123,13,126,11,400Gbps,1ns
123,14,127,11,400Gbps,1ns
124,12,125,12,400Gbps,1ns
124,13,126,12,400Gbps,1ns
124,14,127,12,400Gbps,1ns
125,13,126,13,400Gbps,1ns
125,14,127,13,400Gbps,1ns
126,14,127,14,400Gbps,1ns
128,8,129,8,400Gbps,1ns
128,9,130,8,400Gbps,1ns
128,10,131,8,400Gbps,1ns
128,11,132,8,400Gbps,1ns
128,12,133,8,400Gbps,1ns
128,13,134,8,400Gbps,1ns
128,14,135,8,400Gbps,1ns
129,9,130,9,400Gbps,1ns
129,10,131,9,400Gbps,1ns
129,11,132,9,400Gbps,1ns
129,12,133,9,400Gbps,1ns
129,13,134,9,400Gbps,1ns
129,14,135,9,400Gbps,1ns
130,10,131,10,400Gbps,1ns
130,11,132,10,400Gbps,1ns
130,12,133,10,400Gbps,1ns
130,13,134,10,400Gbps,1ns
130,14,135,10,400Gbps,1ns
131,11,132,11,400Gbps,1ns
131,12,133,11,400Gbps,1ns
131,13,134,11,400Gbps,1ns
131,14,135,11,400Gbps,1ns
132,12,133,12,400Gbps,1ns
132,13,134,12,400Gbps,1ns
132,14,135,12,400Gbps,1ns
133,13,134,13,400Gbps,1ns
133,14,135,13,400Gbps,1ns
134,14,135,14,400Gbps,1ns
136,8,137,8,400Gbps,1ns
136,9,138,8,400Gbps,1ns
136,10,139,8,400Gbps,1ns
136,11,140,8,400Gbps,1ns
136,12,141,8,400Gbps,1ns
136,13,142,8,400Gbps,1ns
136,14,143,8,400Gbps,1ns
137,9,138,9,400Gbps,1ns
137,10,139,9,400Gbps,1ns
137,11,140,9,400Gbps,1ns
137,12,141,9,400Gbps,1ns
137,13,142,9,400Gbps,1ns
137,14,143,9,400Gbps,1ns
138,10,139,10,400Gbps,1ns
138,11,140,10,400Gbps,1ns
138,12,141,10,400Gbps,1ns
138,13,142,10,400Gbps,1ns
138,14,143,10,400Gbps,1ns
139,11,140,11,400Gbps,1ns
139,12,141,11,400Gbps,1ns
139,13,142,11,400Gbps,1ns
139,14,143,11,400Gbps,1ns
140,12,141,12,400Gbps,1ns
140,13,142,12,400Gbps,1ns
140,14,143,12,400Gbps,1ns
141,13,142,13,400Gbps,1ns
141,14,143,13,400Gbps,1ns
142,14,143,14,400Gbps,1ns
144,8,145,8,400Gbps,1ns
144,9,146,8,400Gbps,1ns
144,10,147,8,400Gbps,1ns
144,11,148,8,400Gbps,1ns
144,12,149,8,400Gbps,1ns
144,13,150,8,400Gbps,1ns
144,14,151,8,400Gbps,1ns
145,9,146,9,400Gbps,1ns
145,10,147,9,400Gbps,1ns
145,11,148,9,400Gbps,1ns
145,12,149,9,400Gbps,1ns
145,13,150,9,400Gbps,1ns
145,14,151,9,400Gbps,1ns
146,10,147,10,400Gbps,1ns
146,11,148,10,400Gbps,1ns
146,12,149,10,400Gbps,1ns
146,13,150,10,400Gbps,1ns
146,14,151,10,400Gbps,1ns
147,11,148,11,400Gbps,1ns
147,12,149,11,400Gbps,1ns
147,13,150,11,400Gbps,1ns
147,14,151,11,400Gbps,1ns
148,12,149,12,400Gbps,1ns
148,13,150,12,400Gbps,1ns
148,14,151,12,400Gbps,1ns
149,13,150,13,400Gbps,1ns
149,14,151,13,400Gbps,1ns
150,14,151,14,400Gbps,1ns
152,8,153,8,400Gbps,1ns
152,9,154,8,400Gbps,1ns
152,10,155,8,400Gbps,1ns
152,11,156,8,400Gbps,1ns
152,12,157,8,400Gbps,1ns
152,13,158,8,400Gbps,1ns
152,14,159,8,400Gbps,1ns
153,9,154,9,400Gbps,1ns
153,10,155,9,400Gbps,1ns
153,11,156,9,400Gbps,1ns
153,12,157,9,400Gbps,1ns
153,13,158,9,400Gbps,1ns
153,14,159,9,400Gbps,1ns
154,10,155,10,400Gbps,1ns
154,11,156,10,400Gbps,1ns
154,12,157,10,400Gbps,1ns
154,13,158,10,400Gbps,1ns
154,14,159,10,400Gbps,1ns
155,11,156,11,400Gbps,1ns
155,12,157,11,400Gbps,1ns
155,13,158,11,400Gbps,1ns
155,14,159,11,400Gbps,1ns
156,12,157,12,400Gbps,1ns
156,13,158,12,400Gbps,1ns
156,14,159,12,400Gbps,1ns
157,13,158,13,400Gbps,1ns
157,14,159,13,400Gbps,1ns
158,14,159,14,400Gbps,1ns
160,8,161,8,400Gbps,1ns
160,9,162,8,400Gbps,1ns
160,10,163,8,400Gbps,1ns
160,11,164,8,400Gbps,1ns
160,12,165,8,400Gbps,1ns
160,13,166,8,400Gbps,1ns
160,14,167,8,400Gbps,1ns
161,9,162,9,400Gbps,1ns
161,10,163,9,400Gbps,1ns
161,11,164,9,400Gbps,1ns
161,12,165,9,400Gbps,1ns
161,13,166,9,400Gbps,1ns
161,14,167,9,400Gbps,1ns
162,10,163,10,400Gbps,1ns
162,11,164,10,400Gbps,1ns
162,12,165,10,400Gbps,1ns
162,13,166,10,400Gbps,1ns
162,14,167,10,400Gbps,1ns
163,11,164,11,400Gbps,1ns
163,12,165,11,400Gbps,1ns
163,13,166,11,400Gbps,1ns
163,14,167,11,400Gbps,1ns
164,12,165,12,400Gbps,1ns
164,13,166,12,400Gbps,1ns
164,14,167,12,400Gbps,1ns
165,13,166,13,400Gbps,1ns
165,14,167,13,400Gbps,1ns
166,14,167,14,400Gbps,1ns
168,8,169,8,400Gbps,1ns
168,9,170,8,400Gbps,1ns
168,10,171,8,400Gbps,1ns
168,11,172,8,400Gbps,1ns
168,12,173,8,400Gbps,1ns
168,13,174,8,400Gbps,1ns
168,14,175,8,400Gbps,1ns
169,9,170,9,400Gbps,1ns
169,10,171,9,400Gbps,1ns
169,11,172,9,400Gbps,1ns
169,12,173,9,400Gbps,1ns
169,13,174,9,400Gbps,1ns
169,14,175,9,400Gbps,1ns
170,10,171,10,400Gbps,1ns
170,11,172,10,400Gbps,1ns
170,12,173,10,400Gbps,1ns
170,13,174,10,400Gbps,1ns
170,14,175,10,400Gbps,1ns
171,11,172,11,400Gbps,1ns
171,12,173,11,400Gbps,1ns
171,13,174,11,400Gbps,1ns
171,14,175,11,400Gbps,1ns
172,12,173,12,400Gbps,1ns
172,13,174,12,400Gbps,1ns
172,14,175,12,400Gbps,1ns
173,13,174,13,400Gbps,1ns
173,14,175,13,400Gbps,1ns
174,14,175,14,400Gbps,1ns
176,8,177,8,400Gbps,1ns
176,9,178,8,400Gbps,1ns
176,10,179,8,400Gbps,1ns
176,11,180,8,400Gbps,1ns
176,12,181,8,400Gbps,1ns
176,13,182,8,400Gbps,1ns
176,14,183,8,400Gbps,1ns
177,9,178,9,400Gbps,1ns
177,10,179,9,400Gbps,1ns
177,11,180,9,400Gbps,1ns
177,12,181,9,400Gbps,1ns
177,13,182,9,400Gbps,1ns
177,14,183,9,400Gbps,1ns
178,10,179,10,400Gbps,1ns
178,11,180,10,400Gbps,1ns
178,12,181,10,400Gbps,1ns
178,13,182,10,400Gbps,1ns
178,14,183,10,400Gbps,1ns
179,11,180,11,400Gbps,1ns
179,12,181,11,400Gbps,1ns
179,13,182,11,400Gbps,1ns
179,14,183,11,400Gbps,1ns
180,12,181,12,400Gbps,1ns
180,13,182,12,400Gbps,1ns
180,14,183,12,400Gbps,1ns
181,13,182,13,400Gbps,1ns
181,14,183,13,400Gbps,1ns
182,14,183,14,400Gbps,1ns
184,8,185,8,400Gbps,1ns
184,9,186,8,400Gbps,1ns
184,10,187,8,400Gbps,1ns
184,11,188,8,400Gbps,1ns
184,12,189,8,400Gbps,1ns
184,13,190,8,400Gbps,1ns
184,14,191,8,400Gbps,1ns
185,9,186,9,400Gbps,1ns
185,10,187,9,400Gbps,1ns
185,11,188,9,400Gbps,1ns
185,12,189,9,400Gbps,1ns
185,13,190,9,400Gbps,1ns
185,14,191,9,400Gbps,1ns
186,10,187,10,400Gbps,1ns
186,11,188,10,400Gbps,1ns
186,12,189,10,400Gbps,1ns
186,13,190,10,400Gbps,1ns
186,14,191,10,400Gbps,1ns
187,11,188,11,400Gbps,1ns
187,12,189,11,400Gbps,1ns
187,13,190,11,400Gbps,1ns
187,14,191,11,400Gbps,1ns
188,12,189,12,400Gbps,1ns
188,13,190,12,400Gbps,1ns
188,14,191,12,400Gbps,1ns
189,13,190,13,400Gbps,1ns
189,14,191,13,400Gbps,1ns
190,14,191,14,400Gbps,1ns
192,8,193,8,400Gbps,1ns
192,9,194,8,400Gbps,1ns
192,10,195,8,400Gbps,1ns
192,11,196,8,400Gbps,1ns
192,12,197,8,400Gbps,1ns
192,13,198,8,400Gbps,1ns
192,14,199,8,400Gbps,1ns
193,9,194,9,400Gbps,1ns
193,10,195,9,400Gbps,1ns
193,11,196,9,400Gbps,1ns
193,12,197,9,400Gbps,1ns
193,13,198,9,400Gbps,1ns
193,14,199,9,400Gbps,1ns
194,10,195,10,400Gbps,1ns
194,11,196,10,400Gbps,1ns
194,12,197,10,400Gbps,1ns
194,13,198,10,400Gbps,1ns
194,14,199,10,400Gbps,1ns
195,11,196,11,400Gbps,1ns
195,12,197,11,400Gbps,1ns
195,13,198,11,400Gbps,1ns
195,14,199,11,400Gbps,1ns
196,12,197,12,400Gbps,1ns
196,13,198,12,400Gbps,1ns
196,14,199,12,400Gbps,1ns
197,13,198,13,400Gbps,1ns
197,14,199,13,400Gbps,1ns
198,14,199,14,400Gbps,1ns
200,8,201,8,400Gbps,1ns
200,9,202,8,400Gbps,1ns
200,10,203,8,400Gbps,1ns
200,11,204,8,400Gbps,1ns
200,12,205,8,400Gbps,1ns
200,13,206,8,400Gbps,1ns
200,14,207,8,400Gbps,1ns
201,9,202,9,400Gbps,1ns
201,10,203,9,400Gbps,1ns
201,11,204,9,400Gbps,1ns
201,12,205,9,400Gbps,1ns
201,13,206,9,400Gbps,1ns
201,14,207,9,400Gbps,1ns
202,10,203,10,400Gbps,1ns
202,11,204,10,400Gbps,1ns
202,12,205,10,400Gbps,1ns
202,13,206,10,400Gbps,1ns
202,14,207,10,400Gbps,1ns
203,11,204,11,400Gbps,1ns
203,12,205,11,400Gbps,1ns
203,13,206,11,400Gbps,1ns
203,14,207,11,400Gbps,1ns
204,12,205,12,400Gbps,1ns
204,13,206,12,400Gbps,1ns
204,14,207,12,400Gbps,1ns
205,13,206,13,400Gbps,1ns
205,14,207,13,400Gbps,1ns
206,14,207,14,400Gbps,1ns
208,8,209,8,400Gbps,1ns
208,9,210,8,400Gbps,1ns
208,10,211,8,400Gbps,1ns
208,11,212,8,400Gbps,1ns
208,12,213,8,400Gbps,1ns
208,13,214,8,400Gbps,1ns
208,14,215,8,400Gbps,1ns
209,9,210,9,400Gbps,1ns
209,10,211,9,400Gbps,1ns
209,11,212,9,400Gbps,1ns
209,12,213,9,400Gbps,1ns
209,13,214,9,400Gbps,1ns
209,14,215,9,400Gbps,1ns
210,10,211,10,400Gbps,1ns
210,11,212,10,400Gbps,1ns
210,12,213,10,400Gbps,1ns
210,13,214,10,400Gbps,1ns
210,14,215,10,400Gbps,1ns
211,11,212,11,400Gbps,1ns
211,12,213,11,400Gbps,1ns
211,13,214,11,400Gbps,1ns
211,14,215,11,400Gbps,1ns
212,12,213,12,400Gbps,1ns
212,13,214,12,400Gbps,1ns
212,14,215,12,400Gbps,1ns
213,13,214,13,400Gbps,1ns
213,14,215,13,400Gbps,1ns
214,14,215,14,400Gbps,1ns
216,8,217,8,400Gbps,1ns
216,9,218,8,400Gbps,1ns
216,10,219,8,400Gbps,1ns
216,11,220,8,400Gbps,1ns
216,12,221,8,400Gbps,1ns
216,13,222,8,400Gbps,1ns
216,14,223,8,400Gbps,1ns
217,9,218,9,400Gbps,1ns
217,10,219,9,400Gbps,1ns
217,11,220,9,400Gbps,1ns
217,12,221,9,400Gbps,1ns
217,13,222,9,400Gbps,1ns
217,14,223,9,400Gbps,1ns
218,10,219,10,400Gbps,1ns
218,11,220,10,400Gbps,1ns
218,12,221,10,400Gbps,1ns
218,13,222,10,400Gbps,1ns
218,14,223,10,400Gbps,1ns
219,11,220,11,400Gbps,1ns
219,12,221,11,400Gbps,1ns
219,13,222,11,400Gbps,1ns
219,14,223,11,400Gbps,1ns
220,12,221,12,400Gbps,1ns
220,13,222,12,400Gbps,1ns
220,14,223,12,400Gbps,1ns
221,13,222,13,400Gbps,1ns
221,14,223,13,400Gbps,1ns
222,14,223,14,400Gbps,1ns
224,8,225,8,400Gbps,1ns
224,9,226,8,400Gbps,1ns
224,10,227,8,400Gbps,1ns
224,11,228,8,400Gbps,1ns
224,12,229,8,400Gbps,1ns
224,13,230,8,400Gbps,1ns
224,14,231,8,400Gbps,1ns
225,9,226,9,400Gbps,1ns
225,10,227,9,400Gbps,1ns
225,11,228,9,400Gbps,1ns
225,12,229,9,400Gbps,1ns
225,13,230,9,400Gbps,1ns
225,14,231,9,400Gbps,1ns
226,10,227,10,400Gbps,1ns
226,11,228,10,400Gbps,1ns
226,12,229,10,400Gbps,1ns
226,13,230,10,400Gbps,1ns
226,14,231,10,400Gbps,1ns
227,11,228,11,400Gbps,1ns
227,12,229,11,400Gbps,1ns
227,13,230,11,400Gbps,1ns
227,14,231,11,400Gbps,1ns
228,12,229,12,400Gbps,1ns
228,13,230,12,400Gbps,1ns
228,14,231,12,400Gbps,1ns
229,13,230,13,400Gbps,1ns
229,14,231,13,400Gbps,1ns
230,14,231,14,400Gbps,1ns
232,8,233,8,400Gbps,1ns
232,9,234,8,400Gbps,1ns
232,10,235,8,400Gbps,1ns
232,11,236,8,400Gbps,1ns
232,12,237,8,400Gbps,1ns
232,13,238,8,400Gbps,1ns
232,14,239,8,400Gbps,1ns
233,9,234,9,400Gbps,1ns
233,10,235,9,400Gbps,1ns
233,11,236,9,400Gbps,1ns
233,12,237,9,400Gbps,1ns
233,13,238,9,400Gbps,1ns
233,14,239,9,400Gbps,1ns
234,10,235,10,400Gbps,1ns
234,11,236,10,400Gbps,1ns
234,12,237,10,400Gbps,1ns
234,13,238,10,400Gbps,1ns
234,14,239,10,400Gbps,1ns
235,11,236,11,400Gbps,1ns
235,12,237,11,400Gbps,1ns
235,13,238,11,400Gbps,1ns
235,14,239,11,400Gbps,1ns
236,12,237,12,400Gbps,1ns
236,13,238,12,400Gbps,1ns
236,14,239,12,400Gbps,1ns
237,13,238,13,400Gbps,1ns
237,14,239,13,400Gbps,1ns
238,14,239,14,400Gbps,1ns
240,8,241,8,400Gbps,1ns
240,9,242,8,400Gbps,1ns
240,10,243,8,400Gbps,1ns
240,11,244,8,400Gbps,1ns
240,12,245,8,400Gbps,1ns
240,13,246,8,400Gbps,1ns
240,14,247,8,400Gbps,1ns
241,9,242,9,400Gbps,1ns
241,10,243,9,400Gbps,1ns
241,11,244,9,400Gbps,1ns
241,12,245,9,400Gbps,1ns
241,13,246,9,400Gbps,1ns
241,14,247,9,400Gbps,1ns
242,10,243,10,400Gbps,1ns
242,11,244,10,400Gbps,1ns
242,12,245,10,400Gbps,1ns
242,13,246,10,400Gbps,1ns
242,14,247,10,400Gbps,1ns
243,11,244,11,400Gbps,1ns
243,12,245,11,400Gbps,1ns
243,13,246,11,400Gbps,1ns
243,14,247,11,400Gbps,1ns
244,12,245,12,400Gbps,1ns
244,13,246,12,400Gbps,1ns
244,14,247,12,400Gbps,1ns
245,13,246,13,400Gbps,1ns
245,14,247,13,400Gbps,1ns
246,14,247,14,400Gbps,1ns
248,8,249,8,400Gbps,1ns
248,9,250,8,400Gbps,1ns
248,10,251,8,400Gbps,1ns
248,11,252,8,400Gbps,1ns
248,12,253,8,400Gbps,1ns
248,13,254,8,400Gbps,1ns
248,14,255,8,400Gbps,1ns
249,9,250,9,400Gbps,1ns
249,10,251,9,400Gbps,1ns
249,11,252,9,400Gbps,1ns
249,12,253,9,400Gbps,1ns
249,13,254,9,400Gbps,1ns
249,14,255,9,400Gbps,1ns
250,10,251,10,400Gbps,1ns
250,11,252,10,400Gbps,1ns
250,12,253,10,400Gbps,1ns
250,13,254,10,400Gbps,1ns
250,14,255,10,400Gbps,1ns
251,11,252,11,400Gbps,1ns
251,12,253,11,400Gbps,1ns
251,13,254,11,400Gbps,1ns
251,14,255,11,400Gbps,1ns
252,12,253,12,400Gbps,1ns
252,13,254,12,400Gbps,1ns
252,14,255,12,400Gbps,1ns
253,13,254,13,400Gbps,1ns
253,14,255,13,400Gbps,1ns
254,14,255,14,400Gbps,1ns
256,8,257,8,400Gbps,1ns
256,9,258,8,400Gbps,1ns
256,10,259,8,400Gbps,1ns
256,11,260,8,400Gbps,1ns
256,12,261,8,400Gbps,1ns
256,13,262,8,400Gbps,1ns
256,14,263,8,400Gbps,1ns
257,9,258,9,400Gbps,1ns
257,10,259,9,400Gbps,1ns
257,11,260,9,400Gbps,1ns
257,12,261,9,400Gbps,1ns
257,13,262,9,400Gbps,1ns
257,14,263,9,400Gbps,1ns
258,10,259,10,400Gbps,1ns
258,11,260,10,400Gbps,1ns
258,12,261,10,400Gbps,1ns
258,13,262,10,400Gbps,1ns
258,14,263,10,400Gbps,1ns
259,11,260,11,400Gbps,1ns
259,12,261,11,400Gbps,1ns
259,13,262,11,400Gbps,1ns
259,14,263,11,400Gbps,1ns
260,12,261,12,400Gbps,1ns
260,13,262,12,400Gbps,1ns
260,14,263,12,400Gbps,1ns
261,13,262,13,400Gbps,1ns
261,14,263,13,400Gbps,1ns
262,14,263,14,400Gbps,1ns
264,8,265,8,400Gbps,1ns
264,9,266,8,400Gbps,1ns
264,10,267,8,400Gbps,1ns
264,11,268,8,400Gbps,1ns
264,12,269,8,400Gbps,1ns
264,13,270,8,400Gbps,1ns
264,14,271,8,400Gbps,1ns
265,9,266,9,400Gbps,1ns
265,10,267,9,400Gbps,1ns
265,11,268,9,400Gbps,1ns
265,12,269,9,400Gbps,1ns
265,13,270,9,400Gbps,1ns
265,14,271,9,400Gbps,1ns
266,10,267,10,400Gbps,1ns
266,11,268,10,400Gbps,1ns
266,12,269,10,400Gbps,1ns
266,13,270,10,400Gbps,1ns
266,14,271,10,400Gbps,1ns
267,11,268,11,400Gbps,1ns
267,12,269,11,400Gbps,1ns
267,13,270,11,400Gbps,1ns
267,14,271,11,400Gbps,1ns
268,12,269,12,400Gbps,1ns
268,13,270,12,400Gbps,1ns
268,14,271,12,400Gbps,1ns
269,13,270,13,400Gbps,1ns
269,14,271,13,400Gbps,1ns
270,14,271,14,400Gbps,1ns
272,8,273,8,400Gbps,1ns
272,9,274,8,400Gbps,1ns
272,10,275,8,400Gbps,1ns
272,11,276,8,400Gbps,1ns
272,12,277,8,400Gbps,1ns
272,13,278,8,400Gbps,1ns
272,14,279,8,400Gbps,1ns
273,9,274,9,400Gbps,1ns
273,10,275,9,400Gbps,1ns
273,11,276,9,400Gbps,1ns
273,12,277,9,400Gbps,1ns
273,13,278,9,400Gbps,1ns
273,14,279,9,400Gbps,1ns
274,10,275,10,400Gbps,1ns
274,11,276,10,400Gbps,1ns
274,12,277,10,400Gbps,1ns
274,13,278,10,400Gbps,1ns
274,14,279,10,400Gbps,1ns
275,11,276,11,400Gbps,1ns
275,12,277,11,400Gbps,1ns
275,13,278,11,400Gbps,1ns
275,14,279,11,400Gbps,1ns
276,12,277,12,400Gbps,1ns
276,13,278,12,400Gbps,1ns
276,14,279,12,400Gbps,1ns
277,13,278,13,400Gbps,1ns
277,14,279,13,400Gbps,1ns
278,14,279,14,400Gbps,1ns
280,8,281,8,400Gbps,1ns
280,9,282,8,400Gbps,1ns
280,10,283,8,400Gbps,1ns
280,11,284,8,400Gbps,1ns
280,12,285,8,400Gbps,1ns
280,13,286,8,400Gbps,1ns
280,14,287,8,400Gbps,1ns
281,9,282,9,400Gbps,1ns
281,10,283,9,400Gbps,1ns
281,11,284,9,400Gbps,1ns
281,12,285,9,400Gbps,1ns
281,13,286,9,400Gbps,1ns
281,14,287,9,400Gbps,1ns
282,10,283,10,400Gbps,1ns
282,11,284,10,400Gbps,1ns
282,12,285,10,400Gbps,1ns
282,13,286,10,400Gbps,1ns
282,14,287,10,400Gbps,1ns
283,11,284,11,400Gbps,1ns
283,12,285,11,400Gbps,1ns
283,13,286,11,400Gbps,1ns
283,14,287,11,400Gbps,1ns
284,12,285,12,400Gbps,1ns
284,13,286,12,400Gbps,1ns
284,14,287,12,400Gbps,1ns
285,13,286,13,400Gbps,1ns
285,14,287,13,400Gbps,1ns
286,14,287,14,400Gbps,1ns
288,8,289,8,400Gbps,1ns
288,9,290,8,400Gbps,1ns
288,10,291,8,400Gbps,1ns
288,11,292,8,400Gbps,1ns
288,12,293,8,400Gbps,1ns
288,13,294,8,400Gbps,1ns
288,14,295,8,400Gbps,1ns
289,9,290,9,400Gbps,1ns
289,10,291,9,400Gbps,1ns
289,11,292,9,400Gbps,1ns
289,12,293,9,400Gbps,1ns
289,13,294,9,400Gbps,1ns
289,14,295,9,400Gbps,1ns
290,10,291,10,400Gbps,1ns
290,11,292,10,400Gbps,1ns
290,12,293,10,400Gbps,1ns
290,13,294,10,400Gbps,1ns
290,14,295,10,400Gbps,1ns
291,11,292,11,400Gbps,1ns
291,12,293,11,400Gbps,1ns
291,13,294,11,400Gbps,1ns
291,14,295,11,400Gbps,1ns
292,12,293,12,400Gbps,1ns
292,13,294,12,400Gbps,1ns
292,14,295,12,400Gbps,1ns
293,13,294,13,400Gbps,1ns
293,14,295,13,400Gbps,1ns
294,14,295,14,400Gbps,1ns
296,8,297,8,400Gbps,1ns
296,9,298,8,400Gbps,1ns
296,10,299,8,400Gbps,1ns
296,11,300,8,400Gbps,1ns
296,12,301,8,400Gbps,1ns
296,13,302,8,400Gbps,1ns
296,14,303,8,400Gbps,1ns
297,9,298,9,400Gbps,1ns
297,10,299,9,400Gbps,1ns
297,11,300,9,400Gbps,1ns
297,12,301,9,400Gbps,1ns
297,13,302,9,400Gbps,1ns
297,14,303,9,400Gbps,1ns
298,10,299,10,400Gbps,1ns
298,11,300,10,400Gbps,1ns
298,12,301,10,400Gbps,1ns
298,13,302,10,400Gbps,1ns
298,14,303,10,400Gbps,1ns
299,11,300,11,400Gbps,1ns
299,12,301,11,400Gbps,1ns
299,13,302,11,400Gbps,1ns
299,14,303,11,400Gbps,1ns
300,12,301,12,400Gbps,1ns
300,13,302,12,400Gbps,1ns
300,14,303,12,400Gbps,1ns
301,13,302,13,400Gbps,1ns
301,14,303,13,400Gbps,1ns
302,14,303,14,400Gbps,1ns
304,8,305,8,400Gbps,1ns
304,9,306,8,400Gbps,1ns
304,10,307,8,400Gbps,1ns
304,11,308,8,400Gbps,1ns
304,12,309,8,400Gbps,1ns
304,13,310,8,400Gbps,1ns
304,14,311,8,400Gbps,1ns
305,9,306,9,400Gbps,1ns
305,10,307,9,400Gbps,1ns
305,11,308,9,400Gbps,1ns
305,12,309,9,400Gbps,1ns
305,13,310,9,400Gbps,1ns
305,14,311,9,400Gbps,1ns
306,10,307,10,400Gbps,1ns
306,11,308,10,400Gbps,1ns
306,12,309,10,400Gbps,1ns
306,13,310,10,400Gbps,1ns
306,14,311,10,400Gbps,1ns
307,11,308,11,400Gbps,1ns
307,12,309,11,400Gbps,1ns
307,13,310,11,400Gbps,1ns
307,14,311,11,400Gbps,1ns
308,12,309,12,400Gbps,1ns
308,13,310,12,400Gbps,1ns
308,14,311,12,400Gbps,1ns
309,13,310,13,400Gbps,1ns
309,14,311,13,400Gbps,1ns
310,14,311,14,400Gbps,1ns
312,8,313,8,400Gbps,1ns
312,9,314,8,400Gbps,1ns
312,10,315,8,400Gbps,1ns
312,11,316,8,400Gbps,1ns
312,12,317,8,400Gbps,1ns
312,13,318,8,400Gbps,1ns
312,14,319,8,400Gbps,1ns
313,9,314,9,400Gbps,1ns
313,10,315,9,400Gbps,1ns
313,11,316,9,400Gbps,1ns
313,12,317,9,400Gbps,1ns
313,13,318,9,400Gbps,1ns
313,14,319,9,400Gbps,1ns
314,10,315,10,400Gbps,1ns
314,11,316,10,400Gbps,1ns
314,12,317,10,400Gbps,1ns
314,13,318,10,400Gbps,1ns
314,14,319,10,400Gbps,1ns
315,11,316,11,400Gbps,1ns
315,12,317,11,400Gbps,1ns
315,13,318,11,400Gbps,1ns
315,14,319,11,400Gbps,1ns
316,12,317,12,400Gbps,1ns
316,13,318,12,400Gbps,1ns
316,14,319,12,400Gbps,1ns
317,13,318,13,400Gbps,1ns
317,14,319,13,400Gbps,1ns
318,14,319,14,400Gbps,1ns
320,8,321,8,400Gbps,1ns
320,9,322,8,400Gbps,1ns
320,10,323,8,400Gbps,1ns
320,11,324,8,400Gbps,1ns
320,12,325,8,400Gbps,1ns
320,13,326,8,400Gbps,1ns
320,14,327,8,400Gbps,1ns
321,9,322,9,400Gbps,1ns
321,10,323,9,400Gbps,1ns
321,11,324,9,400Gbps,1ns
321,12,325,9,400Gbps,1ns
321,13,326,9,400Gbps,1ns
321,14,327,9,400Gbps,1ns
322,10,323,10,400Gbps,1ns
322,11,324,10,400Gbps,1ns
322,12,325,10,400Gbps,1ns
322,13,326,10,400Gbps,1ns
322,14,327,10,400Gbps,1ns
323,11,324,11,400Gbps,1ns
323,12,325,11,400Gbps,1ns
323,13,326,11,400Gbps,1ns
323,14,327,11,400Gbps,1ns
324,12,325,12,400Gbps,1ns
324,13,326,12,400Gbps,1ns
324,14,327,12,400Gbps,1ns
325,13,326,13,400Gbps,1ns
325,14,327,13,400Gbps,1ns
326,14,327,14,400Gbps,1ns
328,8,329,8,400Gbps,1ns
328,9,330,8,400Gbps,1ns
328,10,331,8,400Gbps,1ns
328,11,332,8,400Gbps,1ns
328,12,333,8,400Gbps,1ns
328,13,334,8,400Gbps,1ns
328,14,335,8,400Gbps,1ns
329,9,330,9,400Gbps,1ns
329,10,331,9,400Gbps,1ns
329,11,332,9,400Gbps,1ns
329,12,333,9,400Gbps,1ns
329,13,334,9,400Gbps,1ns
329,14,335,9,400Gbps,1ns
330,10,331,10,400Gbps,1ns
330,11,332,10,400Gbps,1ns
330,12,333,10,400Gbps,1ns
330,13,334,10,400Gbps,1ns
330,14,335,10,400Gbps,1ns
331,11,332,11,400Gbps,1ns
331,12,333,11,400Gbps,1ns
331,13,334,11,400Gbps,1ns
331,14,335,11,400Gbps,1ns
332,12,333,12,400Gbps,1ns
332,13,334,12,400Gbps,1ns
332,14,335,12,400Gbps,1ns
333,13,334,13,400Gbps,1ns
333,14,335,13,400Gbps,1ns
334,14,335,14,400Gbps,1ns
336,8,337,8,400Gbps,1ns
336,9,338,8,400Gbps,1ns
336,10,339,8,400Gbps,1ns
336,11,340,8,400Gbps,1ns
336,12,341,8,400Gbps,1ns
336,13,342,8,400Gbps,1ns
336,14,343,8,400Gbps,1ns
337,9,338,9,400Gbps,1ns
337,10,339,9,400Gbps,1ns
337,11,340,9,400Gbps,1ns
337,12,341,9,400Gbps,1ns
337,13,342,9,400Gbps,1ns
337,14,343,9,400Gbps,1ns
338,10,339,10,400Gbps,1ns
338,11,340,10,400Gbps,1ns
338,12,341,10,400Gbps,1ns
338,13,342,10,400Gbps,1ns
338,14,343,10,400Gbps,1ns
339,11,340,11,400Gbps,1ns
339,12,341,11,400Gbps,1ns
339,13,342,11,400Gbps,1ns
339,14,343,11,400Gbps,1ns
340,12,341,12,400Gbps,1ns
340,13,342,12,400Gbps,1ns
340,14,343,12,400Gbps,1ns
341,13,342,13,400Gbps,1ns
341,14,343,13,400Gbps,1ns
342,14,343,14,400Gbps,1ns
344,8,345,8,400Gbps,1ns
344,9,346,8,400Gbps,1ns
344,10,347,8,400Gbps,1ns
344,11,348,8,400Gbps,1ns
344,12,349,8,400Gbps,1ns
344,13,350,8,400Gbps,1ns
344,14,351,8,400Gbps,1ns
345,9,346,9,400Gbps,1ns
345,10,347,9,400Gbps,1ns
345,11,348,9,400Gbps,1ns
345,12,349,9,400Gbps,1ns
345,13,350,9,400Gbps,1ns
345,14,351,9,400Gbps,1ns
346,10,347,10,400Gbps,1ns
346,11,348,10,400Gbps,1ns
346,12,349,10,400Gbps,1ns
346,13,350,10,400Gbps,1ns
346,14,351,10,400Gbps,1ns
347,11,348,11,400Gbps,1ns
347,12,349,11,400Gbps,1ns
347,13,350,11,400Gbps,1ns
347,14,351,11,400Gbps,1ns
348,12,349,12,400Gbps,1ns
348,13,350,12,400Gbps,1ns
348,14,351,12,400Gbps,1ns
349,13,350,13,400Gbps,1ns
349,14,351,13,400Gbps,1ns
350,14,351,14,400Gbps,1ns
352,8,353,8,400Gbps,1ns
352,9,354,8,400Gbps,1ns
352,10,355,8,400Gbps,1ns
352,11,356,8,400Gbps,1ns
352,12,357,8,400Gbps,1ns
352,13,358,8,400Gbps,1ns
352,14,359,8,400Gbps,1ns
353,9,354,9,400Gbps,1ns
353,10,355,9,400Gbps,1ns
353,11,356,9,400Gbps,1ns
353,12,357,9,400Gbps,1ns
353,13,358,9,400Gbps,1ns
353,14,359,9,400Gbps,1ns
354,10,355,10,400Gbps,1ns
354,11,356,10,400Gbps,1ns
354,12,357,10,400Gbps,1ns
354,13,358,10,400Gbps,1ns
354,14,359,10,400Gbps,1ns
355,11,356,11,400Gbps,1ns
355,12,357,11,400Gbps,1ns
355,13,358,11,400Gbps,1ns
355,14,359,11,400Gbps,1ns
356,12,357,12,400Gbps,1ns
356,13,358,12,400Gbps,1ns
356,14,359,12,400Gbps,1ns
357,13,358,13,400Gbps,1ns
357,14,359,13,400Gbps,1ns
358,14,359,14,400Gbps,1ns
360,8,361,8,400Gbps,1ns
360,9,362,8,400Gbps,1ns
360,10,363,8,400Gbps,1ns
360,11,364,8,400Gbps,1ns
360,12,365,8,400Gbps,1ns
360,13,366,8,400Gbps,1ns
360,14,367,8,400Gbps,1ns
361,9,362,9,400Gbps,1ns
361,10,363,9,400Gbps,1ns
361,11,364,9,400Gbps,1ns
361,12,365,9,400Gbps,1ns
361,13,366,9,400Gbps,1ns
361,14,367,9,400Gbps,1ns
362,10,363,10,400Gbps,1ns
362,11,364,10,400Gbps,1ns
362,12,365,10,400Gbps,1ns
362,13,366,10,400Gbps,1ns
362,14,367,10,400Gbps,1ns
363,11,364,11,400Gbps,1ns
363,12,365,11,400Gbps,1ns
363,13,366,11,400Gbps,1ns
363,14,367,11,400Gbps,1ns
364,12,365,12,400Gbps,1ns
364,13,366,12,400Gbps,1ns
364,14,367,12,400Gbps,1ns
365,13,366,13,400Gbps,1ns
365,14,367,13,400Gbps,1ns
366,14,367,14,400Gbps,1ns
368,8,369,8,400Gbps,1ns
368,9,370,8,400Gbps,1ns
368,10,371,8,400Gbps,1ns
368,11,372,8,400Gbps,1ns
368,12,373,8,400Gbps,1ns
368,13,374,8,400Gbps,1ns
368,14,375,8,400Gbps,1ns
369,9,370,9,400Gbps,1ns
369,10,371,9,400Gbps,1ns
369,11,372,9,400Gbps,1ns
369,12,373,9,400Gbps,1ns
369,13,374,9,400Gbps,1ns
369,14,375,9,400Gbps,1ns
370,10,371,10,400Gbps,1ns
370,11,372,10,400Gbps,1ns
370,12,373,10,400Gbps,1ns
370,13,374,10,400Gbps,1ns
370,14,375,10,400Gbps,1ns
371,11,372,11,400Gbps,1ns
371,12,373,11,400Gbps,1ns
371,13,374,11,400Gbps,1ns
371,14,375,11,400Gbps,1ns
372,12,373,12,400Gbps,1ns
372,13,374,12,400Gbps,1ns
372,14,375,12,400Gbps,1ns
373,13,374,13,400Gbps,1ns
373,14,375,13,400Gbps,1ns
374,14,375,14,400Gbps,1ns
376,8,377,8,400Gbps,1ns
376,9,378,8,400Gbps,1ns
376,10,379,8,400Gbps,1ns
376,11,380,8,400Gbps,1ns
376,12,381,8,400Gbps,1ns
376,13,382,8,400Gbps,1ns
376,14,383,8,400Gbps,1ns
377,9,378,9,400Gbps,1ns
377,10,379,9,400Gbps,1ns
377,11,380,9,400Gbps,1ns
377,12,381,9,400Gbps,1ns
377,13,382,9,400Gbps,1ns
377,14,383,9,400Gbps,1ns
378,10,379,10,400Gbps,1ns
378,11,380,10,400Gbps,1ns
378,12,381,10,400Gbps,1ns
378,13,382,10,400Gbps,1ns
378,14,383,10,400Gbps,1ns
379,11,380,11,400Gbps,1ns
379,12,381,11,400Gbps,1ns
379,13,382,11,400Gbps,1ns
379,14,383,11,400Gbps,1ns
380,12,381,12,400Gbps,1ns
380,13,382,12,400Gbps,1ns
380,14,383,12,400Gbps,1ns
381,13,382,13,400Gbps,1ns
381,14,383,13,400Gbps,1ns
382,14,383,14,400Gbps,1ns
384,8,385,8,400Gbps,1ns
384,9,386,8,400Gbps,1ns
384,10,387,8,400Gbps,1ns
384,11,388,8,400Gbps,1ns
384,12,389,8,400Gbps,1ns
384,13,390,8,400Gbps,1ns
384,14,391,8,400Gbps,1ns
385,9,386,9,400Gbps,1ns
385,10,387,9,400Gbps,1ns
385,11,388,9,400Gbps,1ns
385,12,389,9,400Gbps,1ns
385,13,390,9,400Gbps,1ns
385,14,391,9,400Gbps,1ns
386,10,387,10,400Gbps,1ns
386,11,388,10,400Gbps,1ns
386,12,389,10,400Gbps,1ns
386,13,390,10,400Gbps,1ns
386,14,391,10,400Gbps,1ns
387,11,388,11,400Gbps,1ns
387,12,389,11,400Gbps,1ns
387,13,390,11,400Gbps,1ns
387,14,391,11,400Gbps,1ns
388,12,389,12,400Gbps,1ns
388,13,390,12,400Gbps,1ns
388,14,391,12,400Gbps,1ns
389,13,390,13,400Gbps,1ns
389,14,391,13,400Gbps,1ns
390,14,391,14,400Gbps,1ns
392,8,393,8,400Gbps,1ns
392,9,394,8,400Gbps,1ns
392,10,395,8,400Gbps,1ns
392,11,396,8,400Gbps,1ns
392,12,397,8,400Gbps,1ns
392,13,398,8,400Gbps,1ns
392,14,399,8,400Gbps,1ns
393,9,394,9,400Gbps,1ns
393,10,395,9,400Gbps,1ns
393,11,396,9,400Gbps,1ns
393,12,397,9,400Gbps,1ns
393,13,398,9,400Gbps,1ns
393,14,399,9,400Gbps,1ns
394,10,395,10,400Gbps,1ns
394,11,396,10,400Gbps,1ns
394,12,397,10,400Gbps,1ns
394,13,398,10,400Gbps,1ns
394,14,399,10,400Gbps,1ns
395,11,396,11,400Gbps,1ns
395,12,397,11,400Gbps,1ns
395,13,398,11,400Gbps,1ns
395,14,399,11,400Gbps,1ns
396,12,397,12,400Gbps,1ns
396,13,398,12,400Gbps,1ns
396,14,399,12,400Gbps,1ns
397,13,398,13,400Gbps,1ns
397,14,399,13,400Gbps,1ns
398,14,399,14,400Gbps,1ns
400,8,401,8,400Gbps,1ns
400,9,402,8,400Gbps,1ns
400,10,403,8,400Gbps,1ns
400,11,404,8,400Gbps,1ns
400,12,405,8,400Gbps,1ns
400,13,406,8,400Gbps,1ns
400,14,407,8,400Gbps,1ns
401,9,402,9,400Gbps,1ns
401,10,403,9,400Gbps,1ns
401,11,404,9,400Gbps,1ns
401,12,405,9,400Gbps,1ns
401,13,406,9,400Gbps,1ns
401,14,407,9,400Gbps,1ns
402,10,403,10,400Gbps,1ns
402,11,404,10,400Gbps,1ns
402,12,405,10,400Gbps,1ns
402,13,406,10,400Gbps,1ns
402,14,407,10,400Gbps,1ns
403,11,404,11,400Gbps,1ns
403,12,405,11,400Gbps,1ns
403,13,406,11,400Gbps,1ns
403,14,407,11,400Gbps,1ns
404,12,405,12,400Gbps,1ns
404,13,406,12,400Gbps,1ns
404,14,407,12,400Gbps,1ns
405,13,406,13,400Gbps,1ns
405,14,407,13,400Gbps,1ns
406,14,407,14,400Gbps,1ns
408,8,409,8,400Gbps,1ns
408,9,410,8,400Gbps,1ns
408,10,411,8,400Gbps,1ns
408,11,412,8,400Gbps,1ns
408,12,413,8,400Gbps,1ns
408,13,414,8,400Gbps,1ns
408,14,415,8,400Gbps,1ns
409,9,410,9,400Gbps,1ns
409,10,411,9,400Gbps,1ns
409,11,412,9,400Gbps,1ns
409,12,413,9,400Gbps,1ns
409,13,414,9,400Gbps,1ns
409,14,415,9,400Gbps,1ns
410,10,411,10,400Gbps,1ns
410,11,412,10,400Gbps,1ns
410,12,413,10,400Gbps,1ns
410,13,414,10,400Gbps,1ns
410,14,415,10,400Gbps,1ns
411,11,412,11,400Gbps,1ns
411,12,413,11,400Gbps,1ns
411,13,414,11,400Gbps,1ns
411,14,415,11,400Gbps,1ns
412,12,413,12,400Gbps,1ns
412,13,414,12,400Gbps,1ns
412,14,415,12,400Gbps,1ns
413,13,414,13,400Gbps,1ns
413,14,415,13,400Gbps,1ns
414,14,415,14,400Gbps,1ns
416,8,417,8,400Gbps,1ns
416,9,418,8,400Gbps,1ns
416,10,419,8,400Gbps,1ns
416,11,420,8,400Gbps,1ns
416,12,421,8,400Gbps,1ns
416,13,422,8,400Gbps,1ns
416,14,423,8,400Gbps,1ns
417,9,418,9,400Gbps,1ns
417,10,419,9,400Gbps,1ns
417,11,420,9,400Gbps,1ns
417,12,421,9,400Gbps,1ns
417,13,422,9,400Gbps,1ns
417,14,423,9,400Gbps,1ns
418,10,419,10,400Gbps,1ns
418,11,420,10,400Gbps,1ns
418,12,421,10,400Gbps,1ns
418,13,422,10,400Gbps,1ns
418,14,423,10,400Gbps,1ns
419,11,420,11,400Gbps,1ns
419,12,421,11,400Gbps,1ns
419,13,422,11,400Gbps,1ns
419,14,423,11,400Gbps,1ns
420,12,421,12,400Gbps,1ns
420,13,422,12,400Gbps,1ns
420,14,423,12,400Gbps,1ns
421,13,422,13,400Gbps,1ns
421,14,423,13,400Gbps,1ns
422,14,423,14,400Gbps,1ns
424,8,425,8,400Gbps,1ns
424,9,426,8,400Gbps,1ns
424,10,427,8,400Gbps,1ns
424,11,428,8,400Gbps,1ns
424,12,429,8,400Gbps,1ns
424,13,430,8,400Gbps,1ns
424,14,431,8,400Gbps,1ns
425,9,426,9,400Gbps,1ns
425,10,427,9,400Gbps,1ns
425,11,428,9,400Gbps,1ns
425,12,429,9,400Gbps,1ns
425,13,430,9,400Gbps,1ns
425,14,431,9,400Gbps,1ns
426,10,427,10,400Gbps,1ns
426,11,428,10,400Gbps,1ns
426,12,429,10,400Gbps,1ns
426,13,430,10,400Gbps,1ns
426,14,431,10,400Gbps,1ns
427,11,428,11,400Gbps,1ns
427,12,429,11,400Gbps,1ns
427,13,430,11,400Gbps,1ns
427,14,431,11,400Gbps,1ns
428,12,429,12,400Gbps,1ns
428,13,430,12,400Gbps,1ns
428,14,431,12,400Gbps,1ns
429,13,430,13,400Gbps,1ns
429,14,431,13,400Gbps,1ns
430,14,431,14,400Gbps,1ns
432,8,433,8,400Gbps,1ns
432,9,434,8,400Gbps,1ns
432,10,435,8,400Gbps,1ns
432,11,436,8,400Gbps,1ns
432,12,437,8,400Gbps,1ns
432,13,438,8,400Gbps,1ns
432,14,439,8,400Gbps,1ns
433,9,434,9,400Gbps,1ns
433,10,435,9,400Gbps,1ns
433,11,436,9,400Gbps,1ns
433,12,437,9,400Gbps,1ns
433,13,438,9,400Gbps,1ns
433,14,439,9,400Gbps,1ns
434,10,435,10,400Gbps,1ns
434,11,436,10,400Gbps,1ns
434,12,437,10,400Gbps,1ns
434,13,438,10,400Gbps,1ns
434,14,439,10,400Gbps,1ns
435,11,436,11,400Gbps,1ns
435,12,437,11,400Gbps,1ns
435,13,438,11,400Gbps,1ns
435,14,439,11,400Gbps,1ns
436,12,437,12,400Gbps,1ns
436,13,438,12,400Gbps,1ns
436,14,439,12,400Gbps,1ns
437,13,438,13,400Gbps,1ns
437,14,439,13,400Gbps,1ns
438,14,439,14,400Gbps,1ns
440,8,441,8,400Gbps,1ns
440,9,442,8,400Gbps,1ns
440,10,443,8,400Gbps,1ns
440,11,444,8,400Gbps,1ns
440,12,445,8,400Gbps,1ns
440,13,446,8,400Gbps,1ns
440,14,447,8,400Gbps,1ns
441,9,442,9,400Gbps,1ns
441,10,443,9,400Gbps,1ns
441,11,444,9,400Gbps,1ns
441,12,445,9,400Gbps,1ns
441,13,446,9,400Gbps,1ns
441,14,447,9,400Gbps,1ns
442,10,443,10,400Gbps,1ns
442,11,444,10,400Gbps,1ns
442,12,445,10,400Gbps,1ns
442,13,446,10,400Gbps,1ns
442,14,447,10,400Gbps,1ns
443,11,444,11,400Gbps,1ns
443,12,445,11,400Gbps,1ns
443,13,446,11,400Gbps,1ns
443,14,447,11,400Gbps,1ns
444,12,445,12,400Gbps,1ns
444,13,446,12,400Gbps,1ns
444,14,447,12,400Gbps,1ns
445,13,446,13,400Gbps,1ns
445,14,447,13,400Gbps,1ns
446,14,447,14,400Gbps,1ns
448,8,449,8,400Gbps,1ns
448,9,450,8,400Gbps,1ns
448,10,451,8,400Gbps,1ns
448,11,452,8,400Gbps,1ns
448,12,453,8,400Gbps,1ns
448,13,454,8,400Gbps,1ns
448,14,455,8,400Gbps,1ns
449,9,450,9,400Gbps,1ns
449,10,451,9,400Gbps,1ns
449,11,452,9,400Gbps,1ns
449,12,453,9,400Gbps,1ns
449,13,454,9,400Gbps,1ns
449,14,455,9,400Gbps,1ns
450,10,451,10,400Gbps,1ns
450,11,452,10,400Gbps,1ns
450,12,453,10,400Gbps,1ns
450,13,454,10,400Gbps,1ns
450,14,455,10,400Gbps,1ns
451,11,452,11,400Gbps,1ns
451,12,453,11,400Gbps,1ns
451,13,454,11,400Gbps,1ns
451,14,455,11,400Gbps,1ns
452,12,453,12,400Gbps,1ns
452,13,454,12,400Gbps,1ns
452,14,455,12,400Gbps,1ns
453,13,454,13,400Gbps,1ns
453,14,455,13,400Gbps,1ns
454,14,455,14,400Gbps,1ns
456,8,457,8,400Gbps,1ns
456,9,458,8,400Gbps,1ns
456,10,459,8,400Gbps,1ns
456,11,460,8,400Gbps,1ns
456,12,461,8,400Gbps,1ns
456,13,462,8,400Gbps,1ns
456,14,463,8,400Gbps,1ns
457,9,458,9,400Gbps,1ns
457,10,459,9,400Gbps,1ns
457,11,460,9,400Gbps,1ns
457,12,461,9,400Gbps,1ns
457,13,462,9,400Gbps,1ns
457,14,463,9,400Gbps,1ns
458,10,459,10,400Gbps,1ns
458,11,460,10,400Gbps,1ns
458,12,461,10,400Gbps,1ns
458,13,462,10,400Gbps,1ns
458,14,463,10,400Gbps,1ns
459,11,460,11,400Gbps,1ns
459,12,461,11,400Gbps,1ns
459,13,462,11,400Gbps,1ns
459,14,463,11,400Gbps,1ns
460,12,461,12,400Gbps,1ns
460,13,462,12,400Gbps,1ns
460,14,463,12,400Gbps,1ns
461,13,462,13,400Gbps,1ns
461,14,463,13,400Gbps,1ns
462,14,463,14,400Gbps,1ns
464,8,465,8,400Gbps,1ns
464,9,466,8,400Gbps,1ns
464,10,467,8,400Gbps,1ns
464,11,468,8,400Gbps,1ns
464,12,469,8,400Gbps,1ns
464,13,470,8,400Gbps,1ns
464,14,471,8,400Gbps,1ns
465,9,466,9,400Gbps,1ns
465,10,467,9,400Gbps,1ns
465,11,468,9,400Gbps,1ns
465,12,469,9,400Gbps,1ns
465,13,470,9,400Gbps,1ns
465,14,471,9,400Gbps,1ns
466,10,467,10,400Gbps,1ns
466,11,468,10,400Gbps,1ns
466,12,469,10,400Gbps,1ns
466,13,470,10,400Gbps,1ns
466,14,471,10,400Gbps,1ns
467,11,468,11,400Gbps,1ns
467,12,469,11,400Gbps,1ns
467,13,470,11,400Gbps,1ns
467,14,471,11,400Gbps,1ns
468,12,469,12,400Gbps,1ns
468,13,470,12,400Gbps,1ns
468,14,471,12,400Gbps,1ns
469,13,470,13,400Gbps,1ns
469,14,471,13,400Gbps,1ns
470,14,471,14,400Gbps,1ns
472,8,473,8,400Gbps,1ns
472,9,474,8,400Gbps,1ns
472,10,475,8,400Gbps,1ns
472,11,476,8,400Gbps,1ns
472,12,477,8,400Gbps,1ns
472,13,478,8,400Gbps,1ns
472,14,479,8,400Gbps,1ns
473,9,474,9,400Gbps,1ns
473,10,475,9,400Gbps,1ns
473,11,476,9,400Gbps,1ns
473,12,477,9,400Gbps,1ns
473,13,478,9,400Gbps,1ns
473,14,479,9,400Gbps,1ns
474,10,475,10,400Gbps,1ns
474,11,476,10,400Gbps,1ns
474,12,477,10,400Gbps,1ns
474,13,478,10,400Gbps,1ns
474,14,479,10,400Gbps,1ns
475,11,476,11,400Gbps,1ns
475,12,477,11,400Gbps,1ns
475,13,478,11,400Gbps,1ns
475,14,479,11,400Gbps,1ns
476,12,477,12,400Gbps,1ns
476,13,478,12,400Gbps,1ns
476,14,479,12,400Gbps,1ns
477,13,478,13,400Gbps,1ns
477,14,479,13,400Gbps,1ns
478,14,479,14,400Gbps,1ns
480,8,481,8,400Gbps,1ns
480,9,482,8,400Gbps,1ns
480,10,483,8,400Gbps,1ns
480,11,484,8,400Gbps,1ns
480,12,485,8,400Gbps,1ns
480,13,486,8,400Gbps,1ns
480,14,487,8,400Gbps,1ns
481,9,482,9,400Gbps,1ns
481,10,483,9,400Gbps,1ns
481,11,484,9,400Gbps,1ns
481,12,485,9,400Gbps,1ns
481,13,486,9,400Gbps,1ns
481,14,487,9,400Gbps,1ns
482,10,483,10,400Gbps,1ns
482,11,484,10,400Gbps,1ns
482,12,485,10,400Gbps,1ns
482,13,486,10,400Gbps,1ns
482,14,487,10,400Gbps,1ns
483,11,484,11,400Gbps,1ns
483,12,485,11,400Gbps,1ns
483,13,486,11,400Gbps,1ns
483,14,487,11,400Gbps,1ns
484,12,485,12,400Gbps,1ns
484,13,486,12,400Gbps,1ns
484,14,487,12,400Gbps,1ns
485,13,486,13,400Gbps,1ns
485,14,487,13,400Gbps,1ns
486,14,487,14,400Gbps,1ns
488,8,489,8,400Gbps,1ns
488,9,490,8,400Gbps,1ns
488,10,491,8,400Gbps,1ns
488,11,492,8,400Gbps,1ns
488,12,493,8,400Gbps,1ns
488,13,494,8,400Gbps,1ns
488,14,495,8,400Gbps,1ns
489,9,490,9,400Gbps,1ns
489,10,491,9,400Gbps,1ns
489,11,492,9,400Gbps,1ns
489,12,493,9,400Gbps,1ns
489,13,494,9,400Gbps,1ns
489,14,495,9,400Gbps,1ns
490,10,491,10,400Gbps,1ns
490,11,492,10,400Gbps,1ns
490,12,493,10,400Gbps,1ns
490,13,494,10,400Gbps,1ns
490,14,495,10,400Gbps,1ns
491,11,492,11,400Gbps,1ns
491,12,493,11,400Gbps,1ns
491,13,494,11,400Gbps,1ns
491,14,495,11,400Gbps,1ns
492,12,493,12,400Gbps,1ns
492,13,494,12,400Gbps,1ns
492,14,495,12,400Gbps,1ns
493,13,494,13,400Gbps,1ns
493,14,495,13,400Gbps,1ns
494,14,495,14,400Gbps,1ns
496,8,497,8,400Gbps,1ns
496,9,498,8,400Gbps,1ns
496,10,499,8,400Gbps,1ns
496,11,500,8,400Gbps,1ns
496,12,501,8,400Gbps,1ns
496,13,502,8,400Gbps,1ns
496,14,503,8,400Gbps,1ns
497,9,498,9,400Gbps,1ns
497,10,499,9,400Gbps,1ns
497,11,500,9,400Gbps,1ns
497,12,501,9,400Gbps,1ns
497,13,502,9,400Gbps,1ns
497,14,503,9,400Gbps,1ns
498,10,499,10,400Gbps,1ns
498,11,500,10,400Gbps,1ns
498,12,501,10,400Gbps,1ns
498,13,502,10,400Gbps,1ns
498,14,503,10,400Gbps,1ns
499,11,500,11,400Gbps,1ns
499,12,501,11,400Gbps,1ns
499,13,502,11,400Gbps,1ns
499,14,503,11,400Gbps,1ns
500,12,501,12,400Gbps,1ns
500,13,502,12,400Gbps,1ns
500,14,503,12,400Gbps,1ns
501,13,502,13,400Gbps,1ns
501,14,503,13,400Gbps,1ns
502,14,503,14,400Gbps,1ns
504,8,505,8,400Gbps,1ns
504,9,506,8,400Gbps,1ns
504,10,507,8,400Gbps,1ns
504,11,508,8,400Gbps,1ns
504,12,509,8,400Gbps,1ns
504,13,510,8,400Gbps,1ns
504,14,511,8,400Gbps,1ns
505,9,506,9,400Gbps,1ns
505,10,507,9,400Gbps,1ns
505,11,508,9,400Gbps,1ns
505,12,509,9,400Gbps,1ns
505,13,510,9,400Gbps,1ns
505,14,511,9,400Gbps,1ns
506,10,507,10,400Gbps,1ns
506,11,508,10,400Gbps,1ns
506,12,509,10,400Gbps,1ns
506,13,510,10,400Gbps,1ns
506,14,511,10,400Gbps,1ns
507,11,508,11,400Gbps,1ns
507,12,509,11,400Gbps,1ns
507,13,510,11,400Gbps,1ns
507,14,511,11,400Gbps,1ns
508,12,509,12,400Gbps,1ns
508,13,510,12,400Gbps,1ns
508,14,511,12,400Gbps,1ns
509,13,510,13,400Gbps,1ns
509,14,511,13,400Gbps,1ns
510,14,511,14,400Gbps,1ns
512,8,513,8,400Gbps,1ns
512,9,514,8,400Gbps,1ns
512,10,515,8,400Gbps,1ns
512,11,516,8,400Gbps,1ns
512,12,517,8,400Gbps,1ns
512,13,518,8,400Gbps,1ns
512,14,519,8,400Gbps,1ns
513,9,514,9,400Gbps,1ns
513,10,515,9,400Gbps,1ns
513,11,516,9,400Gbps,1ns
513,12,517,9,400Gbps,1ns
513,13,518,9,400Gbps,1ns
513,14,519,9,400Gbps,1ns
514,10,515,10,400Gbps,1ns
514,11,516,10,400Gbps,1ns
514,12,517,10,400Gbps,1ns
514,13,518,10,400Gbps,1ns
514,14,519,10,400Gbps,1ns
515,11,516,11,400Gbps,1ns
515,12,517,11,400Gbps,1ns
515,13,518,11,400Gbps,1ns
515,14,519,11,400Gbps,1ns
516,12,517,12,400Gbps,1ns
516,13,518,12,400Gbps,1ns
516,14,519,12,400Gbps,1ns
517,13,518,13,400Gbps,1ns
517,14,519,13,400Gbps,1ns
518,14,519,14,400Gbps,1ns
520,8,521,8,400Gbps,1ns
520,9,522,8,400Gbps,1ns
520,10,523,8,400Gbps,1ns
520,11,524,8,400Gbps,1ns
520,12,525,8,400Gbps,1ns
520,13,526,8,400Gbps,1ns
520,14,527,8,400Gbps,1ns
521,9,522,9,400Gbps,1ns
521,10,523,9,400Gbps,1ns
521,11,524,9,400Gbps,1ns
521,12,525,9,400Gbps,1ns
521,13,526,9,400Gbps,1ns
521,14,527,9,400Gbps,1ns
522,10,523,10,400Gbps,1ns
522,11,524,10,400Gbps,1ns
522,12,525,10,400Gbps,1ns
522,13,526,10,400Gbps,1ns
522,14,527,10,400Gbps,1ns
523,11,524,11,400Gbps,1ns
523,12,525,11,400Gbps,1ns
523,13,526,11,400Gbps,1ns
523,14,527,11,400Gbps,1ns
524,12,525,12,400Gbps,1ns
524,13,526,12,400Gbps,1ns
524,14,527,12,400Gbps,1ns
525,13,526,13,400Gbps,1ns
525,14,527,13,400Gbps,1ns
526,14,527,14,400Gbps,1ns
528,8,529,8,400Gbps,1ns
528,9,530,8,400Gbps,1ns
528,10,531,8,400Gbps,1ns
528,11,532,8,400Gbps,1ns
528,12,533,8,400Gbps,1ns
528,13,534,8,400Gbps,1ns
528,14,535,8,400Gbps,1ns
529,9,530,9,400Gbps,1ns
529,10,531,9,400Gbps,1ns
529,11,532,9,400Gbps,1ns
529,12,533,9,400Gbps,1ns
529,13,534,9,400Gbps,1ns
529,14,535,9,400Gbps,1ns
530,10,531,10,400Gbps,1ns
530,11,532,10,400Gbps,1ns
530,12,533,10,400Gbps,1ns
530,13,534,10,400Gbps,1ns
530,14,535,10,400Gbps,1ns
531,11,532,11,400Gbps,1ns
531,12,533,11,400Gbps,1ns
531,13,534,11,400Gbps,1ns
531,14,535,11,400Gbps,1ns
532,12,533,12,400Gbps,1ns
532,13,534,12,400Gbps,1ns
532,14,535,12,400Gbps,1ns
533,13,534,13,400Gbps,1ns
533,14,535,13,400Gbps,1ns
534,14,535,14,400Gbps,1ns
536,8,537,8,400Gbps,1ns
536,9,538,8,400Gbps,1ns
536,10,539,8,400Gbps,1ns
536,11,540,8,400Gbps,1ns
536,12,541,8,400Gbps,1ns
536,13,542,8,400Gbps,1ns
536,14,543,8,400Gbps,1ns
537,9,538,9,400Gbps,1ns
537,10,539,9,400Gbps,1ns
537,11,540,9,400Gbps,1ns
537,12,541,9,400Gbps,1ns
537,13,542,9,400Gbps,1ns
537,14,543,9,400Gbps,1ns
538,10,539,10,400Gbps,1ns
538,11,540,10,400Gbps,1ns
538,12,541,10,400Gbps,1ns
538,13,542,10,400Gbps,1ns
538,14,543,10,400Gbps,1ns
539,11,540,11,400Gbps,1ns
539,12,541,11,400Gbps,1ns
539,13,542,11,400Gbps,1ns
539,14,543,11,400Gbps,1ns
540,12,541,12,400Gbps,1ns
540,13,542,12,400Gbps,1ns
540,14,543,12,400Gbps,1ns
541,13,542,13,400Gbps,1ns
541,14,543,13,400Gbps,1ns
542,14,543,14,400Gbps,1ns
544,8,545,8,400Gbps,1ns
544,9,546,8,400Gbps,1ns
544,10,547,8,400Gbps,1ns
544,11,548,8,400Gbps,1ns
544,12,549,8,400Gbps,1ns
544,13,550,8,400Gbps,1ns
544,14,551,8,400Gbps,1ns
545,9,546,9,400Gbps,1ns
545,10,547,9,400Gbps,1ns
545,11,548,9,400Gbps,1ns
545,12,549,9,400Gbps,1ns
545,13,550,9,400Gbps,1ns
545,14,551,9,400Gbps,1ns
546,10,547,10,400Gbps,1ns
546,11,548,10,400Gbps,1ns
546,12,549,10,400Gbps,1ns
546,13,550,10,400Gbps,1ns
546,14,551,10,400Gbps,1ns
547,11,548,11,400Gbps,1ns
547,12,549,11,400Gbps,1ns
547,13,550,11,400Gbps,1ns
547,14,551,11,400Gbps,1ns
548,12,549,12,400Gbps,1ns
548,13,550,12,400Gbps,1ns
548,14,551,12,400Gbps,1ns
549,13,550,13,400Gbps,1ns
549,14,551,13,400Gbps,1ns
550,14,551,14,400Gbps,1ns
552,8,553,8,400Gbps,1ns
552,9,554,8,400Gbps,1ns
552,10,555,8,400Gbps,1ns
552,11,556,8,400Gbps,1ns
552,12,557,8,400Gbps,1ns
552,13,558,8,400Gbps,1ns
552,14,559,8,400Gbps,1ns
553,9,554,9,400Gbps,1ns
553,10,555,9,400Gbps,1ns
553,11,556,9,400Gbps,1ns
553,12,557,9,400Gbps,1ns
553,13,558,9,400Gbps,1ns
553,14,559,9,400Gbps,1ns
554,10,555,10,400Gbps,1ns
554,11,556,10,400Gbps,1ns
554,12,557,10,400Gbps,1ns
554,13,558,10,400Gbps,1ns
554,14,559,10,400Gbps,1ns
555,11,556,11,400Gbps,1ns
555,12,557,11,400Gbps,1ns
555,13,558,11,400Gbps,1ns
555,14,559,11,400Gbps,1ns
556,12,557,12,400Gbps,1ns
556,13,558,12,400Gbps,1ns
556,14,559,12,400Gbps,1ns
557,13,558,13,400Gbps,1ns
557,14,559,13,400Gbps,1ns
558,14,559,14,400Gbps,1ns
560,8,561,8,400Gbps,1ns
560,9,562,8,400Gbps,1ns
560,10,563,8,400Gbps,1ns
560,11,564,8,400Gbps,1ns
560,12,565,8,400Gbps,1ns
560,13,566,8,400Gbps,1ns
560,14,567,8,400Gbps,1ns
561,9,562,9,400Gbps,1ns
561,10,563,9,400Gbps,1ns
561,11,564,9,400Gbps,1ns
561,12,565,9,400Gbps,1ns
561,13,566,9,400Gbps,1ns
561,14,567,9,400Gbps,1ns
562,10,563,10,400Gbps,1ns
562,11,564,10,400Gbps,1ns
562,12,565,10,400Gbps,1ns
562,13,566,10,400Gbps,1ns
562,14,567,10,400Gbps,1ns
563,11,564,11,400Gbps,1ns
563,12,565,11,400Gbps,1ns
563,13,566,11,400Gbps,1ns
563,14,567,11,400Gbps,1ns
564,12,565,12,400Gbps,1ns
564,13,566,12,400Gbps,1ns
564,14,567,12,400Gbps,1ns
565,13,566,13,400Gbps,1ns
565,14,567,13,400Gbps,1ns
566,14,567,14,400Gbps,1ns
568,8,569,8,400Gbps,1ns
568,9,570,8,400Gbps,1ns
568,10,571,8,400Gbps,1ns
568,11,572,8,400Gbps,1ns
568,12,573,8,400Gbps,1ns
568,13,574,8,400Gbps,1ns
568,14,575,8,400Gbps,1ns
569,9,570,9,400Gbps,1ns
569,10,571,9,400Gbps,1ns
569,11,572,9,400Gbps,1ns
569,12,573,9,400Gbps,1ns
569,13,574,9,400Gbps,1ns
569,14,575,9,400Gbps,1ns
570,10,571,10,400Gbps,1ns
570,11,572,10,400Gbps,1ns
570,12,573,10,400Gbps,1ns
570,13,574,10,400Gbps,1ns
570,14,575,10,400Gbps,1ns
571,11,572,11,400Gbps,1ns
571,12,573,11,400Gbps,1ns
571,13,574,11,400Gbps,1ns
571,14,575,11,400Gbps,1ns
572,12,573,12,400Gbps,1ns
572,13,574,12,400Gbps,1ns
572,14,575,12,400Gbps,1ns
573,13,574,13,400Gbps,1ns
573,14,575,13,400Gbps,1ns
574,14,575,14,400Gbps,1ns
576,8,577,8,400Gbps,1ns
576,9,578,8,400Gbps,1ns
576,10,579,8,400Gbps,1ns
576,11,580,8,400Gbps,1ns
576,12,581,8,400Gbps,1ns
576,13,582,8,400Gbps,1ns
576,14,583,8,400Gbps,1ns
577,9,578,9,400Gbps,1ns
577,10,579,9,400Gbps,1ns
577,11,580,9,400Gbps,1ns
577,12,581,9,400Gbps,1ns
577,13,582,9,400Gbps,1ns
577,14,583,9,400Gbps,1ns
578,10,579,10,400Gbps,1ns
578,11,580,10,400Gbps,1ns
578,12,581,10,400Gbps,1ns
578,13,582,10,400Gbps,1ns
578,14,583,10,400Gbps,1ns
579,11,580,11,400Gbps,1ns
579,12,581,11,400Gbps,1ns
579,13,582,11,400Gbps,1ns
579,14,583,11,400Gbps,1ns
580,12,581,12,400Gbps,1ns
580,13,582,12,400Gbps,1ns
580,14,583,12,400Gbps,1ns
581,13,582,13,400Gbps,1ns
581,14,583,13,400Gbps,1ns
582,14,583,14,400Gbps,1ns
584,8,585,8,400Gbps,1ns
584,9,586,8,400Gbps,1ns
584,10,587,8,400Gbps,1ns
584,11,588,8,400Gbps,1ns
584,12,589,8,400Gbps,1ns
584,13,590,8,400Gbps,1ns
584,14,591,8,400Gbps,1ns
585,9,586,9,400Gbps,1ns
585,10,587,9,400Gbps,1ns
585,11,588,9,400Gbps,1ns
585,12,589,9,400Gbps,1ns
585,13,590,9,400Gbps,1ns
585,14,591,9,400Gbps,1ns
586,10,587,10,400Gbps,1ns
586,11,588,10,400Gbps,1ns
586,12,589,10,400Gbps,1ns
586,13,590,10,400Gbps,1ns
586,14,591,10,400Gbps,1ns
587,11,588,11,400Gbps,1ns
587,12,589,11,400Gbps,1ns
587,13,590,11,400Gbps,1ns
587,14,591,11,400Gbps,1ns
588,12,589,12,400Gbps,1ns
588,13,590,12,400Gbps,1ns
588,14,591,12,400Gbps,1ns
589,13,590,13,400Gbps,1ns
589,14,591,13,400Gbps,1ns
590,14,591,14,400Gbps,1ns
592,8,593,8,400Gbps,1ns
592,9,594,8,400Gbps,1ns
592,10,595,8,400Gbps,1ns
592,11,596,8,400Gbps,1ns
592,12,597,8,400Gbps,1ns
592,13,598,8,400Gbps,1ns
592,14,599,8,400Gbps,1ns
593,9,594,9,400Gbps,1ns
593,10,595,9,400Gbps,1ns
593,11,596,9,400Gbps,1ns
593,12,597,9,400Gbps,1ns
593,13,598,9,400Gbps,1ns
593,14,599,9,400Gbps,1ns
594,10,595,10,400Gbps,1ns
594,11,596,10,400Gbps,1ns
594,12,597,10,400Gbps,1ns
594,13,598,10,400Gbps,1ns
594,14,599,10,400Gbps,1ns
595,11,596,11,400Gbps,1ns
595,12,597,11,400Gbps,1ns
595,13,598,11,400Gbps,1ns
595,14,599,11,400Gbps,1ns
596,12,597,12,400Gbps,1ns
596,13,598,12,400Gbps,1ns
596,14,599,12,400Gbps,1ns
597,13,598,13,400Gbps,1ns
597,14,599,13,400Gbps,1ns
598,14,599,14,400Gbps,1ns
600,8,601,8,400Gbps,1ns
600,9,602,8,400Gbps,1ns
600,10,603,8,400Gbps,1ns
600,11,604,8,400Gbps,1ns
600,12,605,8,400Gbps,1ns
600,13,606,8,400Gbps,1ns
600,14,607,8,400Gbps,1ns
601,9,602,9,400Gbps,1ns
601,10,603,9,400Gbps,1ns
601,11,604,9,400Gbps,1ns
601,12,605,9,400Gbps,1ns
601,13,606,9,400Gbps,1ns
601,14,607,9,400Gbps,1ns
602,10,603,10,400Gbps,1ns
602,11,604,10,400Gbps,1ns
602,12,605,10,400Gbps,1ns
602,13,606,10,400Gbps,1ns
602,14,607,10,400Gbps,1ns
603,11,604,11,400Gbps,1ns
603,12,605,11,400Gbps,1ns
603,13,606,11,400Gbps,1ns
603,14,607,11,400Gbps,1ns
604,12,605,12,400Gbps,1ns
604,13,606,12,400Gbps,1ns
604,14,607,12,400Gbps,1ns
605,13,606,13,400Gbps,1ns
605,14,607,13,400Gbps,1ns
606,14,607,14,400Gbps,1ns
608,8,609,8,400Gbps,1ns
608,9,610,8,400Gbps,1ns
608,10,611,8,400Gbps,1ns
608,11,612,8,400Gbps,1ns
608,12,613,8,400Gbps,1ns
608,13,614,8,400Gbps,1ns
608,14,615,8,400Gbps,1ns
609,9,610,9,400Gbps,1ns
609,10,611,9,400Gbps,1ns
609,11,612,9,400Gbps,1ns
609,12,613,9,400Gbps,1ns
609,13,614,9,400Gbps,1ns
609,14,615,9,400Gbps,1ns
610,10,611,10,400Gbps,1ns
610,11,612,10,400Gbps,1ns
610,12,613,10,400Gbps,1ns
610,13,614,10,400Gbps,1ns
610,14,615,10,400Gbps,1ns
611,11,612,11,400Gbps,1ns
611,12,613,11,400Gbps,1ns
611,13,614,11,400Gbps,1ns
611,14,615,11,400Gbps,1ns
612,12,613,12,400Gbps,1ns
612,13,614,12,400Gbps,1ns
612,14,615,12,400Gbps,1ns
613,13,614,13,400Gbps,1ns
613,14,615,13,400Gbps,1ns
614,14,615,14,400Gbps,1ns
616,8,617,8,400Gbps,1ns
616,9,618,8,400Gbps,1ns
616,10,619,8,400Gbps,1ns
616,11,620,8,400Gbps,1ns
616,12,621,8,400Gbps,1ns
616,13,622,8,400Gbps,1ns
616,14,623,8,400Gbps,1ns
617,9,618,9,400Gbps,1ns
617,10,619,9,400Gbps,1ns
617,11,620,9,400Gbps,1ns
617,12,621,9,400Gbps,1ns
617,13,622,9,400Gbps,1ns
617,14,623,9,400Gbps,1ns
618,10,619,10,400Gbps,1ns
618,11,620,10,400Gbps,1ns
618,12,621,10,400Gbps,1ns
618,13,622,10,400Gbps,1ns
618,14,623,10,400Gbps,1ns
619,11,620,11,400Gbps,1ns
619,12,621,11,400Gbps,1ns
619,13,622,11,400Gbps,1ns
619,14,623,11,400Gbps,1ns
620,12,621,12,400Gbps,1ns
620,13,622,12,400Gbps,1ns
620,14,623,12,400Gbps,1ns
621,13,622,13,400Gbps,1ns
621,14,623,13,400Gbps,1ns
622,14,623,14,400Gbps,1ns
624,8,625,8,400Gbps,1ns
624,9,626,8,400Gbps,1ns
624,10,627,8,400Gbps,1ns
624,11,628,8,400Gbps,1ns
624,12,629,8,400Gbps,1ns
624,13,630,8,400Gbps,1ns
624,14,631,8,400Gbps,1ns
625,9,626,9,400Gbps,1ns
625,10,627,9,400Gbps,1ns
625,11,628,9,400Gbps,1ns
625,12,629,9,400Gbps,1ns
625,13,630,9,400Gbps,1ns
625,14,631,9,400Gbps,1ns
626,10,627,10,400Gbps,1ns
626,11,628,10,400Gbps,1ns
626,12,629,10,400Gbps,1ns
626,13,630,10,400Gbps,1ns
626,14,631,10,400Gbps,1ns
627,11,628,11,400Gbps,1ns
627,12,629,11,400Gbps,1ns
627,13,630,11,400Gbps,1ns
627,14,631,11,400Gbps,1ns
628,12,629,12,400Gbps,1ns
628,13,630,12,400Gbps,1ns
628,14,631,12,400Gbps,1ns
629,13,630,13,400Gbps,1ns
629,14,631,13,400Gbps,1ns
630,14,631,14,400Gbps,1ns
632,8,633,8,400Gbps,1ns
632,9,634,8,400Gbps,1ns
632,10,635,8,400Gbps,1ns
632,11,636,8,400Gbps,1ns
632,12,637,8,400Gbps,1ns
632,13,638,8,400Gbps,1ns
632,14,639,8,400Gbps,1ns
633,9,634,9,400Gbps,1ns
633,10,635,9,400Gbps,1ns
633,11,636,9,400Gbps,1ns
633,12,637,9,400Gbps,1ns
633,13,638,9,400Gbps,1ns
633,14,639,9,400Gbps,1ns
634,10,635,10,400Gbps,1ns
634,11,636,10,400Gbps,1ns
634,12,637,10,400Gbps,1ns
634,13,638,10,400Gbps,1ns
634,14,639,10,400Gbps,1ns
635,11,636,11,400Gbps,1ns
635,12,637,11,400Gbps,1ns
635,13,638,11,400Gbps,1ns
635,14,639,11,400Gbps,1ns
636,12,637,12,400Gbps,1ns
636,13,638,12,400Gbps,1ns
636,14,639,12,400Gbps,1ns
637,13,638,13,400Gbps,1ns
637,14,639,13,400Gbps,1ns
638,14,639,14,400Gbps,1ns
640,8,641,8,400Gbps,1ns
640,9,642,8,400Gbps,1ns
640,10,643,8,400Gbps,1ns
640,11,644,8,400Gbps,1ns
640,12,645,8,400Gbps,1ns
640,13,646,8,400Gbps,1ns
640,14,647,8,400Gbps,1ns
641,9,642,9,400Gbps,1ns
641,10,643,9,400Gbps,1ns
641,11,644,9,400Gbps,1ns
641,12,645,9,400Gbps,1ns
641,13,646,9,400Gbps,1ns
641,14,647,9,400Gbps,1ns
642,10,643,10,400Gbps,1ns
642,11,644,10,400Gbps,1ns
642,12,645,10,400Gbps,1ns
642,13,646,10,400Gbps,1ns
642,14,647,10,400Gbps,1ns
643,11,644,11,400Gbps,1ns
643,12,645,11,400Gbps,1ns
643,13,646,11,400Gbps,1ns
643,14,647,11,400Gbps,1ns
644,12,645,12,400Gbps,1ns
644,13,646,12,400Gbps,1ns
644,14,647,12,400Gbps,1ns
645,13,646,13,400Gbps,1ns
645,14,647,13,400Gbps,1ns
646,14,647,14,400Gbps,1ns
648,8,649,8,400Gbps,1ns
648,9,650,8,400Gbps,1ns
648,10,651,8,400Gbps,1ns
648,11,652,8,400Gbps,1ns
648,12,653,8,400Gbps,1ns
648,13,654,8,400Gbps,1ns
648,14,655,8,400Gbps,1ns
649,9,650,9,400Gbps,1ns
649,10,651,9,400Gbps,1ns
649,11,652,9,400Gbps,1ns
649,12,653,9,400Gbps,1ns
649,13,654,9,400Gbps,1ns
649,14,655,9,400Gbps,1ns
650,10,651,10,400Gbps,1ns
650,11,652,10,400Gbps,1ns
650,12,653,10,400Gbps,1ns
650,13,654,10,400Gbps,1ns
650,14,655,10,400Gbps,1ns
651,11,652,11,400Gbps,1ns
651,12,653,11,400Gbps,1ns
651,13,654,11,400Gbps,1ns
651,14,655,11,400Gbps,1ns
652,12,653,12,400Gbps,1ns
652,13,654,12,400Gbps,1ns
652,14,655,12,400Gbps,1ns
653,13,654,13,400Gbps,1ns
653,14,655,13,400Gbps,1ns
654,14,655,14,400Gbps,1ns
656,8,657,8,400Gbps,1ns
656,9,658,8,400Gbps,1ns
656,10,659,8,400Gbps,1ns
656,11,660,8,400Gbps,1ns
656,12,661,8,400Gbps,1ns
656,13,662,8,400Gbps,1ns
656,14,663,8,400Gbps,1ns
657,9,658,9,400Gbps,1ns
657,10,659,9,400Gbps,1ns
657,11,660,9,400Gbps,1ns
657,12,661,9,400Gbps,1ns
657,13,662,9,400Gbps,1ns
657,14,663,9,400Gbps,1ns
658,10,659,10,400Gbps,1ns
658,11,660,10,400Gbps,1ns
658,12,661,10,400Gbps,1ns
658,13,662,10,400Gbps,1ns
658,14,663,10,400Gbps,1ns
659,11,660,11,400Gbps,1ns
659,12,661,11,400Gbps,1ns
659,13,662,11,400Gbps,1ns
659,14,663,11,400Gbps,1ns
660,12,661,12,400Gbps,1ns
660,13,662,12,400Gbps,1ns
660,14,663,12,400Gbps,1ns
661,13,662,13,400Gbps,1ns
661,14,663,13,400Gbps,1ns
662,14,663,14,400Gbps,1ns
664,8,665,8,400Gbps,1ns
664,9,666,8,400Gbps,1ns
664,10,667,8,400Gbps,1ns
664,11,668,8,400Gbps,1ns
664,12,669,8,400Gbps,1ns
664,13,670,8,400Gbps,1ns
664,14,671,8,400Gbps,1ns
665,9,666,9,400Gbps,1ns
665,10,667,9,400Gbps,1ns
665,11,668,9,400Gbps,1ns
665,12,669,9,400Gbps,1ns
665,13,670,9,400Gbps,1ns
665,14,671,9,400Gbps,1ns
666,10,667,10,400Gbps,1ns
666,11,668,10,400Gbps,1ns
666,12,669,10,400Gbps,1ns
666,13,670,10,400Gbps,1ns
666,14,671,10,400Gbps,1ns
667,11,668,11,400Gbps,1ns
667,12,669,11,400Gbps,1ns
667,13,670,11,400Gbps,1ns
667,14,671,11,400Gbps,1ns
668,12,669,12,400Gbps,1ns
668,13,670,12,400Gbps,1ns
668,14,671,12,400Gbps,1ns
669,13,670,13,400Gbps,1ns
669,14,671,13,400Gbps,1ns
670,14,671,14,400Gbps,1ns
672,8,673,8,400Gbps,1ns
672,9,674,8,400Gbps,1ns
672,10,675,8,400Gbps,1ns
672,11,676,8,400Gbps,1ns
672,12,677,8,400Gbps,1ns
672,13,678,8,400Gbps,1ns
672,14,679,8,400Gbps,1ns
673,9,674,9,400Gbps,1ns
673,10,675,9,400Gbps,1ns
673,11,676,9,400Gbps,1ns
673,12,677,9,400Gbps,1ns
673,13,678,9,400Gbps,1ns
673,14,679,9,400Gbps,1ns
674,10,675,10,400Gbps,1ns
674,11,676,10,400Gbps,1ns
674,12,677,10,400Gbps,1ns
674,13,678,10,400Gbps,1ns
674,14,679,10,400Gbps,1ns
675,11,676,11,400Gbps,1ns
675,12,677,11,400Gbps,1ns
675,13,678,11,400Gbps,1ns
675,14,679,11,400Gbps,1ns
676,12,677,12,400Gbps,1ns
676,13,678,12,400Gbps,1ns
676,14,679,12,400Gbps,1ns
677,13,678,13,400Gbps,1ns
677,14,679,13,400Gbps,1ns
678,14,679,14,400Gbps,1ns
680,8,681,8,400Gbps,1ns
680,9,682,8,400Gbps,1ns
680,10,683,8,400Gbps,1ns
680,11,684,8,400Gbps,1ns
680,12,685,8,400Gbps,1ns
680,13,686,8,400Gbps,1ns
680,14,687,8,400Gbps,1ns
681,9,682,9,400Gbps,1ns
681,10,683,9,400Gbps,1ns
681,11,684,9,400Gbps,1ns
681,12,685,9,400Gbps,1ns
681,13,686,9,400Gbps,1ns
681,14,687,9,400Gbps,1ns
682,10,683,10,400Gbps,1ns
682,11,684,10,400Gbps,1ns
682,12,685,10,400Gbps,1ns
682,13,686,10,400Gbps,1ns
682,14,687,10,400Gbps,1ns
683,11,684,11,400Gbps,1ns
683,12,685,11,400Gbps,1ns
683,13,686,11,400Gbps,1ns
683,14,687,11,400Gbps,1ns
684,12,685,12,400Gbps,1ns
684,13,686,12,400Gbps,1ns
684,14,687,12,400Gbps,1ns
685,13,686,13,400Gbps,1ns
685,14,687,13,400Gbps,1ns
686,14,687,14,400Gbps,1ns
688,8,689,8,400Gbps,1ns
688,9,690,8,400Gbps,1ns
688,10,691,8,400Gbps,1ns
688,11,692,8,400Gbps,1ns
688,12,693,8,400Gbps,1ns
688,13,694,8,400Gbps,1ns
688,14,695,8,400Gbps,1ns
689,9,690,9,400Gbps,1ns
689,10,691,9,400Gbps,1ns
689,11,692,9,400Gbps,1ns
689,12,693,9,400Gbps,1ns
689,13,694,9,400Gbps,1ns
689,14,695,9,400Gbps,1ns
690,10,691,10,400Gbps,1ns
690,11,692,10,400Gbps,1ns
690,12,693,10,400Gbps,1ns
690,13,694,10,400Gbps,1ns
690,14,695,10,400Gbps,1ns
691,11,692,11,400Gbps,1ns
691,12,693,11,400Gbps,1ns
691,13,694,11,400Gbps,1ns
691,14,695,11,400Gbps,1ns
692,12,693,12,400Gbps,1ns
692,13,694,12,400Gbps,1ns
692,14,695,12,400Gbps,1ns
693,13,694,13,400Gbps,1ns
693,14,695,13,400Gbps,1ns
694,14,695,14,400Gbps,1ns
696,8,697,8,400Gbps,1ns
696,9,698,8,400Gbps,1ns
696,10,699,8,400Gbps,1ns
696,11,700,8,400Gbps,1ns
696,12,701,8,400Gbps,1ns
696,13,702,8,400Gbps,1ns
696,14,703,8,400Gbps,1ns
697,9,698,9,400Gbps,1ns
697,10,699,9,400Gbps,1ns
697,11,700,9,400Gbps,1ns
697,12,701,9,400Gbps,1ns
697,13,702,9,400Gbps,1ns
697,14,703,9,400Gbps,1ns
698,10,699,10,400Gbps,1ns
698,11,700,10,400Gbps,1ns
698,12,701,10,400Gbps,1ns
698,13,702,10,400Gbps,1ns
698,14,703,10,400Gbps,1ns
699,11,700,11,400Gbps,1ns
699,12,701,11,400Gbps,1ns
699,13,702,11,400Gbps,1ns
699,14,703,11,400Gbps,1ns
700,12,701,12,400Gbps,1ns
700,13,702,12,400Gbps,1ns
700,14,703,12,400Gbps,1ns
701,13,702,13,400Gbps,1ns
701,14,703,13,400Gbps,1ns
702,14,703,14,400Gbps,1ns
704,8,705,8,400Gbps,1ns
704,9,706,8,400Gbps,1ns
704,10,707,8,400Gbps,1ns
704,11,708,8,400Gbps,1ns
704,12,709,8,400Gbps,1ns
704,13,710,8,400Gbps,1ns
704,14,711,8,400Gbps,1ns
705,9,706,9,400Gbps,1ns
705,10,707,9,400Gbps,1ns
705,11,708,9,400Gbps,1ns
705,12,709,9,400Gbps,1ns
705,13,710,9,400Gbps,1ns
705,14,711,9,400Gbps,1ns
706,10,707,10,400Gbps,1ns
706,11,708,10,400Gbps,1ns
706,12,709,10,400Gbps,1ns
706,13,710,10,400Gbps,1ns
706,14,711,10,400Gbps,1ns
707,11,708,11,400Gbps,1ns
707,12,709,11,400Gbps,1ns
707,13,710,11,400Gbps,1ns
707,14,711,11,400Gbps,1ns
708,12,709,12,400Gbps,1ns
708,13,710,12,400Gbps,1ns
708,14,711,12,400Gbps,1ns
709,13,710,13,400Gbps,1ns
709,14,711,13,400Gbps,1ns
710,14,711,14,400Gbps,1ns
712,8,713,8,400Gbps,1ns
712,9,714,8,400Gbps,1ns
712,10,715,8,400Gbps,1ns
712,11,716,8,400Gbps,1ns
712,12,717,8,400Gbps,1ns
712,13,718,8,400Gbps,1ns
712,14,719,8,400Gbps,1ns
713,9,714,9,400Gbps,1ns
713,10,715,9,400Gbps,1ns
713,11,716,9,400Gbps,1ns
713,12,717,9,400Gbps,1ns
713,13,718,9,400Gbps,1ns
713,14,719,9,400Gbps,1ns
714,10,715,10,400Gbps,1ns
714,11,716,10,400Gbps,1ns
714,12,717,10,400Gbps,1ns
714,13,718,10,400Gbps,1ns
714,14,719,10,400Gbps,1ns
715,11,716,11,400Gbps,1ns
715,12,717,11,400Gbps,1ns
715,13,718,11,400Gbps,1ns
715,14,719,11,400Gbps,1ns
716,12,717,12,400Gbps,1ns
716,13,718,12,400Gbps,1ns
716,14,719,12,400Gbps,1ns
717,13,718,13,400Gbps,1ns
717,14,719,13,400Gbps,1ns
718,14,719,14,400Gbps,1ns
720,8,721,8,400Gbps,1ns
720,9,722,8,400Gbps,1ns
720,10,723,8,400Gbps,1ns
720,11,724,8,400Gbps,1ns
720,12,725,8,400Gbps,1ns
720,13,726,8,400Gbps,1ns
720,14,727,8,400Gbps,1ns
721,9,722,9,400Gbps,1ns
721,10,723,9,400Gbps,1ns
721,11,724,9,400Gbps,1ns
721,12,725,9,400Gbps,1ns
721,13,726,9,400Gbps,1ns
721,14,727,9,400Gbps,1ns
722,10,723,10,400Gbps,1ns
722,11,724,10,400Gbps,1ns
722,12,725,10,400Gbps,1ns
722,13,726,10,400Gbps,1ns
722,14,727,10,400Gbps,1ns
723,11,724,11,400Gbps,1ns
723,12,725,11,400Gbps,1ns
723,13,726,11,400Gbps,1ns
723,14,727,11,400Gbps,1ns
724,12,725,12,400Gbps,1ns
724,13,726,12,400Gbps,1ns
724,14,727,12,400Gbps,1ns
725,13,726,13,400Gbps,1ns
725,14,727,13,400Gbps,1ns
726,14,727,14,400Gbps,1ns
728,8,729,8,400Gbps,1ns
728,9,730,8,400Gbps,1ns
728,10,731,8,400Gbps,1ns
728,11,732,8,400Gbps,1ns
728,12,733,8,400Gbps,1ns
728,13,734,8,400Gbps,1ns
728,14,735,8,400Gbps,1ns
729,9,730,9,400Gbps,1ns
729,10,731,9,400Gbps,1ns
729,11,732,9,400Gbps,1ns
729,12,733,9,400Gbps,1ns
729,13,734,9,400Gbps,1ns
729,14,735,9,400Gbps,1ns
730,10,731,10,400Gbps,1ns
730,11,732,10,400Gbps,1ns
730,12,733,10,400Gbps,1ns
730,13,734,10,400Gbps,1ns
730,14,735,10,400Gbps,1ns
731,11,732,11,400Gbps,1ns
731,12,733,11,400Gbps,1ns
731,13,734,11,400Gbps,1ns
731,14,735,11,400Gbps,1ns
732,12,733,12,400Gbps,1ns
732,13,734,12,400Gbps,1ns
732,14,735,12,400Gbps,1ns
733,13,734,13,400Gbps,1ns
733,14,735,13,400Gbps,1ns
734,14,735,14,400Gbps,1ns
736,8,737,8,400Gbps,1ns
736,9,738,8,400Gbps,1ns
736,10,739,8,400Gbps,1ns
736,11,740,8,400Gbps,1ns
736,12,741,8,400Gbps,1ns
736,13,742,8,400Gbps,1ns
736,14,743,8,400Gbps,1ns
737,9,738,9,400Gbps,1ns
737,10,739,9,400Gbps,1ns
737,11,740,9,400Gbps,1ns
737,12,741,9,400Gbps,1ns
737,13,742,9,400Gbps,1ns
737,14,743,9,400Gbps,1ns
738,10,739,10,400Gbps,1ns
738,11,740,10,400Gbps,1ns
738,12,741,10,400Gbps,1ns
738,13,742,10,400Gbps,1ns
738,14,743,10,400Gbps,1ns
739,11,740,11,400Gbps,1ns
739,12,741,11,400Gbps,1ns
739,13,742,11,400Gbps,1ns
739,14,743,11,400Gbps,1ns
740,12,741,12,400Gbps,1ns
740,13,742,12,400Gbps,1ns
740,14,743,12,400Gbps,1ns
741,13,742,13,400Gbps,1ns
741,14,743,13,400Gbps,1ns
742,14,743,14,400Gbps,1ns
744,8,745,8,400Gbps,1ns
744,9,746,8,400Gbps,1ns
744,10,747,8,400Gbps,1ns
744,11,748,8,400Gbps,1ns
744,12,749,8,400Gbps,1ns
744,13,750,8,400Gbps,1ns
744,14,751,8,400Gbps,1ns
745,9,746,9,400Gbps,1ns
745,10,747,9,400Gbps,1ns
745,11,748,9,400Gbps,1ns
745,12,749,9,400Gbps,1ns
745,13,750,9,400Gbps,1ns
745,14,751,9,400Gbps,1ns
746,10,747,10,400Gbps,1ns
746,11,748,10,400Gbps,1ns
746,12,749,10,400Gbps,1ns
746,13,750,10,400Gbps,1ns
746,14,751,10,400Gbps,1ns
747,11,748,11,400Gbps,1ns
747,12,749,11,400Gbps,1ns
747,13,750,11,400Gbps,1ns
747,14,751,11,400Gbps,1ns
748,12,749,12,400Gbps,1ns
748,13,750,12,400Gbps,1ns
748,14,751,12,400Gbps,1ns
749,13,750,13,400Gbps,1ns
749,14,751,13,400Gbps,1ns
750,14,751,14,400Gbps,1ns
752,8,753,8,400Gbps,1ns
752,9,754,8,400Gbps,1ns
752,10,755,8,400Gbps,1ns
752,11,756,8,400Gbps,1ns
752,12,757,8,400Gbps,1ns
752,13,758,8,400Gbps,1ns
752,14,759,8,400Gbps,1ns
753,9,754,9,400Gbps,1ns
753,10,755,9,400Gbps,1ns
753,11,756,9,400Gbps,1ns
753,12,757,9,400Gbps,1ns
753,13,758,9,400Gbps,1ns
753,14,759,9,400Gbps,1ns
754,10,755,10,400Gbps,1ns
754,11,756,10,400Gbps,1ns
754,12,757,10,400Gbps,1ns
754,13,758,10,400Gbps,1ns
754,14,759,10,400Gbps,1ns
755,11,756,11,400Gbps,1ns
755,12,757,11,400Gbps,1ns
755,13,758,11,400Gbps,1ns
755,14,759,11,400Gbps,1ns
756,12,757,12,400Gbps,1ns
756,13,758,12,400Gbps,1ns
756,14,759,12,400Gbps,1ns
757,13,758,13,400Gbps,1ns
757,14,759,13,400Gbps,1ns
758,14,759,14,400Gbps,1ns
760,8,761,8,400Gbps,1ns
760,9,762,8,400Gbps,1ns
760,10,763,8,400Gbps,1ns
760,11,764,8,400Gbps,1ns
760,12,765,8,400Gbps,1ns
760,13,766,8,400Gbps,1ns
760,14,767,8,400Gbps,1ns
761,9,762,9,400Gbps,1ns
761,10,763,9,400Gbps,1ns
761,11,764,9,400Gbps,1ns
761,12,765,9,400Gbps,1ns
761,13,766,9,400Gbps,1ns
761,14,767,9,400Gbps,1ns
762,10,763,10,400Gbps,1ns
762,11,764,10,400Gbps,1ns
762,12,765,10,400Gbps,1ns
762,13,766,10,400Gbps,1ns
762,14,767,10,400Gbps,1ns
763,11,764,11,400Gbps,1ns
763,12,765,11,400Gbps,1ns
763,13,766,11,400Gbps,1ns
763,14,767,11,400Gbps,1ns
764,12,765,12,400Gbps,1ns
764,13,766,12,400Gbps,1ns
764,14,767,12,400Gbps,1ns
765,13,766,13,400Gbps,1ns
765,14,767,13,400Gbps,1ns
766,14,767,14,400Gbps,1ns
768,8,769,8,400Gbps,1ns
768,9,770,8,400Gbps,1ns
768,10,771,8,400Gbps,1ns
768,11,772,8,400Gbps,1ns
768,12,773,8,400Gbps,1ns
768,13,774,8,400Gbps,1ns
768,14,775,8,400Gbps,1ns
769,9,770,9,400Gbps,1ns
769,10,771,9,400Gbps,1ns
769,11,772,9,400Gbps,1ns
769,12,773,9,400Gbps,1ns
769,13,774,9,400Gbps,1ns
769,14,775,9,400Gbps,1ns
770,10,771,10,400Gbps,1ns
770,11,772,10,400Gbps,1ns
770,12,773,10,400Gbps,1ns
770,13,774,10,400Gbps,1ns
770,14,775,10,400Gbps,1ns
771,11,772,11,400Gbps,1ns
771,12,773,11,400Gbps,1ns
771,13,774,11,400Gbps,1ns
771,14,775,11,400Gbps,1ns
772,12,773,12,400Gbps,1ns
772,13,774,12,400Gbps,1ns
772,14,775,12,400Gbps,1ns
773,13,774,13,400Gbps,1ns
773,14,775,13,400Gbps,1ns
774,14,775,14,400Gbps,1ns
776,8,777,8,400Gbps,1ns
776,9,778,8,400Gbps,1ns
776,10,779,8,400Gbps,1ns
776,11,780,8,400Gbps,1ns
776,12,781,8,400Gbps,1ns
776,13,782,8,400Gbps,1ns
776,14,783,8,400Gbps,1ns
777,9,778,9,400Gbps,1ns
777,10,779,9,400Gbps,1ns
777,11,780,9,400Gbps,1ns
777,12,781,9,400Gbps,1ns
777,13,782,9,400Gbps,1ns
777,14,783,9,400Gbps,1ns
778,10,779,10,400Gbps,1ns
778,11,780,10,400Gbps,1ns
778,12,781,10,400Gbps,1ns
778,13,782,10,400Gbps,1ns
778,14,783,10,400Gbps,1ns
779,11,780,11,400Gbps,1ns
779,12,781,11,400Gbps,1ns
779,13,782,11,400Gbps,1ns
779,14,783,11,400Gbps,1ns
780,12,781,12,400Gbps,1ns
780,13,782,12,400Gbps,1ns
780,14,783,12,400Gbps,1ns
781,13,782,13,400Gbps,1ns
781,14,783,13,400Gbps,1ns
782,14,783,14,400Gbps,1ns
784,8,785,8,400Gbps,1ns
784,9,786,8,400Gbps,1ns
784,10,787,8,400Gbps,1ns
784,11,788,8,400Gbps,1ns
784,12,789,8,400Gbps,1ns
784,13,790,8,400Gbps,1ns
784,14,791,8,400Gbps,1ns
785,9,786,9,400Gbps,1ns
785,10,787,9,400Gbps,1ns
785,11,788,9,400Gbps,1ns
785,12,789,9,400Gbps,1ns
785,13,790,9,400Gbps,1ns
785,14,791,9,400Gbps,1ns
786,10,787,10,400Gbps,1ns
786,11,788,10,400Gbps,1ns
786,12,789,10,400Gbps,1ns
786,13,790,10,400Gbps,1ns
786,14,791,10,400Gbps,1ns
787,11,788,11,400Gbps,1ns
787,12,789,11,400Gbps,1ns
787,13,790,11,400Gbps,1ns
787,14,791,11,400Gbps,1ns
788,12,789,12,400Gbps,1ns
788,13,790,12,400Gbps,1ns
788,14,791,12,400Gbps,1ns
789,13,790,13,400Gbps,1ns
789,14,791,13,400Gbps,1ns
790,14,791,14,400Gbps,1ns
792,8,793,8,400Gbps,1ns
792,9,794,8,400Gbps,1ns
792,10,795,8,400Gbps,1ns
792,11,796,8,400Gbps,1ns
792,12,797,8,400Gbps,1ns
792,13,798,8,400Gbps,1ns
792,14,799,8,400Gbps,1ns
793,9,794,9,400Gbps,1ns
793,10,795,9,400Gbps,1ns
793,11,796,9,400Gbps,1ns
793,12,797,9,400Gbps,1ns
793,13,798,9,400Gbps,1ns
793,14,799,9,400Gbps,1ns
794,10,795,10,400Gbps,1ns
794,11,796,10,400Gbps,1ns
794,12,797,10,400Gbps,1ns
794,13,798,10,400Gbps,1ns
794,14,799,10,400Gbps,1ns
795,11,796,11,400Gbps,1ns
795,12,797,11,400Gbps,1ns
795,13,798,11,400Gbps,1ns
795,14,799,11,400Gbps,1ns
796,12,797,12,400Gbps,1ns
796,13,798,12,400Gbps,1ns
796,14,799,12,400Gbps,1ns
797,13,798,13,400Gbps,1ns
797,14,799,13,400Gbps,1ns
798,14,799,14,400Gbps,1ns
800,8,801,8,400Gbps,1ns
800,9,802,8,400Gbps,1ns
800,10,803,8,400Gbps,1ns
800,11,804,8,400Gbps,1ns
800,12,805,8,400Gbps,1ns
800,13,806,8,400Gbps,1ns
800,14,807,8,400Gbps,1ns
801,9,802,9,400Gbps,1ns
801,10,803,9,400Gbps,1ns
801,11,804,9,400Gbps,1ns
801,12,805,9,400Gbps,1ns
801,13,806,9,400Gbps,1ns
801,14,807,9,400Gbps,1ns
802,10,803,10,400Gbps,1ns
802,11,804,10,400Gbps,1ns
802,12,805,10,400Gbps,1ns
802,13,806,10,400Gbps,1ns
802,14,807,10,400Gbps,1ns
803,11,804,11,400Gbps,1ns
803,12,805,11,400Gbps,1ns
803,13,806,11,400Gbps,1ns
803,14,807,11,400Gbps,1ns
804,12,805,12,400Gbps,1ns
804,13,806,12,400Gbps,1ns
804,14,807,12,400Gbps,1ns
805,13,806,13,400Gbps,1ns
805,14,807,13,400Gbps,1ns
806,14,807,14,400Gbps,1ns
808,8,809,8,400Gbps,1ns
808,9,810,8,400Gbps,1ns
808,10,811,8,400Gbps,1ns
808,11,812,8,400Gbps,1ns
808,12,813,8,400Gbps,1ns
808,13,814,8,400Gbps,1ns
808,14,815,8,400Gbps,1ns
809,9,810,9,400Gbps,1ns
809,10,811,9,400Gbps,1ns
809,11,812,9,400Gbps,1ns
809,12,813,9,400Gbps,1ns
809,13,814,9,400Gbps,1ns
809,14,815,9,400Gbps,1ns
810,10,811,10,400Gbps,1ns
810,11,812,10,400Gbps,1ns
810,12,813,10,400Gbps,1ns
810,13,814,10,400Gbps,1ns
810,14,815,10,400Gbps,1ns
811,11,812,11,400Gbps,1ns
811,12,813,11,400Gbps,1ns
811,13,814,11,400Gbps,1ns
811,14,815,11,400Gbps,1ns
812,12,813,12,400Gbps,1ns
812,13,814,12,400Gbps,1ns
812,14,815,12,400Gbps,1ns
813,13,814,13,400Gbps,1ns
813,14,815,13,400Gbps,1ns
814,14,815,14,400Gbps,1ns
816,8,817,8,400Gbps,1ns
816,9,818,8,400Gbps,1ns
816,10,819,8,400Gbps,1ns
816,11,820,8,400Gbps,1ns
816,12,821,8,400Gbps,1ns
816,13,822,8,400Gbps,1ns
816,14,823,8,400Gbps,1ns
817,9,818,9,400Gbps,1ns
817,10,819,9,400Gbps,1ns
817,11,820,9,400Gbps,1ns
817,12,821,9,400Gbps,1ns
817,13,822,9,400Gbps,1ns
817,14,823,9,400Gbps,1ns
818,10,819,10,400Gbps,1ns
818,11,820,10,400Gbps,1ns
818,12,821,10,400Gbps,1ns
818,13,822,10,400Gbps,1ns
818,14,823,10,400Gbps,1ns
819,11,820,11,400Gbps,1ns
819,12,821,11,400Gbps,1ns
819,13,822,11,400Gbps,1ns
819,14,823,11,400Gbps,1ns
820,12,821,12,400Gbps,1ns
820,13,822,12,400Gbps,1ns
820,14,823,12,400Gbps,1ns
821,13,822,13,400Gbps,1ns
821,14,823,13,400Gbps,1ns
822,14,823,14,400Gbps,1ns
824,8,825,8,400Gbps,1ns
824,9,826,8,400Gbps,1ns
824,10,827,8,400Gbps,1ns
824,11,828,8,400Gbps,1ns
824,12,829,8,400Gbps,1ns
824,13,830,8,400Gbps,1ns
824,14,831,8,400Gbps,1ns
825,9,826,9,400Gbps,1ns
825,10,827,9,400Gbps,1ns
825,11,828,9,400Gbps,1ns
825,12,829,9,400Gbps,1ns
825,13,830,9,400Gbps,1ns
825,14,831,9,400Gbps,1ns
826,10,827,10,400Gbps,1ns
826,11,828,10,400Gbps,1ns
826,12,829,10,400Gbps,1ns
826,13,830,10,400Gbps,1ns
826,14,831,10,400Gbps,1ns
827,11,828,11,400Gbps,1ns
827,12,829,11,400Gbps,1ns
827,13,830,11,400Gbps,1ns
827,14,831,11,400Gbps,1ns
828,12,829,12,400Gbps,1ns
828,13,830,12,400Gbps,1ns
828,14,831,12,400Gbps,1ns
829,13,830,13,400Gbps,1ns
829,14,831,13,400Gbps,1ns
830,14,831,14,400Gbps,1ns
832,8,833,8,400Gbps,1ns
832,9,834,8,400Gbps,1ns
832,10,835,8,400Gbps,1ns
832,11,836,8,400Gbps,1ns
832,12,837,8,400Gbps,1ns
832,13,838,8,400Gbps,1ns
832,14,839,8,400Gbps,1ns
833,9,834,9,400Gbps,1ns
833,10,835,9,400Gbps,1ns
833,11,836,9,400Gbps,1ns
833,12,837,9,400Gbps,1ns
833,13,838,9,400Gbps,1ns
833,14,839,9,400Gbps,1ns
834,10,835,10,400Gbps,1ns
834,11,836,10,400Gbps,1ns
834,12,837,10,400Gbps,1ns
834,13,838,10,400Gbps,1ns
834,14,839,10,400Gbps,1ns
835,11,836,11,400Gbps,1ns
835,12,837,11,400Gbps,1ns
835,13,838,11,400Gbps,1ns
835,14,839,11,400Gbps,1ns
836,12,837,12,400Gbps,1ns
836,13,838,12,400Gbps,1ns
836,14,839,12,400Gbps,1ns
837,13,838,13,400Gbps,1ns
837,14,839,13,400Gbps,1ns
838,14,839,14,400Gbps,1ns
840,8,841,8,400Gbps,1ns
840,9,842,8,400Gbps,1ns
840,10,843,8,400Gbps,1ns
840,11,844,8,400Gbps,1ns
840,12,845,8,400Gbps,1ns
840,13,846,8,400Gbps,1ns
840,14,847,8,400Gbps,1ns
841,9,842,9,400Gbps,1ns
841,10,843,9,400Gbps,1ns
841,11,844,9,400Gbps,1ns
841,12,845,9,400Gbps,1ns
841,13,846,9,400Gbps,1ns
841,14,847,9,400Gbps,1ns
842,10,843,10,400Gbps,1ns
842,11,844,10,400Gbps,1ns
842,12,845,10,400Gbps,1ns
842,13,846,10,400Gbps,1ns
842,14,847,10,400Gbps,1ns
843,11,844,11,400Gbps,1ns
843,12,845,11,400Gbps,1ns
843,13,846,11,400Gbps,1ns
843,14,847,11,400Gbps,1ns
844,12,845,12,400Gbps,1ns
844,13,846,12,400Gbps,1ns
844,14,847,12,400Gbps,1ns
845,13,846,13,400Gbps,1ns
845,14,847,13,400Gbps,1ns
846,14,847,14,400Gbps,1ns
848,8,849,8,400Gbps,1ns
848,9,850,8,400Gbps,1ns
848,10,851,8,400Gbps,1ns
848,11,852,8,400Gbps,1ns
848,12,853,8,400Gbps,1ns
848,13,854,8,400Gbps,1ns
848,14,855,8,400Gbps,1ns
849,9,850,9,400Gbps,1ns
849,10,851,9,400Gbps,1ns
849,11,852,9,400Gbps,1ns
849,12,853,9,400Gbps,1ns
849,13,854,9,400Gbps,1ns
849,14,855,9,400Gbps,1ns
850,10,851,10,400Gbps,1ns
850,11,852,10,400Gbps,1ns
850,12,853,10,400Gbps,1ns
850,13,854,10,400Gbps,1ns
850,14,855,10,400Gbps,1ns
851,11,852,11,400Gbps,1ns
851,12,853,11,400Gbps,1ns
851,13,854,11,400Gbps,1ns
851,14,855,11,400Gbps,1ns
852,12,853,12,400Gbps,1ns
852,13,854,12,400Gbps,1ns
852,14,855,12,400Gbps,1ns
853,13,854,13,400Gbps,1ns
853,14,855,13,400Gbps,1ns
854,14,855,14,400Gbps,1ns
856,8,857,8,400Gbps,1ns
856,9,858,8,400Gbps,1ns
856,10,859,8,400Gbps,1ns
856,11,860,8,400Gbps,1ns
856,12,861,8,400Gbps,1ns
856,13,862,8,400Gbps,1ns
856,14,863,8,400Gbps,1ns
857,9,858,9,400Gbps,1ns
857,10,859,9,400Gbps,1ns
857,11,860,9,400Gbps,1ns
857,12,861,9,400Gbps,1ns
857,13,862,9,400Gbps,1ns
857,14,863,9,400Gbps,1ns
858,10,859,10,400Gbps,1ns
858,11,860,10,400Gbps,1ns
858,12,861,10,400Gbps,1ns
858,13,862,10,400Gbps,1ns
858,14,863,10,400Gbps,1ns
859,11,860,11,400Gbps,1ns
859,12,861,11,400Gbps,1ns
859,13,862,11,400Gbps,1ns
859,14,863,11,400Gbps,1ns
860,12,861,12,400Gbps,1ns
860,13,862,12,400Gbps,1ns
860,14,863,12,400Gbps,1ns
861,13,862,13,400Gbps,1ns
861,14,863,13,400Gbps,1ns
862,14,863,14,400Gbps,1ns
864,8,865,8,400Gbps,1ns
864,9,866,8,400Gbps,1ns
864,10,867,8,400Gbps,1ns
864,11,868,8,400Gbps,1ns
864,12,869,8,400Gbps,1ns
864,13,870,8,400Gbps,1ns
864,14,871,8,400Gbps,1ns
865,9,866,9,400Gbps,1ns
865,10,867,9,400Gbps,1ns
865,11,868,9,400Gbps,1ns
865,12,869,9,400Gbps,1ns
865,13,870,9,400Gbps,1ns
865,14,871,9,400Gbps,1ns
866,10,867,10,400Gbps,1ns
866,11,868,10,400Gbps,1ns
866,12,869,10,400Gbps,1ns
866,13,870,10,400Gbps,1ns
866,14,871,10,400Gbps,1ns
867,11,868,11,400Gbps,1ns
867,12,869,11,400Gbps,1ns
867,13,870,11,400Gbps,1ns
867,14,871,11,400Gbps,1ns
868,12,869,12,400Gbps,1ns
868,13,870,12,400Gbps,1ns
868,14,871,12,400Gbps,1ns
869,13,870,13,400Gbps,1ns
869,14,871,13,400Gbps,1ns
870,14,871,14,400Gbps,1ns
872,8,873,8,400Gbps,1ns
872,9,874,8,400Gbps,1ns
872,10,875,8,400Gbps,1ns
872,11,876,8,400Gbps,1ns
872,12,877,8,400Gbps,1ns
872,13,878,8,400Gbps,1ns
872,14,879,8,400Gbps,1ns
873,9,874,9,400Gbps,1ns
873,10,875,9,400Gbps,1ns
873,11,876,9,400Gbps,1ns
873,12,877,9,400Gbps,1ns
873,13,878,9,400Gbps,1ns
873,14,879,9,400Gbps,1ns
874,10,875,10,400Gbps,1ns
874,11,876,10,400Gbps,1ns
874,12,877,10,400Gbps,1ns
874,13,878,10,400Gbps,1ns
874,14,879,10,400Gbps,1ns
875,11,876,11,400Gbps,1ns
875,12,877,11,400Gbps,1ns
875,13,878,11,400Gbps,1ns
875,14,879,11,400Gbps,1ns
876,12,877,12,400Gbps,1ns
876,13,878,12,400Gbps,1ns
876,14,879,12,400Gbps,1ns
877,13,878,13,400Gbps,1ns
877,14,879,13,400Gbps,1ns
878,14,879,14,400Gbps,1ns
880,8,881,8,400Gbps,1ns
880,9,882,8,400Gbps,1ns
880,10,883,8,400Gbps,1ns
880,11,884,8,400Gbps,1ns
880,12,885,8,400Gbps,1ns
880,13,886,8,400Gbps,1ns
880,14,887,8,400Gbps,1ns
881,9,882,9,400Gbps,1ns
881,10,883,9,400Gbps,1ns
881,11,884,9,400Gbps,1ns
881,12,885,9,400Gbps,1ns
881,13,886,9,400Gbps,1ns
881,14,887,9,400Gbps,1ns
882,10,883,10,400Gbps,1ns
882,11,884,10,400Gbps,1ns
882,12,885,10,400Gbps,1ns
882,13,886,10,400Gbps,1ns
882,14,887,10,400Gbps,1ns
883,11,884,11,400Gbps,1ns
883,12,885,11,400Gbps,1ns
883,13,886,11,400Gbps,1ns
883,14,887,11,400Gbps,1ns
884,12,885,12,400Gbps,1ns
884,13,886,12,400Gbps,1ns
884,14,887,12,400Gbps,1ns
885,13,886,13,400Gbps,1ns
885,14,887,13,400Gbps,1ns
886,14,887,14,400Gbps,1ns
888,8,889,8,400Gbps,1ns
888,9,890,8,400Gbps,1ns
888,10,891,8,400Gbps,1ns
888,11,892,8,400Gbps,1ns
888,12,893,8,400Gbps,1ns
888,13,894,8,400Gbps,1ns
888,14,895,8,400Gbps,1ns
889,9,890,9,400Gbps,1ns
889,10,891,9,400Gbps,1ns
889,11,892,9,400Gbps,1ns
889,12,893,9,400Gbps,1ns
889,13,894,9,400Gbps,1ns
889,14,895,9,400Gbps,1ns
890,10,891,10,400Gbps,1ns
890,11,892,10,400Gbps,1ns
890,12,893,10,400Gbps,1ns
890,13,894,10,400Gbps,1ns
890,14,895,10,400Gbps,1ns
891,11,892,11,400Gbps,1ns
891,12,893,11,400Gbps,1ns
891,13,894,11,400Gbps,1ns
891,14,895,11,400Gbps,1ns
892,12,893,12,400Gbps,1ns
892,13,894,12,400Gbps,1ns
892,14,895,12,400Gbps,1ns
893,13,894,13,400Gbps,1ns
893,14,895,13,400Gbps,1ns
894,14,895,14,400Gbps,1ns
896,8,897,8,400Gbps,1ns
896,9,898,8,400Gbps,1ns
896,10,899,8,400Gbps,1ns
896,11,900,8,400Gbps,1ns
896,12,901,8,400Gbps,1ns
896,13,902,8,400Gbps,1ns
896,14,903,8,400Gbps,1ns
897,9,898,9,400Gbps,1ns
897,10,899,9,400Gbps,1ns
897,11,900,9,400Gbps,1ns
897,12,901,9,400Gbps,1ns
897,13,902,9,400Gbps,1ns
897,14,903,9,400Gbps,1ns
898,10,899,10,400Gbps,1ns
898,11,900,10,400Gbps,1ns
898,12,901,10,400Gbps,1ns
898,13,902,10,400Gbps,1ns
898,14,903,10,400Gbps,1ns
899,11,900,11,400Gbps,1ns
899,12,901,11,400Gbps,1ns
899,13,902,11,400Gbps,1ns
899,14,903,11,400Gbps,1ns
900,12,901,12,400Gbps,1ns
900,13,902,12,400Gbps,1ns
900,14,903,12,400Gbps,1ns
901,13,902,13,400Gbps,1ns
901,14,903,13,400Gbps,1ns
902,14,903,14,400Gbps,1ns
904,8,905,8,400Gbps,1ns
904,9,906,8,400Gbps,1ns
904,10,907,8,400Gbps,1ns
904,11,908,8,400Gbps,1ns
904,12,909,8,400Gbps,1ns
904,13,910,8,400Gbps,1ns
904,14,911,8,400Gbps,1ns
905,9,906,9,400Gbps,1ns
905,10,907,9,400Gbps,1ns
905,11,908,9,400Gbps,1ns
905,12,909,9,400Gbps,1ns
905,13,910,9,400Gbps,1ns
905,14,911,9,400Gbps,1ns
906,10,907,10,400Gbps,1ns
906,11,908,10,400Gbps,1ns
906,12,909,10,400Gbps,1ns
906,13,910,10,400Gbps,1ns
906,14,911,10,400Gbps,1ns
907,11,908,11,400Gbps,1ns
907,12,909,11,400Gbps,1ns
907,13,910,11,400Gbps,1ns
907,14,911,11,400Gbps,1ns
908,12,909,12,400Gbps,1ns
908,13,910,12,400Gbps,1ns
908,14,911,12,400Gbps,1ns
909,13,910,13,400Gbps,1ns
909,14,911,13,400Gbps,1ns
910,14,911,14,400Gbps,1ns
912,8,913,8,400Gbps,1ns
912,9,914,8,400Gbps,1ns
912,10,915,8,400Gbps,1ns
912,11,916,8,400Gbps,1ns
912,12,917,8,400Gbps,1ns
912,13,918,8,400Gbps,1ns
912,14,919,8,400Gbps,1ns
913,9,914,9,400Gbps,1ns
913,10,915,9,400Gbps,1ns
913,11,916,9,400Gbps,1ns
913,12,917,9,400Gbps,1ns
913,13,918,9,400Gbps,1ns
913,14,919,9,400Gbps,1ns
914,10,915,10,400Gbps,1ns
914,11,916,10,400Gbps,1ns
914,12,917,10,400Gbps,1ns
914,13,918,10,400Gbps,1ns
914,14,919,10,400Gbps,1ns
915,11,916,11,400Gbps,1ns
915,12,917,11,400Gbps,1ns
915,13,918,11,400Gbps,1ns
915,14,919,11,400Gbps,1ns
916,12,917,12,400Gbps,1ns
916,13,918,12,400Gbps,1ns
916,14,919,12,400Gbps,1ns
917,13,918,13,400Gbps,1ns
917,14,919,13,400Gbps,1ns
918,14,919,14,400Gbps,1ns
920,8,921,8,400Gbps,1ns
920,9,922,8,400Gbps,1ns
920,10,923,8,400Gbps,1ns
920,11,924,8,400Gbps,1ns
920,12,925,8,400Gbps,1ns
920,13,926,8,400Gbps,1ns
920,14,927,8,400Gbps,1ns
921,9,922,9,400Gbps,1ns
921,10,923,9,400Gbps,1ns
921,11,924,9,400Gbps,1ns
921,12,925,9,400Gbps,1ns
921,13,926,9,400Gbps,1ns
921,14,927,9,400Gbps,1ns
922,10,923,10,400Gbps,1ns
922,11,924,10,400Gbps,1ns
922,12,925,10,400Gbps,1ns
922,13,926,10,400Gbps,1ns
922,14,927,10,400Gbps,1ns
923,11,924,11,400Gbps,1ns
923,12,925,11,400Gbps,1ns
923,13,926,11,400Gbps,1ns
923,14,927,11,400Gbps,1ns
924,12,925,12,400Gbps,1ns
924,13,926,12,400Gbps,1ns
924,14,927,12,400Gbps,1ns
925,13,926,13,400Gbps,1ns
925,14,927,13,400Gbps,1ns
926,14,927,14,400Gbps,1ns
928,8,929,8,400Gbps,1ns
928,9,930,8,400Gbps,1ns
928,10,931,8,400Gbps,1ns
928,11,932,8,400Gbps,1ns
928,12,933,8,400Gbps,1ns
928,13,934,8,400Gbps,1ns
928,14,935,8,400Gbps,1ns
929,9,930,9,400Gbps,1ns
929,10,931,9,400Gbps,1ns
929,11,932,9,400Gbps,1ns
929,12,933,9,400Gbps,1ns
929,13,934,9,400Gbps,1ns
929,14,935,9,400Gbps,1ns
930,10,931,10,400Gbps,1ns
930,11,932,10,400Gbps,1ns
930,12,933,10,400Gbps,1ns
930,13,934,10,400Gbps,1ns
930,14,935,10,400Gbps,1ns
931,11,932,11,400Gbps,1ns
931,12,933,11,400Gbps,1ns
931,13,934,11,400Gbps,1ns
931,14,935,11,400Gbps,1ns
932,12,933,12,400Gbps,1ns
932,13,934,12,400Gbps,1ns
932,14,935,12,400Gbps,1ns
933,13,934,13,400Gbps,1ns
933,14,935,13,400Gbps,1ns
934,14,935,14,400Gbps,1ns
936,8,937,8,400Gbps,1ns
936,9,938,8,400Gbps,1ns
936,10,939,8,400Gbps,1ns
936,11,940,8,400Gbps,1ns
936,12,941,8,400Gbps,1ns
936,13,942,8,400Gbps,1ns
936,14,943,8,400Gbps,1ns
937,9,938,9,400Gbps,1ns
937,10,939,9,400Gbps,1ns
937,11,940,9,400Gbps,1ns
937,12,941,9,400Gbps,1ns
937,13,942,9,400Gbps,1ns
937,14,943,9,400Gbps,1ns
938,10,939,10,400Gbps,1ns
938,11,940,10,400Gbps,1ns
938,12,941,10,400Gbps,1ns
938,13,942,10,400Gbps,1ns
938,14,943,10,400Gbps,1ns
939,11,940,11,400Gbps,1ns
939,12,941,11,400Gbps,1ns
939,13,942,11,400Gbps,1ns
939,14,943,11,400Gbps,1ns
940,12,941,12,400Gbps,1ns
940,13,942,12,400Gbps,1ns
940,14,943,12,400Gbps,1ns
941,13,942,13,400Gbps,1ns
941,14,943,13,400Gbps,1ns
942,14,943,14,400Gbps,1ns
944,8,945,8,400Gbps,1ns
944,9,946,8,400Gbps,1ns
944,10,947,8,400Gbps,1ns
944,11,948,8,400Gbps,1ns
944,12,949,8,400Gbps,1ns
944,13,950,8,400Gbps,1ns
944,14,951,8,400Gbps,1ns
945,9,946,9,400Gbps,1ns
945,10,947,9,400Gbps,1ns
945,11,948,9,400Gbps,1ns
945,12,949,9,400Gbps,1ns
945,13,950,9,400Gbps,1ns
945,14,951,9,400Gbps,1ns
946,10,947,10,400Gbps,1ns
946,11,948,10,400Gbps,1ns
946,12,949,10,400Gbps,1ns
946,13,950,10,400Gbps,1ns
946,14,951,10,400Gbps,1ns
947,11,948,11,400Gbps,1ns
947,12,949,11,400Gbps,1ns
947,13,950,11,400Gbps,1ns
947,14,951,11,400Gbps,1ns
948,12,949,12,400Gbps,1ns
948,13,950,12,400Gbps,1ns
948,14,951,12,400Gbps,1ns
949,13,950,13,400Gbps,1ns
949,14,951,13,400Gbps,1ns
950,14,951,14,400Gbps,1ns
952,8,953,8,400Gbps,1ns
952,9,954,8,400Gbps,1ns
952,10,955,8,400Gbps,1ns
952,11,956,8,400Gbps,1ns
952,12,957,8,400Gbps,1ns
952,13,958,8,400Gbps,1ns
952,14,959,8,400Gbps,1ns
953,9,954,9,400Gbps,1ns
953,10,955,9,400Gbps,1ns
953,11,956,9,400Gbps,1ns
953,12,957,9,400Gbps,1ns
953,13,958,9,400Gbps,1ns
953,14,959,9,400Gbps,1ns
954,10,955,10,400Gbps,1ns
954,11,956,10,400Gbps,1ns
954,12,957,10,400Gbps,1ns
954,13,958,10,400Gbps,1ns
954,14,959,10,400Gbps,1ns
955,11,956,11,400Gbps,1ns
955,12,957,11,400Gbps,1ns
955,13,958,11,400Gbps,1ns
955,14,959,11,400Gbps,1ns
956,12,957,12,400Gbps,1ns
956,13,958,12,400Gbps,1ns
956,14,959,12,400Gbps,1ns
957,13,958,13,400Gbps,1ns
957,14,959,13,400Gbps,1ns
958,14,959,14,400Gbps,1ns
960,8,961,8,400Gbps,1ns
960,9,962,8,400Gbps,1ns
960,10,963,8,400Gbps,1ns
960,11,964,8,400Gbps,1ns
960,12,965,8,400Gbps,1ns
960,13,966,8,400Gbps,1ns
960,14,967,8,400Gbps,1ns
961,9,962,9,400Gbps,1ns
961,10,963,9,400Gbps,1ns
961,11,964,9,400Gbps,1ns
961,12,965,9,400Gbps,1ns
961,13,966,9,400Gbps,1ns
961,14,967,9,400Gbps,1ns
962,10,963,10,400Gbps,1ns
962,11,964,10,400Gbps,1ns
962,12,965,10,400Gbps,1ns
962,13,966,10,400Gbps,1ns
962,14,967,10,400Gbps,1ns
963,11,964,11,400Gbps,1ns
963,12,965,11,400Gbps,1ns
963,13,966,11,400Gbps,1ns
963,14,967,11,400Gbps,1ns
964,12,965,12,400Gbps,1ns
964,13,966,12,400Gbps,1ns
964,14,967,12,400Gbps,1ns
965,13,966,13,400Gbps,1ns
965,14,967,13,400Gbps,1ns
966,14,967,14,400Gbps,1ns
968,8,969,8,400Gbps,1ns
968,9,970,8,400Gbps,1ns
968,10,971,8,400Gbps,1ns
968,11,972,8,400Gbps,1ns
968,12,973,8,400Gbps,1ns
968,13,974,8,400Gbps,1ns
968,14,975,8,400Gbps,1ns
969,9,970,9,400Gbps,1ns
969,10,971,9,400Gbps,1ns
969,11,972,9,400Gbps,1ns
969,12,973,9,400Gbps,1ns
969,13,974,9,400Gbps,1ns
969,14,975,9,400Gbps,1ns
970,10,971,10,400Gbps,1ns
970,11,972,10,400Gbps,1ns
970,12,973,10,400Gbps,1ns
970,13,974,10,400Gbps,1ns
970,14,975,10,400Gbps,1ns
971,11,972,11,400Gbps,1ns
971,12,973,11,400Gbps,1ns
971,13,974,11,400Gbps,1ns
971,14,975,11,400Gbps,1ns
972,12,973,12,400Gbps,1ns
972,13,974,12,400Gbps,1ns
972,14,975,12,400Gbps,1ns
973,13,974,13,400Gbps,1ns
973,14,975,13,400Gbps,1ns
974,14,975,14,400Gbps,1ns
976,8,977,8,400Gbps,1ns
976,9,978,8,400Gbps,1ns
976,10,979,8,400Gbps,1ns
976,11,980,8,400Gbps,1ns
976,12,981,8,400Gbps,1ns
976,13,982,8,400Gbps,1ns
976,14,983,8,400Gbps,1ns
977,9,978,9,400Gbps,1ns
977,10,979,9,400Gbps,1ns
977,11,980,9,400Gbps,1ns
977,12,981,9,400Gbps,1ns
977,13,982,9,400Gbps,1ns
977,14,983,9,400Gbps,1ns
978,10,979,10,400Gbps,1ns
978,11,980,10,400Gbps,1ns
978,12,981,10,400Gbps,1ns
978,13,982,10,400Gbps,1ns
978,14,983,10,400Gbps,1ns
979,11,980,11,400Gbps,1ns
979,12,981,11,400Gbps,1ns
979,13,982,11,400Gbps,1ns
979,14,983,11,400Gbps,1ns
980,12,981,12,400Gbps,1ns
980,13,982,12,400Gbps,1ns
980,14,983,12,400Gbps,1ns
981,13,982,13,400Gbps,1ns
981,14,983,13,400Gbps,1ns
982,14,983,14,400Gbps,1ns
984,8,985,8,400Gbps,1ns
984,9,986,8,400Gbps,1ns
984,10,987,8,400Gbps,1ns
984,11,988,8,400Gbps,1ns
984,12,989,8,400Gbps,1ns
984,13,990,8,400Gbps,1ns
984,14,991,8,400Gbps,1ns
985,9,986,9,400Gbps,1ns
985,10,987,9,400Gbps,1ns
985,11,988,9,400Gbps,1ns
985,12,989,9,400Gbps,1ns
985,13,990,9,400Gbps,1ns
985,14,991,9,400Gbps,1ns
986,10,987,10,400Gbps,1ns
986,11,988,10,400Gbps,1ns
986,12,989,10,400Gbps,1ns
986,13,990,10,400Gbps,1ns
986,14,991,10,400Gbps,1ns
987,11,988,11,400Gbps,1ns
987,12,989,11,400Gbps,1ns
987,13,990,11,400Gbps,1ns
987,14,991,11,400Gbps,1ns
988,12,989,12,400Gbps,1ns
988,13,990,12,400Gbps,1ns
988,14,991,12,400Gbps,1ns
989,13,990,13,400Gbps,1ns
989,14,991,13,400Gbps,1ns
990,14,991,14,400Gbps,1ns
992,8,993,8,400Gbps,1ns
992,9,994,8,400Gbps,1ns
992,10,995,8,400Gbps,1ns
992,11,996,8,400Gbps,1ns
992,12,997,8,400Gbps,1ns
992,13,998,8,400Gbps,1ns
992,14,999,8,400Gbps,1ns
993,9,994,9,400Gbps,1ns
993,10,995,9,400Gbps,1ns
993,11,996,9,400Gbps,1ns
993,12,997,9,400Gbps,1ns
993,13,998,9,400Gbps,1ns
993,14,999,9,400Gbps,1ns
994,10,995,10,400Gbps,1ns
994,11,996,10,400Gbps,1ns
994,12,997,10,400Gbps,1ns
994,13,998,10,400Gbps,1ns
994,14,999,10,400Gbps,1ns
995,11,996,11,400Gbps,1ns
995,12,997,11,400Gbps,1ns
995,13,998,11,400Gbps,1ns
995,14,999,11,400Gbps,1ns
996,12,997,12,400Gbps,1ns
996,13,998,12,400Gbps,1ns
996,14,999,12,400Gbps,1ns
997,13,998,13,400Gbps,1ns
997,14,999,13,400Gbps,1ns
998,14,999,14,400Gbps,1ns
1000,8,1001,8,400Gbps,1ns
1000,9,1002,8,400Gbps,1ns
1000,10,1003,8,400Gbps,1ns
1000,11,1004,8,400Gbps,1ns
1000,12,1005,8,400Gbps,1ns
1000,13,1006,8,400Gbps,1ns
1000,14,1007,8,400Gbps,1ns
1001,9,1002,9,400Gbps,1ns
1001,10,1003,9,400Gbps,1ns
1001,11,1004,9,400Gbps,1ns
1001,12,1005,9,400Gbps,1ns
1001,13,1006,9,400Gbps,1ns
1001,14,1007,9,400Gbps,1ns
1002,10,1003,10,400Gbps,1ns
1002,11,1004,10,400Gbps,1ns
1002,12,1005,10,400Gbps,1ns
1002,13,1006,10,400Gbps,1ns
1002,14,1007,10,400Gbps,1ns
1003,11,1004,11,400Gbps,1ns
1003,12,1005,11,400Gbps,1ns
1003,13,1006,11,400Gbps,1ns
1003,14,1007,11,400Gbps,1ns
1004,12,1005,12,400Gbps,1ns
1004,13,1006,12,400Gbps,1ns
1004,14,1007,12,400Gbps,1ns
1005,13,1006,13,400Gbps,1ns
1005,14,1007,13,400Gbps,1ns
1006,14,1007,14,400Gbps,1ns
1008,8,1009,8,400Gbps,1ns
1008,9,1010,8,400Gbps,1ns
1008,10,1011,8,400Gbps,1ns
1008,11,1012,8,400Gbps,1ns
1008,12,1013,8,400Gbps,1ns
1008,13,1014,8,400Gbps,1ns
1008,14,1015,8,400Gbps,1ns
1009,9,1010,9,400Gbps,1ns
1009,10,1011,9,400Gbps,1ns
1009,11,1012,9,400Gbps,1ns
1009,12,1013,9,400Gbps,1ns
1009,13,1014,9,400Gbps,1ns
1009,14,1015,9,400Gbps,1ns
1010,10,1011,10,400Gbps,1ns
1010,11,1012,10,400Gbps,1ns
1010,12,1013,10,400Gbps,1ns
1010,13,1014,10,400Gbps,1ns
1010,14,1015,10,400Gbps,1ns
1011,11,1012,11,400Gbps,1ns
1011,12,1013,11,400Gbps,1ns
1011,13,1014,11,400Gbps,1ns
1011,14,1015,11,400Gbps,1ns
1012,12,1013,12,400Gbps,1ns
1012,13,1014,12,400Gbps,1ns
1012,14,1015,12,400Gbps,1ns
1013,13,1014,13,400Gbps,1ns
1013,14,1015,13,400Gbps,1ns
1014,14,1015,14,400Gbps,1ns
1016,8,1017,8,400Gbps,1ns
1016,9,1018,8,400Gbps,1ns
1016,10,1019,8,400Gbps,1ns
1016,11,1020,8,400Gbps,1ns
1016,12,1021,8,400Gbps,1ns
1016,13,1022,8,400Gbps,1ns
1016,14,1023,8,400Gbps,1ns
1017,9,1018,9,400Gbps,1ns
1017,10,1019,9,400Gbps,1ns
1017,11,1020,9,400Gbps,1ns
1017,12,1021,9,400Gbps,1ns
1017,13,1022,9,400Gbps,1ns
1017,14,1023,9,400Gbps,1ns
1018,10,1019,10,400Gbps,1ns
1018,11,1020,10,400Gbps,1ns
1018,12,1021,10,400Gbps,1ns
1018,13,1022,10,400Gbps,1ns
1018,14,1023,10,400Gbps,1ns
1019,11,1020,11,400Gbps,1ns
1019,12,1021,11,400Gbps,1ns
1019,13,1022,11,400Gbps,1ns
1019,14,1023,11,400Gbps,1ns
1020,12,1021,12,400Gbps,1ns
1020,13,1022,12,400Gbps,1ns
1020,14,1023,12,400Gbps,1ns
1021,13,1022,13,400Gbps,1ns
1021,14,1023,13,400Gbps,1ns
1022,14,1023,14,400Gbps,1ns
1024,8,2048,0,400Gbps,1ns
1024,9,2048,1,400Gbps,1ns
1024,10,2049,0,400Gbps,1ns
1024,11,2049,1,400Gbps,1ns
1024,12,2304,0,400Gbps,1ns
1024,13,2305,0,400Gbps,1ns
1024,14,2306,0,400Gbps,1ns
1024,15,2307,0,400Gbps,1ns
1025,8,2048,2,400Gbps,1ns
1025,9,2048,3,400Gbps,1ns
1025,10,2049,2,400Gbps,1ns
1025,11,2049,3,400Gbps,1ns
1025,12,2304,1,400Gbps,1ns
1025,13,2305,1,400Gbps,1ns
1025,14,2306,1,400Gbps,1ns
1025,15,2307,1,400Gbps,1ns
1026,8,2048,4,400Gbps,1ns
1026,9,2048,5,400Gbps,1ns
1026,10,2049,4,400Gbps,1ns
1026,11,2049,5,400Gbps,1ns
1026,12,2304,2,400Gbps,1ns
1026,13,2305,2,400Gbps,1ns
1026,14,2306,2,400Gbps,1ns
1026,15,2307,2,400Gbps,1ns
1027,8,2048,6,400Gbps,1ns
1027,9,2048,7,400Gbps,1ns
1027,10,2049,6,400Gbps,1ns
1027,11,2049,7,400Gbps,1ns
1027,12,2304,3,400Gbps,1ns
1027,13,2305,3,400Gbps,1ns
1027,14,2306,3,400Gbps,1ns
1027,15,2307,3,400Gbps,1ns
1028,8,2048,8,400Gbps,1ns
1028,9,2048,9,400Gbps,1ns
1028,10,2049,8,400Gbps,1ns
1028,11,2049,9,400Gbps,1ns
1028,12,2304,4,400Gbps,1ns
1028,13,2305,4,400Gbps,1ns
1028,14,2306,4,400Gbps,1ns
1028,15,2307,4,400Gbps,1ns
1029,8,2048,10,400Gbps,1ns
1029,9,2048,11,400Gbps,1ns
1029,10,2049,10,400Gbps,1ns
1029,11,2049,11,400Gbps,1ns
1029,12,2304,5,400Gbps,1ns
1029,13,2305,5,400Gbps,1ns
1029,14,2306,5,400Gbps,1ns
1029,15,2307,5,400Gbps,1ns
1030,8,2048,12,400Gbps,1ns
1030,9,2048,13,400Gbps,1ns
1030,10,2049,12,400Gbps,1ns
1030,11,2049,13,400Gbps,1ns
1030,12,2304,6,400Gbps,1ns
1030,13,2305,6,400Gbps,1ns
1030,14,2306,6,400Gbps,1ns
1030,15,2307,6,400Gbps,1ns
1031,8,2048,14,400Gbps,1ns
1031,9,2048,15,400Gbps,1ns
1031,10,2049,14,400Gbps,1ns
1031,11,2049,15,400Gbps,1ns
1031,12,2304,7,400Gbps,1ns
1031,13,2305,7,400Gbps,1ns
1031,14,2306,7,400Gbps,1ns
1031,15,2307,7,400Gbps,1ns
1032,8,2050,0,400Gbps,1ns
1032,9,2050,1,400Gbps,1ns
1032,10,2051,0,400Gbps,1ns
1032,11,2051,1,400Gbps,1ns
1032,12,2304,8,400Gbps,1ns
1032,13,2305,8,400Gbps,1ns
1032,14,2306,8,400Gbps,1ns
1032,15,2307,8,400Gbps,1ns
1033,8,2050,2,400Gbps,1ns
1033,9,2050,3,400Gbps,1ns
1033,10,2051,2,400Gbps,1ns
1033,11,2051,3,400Gbps,1ns
1033,12,2304,9,400Gbps,1ns
1033,13,2305,9,400Gbps,1ns
1033,14,2306,9,400Gbps,1ns
1033,15,2307,9,400Gbps,1ns
1034,8,2050,4,400Gbps,1ns
1034,9,2050,5,400Gbps,1ns
1034,10,2051,4,400Gbps,1ns
1034,11,2051,5,400Gbps,1ns
1034,12,2304,10,400Gbps,1ns
1034,13,2305,10,400Gbps,1ns
1034,14,2306,10,400Gbps,1ns
1034,15,2307,10,400Gbps,1ns
1035,8,2050,6,400Gbps,1ns
1035,9,2050,7,400Gbps,1ns
1035,10,2051,6,400Gbps,1ns
1035,11,2051,7,400Gbps,1ns
1035,12,2304,11,400Gbps,1ns
1035,13,2305,11,400Gbps,1ns
1035,14,2306,11,400Gbps,1ns
1035,15,2307,11,400Gbps,1ns
1036,8,2050,8,400Gbps,1ns
1036,9,2050,9,400Gbps,1ns
1036,10,2051,8,400Gbps,1ns
1036,11,2051,9,400Gbps,1ns
1036,12,2304,12,400Gbps,1ns
1036,13,2305,12,400Gbps,1ns
1036,14,2306,12,400Gbps,1ns
1036,15,2307,12,400Gbps,1ns
1037,8,2050,10,400Gbps,1ns
1037,9,2050,11,400Gbps,1ns
1037,10,2051,10,400Gbps,1ns
1037,11,2051,11,400Gbps,1ns
1037,12,2304,13,400Gbps,1ns
1037,13,2305,13,400Gbps,1ns
1037,14,2306,13,400Gbps,1ns
1037,15,2307,13,400Gbps,1ns
1038,8,2050,12,400Gbps,1ns
1038,9,2050,13,400Gbps,1ns
1038,10,2051,12,400Gbps,1ns
1038,11,2051,13,400Gbps,1ns
1038,12,2304,14,400Gbps,1ns
1038,13,2305,14,400Gbps,1ns
1038,14,2306,14,400Gbps,1ns
1038,15,2307,14,400Gbps,1ns
1039,8,2050,14,400Gbps,1ns
1039,9,2050,15,400Gbps,1ns
1039,10,2051,14,400Gbps,1ns
1039,11,2051,15,400Gbps,1ns
1039,12,2304,15,400Gbps,1ns
1039,13,2305,15,400Gbps,1ns
1039,14,2306,15,400Gbps,1ns
1039,15,2307,15,400Gbps,1ns
1040,8,2052,0,400Gbps,1ns
1040,9,2052,1,400Gbps,1ns
1040,10,2053,0,400Gbps,1ns
1040,11,2053,1,400Gbps,1ns
1040,12,2304,16,400Gbps,1ns
1040,13,2305,16,400Gbps,1ns
1040,14,2306,16,400Gbps,1ns
1040,15,2307,16,400Gbps,1ns
1041,8,2052,2,400Gbps,1ns
1041,9,2052,3,400Gbps,1ns
1041,10,2053,2,400Gbps,1ns
1041,11,2053,3,400Gbps,1ns
1041,12,2304,17,400Gbps,1ns
1041,13,2305,17,400Gbps,1ns
1041,14,2306,17,400Gbps,1ns
1041,15,2307,17,400Gbps,1ns
1042,8,2052,4,400Gbps,1ns
1042,9,2052,5,400Gbps,1ns
1042,10,2053,4,400Gbps,1ns
1042,11,2053,5,400Gbps,1ns
1042,12,2304,18,400Gbps,1ns
1042,13,2305,18,400Gbps,1ns
1042,14,2306,18,400Gbps,1ns
1042,15,2307,18,400Gbps,1ns
1043,8,2052,6,400Gbps,1ns
1043,9,2052,7,400Gbps,1ns
1043,10,2053,6,400Gbps,1ns
1043,11,2053,7,400Gbps,1ns
1043,12,2304,19,400Gbps,1ns
1043,13,2305,19,400Gbps,1ns
1043,14,2306,19,400Gbps,1ns
1043,15,2307,19,400Gbps,1ns
1044,8,2052,8,400Gbps,1ns
1044,9,2052,9,400Gbps,1ns
1044,10,2053,8,400Gbps,1ns
1044,11,2053,9,400Gbps,1ns
1044,12,2304,20,400Gbps,1ns
1044,13,2305,20,400Gbps,1ns
1044,14,2306,20,400Gbps,1ns
1044,15,2307,20,400Gbps,1ns
1045,8,2052,10,400Gbps,1ns
1045,9,2052,11,400Gbps,1ns
1045,10,2053,10,400Gbps,1ns
1045,11,2053,11,400Gbps,1ns
1045,12,2304,21,400Gbps,1ns
1045,13,2305,21,400Gbps,1ns
1045,14,2306,21,400Gbps,1ns
1045,15,2307,21,400Gbps,1ns
1046,8,2052,12,400Gbps,1ns
1046,9,2052,13,400Gbps,1ns
1046,10,2053,12,400Gbps,1ns
1046,11,2053,13,400Gbps,1ns
1046,12,2304,22,400Gbps,1ns
1046,13,2305,22,400Gbps,1ns
1046,14,2306,22,400Gbps,1ns
1046,15,2307,22,400Gbps,1ns
1047,8,2052,14,400Gbps,1ns
1047,9,2052,15,400Gbps,1ns
1047,10,2053,14,400Gbps,1ns
1047,11,2053,15,400Gbps,1ns
1047,12,2304,23,400Gbps,1ns
1047,13,2305,23,400Gbps,1ns
1047,14,2306,23,400Gbps,1ns
1047,15,2307,23,400Gbps,1ns
1048,8,2054,0,400Gbps,1ns
1048,9,2054,1,400Gbps,1ns
1048,10,2055,0,400Gbps,1ns
1048,11,2055,1,400Gbps,1ns
1048,12,2304,24,400Gbps,1ns
1048,13,2305,24,400Gbps,1ns
1048,14,2306,24,400Gbps,1ns
1048,15,2307,24,400Gbps,1ns
1049,8,2054,2,400Gbps,1ns
1049,9,2054,3,400Gbps,1ns
1049,10,2055,2,400Gbps,1ns
1049,11,2055,3,400Gbps,1ns
1049,12,2304,25,400Gbps,1ns
1049,13,2305,25,400Gbps,1ns
1049,14,2306,25,400Gbps,1ns
1049,15,2307,25,400Gbps,1ns
1050,8,2054,4,400Gbps,1ns
1050,9,2054,5,400Gbps,1ns
1050,10,2055,4,400Gbps,1ns
1050,11,2055,5,400Gbps,1ns
1050,12,2304,26,400Gbps,1ns
1050,13,2305,26,400Gbps,1ns
1050,14,2306,26,400Gbps,1ns
1050,15,2307,26,400Gbps,1ns
1051,8,2054,6,400Gbps,1ns
1051,9,2054,7,400Gbps,1ns
1051,10,2055,6,400Gbps,1ns
1051,11,2055,7,400Gbps,1ns
1051,12,2304,27,400Gbps,1ns
1051,13,2305,27,400Gbps,1ns
1051,14,2306,27,400Gbps,1ns
1051,15,2307,27,400Gbps,1ns
1052,8,2054,8,400Gbps,1ns
1052,9,2054,9,400Gbps,1ns
1052,10,2055,8,400Gbps,1ns
1052,11,2055,9,400Gbps,1ns
1052,12,2304,28,400Gbps,1ns
1052,13,2305,28,400Gbps,1ns
1052,14,2306,28,400Gbps,1ns
1052,15,2307,28,400Gbps,1ns
1053,8,2054,10,400Gbps,1ns
1053,9,2054,11,400Gbps,1ns
1053,10,2055,10,400Gbps,1ns
1053,11,2055,11,400Gbps,1ns
1053,12,2304,29,400Gbps,1ns
1053,13,2305,29,400Gbps,1ns
1053,14,2306,29,400Gbps,1ns
1053,15,2307,29,400Gbps,1ns
1054,8,2054,12,400Gbps,1ns
1054,9,2054,13,400Gbps,1ns
1054,10,2055,12,400Gbps,1ns
1054,11,2055,13,400Gbps,1ns
1054,12,2304,30,400Gbps,1ns
1054,13,2305,30,400Gbps,1ns
1054,14,2306,30,400Gbps,1ns
1054,15,2307,30,400Gbps,1ns
1055,8,2054,14,400Gbps,1ns
1055,9,2054,15,400Gbps,1ns
1055,10,2055,14,400Gbps,1ns
1055,11,2055,15,400Gbps,1ns
1055,12,2304,31,400Gbps,1ns
1055,13,2305,31,400Gbps,1ns
1055,14,2306,31,400Gbps,1ns
1055,15,2307,31,400Gbps,1ns
1056,8,2056,0,400Gbps,1ns
1056,9,2056,1,400Gbps,1ns
1056,10,2057,0,400Gbps,1ns
1056,11,2057,1,400Gbps,1ns
1056,12,2304,32,400Gbps,1ns
1056,13,2305,32,400Gbps,1ns
1056,14,2306,32,400Gbps,1ns
1056,15,2307,32,400Gbps,1ns
1057,8,2056,2,400Gbps,1ns
1057,9,2056,3,400Gbps,1ns
1057,10,2057,2,400Gbps,1ns
1057,11,2057,3,400Gbps,1ns
1057,12,2304,33,400Gbps,1ns
1057,13,2305,33,400Gbps,1ns
1057,14,2306,33,400Gbps,1ns
1057,15,2307,33,400Gbps,1ns
1058,8,2056,4,400Gbps,1ns
1058,9,2056,5,400Gbps,1ns
1058,10,2057,4,400Gbps,1ns
1058,11,2057,5,400Gbps,1ns
1058,12,2304,34,400Gbps,1ns
1058,13,2305,34,400Gbps,1ns
1058,14,2306,34,400Gbps,1ns
1058,15,2307,34,400Gbps,1ns
1059,8,2056,6,400Gbps,1ns
1059,9,2056,7,400Gbps,1ns
1059,10,2057,6,400Gbps,1ns
1059,11,2057,7,400Gbps,1ns
1059,12,2304,35,400Gbps,1ns
1059,13,2305,35,400Gbps,1ns
1059,14,2306,35,400Gbps,1ns
1059,15,2307,35,400Gbps,1ns
1060,8,2056,8,400Gbps,1ns
1060,9,2056,9,400Gbps,1ns
1060,10,2057,8,400Gbps,1ns
1060,11,2057,9,400Gbps,1ns
1060,12,2304,36,400Gbps,1ns
1060,13,2305,36,400Gbps,1ns
1060,14,2306,36,400Gbps,1ns
1060,15,2307,36,400Gbps,1ns
1061,8,2056,10,400Gbps,1ns
1061,9,2056,11,400Gbps,1ns
1061,10,2057,10,400Gbps,1ns
1061,11,2057,11,400Gbps,1ns
1061,12,2304,37,400Gbps,1ns
1061,13,2305,37,400Gbps,1ns
1061,14,2306,37,400Gbps,1ns
1061,15,2307,37,400Gbps,1ns
1062,8,2056,12,400Gbps,1ns
1062,9,2056,13,400Gbps,1ns
1062,10,2057,12,400Gbps,1ns
1062,11,2057,13,400Gbps,1ns
1062,12,2304,38,400Gbps,1ns
1062,13,2305,38,400Gbps,1ns
1062,14,2306,38,400Gbps,1ns
1062,15,2307,38,400Gbps,1ns
1063,8,2056,14,400Gbps,1ns
1063,9,2056,15,400Gbps,1ns
1063,10,2057,14,400Gbps,1ns
1063,11,2057,15,400Gbps,1ns
1063,12,2304,39,400Gbps,1ns
1063,13,2305,39,400Gbps,1ns
1063,14,2306,39,400Gbps,1ns
1063,15,2307,39,400Gbps,1ns
1064,8,2058,0,400Gbps,1ns
1064,9,2058,1,400Gbps,1ns
1064,10,2059,0,400Gbps,1ns
1064,11,2059,1,400Gbps,1ns
1064,12,2304,40,400Gbps,1ns
1064,13,2305,40,400Gbps,1ns
1064,14,2306,40,400Gbps,1ns
1064,15,2307,40,400Gbps,1ns
1065,8,2058,2,400Gbps,1ns
1065,9,2058,3,400Gbps,1ns
1065,10,2059,2,400Gbps,1ns
1065,11,2059,3,400Gbps,1ns
1065,12,2304,41,400Gbps,1ns
1065,13,2305,41,400Gbps,1ns
1065,14,2306,41,400Gbps,1ns
1065,15,2307,41,400Gbps,1ns
1066,8,2058,4,400Gbps,1ns
1066,9,2058,5,400Gbps,1ns
1066,10,2059,4,400Gbps,1ns
1066,11,2059,5,400Gbps,1ns
1066,12,2304,42,400Gbps,1ns
1066,13,2305,42,400Gbps,1ns
1066,14,2306,42,400Gbps,1ns
1066,15,2307,42,400Gbps,1ns
1067,8,2058,6,400Gbps,1ns
1067,9,2058,7,400Gbps,1ns
1067,10,2059,6,400Gbps,1ns
1067,11,2059,7,400Gbps,1ns
1067,12,2304,43,400Gbps,1ns
1067,13,2305,43,400Gbps,1ns
1067,14,2306,43,400Gbps,1ns
1067,15,2307,43,400Gbps,1ns
1068,8,2058,8,400Gbps,1ns
1068,9,2058,9,400Gbps,1ns
1068,10,2059,8,400Gbps,1ns
1068,11,2059,9,400Gbps,1ns
1068,12,2304,44,400Gbps,1ns
1068,13,2305,44,400Gbps,1ns
1068,14,2306,44,400Gbps,1ns
1068,15,2307,44,400Gbps,1ns
1069,8,2058,10,400Gbps,1ns
1069,9,2058,11,400Gbps,1ns
1069,10,2059,10,400Gbps,1ns
1069,11,2059,11,400Gbps,1ns
1069,12,2304,45,400Gbps,1ns
1069,13,2305,45,400Gbps,1ns
1069,14,2306,45,400Gbps,1ns
1069,15,2307,45,400Gbps,1ns
1070,8,2058,12,400Gbps,1ns
1070,9,2058,13,400Gbps,1ns
1070,10,2059,12,400Gbps,1ns
1070,11,2059,13,400Gbps,1ns
1070,12,2304,46,400Gbps,1ns
1070,13,2305,46,400Gbps,1ns
1070,14,2306,46,400Gbps,1ns
1070,15,2307,46,400Gbps,1ns
1071,8,2058,14,400Gbps,1ns
1071,9,2058,15,400Gbps,1ns
1071,10,2059,14,400Gbps,1ns
1071,11,2059,15,400Gbps,1ns
1071,12,2304,47,400Gbps,1ns
1071,13,2305,47,400Gbps,1ns
1071,14,2306,47,400Gbps,1ns
1071,15,2307,47,400Gbps,1ns
1072,8,2060,0,400Gbps,1ns
1072,9,2060,1,400Gbps,1ns
1072,10,2061,0,400Gbps,1ns
1072,11,2061,1,400Gbps,1ns
1072,12,2304,48,400Gbps,1ns
1072,13,2305,48,400Gbps,1ns
1072,14,2306,48,400Gbps,1ns
1072,15,2307,48,400Gbps,1ns
1073,8,2060,2,400Gbps,1ns
1073,9,2060,3,400Gbps,1ns
1073,10,2061,2,400Gbps,1ns
1073,11,2061,3,400Gbps,1ns
1073,12,2304,49,400Gbps,1ns
1073,13,2305,49,400Gbps,1ns
1073,14,2306,49,400Gbps,1ns
1073,15,2307,49,400Gbps,1ns
1074,8,2060,4,400Gbps,1ns
1074,9,2060,5,400Gbps,1ns
1074,10,2061,4,400Gbps,1ns
1074,11,2061,5,400Gbps,1ns
1074,12,2304,50,400Gbps,1ns
1074,13,2305,50,400Gbps,1ns
1074,14,2306,50,400Gbps,1ns
1074,15,2307,50,400Gbps,1ns
1075,8,2060,6,400Gbps,1ns
1075,9,2060,7,400Gbps,1ns
1075,10,2061,6,400Gbps,1ns
1075,11,2061,7,400Gbps,1ns
1075,12,2304,51,400Gbps,1ns
1075,13,2305,51,400Gbps,1ns
1075,14,2306,51,400Gbps,1ns
1075,15,2307,51,400Gbps,1ns
1076,8,2060,8,400Gbps,1ns
1076,9,2060,9,400Gbps,1ns
1076,10,2061,8,400Gbps,1ns
1076,11,2061,9,400Gbps,1ns
1076,12,2304,52,400Gbps,1ns
1076,13,2305,52,400Gbps,1ns
1076,14,2306,52,400Gbps,1ns
1076,15,2307,52,400Gbps,1ns
1077,8,2060,10,400Gbps,1ns
1077,9,2060,11,400Gbps,1ns
1077,10,2061,10,400Gbps,1ns
1077,11,2061,11,400Gbps,1ns
1077,12,2304,53,400Gbps,1ns
1077,13,2305,53,400Gbps,1ns
1077,14,2306,53,400Gbps,1ns
1077,15,2307,53,400Gbps,1ns
1078,8,2060,12,400Gbps,1ns
1078,9,2060,13,400Gbps,1ns
1078,10,2061,12,400Gbps,1ns
1078,11,2061,13,400Gbps,1ns
1078,12,2304,54,400Gbps,1ns
1078,13,2305,54,400Gbps,1ns
1078,14,2306,54,400Gbps,1ns
1078,15,2307,54,400Gbps,1ns
1079,8,2060,14,400Gbps,1ns
1079,9,2060,15,400Gbps,1ns
1079,10,2061,14,400Gbps,1ns
1079,11,2061,15,400Gbps,1ns
1079,12,2304,55,400Gbps,1ns
1079,13,2305,55,400Gbps,1ns
1079,14,2306,55,400Gbps,1ns
1079,15,2307,55,400Gbps,1ns
1080,8,2062,0,400Gbps,1ns
1080,9,2062,1,400Gbps,1ns
1080,10,2063,0,400Gbps,1ns
1080,11,2063,1,400Gbps,1ns
1080,12,2304,56,400Gbps,1ns
1080,13,2305,56,400Gbps,1ns
1080,14,2306,56,400Gbps,1ns
1080,15,2307,56,400Gbps,1ns
1081,8,2062,2,400Gbps,1ns
1081,9,2062,3,400Gbps,1ns
1081,10,2063,2,400Gbps,1ns
1081,11,2063,3,400Gbps,1ns
1081,12,2304,57,400Gbps,1ns
1081,13,2305,57,400Gbps,1ns
1081,14,2306,57,400Gbps,1ns
1081,15,2307,57,400Gbps,1ns
1082,8,2062,4,400Gbps,1ns
1082,9,2062,5,400Gbps,1ns
1082,10,2063,4,400Gbps,1ns
1082,11,2063,5,400Gbps,1ns
1082,12,2304,58,400Gbps,1ns
1082,13,2305,58,400Gbps,1ns
1082,14,2306,58,400Gbps,1ns
1082,15,2307,58,400Gbps,1ns
1083,8,2062,6,400Gbps,1ns
1083,9,2062,7,400Gbps,1ns
1083,10,2063,6,400Gbps,1ns
1083,11,2063,7,400Gbps,1ns
1083,12,2304,59,400Gbps,1ns
1083,13,2305,59,400Gbps,1ns
1083,14,2306,59,400Gbps,1ns
1083,15,2307,59,400Gbps,1ns
1084,8,2062,8,400Gbps,1ns
1084,9,2062,9,400Gbps,1ns
1084,10,2063,8,400Gbps,1ns
1084,11,2063,9,400Gbps,1ns
1084,12,2304,60,400Gbps,1ns
1084,13,2305,60,400Gbps,1ns
1084,14,2306,60,400Gbps,1ns
1084,15,2307,60,400Gbps,1ns
1085,8,2062,10,400Gbps,1ns
1085,9,2062,11,400Gbps,1ns
1085,10,2063,10,400Gbps,1ns
1085,11,2063,11,400Gbps,1ns
1085,12,2304,61,400Gbps,1ns
1085,13,2305,61,400Gbps,1ns
1085,14,2306,61,400Gbps,1ns
1085,15,2307,61,400Gbps,1ns
1086,8,2062,12,400Gbps,1ns
1086,9,2062,13,400Gbps,1ns
1086,10,2063,12,400Gbps,1ns
1086,11,2063,13,400Gbps,1ns
1086,12,2304,62,400Gbps,1ns
1086,13,2305,62,400Gbps,1ns
1086,14,2306,62,400Gbps,1ns
1086,15,2307,62,400Gbps,1ns
1087,8,2062,14,400Gbps,1ns
1087,9,2062,15,400Gbps,1ns
1087,10,2063,14,400Gbps,1ns
1087,11,2063,15,400Gbps,1ns
1087,12,2304,63,400Gbps,1ns
1087,13,2305,63,400Gbps,1ns
1087,14,2306,63,400Gbps,1ns
1087,15,2307,63,400Gbps,1ns
1088,8,2064,0,400Gbps,1ns
1088,9,2064,1,400Gbps,1ns
1088,10,2065,0,400Gbps,1ns
1088,11,2065,1,400Gbps,1ns
1088,12,2304,64,400Gbps,1ns
1088,13,2305,64,400Gbps,1ns
1088,14,2306,64,400Gbps,1ns
1088,15,2307,64,400Gbps,1ns
1089,8,2064,2,400Gbps,1ns
1089,9,2064,3,400Gbps,1ns
1089,10,2065,2,400Gbps,1ns
1089,11,2065,3,400Gbps,1ns
1089,12,2304,65,400Gbps,1ns
1089,13,2305,65,400Gbps,1ns
1089,14,2306,65,400Gbps,1ns
1089,15,2307,65,400Gbps,1ns
1090,8,2064,4,400Gbps,1ns
1090,9,2064,5,400Gbps,1ns
1090,10,2065,4,400Gbps,1ns
1090,11,2065,5,400Gbps,1ns
1090,12,2304,66,400Gbps,1ns
1090,13,2305,66,400Gbps,1ns
1090,14,2306,66,400Gbps,1ns
1090,15,2307,66,400Gbps,1ns
1091,8,2064,6,400Gbps,1ns
1091,9,2064,7,400Gbps,1ns
1091,10,2065,6,400Gbps,1ns
1091,11,2065,7,400Gbps,1ns
1091,12,2304,67,400Gbps,1ns
1091,13,2305,67,400Gbps,1ns
1091,14,2306,67,400Gbps,1ns
1091,15,2307,67,400Gbps,1ns
1092,8,2064,8,400Gbps,1ns
1092,9,2064,9,400Gbps,1ns
1092,10,2065,8,400Gbps,1ns
1092,11,2065,9,400Gbps,1ns
1092,12,2304,68,400Gbps,1ns
1092,13,2305,68,400Gbps,1ns
1092,14,2306,68,400Gbps,1ns
1092,15,2307,68,400Gbps,1ns
1093,8,2064,10,400Gbps,1ns
1093,9,2064,11,400Gbps,1ns
1093,10,2065,10,400Gbps,1ns
1093,11,2065,11,400Gbps,1ns
1093,12,2304,69,400Gbps,1ns
1093,13,2305,69,400Gbps,1ns
1093,14,2306,69,400Gbps,1ns
1093,15,2307,69,400Gbps,1ns
1094,8,2064,12,400Gbps,1ns
1094,9,2064,13,400Gbps,1ns
1094,10,2065,12,400Gbps,1ns
1094,11,2065,13,400Gbps,1ns
1094,12,2304,70,400Gbps,1ns
1094,13,2305,70,400Gbps,1ns
1094,14,2306,70,400Gbps,1ns
1094,15,2307,70,400Gbps,1ns
1095,8,2064,14,400Gbps,1ns
1095,9,2064,15,400Gbps,1ns
1095,10,2065,14,400Gbps,1ns
1095,11,2065,15,400Gbps,1ns
1095,12,2304,71,400Gbps,1ns
1095,13,2305,71,400Gbps,1ns
1095,14,2306,71,400Gbps,1ns
1095,15,2307,71,400Gbps,1ns
1096,8,2066,0,400Gbps,1ns
1096,9,2066,1,400Gbps,1ns
1096,10,2067,0,400Gbps,1ns
1096,11,2067,1,400Gbps,1ns
1096,12,2304,72,400Gbps,1ns
1096,13,2305,72,400Gbps,1ns
1096,14,2306,72,400Gbps,1ns
1096,15,2307,72,400Gbps,1ns
1097,8,2066,2,400Gbps,1ns
1097,9,2066,3,400Gbps,1ns
1097,10,2067,2,400Gbps,1ns
1097,11,2067,3,400Gbps,1ns
1097,12,2304,73,400Gbps,1ns
1097,13,2305,73,400Gbps,1ns
1097,14,2306,73,400Gbps,1ns
1097,15,2307,73,400Gbps,1ns
1098,8,2066,4,400Gbps,1ns
1098,9,2066,5,400Gbps,1ns
1098,10,2067,4,400Gbps,1ns
1098,11,2067,5,400Gbps,1ns
1098,12,2304,74,400Gbps,1ns
1098,13,2305,74,400Gbps,1ns
1098,14,2306,74,400Gbps,1ns
1098,15,2307,74,400Gbps,1ns
1099,8,2066,6,400Gbps,1ns
1099,9,2066,7,400Gbps,1ns
1099,10,2067,6,400Gbps,1ns
1099,11,2067,7,400Gbps,1ns
1099,12,2304,75,400Gbps,1ns
1099,13,2305,75,400Gbps,1ns
1099,14,2306,75,400Gbps,1ns
1099,15,2307,75,400Gbps,1ns
1100,8,2066,8,400Gbps,1ns
1100,9,2066,9,400Gbps,1ns
1100,10,2067,8,400Gbps,1ns
1100,11,2067,9,400Gbps,1ns
1100,12,2304,76,400Gbps,1ns
1100,13,2305,76,400Gbps,1ns
1100,14,2306,76,400Gbps,1ns
1100,15,2307,76,400Gbps,1ns
1101,8,2066,10,400Gbps,1ns
1101,9,2066,11,400Gbps,1ns
1101,10,2067,10,400Gbps,1ns
1101,11,2067,11,400Gbps,1ns
1101,12,2304,77,400Gbps,1ns
1101,13,2305,77,400Gbps,1ns
1101,14,2306,77,400Gbps,1ns
1101,15,2307,77,400Gbps,1ns
1102,8,2066,12,400Gbps,1ns
1102,9,2066,13,400Gbps,1ns
1102,10,2067,12,400Gbps,1ns
1102,11,2067,13,400Gbps,1ns
1102,12,2304,78,400Gbps,1ns
1102,13,2305,78,400Gbps,1ns
1102,14,2306,78,400Gbps,1ns
1102,15,2307,78,400Gbps,1ns
1103,8,2066,14,400Gbps,1ns
1103,9,2066,15,400Gbps,1ns
1103,10,2067,14,400Gbps,1ns
1103,11,2067,15,400Gbps,1ns
1103,12,2304,79,400Gbps,1ns
1103,13,2305,79,400Gbps,1ns
1103,14,2306,79,400Gbps,1ns
1103,15,2307,79,400Gbps,1ns
1104,8,2068,0,400Gbps,1ns
1104,9,2068,1,400Gbps,1ns
1104,10,2069,0,400Gbps,1ns
1104,11,2069,1,400Gbps,1ns
1104,12,2304,80,400Gbps,1ns
1104,13,2305,80,400Gbps,1ns
1104,14,2306,80,400Gbps,1ns
1104,15,2307,80,400Gbps,1ns
1105,8,2068,2,400Gbps,1ns
1105,9,2068,3,400Gbps,1ns
1105,10,2069,2,400Gbps,1ns
1105,11,2069,3,400Gbps,1ns
1105,12,2304,81,400Gbps,1ns
1105,13,2305,81,400Gbps,1ns
1105,14,2306,81,400Gbps,1ns
1105,15,2307,81,400Gbps,1ns
1106,8,2068,4,400Gbps,1ns
1106,9,2068,5,400Gbps,1ns
1106,10,2069,4,400Gbps,1ns
1106,11,2069,5,400Gbps,1ns
1106,12,2304,82,400Gbps,1ns
1106,13,2305,82,400Gbps,1ns
1106,14,2306,82,400Gbps,1ns
1106,15,2307,82,400Gbps,1ns
1107,8,2068,6,400Gbps,1ns
1107,9,2068,7,400Gbps,1ns
1107,10,2069,6,400Gbps,1ns
1107,11,2069,7,400Gbps,1ns
1107,12,2304,83,400Gbps,1ns
1107,13,2305,83,400Gbps,1ns
1107,14,2306,83,400Gbps,1ns
1107,15,2307,83,400Gbps,1ns
1108,8,2068,8,400Gbps,1ns
1108,9,2068,9,400Gbps,1ns
1108,10,2069,8,400Gbps,1ns
1108,11,2069,9,400Gbps,1ns
1108,12,2304,84,400Gbps,1ns
1108,13,2305,84,400Gbps,1ns
1108,14,2306,84,400Gbps,1ns
1108,15,2307,84,400Gbps,1ns
1109,8,2068,10,400Gbps,1ns
1109,9,2068,11,400Gbps,1ns
1109,10,2069,10,400Gbps,1ns
1109,11,2069,11,400Gbps,1ns
1109,12,2304,85,400Gbps,1ns
1109,13,2305,85,400Gbps,1ns
1109,14,2306,85,400Gbps,1ns
1109,15,2307,85,400Gbps,1ns
1110,8,2068,12,400Gbps,1ns
1110,9,2068,13,400Gbps,1ns
1110,10,2069,12,400Gbps,1ns
1110,11,2069,13,400Gbps,1ns
1110,12,2304,86,400Gbps,1ns
1110,13,2305,86,400Gbps,1ns
1110,14,2306,86,400Gbps,1ns
1110,15,2307,86,400Gbps,1ns
1111,8,2068,14,400Gbps,1ns
1111,9,2068,15,400Gbps,1ns
1111,10,2069,14,400Gbps,1ns
1111,11,2069,15,400Gbps,1ns
1111,12,2304,87,400Gbps,1ns
1111,13,2305,87,400Gbps,1ns
1111,14,2306,87,400Gbps,1ns
1111,15,2307,87,400Gbps,1ns
1112,8,2070,0,400Gbps,1ns
1112,9,2070,1,400Gbps,1ns
1112,10,2071,0,400Gbps,1ns
1112,11,2071,1,400Gbps,1ns
1112,12,2304,88,400Gbps,1ns
1112,13,2305,88,400Gbps,1ns
1112,14,2306,88,400Gbps,1ns
1112,15,2307,88,400Gbps,1ns
1113,8,2070,2,400Gbps,1ns
1113,9,2070,3,400Gbps,1ns
1113,10,2071,2,400Gbps,1ns
1113,11,2071,3,400Gbps,1ns
1113,12,2304,89,400Gbps,1ns
1113,13,2305,89,400Gbps,1ns
1113,14,2306,89,400Gbps,1ns
1113,15,2307,89,400Gbps,1ns
1114,8,2070,4,400Gbps,1ns
1114,9,2070,5,400Gbps,1ns
1114,10,2071,4,400Gbps,1ns
1114,11,2071,5,400Gbps,1ns
1114,12,2304,90,400Gbps,1ns
1114,13,2305,90,400Gbps,1ns
1114,14,2306,90,400Gbps,1ns
1114,15,2307,90,400Gbps,1ns
1115,8,2070,6,400Gbps,1ns
1115,9,2070,7,400Gbps,1ns
1115,10,2071,6,400Gbps,1ns
1115,11,2071,7,400Gbps,1ns
1115,12,2304,91,400Gbps,1ns
1115,13,2305,91,400Gbps,1ns
1115,14,2306,91,400Gbps,1ns
1115,15,2307,91,400Gbps,1ns
1116,8,2070,8,400Gbps,1ns
1116,9,2070,9,400Gbps,1ns
1116,10,2071,8,400Gbps,1ns
1116,11,2071,9,400Gbps,1ns
1116,12,2304,92,400Gbps,1ns
1116,13,2305,92,400Gbps,1ns
1116,14,2306,92,400Gbps,1ns
1116,15,2307,92,400Gbps,1ns
1117,8,2070,10,400Gbps,1ns
1117,9,2070,11,400Gbps,1ns
1117,10,2071,10,400Gbps,1ns
1117,11,2071,11,400Gbps,1ns
1117,12,2304,93,400Gbps,1ns
1117,13,2305,93,400Gbps,1ns
1117,14,2306,93,400Gbps,1ns
1117,15,2307,93,400Gbps,1ns
1118,8,2070,12,400Gbps,1ns
1118,9,2070,13,400Gbps,1ns
1118,10,2071,12,400Gbps,1ns
1118,11,2071,13,400Gbps,1ns
1118,12,2304,94,400Gbps,1ns
1118,13,2305,94,400Gbps,1ns
1118,14,2306,94,400Gbps,1ns
1118,15,2307,94,400Gbps,1ns
1119,8,2070,14,400Gbps,1ns
1119,9,2070,15,400Gbps,1ns
1119,10,2071,14,400Gbps,1ns
1119,11,2071,15,400Gbps,1ns
1119,12,2304,95,400Gbps,1ns
1119,13,2305,95,400Gbps,1ns
1119,14,2306,95,400Gbps,1ns
1119,15,2307,95,400Gbps,1ns
1120,8,2072,0,400Gbps,1ns
1120,9,2072,1,400Gbps,1ns
1120,10,2073,0,400Gbps,1ns
1120,11,2073,1,400Gbps,1ns
1120,12,2304,96,400Gbps,1ns
1120,13,2305,96,400Gbps,1ns
1120,14,2306,96,400Gbps,1ns
1120,15,2307,96,400Gbps,1ns
1121,8,2072,2,400Gbps,1ns
1121,9,2072,3,400Gbps,1ns
1121,10,2073,2,400Gbps,1ns
1121,11,2073,3,400Gbps,1ns
1121,12,2304,97,400Gbps,1ns
1121,13,2305,97,400Gbps,1ns
1121,14,2306,97,400Gbps,1ns
1121,15,2307,97,400Gbps,1ns
1122,8,2072,4,400Gbps,1ns
1122,9,2072,5,400Gbps,1ns
1122,10,2073,4,400Gbps,1ns
1122,11,2073,5,400Gbps,1ns
1122,12,2304,98,400Gbps,1ns
1122,13,2305,98,400Gbps,1ns
1122,14,2306,98,400Gbps,1ns
1122,15,2307,98,400Gbps,1ns
1123,8,2072,6,400Gbps,1ns
1123,9,2072,7,400Gbps,1ns
1123,10,2073,6,400Gbps,1ns
1123,11,2073,7,400Gbps,1ns
1123,12,2304,99,400Gbps,1ns
1123,13,2305,99,400Gbps,1ns
1123,14,2306,99,400Gbps,1ns
1123,15,2307,99,400Gbps,1ns
1124,8,2072,8,400Gbps,1ns
1124,9,2072,9,400Gbps,1ns
1124,10,2073,8,400Gbps,1ns
1124,11,2073,9,400Gbps,1ns
1124,12,2304,100,400Gbps,1ns
1124,13,2305,100,400Gbps,1ns
1124,14,2306,100,400Gbps,1ns
1124,15,2307,100,400Gbps,1ns
1125,8,2072,10,400Gbps,1ns
1125,9,2072,11,400Gbps,1ns
1125,10,2073,10,400Gbps,1ns
1125,11,2073,11,400Gbps,1ns
1125,12,2304,101,400Gbps,1ns
1125,13,2305,101,400Gbps,1ns
1125,14,2306,101,400Gbps,1ns
1125,15,2307,101,400Gbps,1ns
1126,8,2072,12,400Gbps,1ns
1126,9,2072,13,400Gbps,1ns
1126,10,2073,12,400Gbps,1ns
1126,11,2073,13,400Gbps,1ns
1126,12,2304,102,400Gbps,1ns
1126,13,2305,102,400Gbps,1ns
1126,14,2306,102,400Gbps,1ns
1126,15,2307,102,400Gbps,1ns
1127,8,2072,14,400Gbps,1ns
1127,9,2072,15,400Gbps,1ns
1127,10,2073,14,400Gbps,1ns
1127,11,2073,15,400Gbps,1ns
1127,12,2304,103,400Gbps,1ns
1127,13,2305,103,400Gbps,1ns
1127,14,2306,103,400Gbps,1ns
1127,15,2307,103,400Gbps,1ns
1128,8,2074,0,400Gbps,1ns
1128,9,2074,1,400Gbps,1ns
1128,10,2075,0,400Gbps,1ns
1128,11,2075,1,400Gbps,1ns
1128,12,2304,104,400Gbps,1ns
1128,13,2305,104,400Gbps,1ns
1128,14,2306,104,400Gbps,1ns
1128,15,2307,104,400Gbps,1ns
1129,8,2074,2,400Gbps,1ns
1129,9,2074,3,400Gbps,1ns
1129,10,2075,2,400Gbps,1ns
1129,11,2075,3,400Gbps,1ns
1129,12,2304,105,400Gbps,1ns
1129,13,2305,105,400Gbps,1ns
1129,14,2306,105,400Gbps,1ns
1129,15,2307,105,400Gbps,1ns
1130,8,2074,4,400Gbps,1ns
1130,9,2074,5,400Gbps,1ns
1130,10,2075,4,400Gbps,1ns
1130,11,2075,5,400Gbps,1ns
1130,12,2304,106,400Gbps,1ns
1130,13,2305,106,400Gbps,1ns
1130,14,2306,106,400Gbps,1ns
1130,15,2307,106,400Gbps,1ns
1131,8,2074,6,400Gbps,1ns
1131,9,2074,7,400Gbps,1ns
1131,10,2075,6,400Gbps,1ns
1131,11,2075,7,400Gbps,1ns
1131,12,2304,107,400Gbps,1ns
1131,13,2305,107,400Gbps,1ns
1131,14,2306,107,400Gbps,1ns
1131,15,2307,107,400Gbps,1ns
1132,8,2074,8,400Gbps,1ns
1132,9,2074,9,400Gbps,1ns
1132,10,2075,8,400Gbps,1ns
1132,11,2075,9,400Gbps,1ns
1132,12,2304,108,400Gbps,1ns
1132,13,2305,108,400Gbps,1ns
1132,14,2306,108,400Gbps,1ns
1132,15,2307,108,400Gbps,1ns
1133,8,2074,10,400Gbps,1ns
1133,9,2074,11,400Gbps,1ns
1133,10,2075,10,400Gbps,1ns
1133,11,2075,11,400Gbps,1ns
1133,12,2304,109,400Gbps,1ns
1133,13,2305,109,400Gbps,1ns
1133,14,2306,109,400Gbps,1ns
1133,15,2307,109,400Gbps,1ns
1134,8,2074,12,400Gbps,1ns
1134,9,2074,13,400Gbps,1ns
1134,10,2075,12,400Gbps,1ns
1134,11,2075,13,400Gbps,1ns
1134,12,2304,110,400Gbps,1ns
1134,13,2305,110,400Gbps,1ns
1134,14,2306,110,400Gbps,1ns
1134,15,2307,110,400Gbps,1ns
1135,8,2074,14,400Gbps,1ns
1135,9,2074,15,400Gbps,1ns
1135,10,2075,14,400Gbps,1ns
1135,11,2075,15,400Gbps,1ns
1135,12,2304,111,400Gbps,1ns
1135,13,2305,111,400Gbps,1ns
1135,14,2306,111,400Gbps,1ns
1135,15,2307,111,400Gbps,1ns
1136,8,2076,0,400Gbps,1ns
1136,9,2076,1,400Gbps,1ns
1136,10,2077,0,400Gbps,1ns
1136,11,2077,1,400Gbps,1ns
1136,12,2304,112,400Gbps,1ns
1136,13,2305,112,400Gbps,1ns
1136,14,2306,112,400Gbps,1ns
1136,15,2307,112,400Gbps,1ns
1137,8,2076,2,400Gbps,1ns
1137,9,2076,3,400Gbps,1ns
1137,10,2077,2,400Gbps,1ns
1137,11,2077,3,400Gbps,1ns
1137,12,2304,113,400Gbps,1ns
1137,13,2305,113,400Gbps,1ns
1137,14,2306,113,400Gbps,1ns
1137,15,2307,113,400Gbps,1ns
1138,8,2076,4,400Gbps,1ns
1138,9,2076,5,400Gbps,1ns
1138,10,2077,4,400Gbps,1ns
1138,11,2077,5,400Gbps,1ns
1138,12,2304,114,400Gbps,1ns
1138,13,2305,114,400Gbps,1ns
1138,14,2306,114,400Gbps,1ns
1138,15,2307,114,400Gbps,1ns
1139,8,2076,6,400Gbps,1ns
1139,9,2076,7,400Gbps,1ns
1139,10,2077,6,400Gbps,1ns
1139,11,2077,7,400Gbps,1ns
1139,12,2304,115,400Gbps,1ns
1139,13,2305,115,400Gbps,1ns
1139,14,2306,115,400Gbps,1ns
1139,15,2307,115,400Gbps,1ns
1140,8,2076,8,400Gbps,1ns
1140,9,2076,9,400Gbps,1ns
1140,10,2077,8,400Gbps,1ns
1140,11,2077,9,400Gbps,1ns
1140,12,2304,116,400Gbps,1ns
1140,13,2305,116,400Gbps,1ns
1140,14,2306,116,400Gbps,1ns
1140,15,2307,116,400Gbps,1ns
1141,8,2076,10,400Gbps,1ns
1141,9,2076,11,400Gbps,1ns
1141,10,2077,10,400Gbps,1ns
1141,11,2077,11,400Gbps,1ns
1141,12,2304,117,400Gbps,1ns
1141,13,2305,117,400Gbps,1ns
1141,14,2306,117,400Gbps,1ns
1141,15,2307,117,400Gbps,1ns
1142,8,2076,12,400Gbps,1ns
1142,9,2076,13,400Gbps,1ns
1142,10,2077,12,400Gbps,1ns
1142,11,2077,13,400Gbps,1ns
1142,12,2304,118,400Gbps,1ns
1142,13,2305,118,400Gbps,1ns
1142,14,2306,118,400Gbps,1ns
1142,15,2307,118,400Gbps,1ns
1143,8,2076,14,400Gbps,1ns
1143,9,2076,15,400Gbps,1ns
1143,10,2077,14,400Gbps,1ns
1143,11,2077,15,400Gbps,1ns
1143,12,2304,119,400Gbps,1ns
1143,13,2305,119,400Gbps,1ns
1143,14,2306,119,400Gbps,1ns
1143,15,2307,119,400Gbps,1ns
1144,8,2078,0,400Gbps,1ns
1144,9,2078,1,400Gbps,1ns
1144,10,2079,0,400Gbps,1ns
1144,11,2079,1,400Gbps,1ns
1144,12,2304,120,400Gbps,1ns
1144,13,2305,120,400Gbps,1ns
1144,14,2306,120,400Gbps,1ns
1144,15,2307,120,400Gbps,1ns
1145,8,2078,2,400Gbps,1ns
1145,9,2078,3,400Gbps,1ns
1145,10,2079,2,400Gbps,1ns
1145,11,2079,3,400Gbps,1ns
1145,12,2304,121,400Gbps,1ns
1145,13,2305,121,400Gbps,1ns
1145,14,2306,121,400Gbps,1ns
1145,15,2307,121,400Gbps,1ns
1146,8,2078,4,400Gbps,1ns
1146,9,2078,5,400Gbps,1ns
1146,10,2079,4,400Gbps,1ns
1146,11,2079,5,400Gbps,1ns
1146,12,2304,122,400Gbps,1ns
1146,13,2305,122,400Gbps,1ns
1146,14,2306,122,400Gbps,1ns
1146,15,2307,122,400Gbps,1ns
1147,8,2078,6,400Gbps,1ns
1147,9,2078,7,400Gbps,1ns
1147,10,2079,6,400Gbps,1ns
1147,11,2079,7,400Gbps,1ns
1147,12,2304,123,400Gbps,1ns
1147,13,2305,123,400Gbps,1ns
1147,14,2306,123,400Gbps,1ns
1147,15,2307,123,400Gbps,1ns
1148,8,2078,8,400Gbps,1ns
1148,9,2078,9,400Gbps,1ns
1148,10,2079,8,400Gbps,1ns
1148,11,2079,9,400Gbps,1ns
1148,12,2304,124,400Gbps,1ns
1148,13,2305,124,400Gbps,1ns
1148,14,2306,124,400Gbps,1ns
1148,15,2307,124,400Gbps,1ns
1149,8,2078,10,400Gbps,1ns
1149,9,2078,11,400Gbps,1ns
1149,10,2079,10,400Gbps,1ns
1149,11,2079,11,400Gbps,1ns
1149,12,2304,125,400Gbps,1ns
1149,13,2305,125,400Gbps,1ns
1149,14,2306,125,400Gbps,1ns
1149,15,2307,125,400Gbps,1ns
1150,8,2078,12,400Gbps,1ns
1150,9,2078,13,400Gbps,1ns
1150,10,2079,12,400Gbps,1ns
1150,11,2079,13,400Gbps,1ns
1150,12,2304,126,400Gbps,1ns
1150,13,2305,126,400Gbps,1ns
1150,14,2306,126,400Gbps,1ns
1150,15,2307,126,400Gbps,1ns
1151,8,2078,14,400Gbps,1ns
1151,9,2078,15,400Gbps,1ns
1151,10,2079,14,400Gbps,1ns
1151,11,2079,15,400Gbps,1ns
1151,12,2304,127,400Gbps,1ns
1151,13,2305,127,400Gbps,1ns
1151,14,2306,127,400Gbps,1ns
1151,15,2307,127,400Gbps,1ns
1152,8,2080,0,400Gbps,1ns
1152,9,2080,1,400Gbps,1ns
1152,10,2081,0,400Gbps,1ns
1152,11,2081,1,400Gbps,1ns
1152,12,2308,0,400Gbps,1ns
1152,13,2309,0,400Gbps,1ns
1152,14,2310,0,400Gbps,1ns
1152,15,2311,0,400Gbps,1ns
1153,8,2080,2,400Gbps,1ns
1153,9,2080,3,400Gbps,1ns
1153,10,2081,2,400Gbps,1ns
1153,11,2081,3,400Gbps,1ns
1153,12,2308,1,400Gbps,1ns
1153,13,2309,1,400Gbps,1ns
1153,14,2310,1,400Gbps,1ns
1153,15,2311,1,400Gbps,1ns
1154,8,2080,4,400Gbps,1ns
1154,9,2080,5,400Gbps,1ns
1154,10,2081,4,400Gbps,1ns
1154,11,2081,5,400Gbps,1ns
1154,12,2308,2,400Gbps,1ns
1154,13,2309,2,400Gbps,1ns
1154,14,2310,2,400Gbps,1ns
1154,15,2311,2,400Gbps,1ns
1155,8,2080,6,400Gbps,1ns
1155,9,2080,7,400Gbps,1ns
1155,10,2081,6,400Gbps,1ns
1155,11,2081,7,400Gbps,1ns
1155,12,2308,3,400Gbps,1ns
1155,13,2309,3,400Gbps,1ns
1155,14,2310,3,400Gbps,1ns
1155,15,2311,3,400Gbps,1ns
1156,8,2080,8,400Gbps,1ns
1156,9,2080,9,400Gbps,1ns
1156,10,2081,8,400Gbps,1ns
1156,11,2081,9,400Gbps,1ns
1156,12,2308,4,400Gbps,1ns
1156,13,2309,4,400Gbps,1ns
1156,14,2310,4,400Gbps,1ns
1156,15,2311,4,400Gbps,1ns
1157,8,2080,10,400Gbps,1ns
1157,9,2080,11,400Gbps,1ns
1157,10,2081,10,400Gbps,1ns
1157,11,2081,11,400Gbps,1ns
1157,12,2308,5,400Gbps,1ns
1157,13,2309,5,400Gbps,1ns
1157,14,2310,5,400Gbps,1ns
1157,15,2311,5,400Gbps,1ns
1158,8,2080,12,400Gbps,1ns
1158,9,2080,13,400Gbps,1ns
1158,10,2081,12,400Gbps,1ns
1158,11,2081,13,400Gbps,1ns
1158,12,2308,6,400Gbps,1ns
1158,13,2309,6,400Gbps,1ns
1158,14,2310,6,400Gbps,1ns
1158,15,2311,6,400Gbps,1ns
1159,8,2080,14,400Gbps,1ns
1159,9,2080,15,400Gbps,1ns
1159,10,2081,14,400Gbps,1ns
1159,11,2081,15,400Gbps,1ns
1159,12,2308,7,400Gbps,1ns
1159,13,2309,7,400Gbps,1ns
1159,14,2310,7,400Gbps,1ns
1159,15,2311,7,400Gbps,1ns
1160,8,2082,0,400Gbps,1ns
1160,9,2082,1,400Gbps,1ns
1160,10,2083,0,400Gbps,1ns
1160,11,2083,1,400Gbps,1ns
1160,12,2308,8,400Gbps,1ns
1160,13,2309,8,400Gbps,1ns
1160,14,2310,8,400Gbps,1ns
1160,15,2311,8,400Gbps,1ns
1161,8,2082,2,400Gbps,1ns
1161,9,2082,3,400Gbps,1ns
1161,10,2083,2,400Gbps,1ns
1161,11,2083,3,400Gbps,1ns
1161,12,2308,9,400Gbps,1ns
1161,13,2309,9,400Gbps,1ns
1161,14,2310,9,400Gbps,1ns
1161,15,2311,9,400Gbps,1ns
1162,8,2082,4,400Gbps,1ns
1162,9,2082,5,400Gbps,1ns
1162,10,2083,4,400Gbps,1ns
1162,11,2083,5,400Gbps,1ns
1162,12,2308,10,400Gbps,1ns
1162,13,2309,10,400Gbps,1ns
1162,14,2310,10,400Gbps,1ns
1162,15,2311,10,400Gbps,1ns
1163,8,2082,6,400Gbps,1ns
1163,9,2082,7,400Gbps,1ns
1163,10,2083,6,400Gbps,1ns
1163,11,2083,7,400Gbps,1ns
1163,12,2308,11,400Gbps,1ns
1163,13,2309,11,400Gbps,1ns
1163,14,2310,11,400Gbps,1ns
1163,15,2311,11,400Gbps,1ns
1164,8,2082,8,400Gbps,1ns
1164,9,2082,9,400Gbps,1ns
1164,10,2083,8,400Gbps,1ns
1164,11,2083,9,400Gbps,1ns
1164,12,2308,12,400Gbps,1ns
1164,13,2309,12,400Gbps,1ns
1164,14,2310,12,400Gbps,1ns
1164,15,2311,12,400Gbps,1ns
1165,8,2082,10,400Gbps,1ns
1165,9,2082,11,400Gbps,1ns
1165,10,2083,10,400Gbps,1ns
1165,11,2083,11,400Gbps,1ns
1165,12,2308,13,400Gbps,1ns
1165,13,2309,13,400Gbps,1ns
1165,14,2310,13,400Gbps,1ns
1165,15,2311,13,400Gbps,1ns
1166,8,2082,12,400Gbps,1ns
1166,9,2082,13,400Gbps,1ns
1166,10,2083,12,400Gbps,1ns
1166,11,2083,13,400Gbps,1ns
1166,12,2308,14,400Gbps,1ns
1166,13,2309,14,400Gbps,1ns
1166,14,2310,14,400Gbps,1ns
1166,15,2311,14,400Gbps,1ns
1167,8,2082,14,400Gbps,1ns
1167,9,2082,15,400Gbps,1ns
1167,10,2083,14,400Gbps,1ns
1167,11,2083,15,400Gbps,1ns
1167,12,2308,15,400Gbps,1ns
1167,13,2309,15,400Gbps,1ns
1167,14,2310,15,400Gbps,1ns
1167,15,2311,15,400Gbps,1ns
1168,8,2084,0,400Gbps,1ns
1168,9,2084,1,400Gbps,1ns
1168,10,2085,0,400Gbps,1ns
1168,11,2085,1,400Gbps,1ns
1168,12,2308,16,400Gbps,1ns
1168,13,2309,16,400Gbps,1ns
1168,14,2310,16,400Gbps,1ns
1168,15,2311,16,400Gbps,1ns
1169,8,2084,2,400Gbps,1ns
1169,9,2084,3,400Gbps,1ns
1169,10,2085,2,400Gbps,1ns
1169,11,2085,3,400Gbps,1ns
1169,12,2308,17,400Gbps,1ns
1169,13,2309,17,400Gbps,1ns
1169,14,2310,17,400Gbps,1ns
1169,15,2311,17,400Gbps,1ns
1170,8,2084,4,400Gbps,1ns
1170,9,2084,5,400Gbps,1ns
1170,10,2085,4,400Gbps,1ns
1170,11,2085,5,400Gbps,1ns
1170,12,2308,18,400Gbps,1ns
1170,13,2309,18,400Gbps,1ns
1170,14,2310,18,400Gbps,1ns
1170,15,2311,18,400Gbps,1ns
1171,8,2084,6,400Gbps,1ns
1171,9,2084,7,400Gbps,1ns
1171,10,2085,6,400Gbps,1ns
1171,11,2085,7,400Gbps,1ns
1171,12,2308,19,400Gbps,1ns
1171,13,2309,19,400Gbps,1ns
1171,14,2310,19,400Gbps,1ns
1171,15,2311,19,400Gbps,1ns
1172,8,2084,8,400Gbps,1ns
1172,9,2084,9,400Gbps,1ns
1172,10,2085,8,400Gbps,1ns
1172,11,2085,9,400Gbps,1ns
1172,12,2308,20,400Gbps,1ns
1172,13,2309,20,400Gbps,1ns
1172,14,2310,20,400Gbps,1ns
1172,15,2311,20,400Gbps,1ns
1173,8,2084,10,400Gbps,1ns
1173,9,2084,11,400Gbps,1ns
1173,10,2085,10,400Gbps,1ns
1173,11,2085,11,400Gbps,1ns
1173,12,2308,21,400Gbps,1ns
1173,13,2309,21,400Gbps,1ns
1173,14,2310,21,400Gbps,1ns
1173,15,2311,21,400Gbps,1ns
1174,8,2084,12,400Gbps,1ns
1174,9,2084,13,400Gbps,1ns
1174,10,2085,12,400Gbps,1ns
1174,11,2085,13,400Gbps,1ns
1174,12,2308,22,400Gbps,1ns
1174,13,2309,22,400Gbps,1ns
1174,14,2310,22,400Gbps,1ns
1174,15,2311,22,400Gbps,1ns
1175,8,2084,14,400Gbps,1ns
1175,9,2084,15,400Gbps,1ns
1175,10,2085,14,400Gbps,1ns
1175,11,2085,15,400Gbps,1ns
1175,12,2308,23,400Gbps,1ns
1175,13,2309,23,400Gbps,1ns
1175,14,2310,23,400Gbps,1ns
1175,15,2311,23,400Gbps,1ns
1176,8,2086,0,400Gbps,1ns
1176,9,2086,1,400Gbps,1ns
1176,10,2087,0,400Gbps,1ns
1176,11,2087,1,400Gbps,1ns
1176,12,2308,24,400Gbps,1ns
1176,13,2309,24,400Gbps,1ns
1176,14,2310,24,400Gbps,1ns
1176,15,2311,24,400Gbps,1ns
1177,8,2086,2,400Gbps,1ns
1177,9,2086,3,400Gbps,1ns
1177,10,2087,2,400Gbps,1ns
1177,11,2087,3,400Gbps,1ns
1177,12,2308,25,400Gbps,1ns
1177,13,2309,25,400Gbps,1ns
1177,14,2310,25,400Gbps,1ns
1177,15,2311,25,400Gbps,1ns
1178,8,2086,4,400Gbps,1ns
1178,9,2086,5,400Gbps,1ns
1178,10,2087,4,400Gbps,1ns
1178,11,2087,5,400Gbps,1ns
1178,12,2308,26,400Gbps,1ns
1178,13,2309,26,400Gbps,1ns
1178,14,2310,26,400Gbps,1ns
1178,15,2311,26,400Gbps,1ns
1179,8,2086,6,400Gbps,1ns
1179,9,2086,7,400Gbps,1ns
1179,10,2087,6,400Gbps,1ns
1179,11,2087,7,400Gbps,1ns
1179,12,2308,27,400Gbps,1ns
1179,13,2309,27,400Gbps,1ns
1179,14,2310,27,400Gbps,1ns
1179,15,2311,27,400Gbps,1ns
1180,8,2086,8,400Gbps,1ns
1180,9,2086,9,400Gbps,1ns
1180,10,2087,8,400Gbps,1ns
1180,11,2087,9,400Gbps,1ns
1180,12,2308,28,400Gbps,1ns
1180,13,2309,28,400Gbps,1ns
1180,14,2310,28,400Gbps,1ns
1180,15,2311,28,400Gbps,1ns
1181,8,2086,10,400Gbps,1ns
1181,9,2086,11,400Gbps,1ns
1181,10,2087,10,400Gbps,1ns
1181,11,2087,11,400Gbps,1ns
1181,12,2308,29,400Gbps,1ns
1181,13,2309,29,400Gbps,1ns
1181,14,2310,29,400Gbps,1ns
1181,15,2311,29,400Gbps,1ns
1182,8,2086,12,400Gbps,1ns
1182,9,2086,13,400Gbps,1ns
1182,10,2087,12,400Gbps,1ns
1182,11,2087,13,400Gbps,1ns
1182,12,2308,30,400Gbps,1ns
1182,13,2309,30,400Gbps,1ns
1182,14,2310,30,400Gbps,1ns
1182,15,2311,30,400Gbps,1ns
1183,8,2086,14,400Gbps,1ns
1183,9,2086,15,400Gbps,1ns
1183,10,2087,14,400Gbps,1ns
1183,11,2087,15,400Gbps,1ns
1183,12,2308,31,400Gbps,1ns
1183,13,2309,31,400Gbps,1ns
1183,14,2310,31,400Gbps,1ns
1183,15,2311,31,400Gbps,1ns
1184,8,2088,0,400Gbps,1ns
1184,9,2088,1,400Gbps,1ns
1184,10,2089,0,400Gbps,1ns
1184,11,2089,1,400Gbps,1ns
1184,12,2308,32,400Gbps,1ns
1184,13,2309,32,400Gbps,1ns
1184,14,2310,32,400Gbps,1ns
1184,15,2311,32,400Gbps,1ns
1185,8,2088,2,400Gbps,1ns
1185,9,2088,3,400Gbps,1ns
1185,10,2089,2,400Gbps,1ns
1185,11,2089,3,400Gbps,1ns
1185,12,2308,33,400Gbps,1ns
1185,13,2309,33,400Gbps,1ns
1185,14,2310,33,400Gbps,1ns
1185,15,2311,33,400Gbps,1ns
1186,8,2088,4,400Gbps,1ns
1186,9,2088,5,400Gbps,1ns
1186,10,2089,4,400Gbps,1ns
1186,11,2089,5,400Gbps,1ns
1186,12,2308,34,400Gbps,1ns
1186,13,2309,34,400Gbps,1ns
1186,14,2310,34,400Gbps,1ns
1186,15,2311,34,400Gbps,1ns
1187,8,2088,6,400Gbps,1ns
1187,9,2088,7,400Gbps,1ns
1187,10,2089,6,400Gbps,1ns
1187,11,2089,7,400Gbps,1ns
1187,12,2308,35,400Gbps,1ns
1187,13,2309,35,400Gbps,1ns
1187,14,2310,35,400Gbps,1ns
1187,15,2311,35,400Gbps,1ns
1188,8,2088,8,400Gbps,1ns
1188,9,2088,9,400Gbps,1ns
1188,10,2089,8,400Gbps,1ns
1188,11,2089,9,400Gbps,1ns
1188,12,2308,36,400Gbps,1ns
1188,13,2309,36,400Gbps,1ns
1188,14,2310,36,400Gbps,1ns
1188,15,2311,36,400Gbps,1ns
1189,8,2088,10,400Gbps,1ns
1189,9,2088,11,400Gbps,1ns
1189,10,2089,10,400Gbps,1ns
1189,11,2089,11,400Gbps,1ns
1189,12,2308,37,400Gbps,1ns
1189,13,2309,37,400Gbps,1ns
1189,14,2310,37,400Gbps,1ns
1189,15,2311,37,400Gbps,1ns
1190,8,2088,12,400Gbps,1ns
1190,9,2088,13,400Gbps,1ns
1190,10,2089,12,400Gbps,1ns
1190,11,2089,13,400Gbps,1ns
1190,12,2308,38,400Gbps,1ns
1190,13,2309,38,400Gbps,1ns
1190,14,2310,38,400Gbps,1ns
1190,15,2311,38,400Gbps,1ns
1191,8,2088,14,400Gbps,1ns
1191,9,2088,15,400Gbps,1ns
1191,10,2089,14,400Gbps,1ns
1191,11,2089,15,400Gbps,1ns
1191,12,2308,39,400Gbps,1ns
1191,13,2309,39,400Gbps,1ns
1191,14,2310,39,400Gbps,1ns
1191,15,2311,39,400Gbps,1ns
1192,8,2090,0,400Gbps,1ns
1192,9,2090,1,400Gbps,1ns
1192,10,2091,0,400Gbps,1ns
1192,11,2091,1,400Gbps,1ns
1192,12,2308,40,400Gbps,1ns
1192,13,2309,40,400Gbps,1ns
1192,14,2310,40,400Gbps,1ns
1192,15,2311,40,400Gbps,1ns
1193,8,2090,2,400Gbps,1ns
1193,9,2090,3,400Gbps,1ns
1193,10,2091,2,400Gbps,1ns
1193,11,2091,3,400Gbps,1ns
1193,12,2308,41,400Gbps,1ns
1193,13,2309,41,400Gbps,1ns
1193,14,2310,41,400Gbps,1ns
1193,15,2311,41,400Gbps,1ns
1194,8,2090,4,400Gbps,1ns
1194,9,2090,5,400Gbps,1ns
1194,10,2091,4,400Gbps,1ns
1194,11,2091,5,400Gbps,1ns
1194,12,2308,42,400Gbps,1ns
1194,13,2309,42,400Gbps,1ns
1194,14,2310,42,400Gbps,1ns
1194,15,2311,42,400Gbps,1ns
1195,8,2090,6,400Gbps,1ns
1195,9,2090,7,400Gbps,1ns
1195,10,2091,6,400Gbps,1ns
1195,11,2091,7,400Gbps,1ns
1195,12,2308,43,400Gbps,1ns
1195,13,2309,43,400Gbps,1ns
1195,14,2310,43,400Gbps,1ns
1195,15,2311,43,400Gbps,1ns
1196,8,2090,8,400Gbps,1ns
1196,9,2090,9,400Gbps,1ns
1196,10,2091,8,400Gbps,1ns
1196,11,2091,9,400Gbps,1ns
1196,12,2308,44,400Gbps,1ns
1196,13,2309,44,400Gbps,1ns
1196,14,2310,44,400Gbps,1ns
1196,15,2311,44,400Gbps,1ns
1197,8,2090,10,400Gbps,1ns
1197,9,2090,11,400Gbps,1ns
1197,10,2091,10,400Gbps,1ns
1197,11,2091,11,400Gbps,1ns
1197,12,2308,45,400Gbps,1ns
1197,13,2309,45,400Gbps,1ns
1197,14,2310,45,400Gbps,1ns
1197,15,2311,45,400Gbps,1ns
1198,8,2090,12,400Gbps,1ns
1198,9,2090,13,400Gbps,1ns
1198,10,2091,12,400Gbps,1ns
1198,11,2091,13,400Gbps,1ns
1198,12,2308,46,400Gbps,1ns
1198,13,2309,46,400Gbps,1ns
1198,14,2310,46,400Gbps,1ns
1198,15,2311,46,400Gbps,1ns
1199,8,2090,14,400Gbps,1ns
1199,9,2090,15,400Gbps,1ns
1199,10,2091,14,400Gbps,1ns
1199,11,2091,15,400Gbps,1ns
1199,12,2308,47,400Gbps,1ns
1199,13,2309,47,400Gbps,1ns
1199,14,2310,47,400Gbps,1ns
1199,15,2311,47,400Gbps,1ns
1200,8,2092,0,400Gbps,1ns
1200,9,2092,1,400Gbps,1ns
1200,10,2093,0,400Gbps,1ns
1200,11,2093,1,400Gbps,1ns
1200,12,2308,48,400Gbps,1ns
1200,13,2309,48,400Gbps,1ns
1200,14,2310,48,400Gbps,1ns
1200,15,2311,48,400Gbps,1ns
1201,8,2092,2,400Gbps,1ns
1201,9,2092,3,400Gbps,1ns
1201,10,2093,2,400Gbps,1ns
1201,11,2093,3,400Gbps,1ns
1201,12,2308,49,400Gbps,1ns
1201,13,2309,49,400Gbps,1ns
1201,14,2310,49,400Gbps,1ns
1201,15,2311,49,400Gbps,1ns
1202,8,2092,4,400Gbps,1ns
1202,9,2092,5,400Gbps,1ns
1202,10,2093,4,400Gbps,1ns
1202,11,2093,5,400Gbps,1ns
1202,12,2308,50,400Gbps,1ns
1202,13,2309,50,400Gbps,1ns
1202,14,2310,50,400Gbps,1ns
1202,15,2311,50,400Gbps,1ns
1203,8,2092,6,400Gbps,1ns
1203,9,2092,7,400Gbps,1ns
1203,10,2093,6,400Gbps,1ns
1203,11,2093,7,400Gbps,1ns
1203,12,2308,51,400Gbps,1ns
1203,13,2309,51,400Gbps,1ns
1203,14,2310,51,400Gbps,1ns
1203,15,2311,51,400Gbps,1ns
1204,8,2092,8,400Gbps,1ns
1204,9,2092,9,400Gbps,1ns
1204,10,2093,8,400Gbps,1ns
1204,11,2093,9,400Gbps,1ns
1204,12,2308,52,400Gbps,1ns
1204,13,2309,52,400Gbps,1ns
1204,14,2310,52,400Gbps,1ns
1204,15,2311,52,400Gbps,1ns
1205,8,2092,10,400Gbps,1ns
1205,9,2092,11,400Gbps,1ns
1205,10,2093,10,400Gbps,1ns
1205,11,2093,11,400Gbps,1ns
1205,12,2308,53,400Gbps,1ns
1205,13,2309,53,400Gbps,1ns
1205,14,2310,53,400Gbps,1ns
1205,15,2311,53,400Gbps,1ns
1206,8,2092,12,400Gbps,1ns
1206,9,2092,13,400Gbps,1ns
1206,10,2093,12,400Gbps,1ns
1206,11,2093,13,400Gbps,1ns
1206,12,2308,54,400Gbps,1ns
1206,13,2309,54,400Gbps,1ns
1206,14,2310,54,400Gbps,1ns
1206,15,2311,54,400Gbps,1ns
1207,8,2092,14,400Gbps,1ns
1207,9,2092,15,400Gbps,1ns
1207,10,2093,14,400Gbps,1ns
1207,11,2093,15,400Gbps,1ns
1207,12,2308,55,400Gbps,1ns
1207,13,2309,55,400Gbps,1ns
1207,14,2310,55,400Gbps,1ns
1207,15,2311,55,400Gbps,1ns
1208,8,2094,0,400Gbps,1ns
1208,9,2094,1,400Gbps,1ns
1208,10,2095,0,400Gbps,1ns
1208,11,2095,1,400Gbps,1ns
1208,12,2308,56,400Gbps,1ns
1208,13,2309,56,400Gbps,1ns
1208,14,2310,56,400Gbps,1ns
1208,15,2311,56,400Gbps,1ns
1209,8,2094,2,400Gbps,1ns
1209,9,2094,3,400Gbps,1ns
1209,10,2095,2,400Gbps,1ns
1209,11,2095,3,400Gbps,1ns
1209,12,2308,57,400Gbps,1ns
1209,13,2309,57,400Gbps,1ns
1209,14,2310,57,400Gbps,1ns
1209,15,2311,57,400Gbps,1ns
1210,8,2094,4,400Gbps,1ns
1210,9,2094,5,400Gbps,1ns
1210,10,2095,4,400Gbps,1ns
1210,11,2095,5,400Gbps,1ns
1210,12,2308,58,400Gbps,1ns
1210,13,2309,58,400Gbps,1ns
1210,14,2310,58,400Gbps,1ns
1210,15,2311,58,400Gbps,1ns
1211,8,2094,6,400Gbps,1ns
1211,9,2094,7,400Gbps,1ns
1211,10,2095,6,400Gbps,1ns
1211,11,2095,7,400Gbps,1ns
1211,12,2308,59,400Gbps,1ns
1211,13,2309,59,400Gbps,1ns
1211,14,2310,59,400Gbps,1ns
1211,15,2311,59,400Gbps,1ns
1212,8,2094,8,400Gbps,1ns
1212,9,2094,9,400Gbps,1ns
1212,10,2095,8,400Gbps,1ns
1212,11,2095,9,400Gbps,1ns
1212,12,2308,60,400Gbps,1ns
1212,13,2309,60,400Gbps,1ns
1212,14,2310,60,400Gbps,1ns
1212,15,2311,60,400Gbps,1ns
1213,8,2094,10,400Gbps,1ns
1213,9,2094,11,400Gbps,1ns
1213,10,2095,10,400Gbps,1ns
1213,11,2095,11,400Gbps,1ns
1213,12,2308,61,400Gbps,1ns
1213,13,2309,61,400Gbps,1ns
1213,14,2310,61,400Gbps,1ns
1213,15,2311,61,400Gbps,1ns
1214,8,2094,12,400Gbps,1ns
1214,9,2094,13,400Gbps,1ns
1214,10,2095,12,400Gbps,1ns
1214,11,2095,13,400Gbps,1ns
1214,12,2308,62,400Gbps,1ns
1214,13,2309,62,400Gbps,1ns
1214,14,2310,62,400Gbps,1ns
1214,15,2311,62,400Gbps,1ns
1215,8,2094,14,400Gbps,1ns
1215,9,2094,15,400Gbps,1ns
1215,10,2095,14,400Gbps,1ns
1215,11,2095,15,400Gbps,1ns
1215,12,2308,63,400Gbps,1ns
1215,13,2309,63,400Gbps,1ns
1215,14,2310,63,400Gbps,1ns
1215,15,2311,63,400Gbps,1ns
1216,8,2096,0,400Gbps,1ns
1216,9,2096,1,400Gbps,1ns
1216,10,2097,0,400Gbps,1ns
1216,11,2097,1,400Gbps,1ns
1216,12,2308,64,400Gbps,1ns
1216,13,2309,64,400Gbps,1ns
1216,14,2310,64,400Gbps,1ns
1216,15,2311,64,400Gbps,1ns
1217,8,2096,2,400Gbps,1ns
1217,9,2096,3,400Gbps,1ns
1217,10,2097,2,400Gbps,1ns
1217,11,2097,3,400Gbps,1ns
1217,12,2308,65,400Gbps,1ns
1217,13,2309,65,400Gbps,1ns
1217,14,2310,65,400Gbps,1ns
1217,15,2311,65,400Gbps,1ns
1218,8,2096,4,400Gbps,1ns
1218,9,2096,5,400Gbps,1ns
1218,10,2097,4,400Gbps,1ns
1218,11,2097,5,400Gbps,1ns
1218,12,2308,66,400Gbps,1ns
1218,13,2309,66,400Gbps,1ns
1218,14,2310,66,400Gbps,1ns
1218,15,2311,66,400Gbps,1ns
1219,8,2096,6,400Gbps,1ns
1219,9,2096,7,400Gbps,1ns
1219,10,2097,6,400Gbps,1ns
1219,11,2097,7,400Gbps,1ns
1219,12,2308,67,400Gbps,1ns
1219,13,2309,67,400Gbps,1ns
1219,14,2310,67,400Gbps,1ns
1219,15,2311,67,400Gbps,1ns
1220,8,2096,8,400Gbps,1ns
1220,9,2096,9,400Gbps,1ns
1220,10,2097,8,400Gbps,1ns
1220,11,2097,9,400Gbps,1ns
1220,12,2308,68,400Gbps,1ns
1220,13,2309,68,400Gbps,1ns
1220,14,2310,68,400Gbps,1ns
1220,15,2311,68,400Gbps,1ns
1221,8,2096,10,400Gbps,1ns
1221,9,2096,11,400Gbps,1ns
1221,10,2097,10,400Gbps,1ns
1221,11,2097,11,400Gbps,1ns
1221,12,2308,69,400Gbps,1ns
1221,13,2309,69,400Gbps,1ns
1221,14,2310,69,400Gbps,1ns
1221,15,2311,69,400Gbps,1ns
1222,8,2096,12,400Gbps,1ns
1222,9,2096,13,400Gbps,1ns
1222,10,2097,12,400Gbps,1ns
1222,11,2097,13,400Gbps,1ns
1222,12,2308,70,400Gbps,1ns
1222,13,2309,70,400Gbps,1ns
1222,14,2310,70,400Gbps,1ns
1222,15,2311,70,400Gbps,1ns
1223,8,2096,14,400Gbps,1ns
1223,9,2096,15,400Gbps,1ns
1223,10,2097,14,400Gbps,1ns
1223,11,2097,15,400Gbps,1ns
1223,12,2308,71,400Gbps,1ns
1223,13,2309,71,400Gbps,1ns
1223,14,2310,71,400Gbps,1ns
1223,15,2311,71,400Gbps,1ns
1224,8,2098,0,400Gbps,1ns
1224,9,2098,1,400Gbps,1ns
1224,10,2099,0,400Gbps,1ns
1224,11,2099,1,400Gbps,1ns
1224,12,2308,72,400Gbps,1ns
1224,13,2309,72,400Gbps,1ns
1224,14,2310,72,400Gbps,1ns
1224,15,2311,72,400Gbps,1ns
1225,8,2098,2,400Gbps,1ns
1225,9,2098,3,400Gbps,1ns
1225,10,2099,2,400Gbps,1ns
1225,11,2099,3,400Gbps,1ns
1225,12,2308,73,400Gbps,1ns
1225,13,2309,73,400Gbps,1ns
1225,14,2310,73,400Gbps,1ns
1225,15,2311,73,400Gbps,1ns
1226,8,2098,4,400Gbps,1ns
1226,9,2098,5,400Gbps,1ns
1226,10,2099,4,400Gbps,1ns
1226,11,2099,5,400Gbps,1ns
1226,12,2308,74,400Gbps,1ns
1226,13,2309,74,400Gbps,1ns
1226,14,2310,74,400Gbps,1ns
1226,15,2311,74,400Gbps,1ns
1227,8,2098,6,400Gbps,1ns
1227,9,2098,7,400Gbps,1ns
1227,10,2099,6,400Gbps,1ns
1227,11,2099,7,400Gbps,1ns
1227,12,2308,75,400Gbps,1ns
1227,13,2309,75,400Gbps,1ns
1227,14,2310,75,400Gbps,1ns
1227,15,2311,75,400Gbps,1ns
1228,8,2098,8,400Gbps,1ns
1228,9,2098,9,400Gbps,1ns
1228,10,2099,8,400Gbps,1ns
1228,11,2099,9,400Gbps,1ns
1228,12,2308,76,400Gbps,1ns
1228,13,2309,76,400Gbps,1ns
1228,14,2310,76,400Gbps,1ns
1228,15,2311,76,400Gbps,1ns
1229,8,2098,10,400Gbps,1ns
1229,9,2098,11,400Gbps,1ns
1229,10,2099,10,400Gbps,1ns
1229,11,2099,11,400Gbps,1ns
1229,12,2308,77,400Gbps,1ns
1229,13,2309,77,400Gbps,1ns
1229,14,2310,77,400Gbps,1ns
1229,15,2311,77,400Gbps,1ns
1230,8,2098,12,400Gbps,1ns
1230,9,2098,13,400Gbps,1ns
1230,10,2099,12,400Gbps,1ns
1230,11,2099,13,400Gbps,1ns
1230,12,2308,78,400Gbps,1ns
1230,13,2309,78,400Gbps,1ns
1230,14,2310,78,400Gbps,1ns
1230,15,2311,78,400Gbps,1ns
1231,8,2098,14,400Gbps,1ns
1231,9,2098,15,400Gbps,1ns
1231,10,2099,14,400Gbps,1ns
1231,11,2099,15,400Gbps,1ns
1231,12,2308,79,400Gbps,1ns
1231,13,2309,79,400Gbps,1ns
1231,14,2310,79,400Gbps,1ns
1231,15,2311,79,400Gbps,1ns
1232,8,2100,0,400Gbps,1ns
1232,9,2100,1,400Gbps,1ns
1232,10,2101,0,400Gbps,1ns
1232,11,2101,1,400Gbps,1ns
1232,12,2308,80,400Gbps,1ns
1232,13,2309,80,400Gbps,1ns
1232,14,2310,80,400Gbps,1ns
1232,15,2311,80,400Gbps,1ns
1233,8,2100,2,400Gbps,1ns
1233,9,2100,3,400Gbps,1ns
1233,10,2101,2,400Gbps,1ns
1233,11,2101,3,400Gbps,1ns
1233,12,2308,81,400Gbps,1ns
1233,13,2309,81,400Gbps,1ns
1233,14,2310,81,400Gbps,1ns
1233,15,2311,81,400Gbps,1ns
1234,8,2100,4,400Gbps,1ns
1234,9,2100,5,400Gbps,1ns
1234,10,2101,4,400Gbps,1ns
1234,11,2101,5,400Gbps,1ns
1234,12,2308,82,400Gbps,1ns
1234,13,2309,82,400Gbps,1ns
1234,14,2310,82,400Gbps,1ns
1234,15,2311,82,400Gbps,1ns
1235,8,2100,6,400Gbps,1ns
1235,9,2100,7,400Gbps,1ns
1235,10,2101,6,400Gbps,1ns
1235,11,2101,7,400Gbps,1ns
1235,12,2308,83,400Gbps,1ns
1235,13,2309,83,400Gbps,1ns
1235,14,2310,83,400Gbps,1ns
1235,15,2311,83,400Gbps,1ns
1236,8,2100,8,400Gbps,1ns
1236,9,2100,9,400Gbps,1ns
1236,10,2101,8,400Gbps,1ns
1236,11,2101,9,400Gbps,1ns
1236,12,2308,84,400Gbps,1ns
1236,13,2309,84,400Gbps,1ns
1236,14,2310,84,400Gbps,1ns
1236,15,2311,84,400Gbps,1ns
1237,8,2100,10,400Gbps,1ns
1237,9,2100,11,400Gbps,1ns
1237,10,2101,10,400Gbps,1ns
1237,11,2101,11,400Gbps,1ns
1237,12,2308,85,400Gbps,1ns
1237,13,2309,85,400Gbps,1ns
1237,14,2310,85,400Gbps,1ns
1237,15,2311,85,400Gbps,1ns
1238,8,2100,12,400Gbps,1ns
1238,9,2100,13,400Gbps,1ns
1238,10,2101,12,400Gbps,1ns
1238,11,2101,13,400Gbps,1ns
1238,12,2308,86,400Gbps,1ns
1238,13,2309,86,400Gbps,1ns
1238,14,2310,86,400Gbps,1ns
1238,15,2311,86,400Gbps,1ns
1239,8,2100,14,400Gbps,1ns
1239,9,2100,15,400Gbps,1ns
1239,10,2101,14,400Gbps,1ns
1239,11,2101,15,400Gbps,1ns
1239,12,2308,87,400Gbps,1ns
1239,13,2309,87,400Gbps,1ns
1239,14,2310,87,400Gbps,1ns
1239,15,2311,87,400Gbps,1ns
1240,8,2102,0,400Gbps,1ns
1240,9,2102,1,400Gbps,1ns
1240,10,2103,0,400Gbps,1ns
1240,11,2103,1,400Gbps,1ns
1240,12,2308,88,400Gbps,1ns
1240,13,2309,88,400Gbps,1ns
1240,14,2310,88,400Gbps,1ns
1240,15,2311,88,400Gbps,1ns
1241,8,2102,2,400Gbps,1ns
1241,9,2102,3,400Gbps,1ns
1241,10,2103,2,400Gbps,1ns
1241,11,2103,3,400Gbps,1ns
1241,12,2308,89,400Gbps,1ns
1241,13,2309,89,400Gbps,1ns
1241,14,2310,89,400Gbps,1ns
1241,15,2311,89,400Gbps,1ns
1242,8,2102,4,400Gbps,1ns
1242,9,2102,5,400Gbps,1ns
1242,10,2103,4,400Gbps,1ns
1242,11,2103,5,400Gbps,1ns
1242,12,2308,90,400Gbps,1ns
1242,13,2309,90,400Gbps,1ns
1242,14,2310,90,400Gbps,1ns
1242,15,2311,90,400Gbps,1ns
1243,8,2102,6,400Gbps,1ns
1243,9,2102,7,400Gbps,1ns
1243,10,2103,6,400Gbps,1ns
1243,11,2103,7,400Gbps,1ns
1243,12,2308,91,400Gbps,1ns
1243,13,2309,91,400Gbps,1ns
1243,14,2310,91,400Gbps,1ns
1243,15,2311,91,400Gbps,1ns
1244,8,2102,8,400Gbps,1ns
1244,9,2102,9,400Gbps,1ns
1244,10,2103,8,400Gbps,1ns
1244,11,2103,9,400Gbps,1ns
1244,12,2308,92,400Gbps,1ns
1244,13,2309,92,400Gbps,1ns
1244,14,2310,92,400Gbps,1ns
1244,15,2311,92,400Gbps,1ns
1245,8,2102,10,400Gbps,1ns
1245,9,2102,11,400Gbps,1ns
1245,10,2103,10,400Gbps,1ns
1245,11,2103,11,400Gbps,1ns
1245,12,2308,93,400Gbps,1ns
1245,13,2309,93,400Gbps,1ns
1245,14,2310,93,400Gbps,1ns
1245,15,2311,93,400Gbps,1ns
1246,8,2102,12,400Gbps,1ns
1246,9,2102,13,400Gbps,1ns
1246,10,2103,12,400Gbps,1ns
1246,11,2103,13,400Gbps,1ns
1246,12,2308,94,400Gbps,1ns
1246,13,2309,94,400Gbps,1ns
1246,14,2310,94,400Gbps,1ns
1246,15,2311,94,400Gbps,1ns
1247,8,2102,14,400Gbps,1ns
1247,9,2102,15,400Gbps,1ns
1247,10,2103,14,400Gbps,1ns
1247,11,2103,15,400Gbps,1ns
1247,12,2308,95,400Gbps,1ns
1247,13,2309,95,400Gbps,1ns
1247,14,2310,95,400Gbps,1ns
1247,15,2311,95,400Gbps,1ns
1248,8,2104,0,400Gbps,1ns
1248,9,2104,1,400Gbps,1ns
1248,10,2105,0,400Gbps,1ns
1248,11,2105,1,400Gbps,1ns
1248,12,2308,96,400Gbps,1ns
1248,13,2309,96,400Gbps,1ns
1248,14,2310,96,400Gbps,1ns
1248,15,2311,96,400Gbps,1ns
1249,8,2104,2,400Gbps,1ns
1249,9,2104,3,400Gbps,1ns
1249,10,2105,2,400Gbps,1ns
1249,11,2105,3,400Gbps,1ns
1249,12,2308,97,400Gbps,1ns
1249,13,2309,97,400Gbps,1ns
1249,14,2310,97,400Gbps,1ns
1249,15,2311,97,400Gbps,1ns
1250,8,2104,4,400Gbps,1ns
1250,9,2104,5,400Gbps,1ns
1250,10,2105,4,400Gbps,1ns
1250,11,2105,5,400Gbps,1ns
1250,12,2308,98,400Gbps,1ns
1250,13,2309,98,400Gbps,1ns
1250,14,2310,98,400Gbps,1ns
1250,15,2311,98,400Gbps,1ns
1251,8,2104,6,400Gbps,1ns
1251,9,2104,7,400Gbps,1ns
1251,10,2105,6,400Gbps,1ns
1251,11,2105,7,400Gbps,1ns
1251,12,2308,99,400Gbps,1ns
1251,13,2309,99,400Gbps,1ns
1251,14,2310,99,400Gbps,1ns
1251,15,2311,99,400Gbps,1ns
1252,8,2104,8,400Gbps,1ns
1252,9,2104,9,400Gbps,1ns
1252,10,2105,8,400Gbps,1ns
1252,11,2105,9,400Gbps,1ns
1252,12,2308,100,400Gbps,1ns
1252,13,2309,100,400Gbps,1ns
1252,14,2310,100,400Gbps,1ns
1252,15,2311,100,400Gbps,1ns
1253,8,2104,10,400Gbps,1ns
1253,9,2104,11,400Gbps,1ns
1253,10,2105,10,400Gbps,1ns
1253,11,2105,11,400Gbps,1ns
1253,12,2308,101,400Gbps,1ns
1253,13,2309,101,400Gbps,1ns
1253,14,2310,101,400Gbps,1ns
1253,15,2311,101,400Gbps,1ns
1254,8,2104,12,400Gbps,1ns
1254,9,2104,13,400Gbps,1ns
1254,10,2105,12,400Gbps,1ns
1254,11,2105,13,400Gbps,1ns
1254,12,2308,102,400Gbps,1ns
1254,13,2309,102,400Gbps,1ns
1254,14,2310,102,400Gbps,1ns
1254,15,2311,102,400Gbps,1ns
1255,8,2104,14,400Gbps,1ns
1255,9,2104,15,400Gbps,1ns
1255,10,2105,14,400Gbps,1ns
1255,11,2105,15,400Gbps,1ns
1255,12,2308,103,400Gbps,1ns
1255,13,2309,103,400Gbps,1ns
1255,14,2310,103,400Gbps,1ns
1255,15,2311,103,400Gbps,1ns
1256,8,2106,0,400Gbps,1ns
1256,9,2106,1,400Gbps,1ns
1256,10,2107,0,400Gbps,1ns
1256,11,2107,1,400Gbps,1ns
1256,12,2308,104,400Gbps,1ns
1256,13,2309,104,400Gbps,1ns
1256,14,2310,104,400Gbps,1ns
1256,15,2311,104,400Gbps,1ns
1257,8,2106,2,400Gbps,1ns
1257,9,2106,3,400Gbps,1ns
1257,10,2107,2,400Gbps,1ns
1257,11,2107,3,400Gbps,1ns
1257,12,2308,105,400Gbps,1ns
1257,13,2309,105,400Gbps,1ns
1257,14,2310,105,400Gbps,1ns
1257,15,2311,105,400Gbps,1ns
1258,8,2106,4,400Gbps,1ns
1258,9,2106,5,400Gbps,1ns
1258,10,2107,4,400Gbps,1ns
1258,11,2107,5,400Gbps,1ns
1258,12,2308,106,400Gbps,1ns
1258,13,2309,106,400Gbps,1ns
1258,14,2310,106,400Gbps,1ns
1258,15,2311,106,400Gbps,1ns
1259,8,2106,6,400Gbps,1ns
1259,9,2106,7,400Gbps,1ns
1259,10,2107,6,400Gbps,1ns
1259,11,2107,7,400Gbps,1ns
1259,12,2308,107,400Gbps,1ns
1259,13,2309,107,400Gbps,1ns
1259,14,2310,107,400Gbps,1ns
1259,15,2311,107,400Gbps,1ns
1260,8,2106,8,400Gbps,1ns
1260,9,2106,9,400Gbps,1ns
1260,10,2107,8,400Gbps,1ns
1260,11,2107,9,400Gbps,1ns
1260,12,2308,108,400Gbps,1ns
1260,13,2309,108,400Gbps,1ns
1260,14,2310,108,400Gbps,1ns
1260,15,2311,108,400Gbps,1ns
1261,8,2106,10,400Gbps,1ns
1261,9,2106,11,400Gbps,1ns
1261,10,2107,10,400Gbps,1ns
1261,11,2107,11,400Gbps,1ns
1261,12,2308,109,400Gbps,1ns
1261,13,2309,109,400Gbps,1ns
1261,14,2310,109,400Gbps,1ns
1261,15,2311,109,400Gbps,1ns
1262,8,2106,12,400Gbps,1ns
1262,9,2106,13,400Gbps,1ns
1262,10,2107,12,400Gbps,1ns
1262,11,2107,13,400Gbps,1ns
1262,12,2308,110,400Gbps,1ns
1262,13,2309,110,400Gbps,1ns
1262,14,2310,110,400Gbps,1ns
1262,15,2311,110,400Gbps,1ns
1263,8,2106,14,400Gbps,1ns
1263,9,2106,15,400Gbps,1ns
1263,10,2107,14,400Gbps,1ns
1263,11,2107,15,400Gbps,1ns
1263,12,2308,111,400Gbps,1ns
1263,13,2309,111,400Gbps,1ns
1263,14,2310,111,400Gbps,1ns
1263,15,2311,111,400Gbps,1ns
1264,8,2108,0,400Gbps,1ns
1264,9,2108,1,400Gbps,1ns
1264,10,2109,0,400Gbps,1ns
1264,11,2109,1,400Gbps,1ns
1264,12,2308,112,400Gbps,1ns
1264,13,2309,112,400Gbps,1ns
1264,14,2310,112,400Gbps,1ns
1264,15,2311,112,400Gbps,1ns
1265,8,2108,2,400Gbps,1ns
1265,9,2108,3,400Gbps,1ns
1265,10,2109,2,400Gbps,1ns
1265,11,2109,3,400Gbps,1ns
1265,12,2308,113,400Gbps,1ns
1265,13,2309,113,400Gbps,1ns
1265,14,2310,113,400Gbps,1ns
1265,15,2311,113,400Gbps,1ns
1266,8,2108,4,400Gbps,1ns
1266,9,2108,5,400Gbps,1ns
1266,10,2109,4,400Gbps,1ns
1266,11,2109,5,400Gbps,1ns
1266,12,2308,114,400Gbps,1ns
1266,13,2309,114,400Gbps,1ns
1266,14,2310,114,400Gbps,1ns
1266,15,2311,114,400Gbps,1ns
1267,8,2108,6,400Gbps,1ns
1267,9,2108,7,400Gbps,1ns
1267,10,2109,6,400Gbps,1ns
1267,11,2109,7,400Gbps,1ns
1267,12,2308,115,400Gbps,1ns
1267,13,2309,115,400Gbps,1ns
1267,14,2310,115,400Gbps,1ns
1267,15,2311,115,400Gbps,1ns
1268,8,2108,8,400Gbps,1ns
1268,9,2108,9,400Gbps,1ns
1268,10,2109,8,400Gbps,1ns
1268,11,2109,9,400Gbps,1ns
1268,12,2308,116,400Gbps,1ns
1268,13,2309,116,400Gbps,1ns
1268,14,2310,116,400Gbps,1ns
1268,15,2311,116,400Gbps,1ns
1269,8,2108,10,400Gbps,1ns
1269,9,2108,11,400Gbps,1ns
1269,10,2109,10,400Gbps,1ns
1269,11,2109,11,400Gbps,1ns
1269,12,2308,117,400Gbps,1ns
1269,13,2309,117,400Gbps,1ns
1269,14,2310,117,400Gbps,1ns
1269,15,2311,117,400Gbps,1ns
1270,8,2108,12,400Gbps,1ns
1270,9,2108,13,400Gbps,1ns
1270,10,2109,12,400Gbps,1ns
1270,11,2109,13,400Gbps,1ns
1270,12,2308,118,400Gbps,1ns
1270,13,2309,118,400Gbps,1ns
1270,14,2310,118,400Gbps,1ns
1270,15,2311,118,400Gbps,1ns
1271,8,2108,14,400Gbps,1ns
1271,9,2108,15,400Gbps,1ns
1271,10,2109,14,400Gbps,1ns
1271,11,2109,15,400Gbps,1ns
1271,12,2308,119,400Gbps,1ns
1271,13,2309,119,400Gbps,1ns
1271,14,2310,119,400Gbps,1ns
1271,15,2311,119,400Gbps,1ns
1272,8,2110,0,400Gbps,1ns
1272,9,2110,1,400Gbps,1ns
1272,10,2111,0,400Gbps,1ns
1272,11,2111,1,400Gbps,1ns
1272,12,2308,120,400Gbps,1ns
1272,13,2309,120,400Gbps,1ns
1272,14,2310,120,400Gbps,1ns
1272,15,2311,120,400Gbps,1ns
1273,8,2110,2,400Gbps,1ns
1273,9,2110,3,400Gbps,1ns
1273,10,2111,2,400Gbps,1ns
1273,11,2111,3,400Gbps,1ns
1273,12,2308,121,400Gbps,1ns
1273,13,2309,121,400Gbps,1ns
1273,14,2310,121,400Gbps,1ns
1273,15,2311,121,400Gbps,1ns
1274,8,2110,4,400Gbps,1ns
1274,9,2110,5,400Gbps,1ns
1274,10,2111,4,400Gbps,1ns
1274,11,2111,5,400Gbps,1ns
1274,12,2308,122,400Gbps,1ns
1274,13,2309,122,400Gbps,1ns
1274,14,2310,122,400Gbps,1ns
1274,15,2311,122,400Gbps,1ns
1275,8,2110,6,400Gbps,1ns
1275,9,2110,7,400Gbps,1ns
1275,10,2111,6,400Gbps,1ns
1275,11,2111,7,400Gbps,1ns
1275,12,2308,123,400Gbps,1ns
1275,13,2309,123,400Gbps,1ns
1275,14,2310,123,400Gbps,1ns
1275,15,2311,123,400Gbps,1ns
1276,8,2110,8,400Gbps,1ns
1276,9,2110,9,400Gbps,1ns
1276,10,2111,8,400Gbps,1ns
1276,11,2111,9,400Gbps,1ns
1276,12,2308,124,400Gbps,1ns
1276,13,2309,124,400Gbps,1ns
1276,14,2310,124,400Gbps,1ns
1276,15,2311,124,400Gbps,1ns
1277,8,2110,10,400Gbps,1ns
1277,9,2110,11,400Gbps,1ns
1277,10,2111,10,400Gbps,1ns
1277,11,2111,11,400Gbps,1ns
1277,12,2308,125,400Gbps,1ns
1277,13,2309,125,400Gbps,1ns
1277,14,2310,125,400Gbps,1ns
1277,15,2311,125,400Gbps,1ns
1278,8,2110,12,400Gbps,1ns
1278,9,2110,13,400Gbps,1ns
1278,10,2111,12,400Gbps,1ns
1278,11,2111,13,400Gbps,1ns
1278,12,2308,126,400Gbps,1ns
1278,13,2309,126,400Gbps,1ns
1278,14,2310,126,400Gbps,1ns
1278,15,2311,126,400Gbps,1ns
1279,8,2110,14,400Gbps,1ns
1279,9,2110,15,400Gbps,1ns
1279,10,2111,14,400Gbps,1ns
1279,11,2111,15,400Gbps,1ns
1279,12,2308,127,400Gbps,1ns
1279,13,2309,127,400Gbps,1ns
1279,14,2310,127,400Gbps,1ns
1279,15,2311,127,400Gbps,1ns
1280,8,2112,0,400Gbps,1ns
1280,9,2112,1,400Gbps,1ns
1280,10,2113,0,400Gbps,1ns
1280,11,2113,1,400Gbps,1ns
1280,12,2312,0,400Gbps,1ns
1280,13,2313,0,400Gbps,1ns
1280,14,2314,0,400Gbps,1ns
1280,15,2315,0,400Gbps,1ns
1281,8,2112,2,400Gbps,1ns
1281,9,2112,3,400Gbps,1ns
1281,10,2113,2,400Gbps,1ns
1281,11,2113,3,400Gbps,1ns
1281,12,2312,1,400Gbps,1ns
1281,13,2313,1,400Gbps,1ns
1281,14,2314,1,400Gbps,1ns
1281,15,2315,1,400Gbps,1ns
1282,8,2112,4,400Gbps,1ns
1282,9,2112,5,400Gbps,1ns
1282,10,2113,4,400Gbps,1ns
1282,11,2113,5,400Gbps,1ns
1282,12,2312,2,400Gbps,1ns
1282,13,2313,2,400Gbps,1ns
1282,14,2314,2,400Gbps,1ns
1282,15,2315,2,400Gbps,1ns
1283,8,2112,6,400Gbps,1ns
1283,9,2112,7,400Gbps,1ns
1283,10,2113,6,400Gbps,1ns
1283,11,2113,7,400Gbps,1ns
1283,12,2312,3,400Gbps,1ns
1283,13,2313,3,400Gbps,1ns
1283,14,2314,3,400Gbps,1ns
1283,15,2315,3,400Gbps,1ns
1284,8,2112,8,400Gbps,1ns
1284,9,2112,9,400Gbps,1ns
1284,10,2113,8,400Gbps,1ns
1284,11,2113,9,400Gbps,1ns
1284,12,2312,4,400Gbps,1ns
1284,13,2313,4,400Gbps,1ns
1284,14,2314,4,400Gbps,1ns
1284,15,2315,4,400Gbps,1ns
1285,8,2112,10,400Gbps,1ns
1285,9,2112,11,400Gbps,1ns
1285,10,2113,10,400Gbps,1ns
1285,11,2113,11,400Gbps,1ns
1285,12,2312,5,400Gbps,1ns
1285,13,2313,5,400Gbps,1ns
1285,14,2314,5,400Gbps,1ns
1285,15,2315,5,400Gbps,1ns
1286,8,2112,12,400Gbps,1ns
1286,9,2112,13,400Gbps,1ns
1286,10,2113,12,400Gbps,1ns
1286,11,2113,13,400Gbps,1ns
1286,12,2312,6,400Gbps,1ns
1286,13,2313,6,400Gbps,1ns
1286,14,2314,6,400Gbps,1ns
1286,15,2315,6,400Gbps,1ns
1287,8,2112,14,400Gbps,1ns
1287,9,2112,15,400Gbps,1ns
1287,10,2113,14,400Gbps,1ns
1287,11,2113,15,400Gbps,1ns
1287,12,2312,7,400Gbps,1ns
1287,13,2313,7,400Gbps,1ns
1287,14,2314,7,400Gbps,1ns
1287,15,2315,7,400Gbps,1ns
1288,8,2114,0,400Gbps,1ns
1288,9,2114,1,400Gbps,1ns
1288,10,2115,0,400Gbps,1ns
1288,11,2115,1,400Gbps,1ns
1288,12,2312,8,400Gbps,1ns
1288,13,2313,8,400Gbps,1ns
1288,14,2314,8,400Gbps,1ns
1288,15,2315,8,400Gbps,1ns
1289,8,2114,2,400Gbps,1ns
1289,9,2114,3,400Gbps,1ns
1289,10,2115,2,400Gbps,1ns
1289,11,2115,3,400Gbps,1ns
1289,12,2312,9,400Gbps,1ns
1289,13,2313,9,400Gbps,1ns
1289,14,2314,9,400Gbps,1ns
1289,15,2315,9,400Gbps,1ns
1290,8,2114,4,400Gbps,1ns
1290,9,2114,5,400Gbps,1ns
1290,10,2115,4,400Gbps,1ns
1290,11,2115,5,400Gbps,1ns
1290,12,2312,10,400Gbps,1ns
1290,13,2313,10,400Gbps,1ns
1290,14,2314,10,400Gbps,1ns
1290,15,2315,10,400Gbps,1ns
1291,8,2114,6,400Gbps,1ns
1291,9,2114,7,400Gbps,1ns
1291,10,2115,6,400Gbps,1ns
1291,11,2115,7,400Gbps,1ns
1291,12,2312,11,400Gbps,1ns
1291,13,2313,11,400Gbps,1ns
1291,14,2314,11,400Gbps,1ns
1291,15,2315,11,400Gbps,1ns
1292,8,2114,8,400Gbps,1ns
1292,9,2114,9,400Gbps,1ns
1292,10,2115,8,400Gbps,1ns
1292,11,2115,9,400Gbps,1ns
1292,12,2312,12,400Gbps,1ns
1292,13,2313,12,400Gbps,1ns
1292,14,2314,12,400Gbps,1ns
1292,15,2315,12,400Gbps,1ns
1293,8,2114,10,400Gbps,1ns
1293,9,2114,11,400Gbps,1ns
1293,10,2115,10,400Gbps,1ns
1293,11,2115,11,400Gbps,1ns
1293,12,2312,13,400Gbps,1ns
1293,13,2313,13,400Gbps,1ns
1293,14,2314,13,400Gbps,1ns
1293,15,2315,13,400Gbps,1ns
1294,8,2114,12,400Gbps,1ns
1294,9,2114,13,400Gbps,1ns
1294,10,2115,12,400Gbps,1ns
1294,11,2115,13,400Gbps,1ns
1294,12,2312,14,400Gbps,1ns
1294,13,2313,14,400Gbps,1ns
1294,14,2314,14,400Gbps,1ns
1294,15,2315,14,400Gbps,1ns
1295,8,2114,14,400Gbps,1ns
1295,9,2114,15,400Gbps,1ns
1295,10,2115,14,400Gbps,1ns
1295,11,2115,15,400Gbps,1ns
1295,12,2312,15,400Gbps,1ns
1295,13,2313,15,400Gbps,1ns
1295,14,2314,15,400Gbps,1ns
1295,15,2315,15,400Gbps,1ns
1296,8,2116,0,400Gbps,1ns
1296,9,2116,1,400Gbps,1ns
1296,10,2117,0,400Gbps,1ns
1296,11,2117,1,400Gbps,1ns
1296,12,2312,16,400Gbps,1ns
1296,13,2313,16,400Gbps,1ns
1296,14,2314,16,400Gbps,1ns
1296,15,2315,16,400Gbps,1ns
1297,8,2116,2,400Gbps,1ns
1297,9,2116,3,400Gbps,1ns
1297,10,2117,2,400Gbps,1ns
1297,11,2117,3,400Gbps,1ns
1297,12,2312,17,400Gbps,1ns
1297,13,2313,17,400Gbps,1ns
1297,14,2314,17,400Gbps,1ns
1297,15,2315,17,400Gbps,1ns
1298,8,2116,4,400Gbps,1ns
1298,9,2116,5,400Gbps,1ns
1298,10,2117,4,400Gbps,1ns
1298,11,2117,5,400Gbps,1ns
1298,12,2312,18,400Gbps,1ns
1298,13,2313,18,400Gbps,1ns
1298,14,2314,18,400Gbps,1ns
1298,15,2315,18,400Gbps,1ns
1299,8,2116,6,400Gbps,1ns
1299,9,2116,7,400Gbps,1ns
1299,10,2117,6,400Gbps,1ns
1299,11,2117,7,400Gbps,1ns
1299,12,2312,19,400Gbps,1ns
1299,13,2313,19,400Gbps,1ns
1299,14,2314,19,400Gbps,1ns
1299,15,2315,19,400Gbps,1ns
1300,8,2116,8,400Gbps,1ns
1300,9,2116,9,400Gbps,1ns
1300,10,2117,8,400Gbps,1ns
1300,11,2117,9,400Gbps,1ns
1300,12,2312,20,400Gbps,1ns
1300,13,2313,20,400Gbps,1ns
1300,14,2314,20,400Gbps,1ns
1300,15,2315,20,400Gbps,1ns
1301,8,2116,10,400Gbps,1ns
1301,9,2116,11,400Gbps,1ns
1301,10,2117,10,400Gbps,1ns
1301,11,2117,11,400Gbps,1ns
1301,12,2312,21,400Gbps,1ns
1301,13,2313,21,400Gbps,1ns
1301,14,2314,21,400Gbps,1ns
1301,15,2315,21,400Gbps,1ns
1302,8,2116,12,400Gbps,1ns
1302,9,2116,13,400Gbps,1ns
1302,10,2117,12,400Gbps,1ns
1302,11,2117,13,400Gbps,1ns
1302,12,2312,22,400Gbps,1ns
1302,13,2313,22,400Gbps,1ns
1302,14,2314,22,400Gbps,1ns
1302,15,2315,22,400Gbps,1ns
1303,8,2116,14,400Gbps,1ns
1303,9,2116,15,400Gbps,1ns
1303,10,2117,14,400Gbps,1ns
1303,11,2117,15,400Gbps,1ns
1303,12,2312,23,400Gbps,1ns
1303,13,2313,23,400Gbps,1ns
1303,14,2314,23,400Gbps,1ns
1303,15,2315,23,400Gbps,1ns
1304,8,2118,0,400Gbps,1ns
1304,9,2118,1,400Gbps,1ns
1304,10,2119,0,400Gbps,1ns
1304,11,2119,1,400Gbps,1ns
1304,12,2312,24,400Gbps,1ns
1304,13,2313,24,400Gbps,1ns
1304,14,2314,24,400Gbps,1ns
1304,15,2315,24,400Gbps,1ns
1305,8,2118,2,400Gbps,1ns
1305,9,2118,3,400Gbps,1ns
1305,10,2119,2,400Gbps,1ns
1305,11,2119,3,400Gbps,1ns
1305,12,2312,25,400Gbps,1ns
1305,13,2313,25,400Gbps,1ns
1305,14,2314,25,400Gbps,1ns
1305,15,2315,25,400Gbps,1ns
1306,8,2118,4,400Gbps,1ns
1306,9,2118,5,400Gbps,1ns
1306,10,2119,4,400Gbps,1ns
1306,11,2119,5,400Gbps,1ns
1306,12,2312,26,400Gbps,1ns
1306,13,2313,26,400Gbps,1ns
1306,14,2314,26,400Gbps,1ns
1306,15,2315,26,400Gbps,1ns
1307,8,2118,6,400Gbps,1ns
1307,9,2118,7,400Gbps,1ns
1307,10,2119,6,400Gbps,1ns
1307,11,2119,7,400Gbps,1ns
1307,12,2312,27,400Gbps,1ns
1307,13,2313,27,400Gbps,1ns
1307,14,2314,27,400Gbps,1ns
1307,15,2315,27,400Gbps,1ns
1308,8,2118,8,400Gbps,1ns
1308,9,2118,9,400Gbps,1ns
1308,10,2119,8,400Gbps,1ns
1308,11,2119,9,400Gbps,1ns
1308,12,2312,28,400Gbps,1ns
1308,13,2313,28,400Gbps,1ns
1308,14,2314,28,400Gbps,1ns
1308,15,2315,28,400Gbps,1ns
1309,8,2118,10,400Gbps,1ns
1309,9,2118,11,400Gbps,1ns
1309,10,2119,10,400Gbps,1ns
1309,11,2119,11,400Gbps,1ns
1309,12,2312,29,400Gbps,1ns
1309,13,2313,29,400Gbps,1ns
1309,14,2314,29,400Gbps,1ns
1309,15,2315,29,400Gbps,1ns
1310,8,2118,12,400Gbps,1ns
1310,9,2118,13,400Gbps,1ns
1310,10,2119,12,400Gbps,1ns
1310,11,2119,13,400Gbps,1ns
1310,12,2312,30,400Gbps,1ns
1310,13,2313,30,400Gbps,1ns
1310,14,2314,30,400Gbps,1ns
1310,15,2315,30,400Gbps,1ns
1311,8,2118,14,400Gbps,1ns
1311,9,2118,15,400Gbps,1ns
1311,10,2119,14,400Gbps,1ns
1311,11,2119,15,400Gbps,1ns
1311,12,2312,31,400Gbps,1ns
1311,13,2313,31,400Gbps,1ns
1311,14,2314,31,400Gbps,1ns
1311,15,2315,31,400Gbps,1ns
1312,8,2120,0,400Gbps,1ns
1312,9,2120,1,400Gbps,1ns
1312,10,2121,0,400Gbps,1ns
1312,11,2121,1,400Gbps,1ns
1312,12,2312,32,400Gbps,1ns
1312,13,2313,32,400Gbps,1ns
1312,14,2314,32,400Gbps,1ns
1312,15,2315,32,400Gbps,1ns
1313,8,2120,2,400Gbps,1ns
1313,9,2120,3,400Gbps,1ns
1313,10,2121,2,400Gbps,1ns
1313,11,2121,3,400Gbps,1ns
1313,12,2312,33,400Gbps,1ns
1313,13,2313,33,400Gbps,1ns
1313,14,2314,33,400Gbps,1ns
1313,15,2315,33,400Gbps,1ns
1314,8,2120,4,400Gbps,1ns
1314,9,2120,5,400Gbps,1ns
1314,10,2121,4,400Gbps,1ns
1314,11,2121,5,400Gbps,1ns
1314,12,2312,34,400Gbps,1ns
1314,13,2313,34,400Gbps,1ns
1314,14,2314,34,400Gbps,1ns
1314,15,2315,34,400Gbps,1ns
1315,8,2120,6,400Gbps,1ns
1315,9,2120,7,400Gbps,1ns
1315,10,2121,6,400Gbps,1ns
1315,11,2121,7,400Gbps,1ns
1315,12,2312,35,400Gbps,1ns
1315,13,2313,35,400Gbps,1ns
1315,14,2314,35,400Gbps,1ns
1315,15,2315,35,400Gbps,1ns
1316,8,2120,8,400Gbps,1ns
1316,9,2120,9,400Gbps,1ns
1316,10,2121,8,400Gbps,1ns
1316,11,2121,9,400Gbps,1ns
1316,12,2312,36,400Gbps,1ns
1316,13,2313,36,400Gbps,1ns
1316,14,2314,36,400Gbps,1ns
1316,15,2315,36,400Gbps,1ns
1317,8,2120,10,400Gbps,1ns
1317,9,2120,11,400Gbps,1ns
1317,10,2121,10,400Gbps,1ns
1317,11,2121,11,400Gbps,1ns
1317,12,2312,37,400Gbps,1ns
1317,13,2313,37,400Gbps,1ns
1317,14,2314,37,400Gbps,1ns
1317,15,2315,37,400Gbps,1ns
1318,8,2120,12,400Gbps,1ns
1318,9,2120,13,400Gbps,1ns
1318,10,2121,12,400Gbps,1ns
1318,11,2121,13,400Gbps,1ns
1318,12,2312,38,400Gbps,1ns
1318,13,2313,38,400Gbps,1ns
1318,14,2314,38,400Gbps,1ns
1318,15,2315,38,400Gbps,1ns
1319,8,2120,14,400Gbps,1ns
1319,9,2120,15,400Gbps,1ns
1319,10,2121,14,400Gbps,1ns
1319,11,2121,15,400Gbps,1ns
1319,12,2312,39,400Gbps,1ns
1319,13,2313,39,400Gbps,1ns
1319,14,2314,39,400Gbps,1ns
1319,15,2315,39,400Gbps,1ns
1320,8,2122,0,400Gbps,1ns
1320,9,2122,1,400Gbps,1ns
1320,10,2123,0,400Gbps,1ns
1320,11,2123,1,400Gbps,1ns
1320,12,2312,40,400Gbps,1ns
1320,13,2313,40,400Gbps,1ns
1320,14,2314,40,400Gbps,1ns
1320,15,2315,40,400Gbps,1ns
1321,8,2122,2,400Gbps,1ns
1321,9,2122,3,400Gbps,1ns
1321,10,2123,2,400Gbps,1ns
1321,11,2123,3,400Gbps,1ns
1321,12,2312,41,400Gbps,1ns
1321,13,2313,41,400Gbps,1ns
1321,14,2314,41,400Gbps,1ns
1321,15,2315,41,400Gbps,1ns
1322,8,2122,4,400Gbps,1ns
1322,9,2122,5,400Gbps,1ns
1322,10,2123,4,400Gbps,1ns
1322,11,2123,5,400Gbps,1ns
1322,12,2312,42,400Gbps,1ns
1322,13,2313,42,400Gbps,1ns
1322,14,2314,42,400Gbps,1ns
1322,15,2315,42,400Gbps,1ns
1323,8,2122,6,400Gbps,1ns
1323,9,2122,7,400Gbps,1ns
1323,10,2123,6,400Gbps,1ns
1323,11,2123,7,400Gbps,1ns
1323,12,2312,43,400Gbps,1ns
1323,13,2313,43,400Gbps,1ns
1323,14,2314,43,400Gbps,1ns
1323,15,2315,43,400Gbps,1ns
1324,8,2122,8,400Gbps,1ns
1324,9,2122,9,400Gbps,1ns
1324,10,2123,8,400Gbps,1ns
1324,11,2123,9,400Gbps,1ns
1324,12,2312,44,400Gbps,1ns
1324,13,2313,44,400Gbps,1ns
1324,14,2314,44,400Gbps,1ns
1324,15,2315,44,400Gbps,1ns
1325,8,2122,10,400Gbps,1ns
1325,9,2122,11,400Gbps,1ns
1325,10,2123,10,400Gbps,1ns
1325,11,2123,11,400Gbps,1ns
1325,12,2312,45,400Gbps,1ns
1325,13,2313,45,400Gbps,1ns
1325,14,2314,45,400Gbps,1ns
1325,15,2315,45,400Gbps,1ns
1326,8,2122,12,400Gbps,1ns
1326,9,2122,13,400Gbps,1ns
1326,10,2123,12,400Gbps,1ns
1326,11,2123,13,400Gbps,1ns
1326,12,2312,46,400Gbps,1ns
1326,13,2313,46,400Gbps,1ns
1326,14,2314,46,400Gbps,1ns
1326,15,2315,46,400Gbps,1ns
1327,8,2122,14,400Gbps,1ns
1327,9,2122,15,400Gbps,1ns
1327,10,2123,14,400Gbps,1ns
1327,11,2123,15,400Gbps,1ns
1327,12,2312,47,400Gbps,1ns
1327,13,2313,47,400Gbps,1ns
1327,14,2314,47,400Gbps,1ns
1327,15,2315,47,400Gbps,1ns
1328,8,2124,0,400Gbps,1ns
1328,9,2124,1,400Gbps,1ns
1328,10,2125,0,400Gbps,1ns
1328,11,2125,1,400Gbps,1ns
1328,12,2312,48,400Gbps,1ns
1328,13,2313,48,400Gbps,1ns
1328,14,2314,48,400Gbps,1ns
1328,15,2315,48,400Gbps,1ns
1329,8,2124,2,400Gbps,1ns
1329,9,2124,3,400Gbps,1ns
1329,10,2125,2,400Gbps,1ns
1329,11,2125,3,400Gbps,1ns
1329,12,2312,49,400Gbps,1ns
1329,13,2313,49,400Gbps,1ns
1329,14,2314,49,400Gbps,1ns
1329,15,2315,49,400Gbps,1ns
1330,8,2124,4,400Gbps,1ns
1330,9,2124,5,400Gbps,1ns
1330,10,2125,4,400Gbps,1ns
1330,11,2125,5,400Gbps,1ns
1330,12,2312,50,400Gbps,1ns
1330,13,2313,50,400Gbps,1ns
1330,14,2314,50,400Gbps,1ns
1330,15,2315,50,400Gbps,1ns
1331,8,2124,6,400Gbps,1ns
1331,9,2124,7,400Gbps,1ns
1331,10,2125,6,400Gbps,1ns
1331,11,2125,7,400Gbps,1ns
1331,12,2312,51,400Gbps,1ns
1331,13,2313,51,400Gbps,1ns
1331,14,2314,51,400Gbps,1ns
1331,15,2315,51,400Gbps,1ns
1332,8,2124,8,400Gbps,1ns
1332,9,2124,9,400Gbps,1ns
1332,10,2125,8,400Gbps,1ns
1332,11,2125,9,400Gbps,1ns
1332,12,2312,52,400Gbps,1ns
1332,13,2313,52,400Gbps,1ns
1332,14,2314,52,400Gbps,1ns
1332,15,2315,52,400Gbps,1ns
1333,8,2124,10,400Gbps,1ns
1333,9,2124,11,400Gbps,1ns
1333,10,2125,10,400Gbps,1ns
1333,11,2125,11,400Gbps,1ns
1333,12,2312,53,400Gbps,1ns
1333,13,2313,53,400Gbps,1ns
1333,14,2314,53,400Gbps,1ns
1333,15,2315,53,400Gbps,1ns
1334,8,2124,12,400Gbps,1ns
1334,9,2124,13,400Gbps,1ns
1334,10,2125,12,400Gbps,1ns
1334,11,2125,13,400Gbps,1ns
1334,12,2312,54,400Gbps,1ns
1334,13,2313,54,400Gbps,1ns
1334,14,2314,54,400Gbps,1ns
1334,15,2315,54,400Gbps,1ns
1335,8,2124,14,400Gbps,1ns
1335,9,2124,15,400Gbps,1ns
1335,10,2125,14,400Gbps,1ns
1335,11,2125,15,400Gbps,1ns
1335,12,2312,55,400Gbps,1ns
1335,13,2313,55,400Gbps,1ns
1335,14,2314,55,400Gbps,1ns
1335,15,2315,55,400Gbps,1ns
1336,8,2126,0,400Gbps,1ns
1336,9,2126,1,400Gbps,1ns
1336,10,2127,0,400Gbps,1ns
1336,11,2127,1,400Gbps,1ns
1336,12,2312,56,400Gbps,1ns
1336,13,2313,56,400Gbps,1ns
1336,14,2314,56,400Gbps,1ns
1336,15,2315,56,400Gbps,1ns
1337,8,2126,2,400Gbps,1ns
1337,9,2126,3,400Gbps,1ns
1337,10,2127,2,400Gbps,1ns
1337,11,2127,3,400Gbps,1ns
1337,12,2312,57,400Gbps,1ns
1337,13,2313,57,400Gbps,1ns
1337,14,2314,57,400Gbps,1ns
1337,15,2315,57,400Gbps,1ns
1338,8,2126,4,400Gbps,1ns
1338,9,2126,5,400Gbps,1ns
1338,10,2127,4,400Gbps,1ns
1338,11,2127,5,400Gbps,1ns
1338,12,2312,58,400Gbps,1ns
1338,13,2313,58,400Gbps,1ns
1338,14,2314,58,400Gbps,1ns
1338,15,2315,58,400Gbps,1ns
1339,8,2126,6,400Gbps,1ns
1339,9,2126,7,400Gbps,1ns
1339,10,2127,6,400Gbps,1ns
1339,11,2127,7,400Gbps,1ns
1339,12,2312,59,400Gbps,1ns
1339,13,2313,59,400Gbps,1ns
1339,14,2314,59,400Gbps,1ns
1339,15,2315,59,400Gbps,1ns
1340,8,2126,8,400Gbps,1ns
1340,9,2126,9,400Gbps,1ns
1340,10,2127,8,400Gbps,1ns
1340,11,2127,9,400Gbps,1ns
1340,12,2312,60,400Gbps,1ns
1340,13,2313,60,400Gbps,1ns
1340,14,2314,60,400Gbps,1ns
1340,15,2315,60,400Gbps,1ns
1341,8,2126,10,400Gbps,1ns
1341,9,2126,11,400Gbps,1ns
1341,10,2127,10,400Gbps,1ns
1341,11,2127,11,400Gbps,1ns
1341,12,2312,61,400Gbps,1ns
1341,13,2313,61,400Gbps,1ns
1341,14,2314,61,400Gbps,1ns
1341,15,2315,61,400Gbps,1ns
1342,8,2126,12,400Gbps,1ns
1342,9,2126,13,400Gbps,1ns
1342,10,2127,12,400Gbps,1ns
1342,11,2127,13,400Gbps,1ns
1342,12,2312,62,400Gbps,1ns
1342,13,2313,62,400Gbps,1ns
1342,14,2314,62,400Gbps,1ns
1342,15,2315,62,400Gbps,1ns
1343,8,2126,14,400Gbps,1ns
1343,9,2126,15,400Gbps,1ns
1343,10,2127,14,400Gbps,1ns
1343,11,2127,15,400Gbps,1ns
1343,12,2312,63,400Gbps,1ns
1343,13,2313,63,400Gbps,1ns
1343,14,2314,63,400Gbps,1ns
1343,15,2315,63,400Gbps,1ns
1344,8,2128,0,400Gbps,1ns
1344,9,2128,1,400Gbps,1ns
1344,10,2129,0,400Gbps,1ns
1344,11,2129,1,400Gbps,1ns
1344,12,2312,64,400Gbps,1ns
1344,13,2313,64,400Gbps,1ns
1344,14,2314,64,400Gbps,1ns
1344,15,2315,64,400Gbps,1ns
1345,8,2128,2,400Gbps,1ns
1345,9,2128,3,400Gbps,1ns
1345,10,2129,2,400Gbps,1ns
1345,11,2129,3,400Gbps,1ns
1345,12,2312,65,400Gbps,1ns
1345,13,2313,65,400Gbps,1ns
1345,14,2314,65,400Gbps,1ns
1345,15,2315,65,400Gbps,1ns
1346,8,2128,4,400Gbps,1ns
1346,9,2128,5,400Gbps,1ns
1346,10,2129,4,400Gbps,1ns
1346,11,2129,5,400Gbps,1ns
1346,12,2312,66,400Gbps,1ns
1346,13,2313,66,400Gbps,1ns
1346,14,2314,66,400Gbps,1ns
1346,15,2315,66,400Gbps,1ns
1347,8,2128,6,400Gbps,1ns
1347,9,2128,7,400Gbps,1ns
1347,10,2129,6,400Gbps,1ns
1347,11,2129,7,400Gbps,1ns
1347,12,2312,67,400Gbps,1ns
1347,13,2313,67,400Gbps,1ns
1347,14,2314,67,400Gbps,1ns
1347,15,2315,67,400Gbps,1ns
1348,8,2128,8,400Gbps,1ns
1348,9,2128,9,400Gbps,1ns
1348,10,2129,8,400Gbps,1ns
1348,11,2129,9,400Gbps,1ns
1348,12,2312,68,400Gbps,1ns
1348,13,2313,68,400Gbps,1ns
1348,14,2314,68,400Gbps,1ns
1348,15,2315,68,400Gbps,1ns
1349,8,2128,10,400Gbps,1ns
1349,9,2128,11,400Gbps,1ns
1349,10,2129,10,400Gbps,1ns
1349,11,2129,11,400Gbps,1ns
1349,12,2312,69,400Gbps,1ns
1349,13,2313,69,400Gbps,1ns
1349,14,2314,69,400Gbps,1ns
1349,15,2315,69,400Gbps,1ns
1350,8,2128,12,400Gbps,1ns
1350,9,2128,13,400Gbps,1ns
1350,10,2129,12,400Gbps,1ns
1350,11,2129,13,400Gbps,1ns
1350,12,2312,70,400Gbps,1ns
1350,13,2313,70,400Gbps,1ns
1350,14,2314,70,400Gbps,1ns
1350,15,2315,70,400Gbps,1ns
1351,8,2128,14,400Gbps,1ns
1351,9,2128,15,400Gbps,1ns
1351,10,2129,14,400Gbps,1ns
1351,11,2129,15,400Gbps,1ns
1351,12,2312,71,400Gbps,1ns
1351,13,2313,71,400Gbps,1ns
1351,14,2314,71,400Gbps,1ns
1351,15,2315,71,400Gbps,1ns
1352,8,2130,0,400Gbps,1ns
1352,9,2130,1,400Gbps,1ns
1352,10,2131,0,400Gbps,1ns
1352,11,2131,1,400Gbps,1ns
1352,12,2312,72,400Gbps,1ns
1352,13,2313,72,400Gbps,1ns
1352,14,2314,72,400Gbps,1ns
1352,15,2315,72,400Gbps,1ns
1353,8,2130,2,400Gbps,1ns
1353,9,2130,3,400Gbps,1ns
1353,10,2131,2,400Gbps,1ns
1353,11,2131,3,400Gbps,1ns
1353,12,2312,73,400Gbps,1ns
1353,13,2313,73,400Gbps,1ns
1353,14,2314,73,400Gbps,1ns
1353,15,2315,73,400Gbps,1ns
1354,8,2130,4,400Gbps,1ns
1354,9,2130,5,400Gbps,1ns
1354,10,2131,4,400Gbps,1ns
1354,11,2131,5,400Gbps,1ns
1354,12,2312,74,400Gbps,1ns
1354,13,2313,74,400Gbps,1ns
1354,14,2314,74,400Gbps,1ns
1354,15,2315,74,400Gbps,1ns
1355,8,2130,6,400Gbps,1ns
1355,9,2130,7,400Gbps,1ns
1355,10,2131,6,400Gbps,1ns
1355,11,2131,7,400Gbps,1ns
1355,12,2312,75,400Gbps,1ns
1355,13,2313,75,400Gbps,1ns
1355,14,2314,75,400Gbps,1ns
1355,15,2315,75,400Gbps,1ns
1356,8,2130,8,400Gbps,1ns
1356,9,2130,9,400Gbps,1ns
1356,10,2131,8,400Gbps,1ns
1356,11,2131,9,400Gbps,1ns
1356,12,2312,76,400Gbps,1ns
1356,13,2313,76,400Gbps,1ns
1356,14,2314,76,400Gbps,1ns
1356,15,2315,76,400Gbps,1ns
1357,8,2130,10,400Gbps,1ns
1357,9,2130,11,400Gbps,1ns
1357,10,2131,10,400Gbps,1ns
1357,11,2131,11,400Gbps,1ns
1357,12,2312,77,400Gbps,1ns
1357,13,2313,77,400Gbps,1ns
1357,14,2314,77,400Gbps,1ns
1357,15,2315,77,400Gbps,1ns
1358,8,2130,12,400Gbps,1ns
1358,9,2130,13,400Gbps,1ns
1358,10,2131,12,400Gbps,1ns
1358,11,2131,13,400Gbps,1ns
1358,12,2312,78,400Gbps,1ns
1358,13,2313,78,400Gbps,1ns
1358,14,2314,78,400Gbps,1ns
1358,15,2315,78,400Gbps,1ns
1359,8,2130,14,400Gbps,1ns
1359,9,2130,15,400Gbps,1ns
1359,10,2131,14,400Gbps,1ns
1359,11,2131,15,400Gbps,1ns
1359,12,2312,79,400Gbps,1ns
1359,13,2313,79,400Gbps,1ns
1359,14,2314,79,400Gbps,1ns
1359,15,2315,79,400Gbps,1ns
1360,8,2132,0,400Gbps,1ns
1360,9,2132,1,400Gbps,1ns
1360,10,2133,0,400Gbps,1ns
1360,11,2133,1,400Gbps,1ns
1360,12,2312,80,400Gbps,1ns
1360,13,2313,80,400Gbps,1ns
1360,14,2314,80,400Gbps,1ns
1360,15,2315,80,400Gbps,1ns
1361,8,2132,2,400Gbps,1ns
1361,9,2132,3,400Gbps,1ns
1361,10,2133,2,400Gbps,1ns
1361,11,2133,3,400Gbps,1ns
1361,12,2312,81,400Gbps,1ns
1361,13,2313,81,400Gbps,1ns
1361,14,2314,81,400Gbps,1ns
1361,15,2315,81,400Gbps,1ns
1362,8,2132,4,400Gbps,1ns
1362,9,2132,5,400Gbps,1ns
1362,10,2133,4,400Gbps,1ns
1362,11,2133,5,400Gbps,1ns
1362,12,2312,82,400Gbps,1ns
1362,13,2313,82,400Gbps,1ns
1362,14,2314,82,400Gbps,1ns
1362,15,2315,82,400Gbps,1ns
1363,8,2132,6,400Gbps,1ns
1363,9,2132,7,400Gbps,1ns
1363,10,2133,6,400Gbps,1ns
1363,11,2133,7,400Gbps,1ns
1363,12,2312,83,400Gbps,1ns
1363,13,2313,83,400Gbps,1ns
1363,14,2314,83,400Gbps,1ns
1363,15,2315,83,400Gbps,1ns
1364,8,2132,8,400Gbps,1ns
1364,9,2132,9,400Gbps,1ns
1364,10,2133,8,400Gbps,1ns
1364,11,2133,9,400Gbps,1ns
1364,12,2312,84,400Gbps,1ns
1364,13,2313,84,400Gbps,1ns
1364,14,2314,84,400Gbps,1ns
1364,15,2315,84,400Gbps,1ns
1365,8,2132,10,400Gbps,1ns
1365,9,2132,11,400Gbps,1ns
1365,10,2133,10,400Gbps,1ns
1365,11,2133,11,400Gbps,1ns
1365,12,2312,85,400Gbps,1ns
1365,13,2313,85,400Gbps,1ns
1365,14,2314,85,400Gbps,1ns
1365,15,2315,85,400Gbps,1ns
1366,8,2132,12,400Gbps,1ns
1366,9,2132,13,400Gbps,1ns
1366,10,2133,12,400Gbps,1ns
1366,11,2133,13,400Gbps,1ns
1366,12,2312,86,400Gbps,1ns
1366,13,2313,86,400Gbps,1ns
1366,14,2314,86,400Gbps,1ns
1366,15,2315,86,400Gbps,1ns
1367,8,2132,14,400Gbps,1ns
1367,9,2132,15,400Gbps,1ns
1367,10,2133,14,400Gbps,1ns
1367,11,2133,15,400Gbps,1ns
1367,12,2312,87,400Gbps,1ns
1367,13,2313,87,400Gbps,1ns
1367,14,2314,87,400Gbps,1ns
1367,15,2315,87,400Gbps,1ns
1368,8,2134,0,400Gbps,1ns
1368,9,2134,1,400Gbps,1ns
1368,10,2135,0,400Gbps,1ns
1368,11,2135,1,400Gbps,1ns
1368,12,2312,88,400Gbps,1ns
1368,13,2313,88,400Gbps,1ns
1368,14,2314,88,400Gbps,1ns
1368,15,2315,88,400Gbps,1ns
1369,8,2134,2,400Gbps,1ns
1369,9,2134,3,400Gbps,1ns
1369,10,2135,2,400Gbps,1ns
1369,11,2135,3,400Gbps,1ns
1369,12,2312,89,400Gbps,1ns
1369,13,2313,89,400Gbps,1ns
1369,14,2314,89,400Gbps,1ns
1369,15,2315,89,400Gbps,1ns
1370,8,2134,4,400Gbps,1ns
1370,9,2134,5,400Gbps,1ns
1370,10,2135,4,400Gbps,1ns
1370,11,2135,5,400Gbps,1ns
1370,12,2312,90,400Gbps,1ns
1370,13,2313,90,400Gbps,1ns
1370,14,2314,90,400Gbps,1ns
1370,15,2315,90,400Gbps,1ns
1371,8,2134,6,400Gbps,1ns
1371,9,2134,7,400Gbps,1ns
1371,10,2135,6,400Gbps,1ns
1371,11,2135,7,400Gbps,1ns
1371,12,2312,91,400Gbps,1ns
1371,13,2313,91,400Gbps,1ns
1371,14,2314,91,400Gbps,1ns
1371,15,2315,91,400Gbps,1ns
1372,8,2134,8,400Gbps,1ns
1372,9,2134,9,400Gbps,1ns
1372,10,2135,8,400Gbps,1ns
1372,11,2135,9,400Gbps,1ns
1372,12,2312,92,400Gbps,1ns
1372,13,2313,92,400Gbps,1ns
1372,14,2314,92,400Gbps,1ns
1372,15,2315,92,400Gbps,1ns
1373,8,2134,10,400Gbps,1ns
1373,9,2134,11,400Gbps,1ns
1373,10,2135,10,400Gbps,1ns
1373,11,2135,11,400Gbps,1ns
1373,12,2312,93,400Gbps,1ns
1373,13,2313,93,400Gbps,1ns
1373,14,2314,93,400Gbps,1ns
1373,15,2315,93,400Gbps,1ns
1374,8,2134,12,400Gbps,1ns
1374,9,2134,13,400Gbps,1ns
1374,10,2135,12,400Gbps,1ns
1374,11,2135,13,400Gbps,1ns
1374,12,2312,94,400Gbps,1ns
1374,13,2313,94,400Gbps,1ns
1374,14,2314,94,400Gbps,1ns
1374,15,2315,94,400Gbps,1ns
1375,8,2134,14,400Gbps,1ns
1375,9,2134,15,400Gbps,1ns
1375,10,2135,14,400Gbps,1ns
1375,11,2135,15,400Gbps,1ns
1375,12,2312,95,400Gbps,1ns
1375,13,2313,95,400Gbps,1ns
1375,14,2314,95,400Gbps,1ns
1375,15,2315,95,400Gbps,1ns
1376,8,2136,0,400Gbps,1ns
1376,9,2136,1,400Gbps,1ns
1376,10,2137,0,400Gbps,1ns
1376,11,2137,1,400Gbps,1ns
1376,12,2312,96,400Gbps,1ns
1376,13,2313,96,400Gbps,1ns
1376,14,2314,96,400Gbps,1ns
1376,15,2315,96,400Gbps,1ns
1377,8,2136,2,400Gbps,1ns
1377,9,2136,3,400Gbps,1ns
1377,10,2137,2,400Gbps,1ns
1377,11,2137,3,400Gbps,1ns
1377,12,2312,97,400Gbps,1ns
1377,13,2313,97,400Gbps,1ns
1377,14,2314,97,400Gbps,1ns
1377,15,2315,97,400Gbps,1ns
1378,8,2136,4,400Gbps,1ns
1378,9,2136,5,400Gbps,1ns
1378,10,2137,4,400Gbps,1ns
1378,11,2137,5,400Gbps,1ns
1378,12,2312,98,400Gbps,1ns
1378,13,2313,98,400Gbps,1ns
1378,14,2314,98,400Gbps,1ns
1378,15,2315,98,400Gbps,1ns
1379,8,2136,6,400Gbps,1ns
1379,9,2136,7,400Gbps,1ns
1379,10,2137,6,400Gbps,1ns
1379,11,2137,7,400Gbps,1ns
1379,12,2312,99,400Gbps,1ns
1379,13,2313,99,400Gbps,1ns
1379,14,2314,99,400Gbps,1ns
1379,15,2315,99,400Gbps,1ns
1380,8,2136,8,400Gbps,1ns
1380,9,2136,9,400Gbps,1ns
1380,10,2137,8,400Gbps,1ns
1380,11,2137,9,400Gbps,1ns
1380,12,2312,100,400Gbps,1ns
1380,13,2313,100,400Gbps,1ns
1380,14,2314,100,400Gbps,1ns
1380,15,2315,100,400Gbps,1ns
1381,8,2136,10,400Gbps,1ns
1381,9,2136,11,400Gbps,1ns
1381,10,2137,10,400Gbps,1ns
1381,11,2137,11,400Gbps,1ns
1381,12,2312,101,400Gbps,1ns
1381,13,2313,101,400Gbps,1ns
1381,14,2314,101,400Gbps,1ns
1381,15,2315,101,400Gbps,1ns
1382,8,2136,12,400Gbps,1ns
1382,9,2136,13,400Gbps,1ns
1382,10,2137,12,400Gbps,1ns
1382,11,2137,13,400Gbps,1ns
1382,12,2312,102,400Gbps,1ns
1382,13,2313,102,400Gbps,1ns
1382,14,2314,102,400Gbps,1ns
1382,15,2315,102,400Gbps,1ns
1383,8,2136,14,400Gbps,1ns
1383,9,2136,15,400Gbps,1ns
1383,10,2137,14,400Gbps,1ns
1383,11,2137,15,400Gbps,1ns
1383,12,2312,103,400Gbps,1ns
1383,13,2313,103,400Gbps,1ns
1383,14,2314,103,400Gbps,1ns
1383,15,2315,103,400Gbps,1ns
1384,8,2138,0,400Gbps,1ns
1384,9,2138,1,400Gbps,1ns
1384,10,2139,0,400Gbps,1ns
1384,11,2139,1,400Gbps,1ns
1384,12,2312,104,400Gbps,1ns
1384,13,2313,104,400Gbps,1ns
1384,14,2314,104,400Gbps,1ns
1384,15,2315,104,400Gbps,1ns
1385,8,2138,2,400Gbps,1ns
1385,9,2138,3,400Gbps,1ns
1385,10,2139,2,400Gbps,1ns
1385,11,2139,3,400Gbps,1ns
1385,12,2312,105,400Gbps,1ns
1385,13,2313,105,400Gbps,1ns
1385,14,2314,105,400Gbps,1ns
1385,15,2315,105,400Gbps,1ns
1386,8,2138,4,400Gbps,1ns
1386,9,2138,5,400Gbps,1ns
1386,10,2139,4,400Gbps,1ns
1386,11,2139,5,400Gbps,1ns
1386,12,2312,106,400Gbps,1ns
1386,13,2313,106,400Gbps,1ns
1386,14,2314,106,400Gbps,1ns
1386,15,2315,106,400Gbps,1ns
1387,8,2138,6,400Gbps,1ns
1387,9,2138,7,400Gbps,1ns
1387,10,2139,6,400Gbps,1ns
1387,11,2139,7,400Gbps,1ns
1387,12,2312,107,400Gbps,1ns
1387,13,2313,107,400Gbps,1ns
1387,14,2314,107,400Gbps,1ns
1387,15,2315,107,400Gbps,1ns
1388,8,2138,8,400Gbps,1ns
1388,9,2138,9,400Gbps,1ns
1388,10,2139,8,400Gbps,1ns
1388,11,2139,9,400Gbps,1ns
1388,12,2312,108,400Gbps,1ns
1388,13,2313,108,400Gbps,1ns
1388,14,2314,108,400Gbps,1ns
1388,15,2315,108,400Gbps,1ns
1389,8,2138,10,400Gbps,1ns
1389,9,2138,11,400Gbps,1ns
1389,10,2139,10,400Gbps,1ns
1389,11,2139,11,400Gbps,1ns
1389,12,2312,109,400Gbps,1ns
1389,13,2313,109,400Gbps,1ns
1389,14,2314,109,400Gbps,1ns
1389,15,2315,109,400Gbps,1ns
1390,8,2138,12,400Gbps,1ns
1390,9,2138,13,400Gbps,1ns
1390,10,2139,12,400Gbps,1ns
1390,11,2139,13,400Gbps,1ns
1390,12,2312,110,400Gbps,1ns
1390,13,2313,110,400Gbps,1ns
1390,14,2314,110,400Gbps,1ns
1390,15,2315,110,400Gbps,1ns
1391,8,2138,14,400Gbps,1ns
1391,9,2138,15,400Gbps,1ns
1391,10,2139,14,400Gbps,1ns
1391,11,2139,15,400Gbps,1ns
1391,12,2312,111,400Gbps,1ns
1391,13,2313,111,400Gbps,1ns
1391,14,2314,111,400Gbps,1ns
1391,15,2315,111,400Gbps,1ns
1392,8,2140,0,400Gbps,1ns
1392,9,2140,1,400Gbps,1ns
1392,10,2141,0,400Gbps,1ns
1392,11,2141,1,400Gbps,1ns
1392,12,2312,112,400Gbps,1ns
1392,13,2313,112,400Gbps,1ns
1392,14,2314,112,400Gbps,1ns
1392,15,2315,112,400Gbps,1ns
1393,8,2140,2,400Gbps,1ns
1393,9,2140,3,400Gbps,1ns
1393,10,2141,2,400Gbps,1ns
1393,11,2141,3,400Gbps,1ns
1393,12,2312,113,400Gbps,1ns
1393,13,2313,113,400Gbps,1ns
1393,14,2314,113,400Gbps,1ns
1393,15,2315,113,400Gbps,1ns
1394,8,2140,4,400Gbps,1ns
1394,9,2140,5,400Gbps,1ns
1394,10,2141,4,400Gbps,1ns
1394,11,2141,5,400Gbps,1ns
1394,12,2312,114,400Gbps,1ns
1394,13,2313,114,400Gbps,1ns
1394,14,2314,114,400Gbps,1ns
1394,15,2315,114,400Gbps,1ns
1395,8,2140,6,400Gbps,1ns
1395,9,2140,7,400Gbps,1ns
1395,10,2141,6,400Gbps,1ns
1395,11,2141,7,400Gbps,1ns
1395,12,2312,115,400Gbps,1ns
1395,13,2313,115,400Gbps,1ns
1395,14,2314,115,400Gbps,1ns
1395,15,2315,115,400Gbps,1ns
1396,8,2140,8,400Gbps,1ns
1396,9,2140,9,400Gbps,1ns
1396,10,2141,8,400Gbps,1ns
1396,11,2141,9,400Gbps,1ns
1396,12,2312,116,400Gbps,1ns
1396,13,2313,116,400Gbps,1ns
1396,14,2314,116,400Gbps,1ns
1396,15,2315,116,400Gbps,1ns
1397,8,2140,10,400Gbps,1ns
1397,9,2140,11,400Gbps,1ns
1397,10,2141,10,400Gbps,1ns
1397,11,2141,11,400Gbps,1ns
1397,12,2312,117,400Gbps,1ns
1397,13,2313,117,400Gbps,1ns
1397,14,2314,117,400Gbps,1ns
1397,15,2315,117,400Gbps,1ns
1398,8,2140,12,400Gbps,1ns
1398,9,2140,13,400Gbps,1ns
1398,10,2141,12,400Gbps,1ns
1398,11,2141,13,400Gbps,1ns
1398,12,2312,118,400Gbps,1ns
1398,13,2313,118,400Gbps,1ns
1398,14,2314,118,400Gbps,1ns
1398,15,2315,118,400Gbps,1ns
1399,8,2140,14,400Gbps,1ns
1399,9,2140,15,400Gbps,1ns
1399,10,2141,14,400Gbps,1ns
1399,11,2141,15,400Gbps,1ns
1399,12,2312,119,400Gbps,1ns
1399,13,2313,119,400Gbps,1ns
1399,14,2314,119,400Gbps,1ns
1399,15,2315,119,400Gbps,1ns
1400,8,2142,0,400Gbps,1ns
1400,9,2142,1,400Gbps,1ns
1400,10,2143,0,400Gbps,1ns
1400,11,2143,1,400Gbps,1ns
1400,12,2312,120,400Gbps,1ns
1400,13,2313,120,400Gbps,1ns
1400,14,2314,120,400Gbps,1ns
1400,15,2315,120,400Gbps,1ns
1401,8,2142,2,400Gbps,1ns
1401,9,2142,3,400Gbps,1ns
1401,10,2143,2,400Gbps,1ns
1401,11,2143,3,400Gbps,1ns
1401,12,2312,121,400Gbps,1ns
1401,13,2313,121,400Gbps,1ns
1401,14,2314,121,400Gbps,1ns
1401,15,2315,121,400Gbps,1ns
1402,8,2142,4,400Gbps,1ns
1402,9,2142,5,400Gbps,1ns
1402,10,2143,4,400Gbps,1ns
1402,11,2143,5,400Gbps,1ns
1402,12,2312,122,400Gbps,1ns
1402,13,2313,122,400Gbps,1ns
1402,14,2314,122,400Gbps,1ns
1402,15,2315,122,400Gbps,1ns
1403,8,2142,6,400Gbps,1ns
1403,9,2142,7,400Gbps,1ns
1403,10,2143,6,400Gbps,1ns
1403,11,2143,7,400Gbps,1ns
1403,12,2312,123,400Gbps,1ns
1403,13,2313,123,400Gbps,1ns
1403,14,2314,123,400Gbps,1ns
1403,15,2315,123,400Gbps,1ns
1404,8,2142,8,400Gbps,1ns
1404,9,2142,9,400Gbps,1ns
1404,10,2143,8,400Gbps,1ns
1404,11,2143,9,400Gbps,1ns
1404,12,2312,124,400Gbps,1ns
1404,13,2313,124,400Gbps,1ns
1404,14,2314,124,400Gbps,1ns
1404,15,2315,124,400Gbps,1ns
1405,8,2142,10,400Gbps,1ns
1405,9,2142,11,400Gbps,1ns
1405,10,2143,10,400Gbps,1ns
1405,11,2143,11,400Gbps,1ns
1405,12,2312,125,400Gbps,1ns
1405,13,2313,125,400Gbps,1ns
1405,14,2314,125,400Gbps,1ns
1405,15,2315,125,400Gbps,1ns
1406,8,2142,12,400Gbps,1ns
1406,9,2142,13,400Gbps,1ns
1406,10,2143,12,400Gbps,1ns
1406,11,2143,13,400Gbps,1ns
1406,12,2312,126,400Gbps,1ns
1406,13,2313,126,400Gbps,1ns
1406,14,2314,126,400Gbps,1ns
1406,15,2315,126,400Gbps,1ns
1407,8,2142,14,400Gbps,1ns
1407,9,2142,15,400Gbps,1ns
1407,10,2143,14,400Gbps,1ns
1407,11,2143,15,400Gbps,1ns
1407,12,2312,127,400Gbps,1ns
1407,13,2313,127,400Gbps,1ns
1407,14,2314,127,400Gbps,1ns
1407,15,2315,127,400Gbps,1ns
1408,8,2144,0,400Gbps,1ns
1408,9,2144,1,400Gbps,1ns
1408,10,2145,0,400Gbps,1ns
1408,11,2145,1,400Gbps,1ns
1408,12,2316,0,400Gbps,1ns
1408,13,2317,0,400Gbps,1ns
1408,14,2318,0,400Gbps,1ns
1408,15,2319,0,400Gbps,1ns
1409,8,2144,2,400Gbps,1ns
1409,9,2144,3,400Gbps,1ns
1409,10,2145,2,400Gbps,1ns
1409,11,2145,3,400Gbps,1ns
1409,12,2316,1,400Gbps,1ns
1409,13,2317,1,400Gbps,1ns
1409,14,2318,1,400Gbps,1ns
1409,15,2319,1,400Gbps,1ns
1410,8,2144,4,400Gbps,1ns
1410,9,2144,5,400Gbps,1ns
1410,10,2145,4,400Gbps,1ns
1410,11,2145,5,400Gbps,1ns
1410,12,2316,2,400Gbps,1ns
1410,13,2317,2,400Gbps,1ns
1410,14,2318,2,400Gbps,1ns
1410,15,2319,2,400Gbps,1ns
1411,8,2144,6,400Gbps,1ns
1411,9,2144,7,400Gbps,1ns
1411,10,2145,6,400Gbps,1ns
1411,11,2145,7,400Gbps,1ns
1411,12,2316,3,400Gbps,1ns
1411,13,2317,3,400Gbps,1ns
1411,14,2318,3,400Gbps,1ns
1411,15,2319,3,400Gbps,1ns
1412,8,2144,8,400Gbps,1ns
1412,9,2144,9,400Gbps,1ns
1412,10,2145,8,400Gbps,1ns
1412,11,2145,9,400Gbps,1ns
1412,12,2316,4,400Gbps,1ns
1412,13,2317,4,400Gbps,1ns
1412,14,2318,4,400Gbps,1ns
1412,15,2319,4,400Gbps,1ns
1413,8,2144,10,400Gbps,1ns
1413,9,2144,11,400Gbps,1ns
1413,10,2145,10,400Gbps,1ns
1413,11,2145,11,400Gbps,1ns
1413,12,2316,5,400Gbps,1ns
1413,13,2317,5,400Gbps,1ns
1413,14,2318,5,400Gbps,1ns
1413,15,2319,5,400Gbps,1ns
1414,8,2144,12,400Gbps,1ns
1414,9,2144,13,400Gbps,1ns
1414,10,2145,12,400Gbps,1ns
1414,11,2145,13,400Gbps,1ns
1414,12,2316,6,400Gbps,1ns
1414,13,2317,6,400Gbps,1ns
1414,14,2318,6,400Gbps,1ns
1414,15,2319,6,400Gbps,1ns
1415,8,2144,14,400Gbps,1ns
1415,9,2144,15,400Gbps,1ns
1415,10,2145,14,400Gbps,1ns
1415,11,2145,15,400Gbps,1ns
1415,12,2316,7,400Gbps,1ns
1415,13,2317,7,400Gbps,1ns
1415,14,2318,7,400Gbps,1ns
1415,15,2319,7,400Gbps,1ns
1416,8,2146,0,400Gbps,1ns
1416,9,2146,1,400Gbps,1ns
1416,10,2147,0,400Gbps,1ns
1416,11,2147,1,400Gbps,1ns
1416,12,2316,8,400Gbps,1ns
1416,13,2317,8,400Gbps,1ns
1416,14,2318,8,400Gbps,1ns
1416,15,2319,8,400Gbps,1ns
1417,8,2146,2,400Gbps,1ns
1417,9,2146,3,400Gbps,1ns
1417,10,2147,2,400Gbps,1ns
1417,11,2147,3,400Gbps,1ns
1417,12,2316,9,400Gbps,1ns
1417,13,2317,9,400Gbps,1ns
1417,14,2318,9,400Gbps,1ns
1417,15,2319,9,400Gbps,1ns
1418,8,2146,4,400Gbps,1ns
1418,9,2146,5,400Gbps,1ns
1418,10,2147,4,400Gbps,1ns
1418,11,2147,5,400Gbps,1ns
1418,12,2316,10,400Gbps,1ns
1418,13,2317,10,400Gbps,1ns
1418,14,2318,10,400Gbps,1ns
1418,15,2319,10,400Gbps,1ns
1419,8,2146,6,400Gbps,1ns
1419,9,2146,7,400Gbps,1ns
1419,10,2147,6,400Gbps,1ns
1419,11,2147,7,400Gbps,1ns
1419,12,2316,11,400Gbps,1ns
1419,13,2317,11,400Gbps,1ns
1419,14,2318,11,400Gbps,1ns
1419,15,2319,11,400Gbps,1ns
1420,8,2146,8,400Gbps,1ns
1420,9,2146,9,400Gbps,1ns
1420,10,2147,8,400Gbps,1ns
1420,11,2147,9,400Gbps,1ns
1420,12,2316,12,400Gbps,1ns
1420,13,2317,12,400Gbps,1ns
1420,14,2318,12,400Gbps,1ns
1420,15,2319,12,400Gbps,1ns
1421,8,2146,10,400Gbps,1ns
1421,9,2146,11,400Gbps,1ns
1421,10,2147,10,400Gbps,1ns
1421,11,2147,11,400Gbps,1ns
1421,12,2316,13,400Gbps,1ns
1421,13,2317,13,400Gbps,1ns
1421,14,2318,13,400Gbps,1ns
1421,15,2319,13,400Gbps,1ns
1422,8,2146,12,400Gbps,1ns
1422,9,2146,13,400Gbps,1ns
1422,10,2147,12,400Gbps,1ns
1422,11,2147,13,400Gbps,1ns
1422,12,2316,14,400Gbps,1ns
1422,13,2317,14,400Gbps,1ns
1422,14,2318,14,400Gbps,1ns
1422,15,2319,14,400Gbps,1ns
1423,8,2146,14,400Gbps,1ns
1423,9,2146,15,400Gbps,1ns
1423,10,2147,14,400Gbps,1ns
1423,11,2147,15,400Gbps,1ns
1423,12,2316,15,400Gbps,1ns
1423,13,2317,15,400Gbps,1ns
1423,14,2318,15,400Gbps,1ns
1423,15,2319,15,400Gbps,1ns
1424,8,2148,0,400Gbps,1ns
1424,9,2148,1,400Gbps,1ns
1424,10,2149,0,400Gbps,1ns
1424,11,2149,1,400Gbps,1ns
1424,12,2316,16,400Gbps,1ns
1424,13,2317,16,400Gbps,1ns
1424,14,2318,16,400Gbps,1ns
1424,15,2319,16,400Gbps,1ns
1425,8,2148,2,400Gbps,1ns
1425,9,2148,3,400Gbps,1ns
1425,10,2149,2,400Gbps,1ns
1425,11,2149,3,400Gbps,1ns
1425,12,2316,17,400Gbps,1ns
1425,13,2317,17,400Gbps,1ns
1425,14,2318,17,400Gbps,1ns
1425,15,2319,17,400Gbps,1ns
1426,8,2148,4,400Gbps,1ns
1426,9,2148,5,400Gbps,1ns
1426,10,2149,4,400Gbps,1ns
1426,11,2149,5,400Gbps,1ns
1426,12,2316,18,400Gbps,1ns
1426,13,2317,18,400Gbps,1ns
1426,14,2318,18,400Gbps,1ns
1426,15,2319,18,400Gbps,1ns
1427,8,2148,6,400Gbps,1ns
1427,9,2148,7,400Gbps,1ns
1427,10,2149,6,400Gbps,1ns
1427,11,2149,7,400Gbps,1ns
1427,12,2316,19,400Gbps,1ns
1427,13,2317,19,400Gbps,1ns
1427,14,2318,19,400Gbps,1ns
1427,15,2319,19,400Gbps,1ns
1428,8,2148,8,400Gbps,1ns
1428,9,2148,9,400Gbps,1ns
1428,10,2149,8,400Gbps,1ns
1428,11,2149,9,400Gbps,1ns
1428,12,2316,20,400Gbps,1ns
1428,13,2317,20,400Gbps,1ns
1428,14,2318,20,400Gbps,1ns
1428,15,2319,20,400Gbps,1ns
1429,8,2148,10,400Gbps,1ns
1429,9,2148,11,400Gbps,1ns
1429,10,2149,10,400Gbps,1ns
1429,11,2149,11,400Gbps,1ns
1429,12,2316,21,400Gbps,1ns
1429,13,2317,21,400Gbps,1ns
1429,14,2318,21,400Gbps,1ns
1429,15,2319,21,400Gbps,1ns
1430,8,2148,12,400Gbps,1ns
1430,9,2148,13,400Gbps,1ns
1430,10,2149,12,400Gbps,1ns
1430,11,2149,13,400Gbps,1ns
1430,12,2316,22,400Gbps,1ns
1430,13,2317,22,400Gbps,1ns
1430,14,2318,22,400Gbps,1ns
1430,15,2319,22,400Gbps,1ns
1431,8,2148,14,400Gbps,1ns
1431,9,2148,15,400Gbps,1ns
1431,10,2149,14,400Gbps,1ns
1431,11,2149,15,400Gbps,1ns
1431,12,2316,23,400Gbps,1ns
1431,13,2317,23,400Gbps,1ns
1431,14,2318,23,400Gbps,1ns
1431,15,2319,23,400Gbps,1ns
1432,8,2150,0,400Gbps,1ns
1432,9,2150,1,400Gbps,1ns
1432,10,2151,0,400Gbps,1ns
1432,11,2151,1,400Gbps,1ns
1432,12,2316,24,400Gbps,1ns
1432,13,2317,24,400Gbps,1ns
1432,14,2318,24,400Gbps,1ns
1432,15,2319,24,400Gbps,1ns
1433,8,2150,2,400Gbps,1ns
1433,9,2150,3,400Gbps,1ns
1433,10,2151,2,400Gbps,1ns
1433,11,2151,3,400Gbps,1ns
1433,12,2316,25,400Gbps,1ns
1433,13,2317,25,400Gbps,1ns
1433,14,2318,25,400Gbps,1ns
1433,15,2319,25,400Gbps,1ns
1434,8,2150,4,400Gbps,1ns
1434,9,2150,5,400Gbps,1ns
1434,10,2151,4,400Gbps,1ns
1434,11,2151,5,400Gbps,1ns
1434,12,2316,26,400Gbps,1ns
1434,13,2317,26,400Gbps,1ns
1434,14,2318,26,400Gbps,1ns
1434,15,2319,26,400Gbps,1ns
1435,8,2150,6,400Gbps,1ns
1435,9,2150,7,400Gbps,1ns
1435,10,2151,6,400Gbps,1ns
1435,11,2151,7,400Gbps,1ns
1435,12,2316,27,400Gbps,1ns
1435,13,2317,27,400Gbps,1ns
1435,14,2318,27,400Gbps,1ns
1435,15,2319,27,400Gbps,1ns
1436,8,2150,8,400Gbps,1ns
1436,9,2150,9,400Gbps,1ns
1436,10,2151,8,400Gbps,1ns
1436,11,2151,9,400Gbps,1ns
1436,12,2316,28,400Gbps,1ns
1436,13,2317,28,400Gbps,1ns
1436,14,2318,28,400Gbps,1ns
1436,15,2319,28,400Gbps,1ns
1437,8,2150,10,400Gbps,1ns
1437,9,2150,11,400Gbps,1ns
1437,10,2151,10,400Gbps,1ns
1437,11,2151,11,400Gbps,1ns
1437,12,2316,29,400Gbps,1ns
1437,13,2317,29,400Gbps,1ns
1437,14,2318,29,400Gbps,1ns
1437,15,2319,29,400Gbps,1ns
1438,8,2150,12,400Gbps,1ns
1438,9,2150,13,400Gbps,1ns
1438,10,2151,12,400Gbps,1ns
1438,11,2151,13,400Gbps,1ns
1438,12,2316,30,400Gbps,1ns
1438,13,2317,30,400Gbps,1ns
1438,14,2318,30,400Gbps,1ns
1438,15,2319,30,400Gbps,1ns
1439,8,2150,14,400Gbps,1ns
1439,9,2150,15,400Gbps,1ns
1439,10,2151,14,400Gbps,1ns
1439,11,2151,15,400Gbps,1ns
1439,12,2316,31,400Gbps,1ns
1439,13,2317,31,400Gbps,1ns
1439,14,2318,31,400Gbps,1ns
1439,15,2319,31,400Gbps,1ns
1440,8,2152,0,400Gbps,1ns
1440,9,2152,1,400Gbps,1ns
1440,10,2153,0,400Gbps,1ns
1440,11,2153,1,400Gbps,1ns
1440,12,2316,32,400Gbps,1ns
1440,13,2317,32,400Gbps,1ns
1440,14,2318,32,400Gbps,1ns
1440,15,2319,32,400Gbps,1ns
1441,8,2152,2,400Gbps,1ns
1441,9,2152,3,400Gbps,1ns
1441,10,2153,2,400Gbps,1ns
1441,11,2153,3,400Gbps,1ns
1441,12,2316,33,400Gbps,1ns
1441,13,2317,33,400Gbps,1ns
1441,14,2318,33,400Gbps,1ns
1441,15,2319,33,400Gbps,1ns
1442,8,2152,4,400Gbps,1ns
1442,9,2152,5,400Gbps,1ns
1442,10,2153,4,400Gbps,1ns
1442,11,2153,5,400Gbps,1ns
1442,12,2316,34,400Gbps,1ns
1442,13,2317,34,400Gbps,1ns
1442,14,2318,34,400Gbps,1ns
1442,15,2319,34,400Gbps,1ns
1443,8,2152,6,400Gbps,1ns
1443,9,2152,7,400Gbps,1ns
1443,10,2153,6,400Gbps,1ns
1443,11,2153,7,400Gbps,1ns
1443,12,2316,35,400Gbps,1ns
1443,13,2317,35,400Gbps,1ns
1443,14,2318,35,400Gbps,1ns
1443,15,2319,35,400Gbps,1ns
1444,8,2152,8,400Gbps,1ns
1444,9,2152,9,400Gbps,1ns
1444,10,2153,8,400Gbps,1ns
1444,11,2153,9,400Gbps,1ns
1444,12,2316,36,400Gbps,1ns
1444,13,2317,36,400Gbps,1ns
1444,14,2318,36,400Gbps,1ns
1444,15,2319,36,400Gbps,1ns
1445,8,2152,10,400Gbps,1ns
1445,9,2152,11,400Gbps,1ns
1445,10,2153,10,400Gbps,1ns
1445,11,2153,11,400Gbps,1ns
1445,12,2316,37,400Gbps,1ns
1445,13,2317,37,400Gbps,1ns
1445,14,2318,37,400Gbps,1ns
1445,15,2319,37,400Gbps,1ns
1446,8,2152,12,400Gbps,1ns
1446,9,2152,13,400Gbps,1ns
1446,10,2153,12,400Gbps,1ns
1446,11,2153,13,400Gbps,1ns
1446,12,2316,38,400Gbps,1ns
1446,13,2317,38,400Gbps,1ns
1446,14,2318,38,400Gbps,1ns
1446,15,2319,38,400Gbps,1ns
1447,8,2152,14,400Gbps,1ns
1447,9,2152,15,400Gbps,1ns
1447,10,2153,14,400Gbps,1ns
1447,11,2153,15,400Gbps,1ns
1447,12,2316,39,400Gbps,1ns
1447,13,2317,39,400Gbps,1ns
1447,14,2318,39,400Gbps,1ns
1447,15,2319,39,400Gbps,1ns
1448,8,2154,0,400Gbps,1ns
1448,9,2154,1,400Gbps,1ns
1448,10,2155,0,400Gbps,1ns
1448,11,2155,1,400Gbps,1ns
1448,12,2316,40,400Gbps,1ns
1448,13,2317,40,400Gbps,1ns
1448,14,2318,40,400Gbps,1ns
1448,15,2319,40,400Gbps,1ns
1449,8,2154,2,400Gbps,1ns
1449,9,2154,3,400Gbps,1ns
1449,10,2155,2,400Gbps,1ns
1449,11,2155,3,400Gbps,1ns
1449,12,2316,41,400Gbps,1ns
1449,13,2317,41,400Gbps,1ns
1449,14,2318,41,400Gbps,1ns
1449,15,2319,41,400Gbps,1ns
1450,8,2154,4,400Gbps,1ns
1450,9,2154,5,400Gbps,1ns
1450,10,2155,4,400Gbps,1ns
1450,11,2155,5,400Gbps,1ns
1450,12,2316,42,400Gbps,1ns
1450,13,2317,42,400Gbps,1ns
1450,14,2318,42,400Gbps,1ns
1450,15,2319,42,400Gbps,1ns
1451,8,2154,6,400Gbps,1ns
1451,9,2154,7,400Gbps,1ns
1451,10,2155,6,400Gbps,1ns
1451,11,2155,7,400Gbps,1ns
1451,12,2316,43,400Gbps,1ns
1451,13,2317,43,400Gbps,1ns
1451,14,2318,43,400Gbps,1ns
1451,15,2319,43,400Gbps,1ns
1452,8,2154,8,400Gbps,1ns
1452,9,2154,9,400Gbps,1ns
1452,10,2155,8,400Gbps,1ns
1452,11,2155,9,400Gbps,1ns
1452,12,2316,44,400Gbps,1ns
1452,13,2317,44,400Gbps,1ns
1452,14,2318,44,400Gbps,1ns
1452,15,2319,44,400Gbps,1ns
1453,8,2154,10,400Gbps,1ns
1453,9,2154,11,400Gbps,1ns
1453,10,2155,10,400Gbps,1ns
1453,11,2155,11,400Gbps,1ns
1453,12,2316,45,400Gbps,1ns
1453,13,2317,45,400Gbps,1ns
1453,14,2318,45,400Gbps,1ns
1453,15,2319,45,400Gbps,1ns
1454,8,2154,12,400Gbps,1ns
1454,9,2154,13,400Gbps,1ns
1454,10,2155,12,400Gbps,1ns
1454,11,2155,13,400Gbps,1ns
1454,12,2316,46,400Gbps,1ns
1454,13,2317,46,400Gbps,1ns
1454,14,2318,46,400Gbps,1ns
1454,15,2319,46,400Gbps,1ns
1455,8,2154,14,400Gbps,1ns
1455,9,2154,15,400Gbps,1ns
1455,10,2155,14,400Gbps,1ns
1455,11,2155,15,400Gbps,1ns
1455,12,2316,47,400Gbps,1ns
1455,13,2317,47,400Gbps,1ns
1455,14,2318,47,400Gbps,1ns
1455,15,2319,47,400Gbps,1ns
1456,8,2156,0,400Gbps,1ns
1456,9,2156,1,400Gbps,1ns
1456,10,2157,0,400Gbps,1ns
1456,11,2157,1,400Gbps,1ns
1456,12,2316,48,400Gbps,1ns
1456,13,2317,48,400Gbps,1ns
1456,14,2318,48,400Gbps,1ns
1456,15,2319,48,400Gbps,1ns
1457,8,2156,2,400Gbps,1ns
1457,9,2156,3,400Gbps,1ns
1457,10,2157,2,400Gbps,1ns
1457,11,2157,3,400Gbps,1ns
1457,12,2316,49,400Gbps,1ns
1457,13,2317,49,400Gbps,1ns
1457,14,2318,49,400Gbps,1ns
1457,15,2319,49,400Gbps,1ns
1458,8,2156,4,400Gbps,1ns
1458,9,2156,5,400Gbps,1ns
1458,10,2157,4,400Gbps,1ns
1458,11,2157,5,400Gbps,1ns
1458,12,2316,50,400Gbps,1ns
1458,13,2317,50,400Gbps,1ns
1458,14,2318,50,400Gbps,1ns
1458,15,2319,50,400Gbps,1ns
1459,8,2156,6,400Gbps,1ns
1459,9,2156,7,400Gbps,1ns
1459,10,2157,6,400Gbps,1ns
1459,11,2157,7,400Gbps,1ns
1459,12,2316,51,400Gbps,1ns
1459,13,2317,51,400Gbps,1ns
1459,14,2318,51,400Gbps,1ns
1459,15,2319,51,400Gbps,1ns
1460,8,2156,8,400Gbps,1ns
1460,9,2156,9,400Gbps,1ns
1460,10,2157,8,400Gbps,1ns
1460,11,2157,9,400Gbps,1ns
1460,12,2316,52,400Gbps,1ns
1460,13,2317,52,400Gbps,1ns
1460,14,2318,52,400Gbps,1ns
1460,15,2319,52,400Gbps,1ns
1461,8,2156,10,400Gbps,1ns
1461,9,2156,11,400Gbps,1ns
1461,10,2157,10,400Gbps,1ns
1461,11,2157,11,400Gbps,1ns
1461,12,2316,53,400Gbps,1ns
1461,13,2317,53,400Gbps,1ns
1461,14,2318,53,400Gbps,1ns
1461,15,2319,53,400Gbps,1ns
1462,8,2156,12,400Gbps,1ns
1462,9,2156,13,400Gbps,1ns
1462,10,2157,12,400Gbps,1ns
1462,11,2157,13,400Gbps,1ns
1462,12,2316,54,400Gbps,1ns
1462,13,2317,54,400Gbps,1ns
1462,14,2318,54,400Gbps,1ns
1462,15,2319,54,400Gbps,1ns
1463,8,2156,14,400Gbps,1ns
1463,9,2156,15,400Gbps,1ns
1463,10,2157,14,400Gbps,1ns
1463,11,2157,15,400Gbps,1ns
1463,12,2316,55,400Gbps,1ns
1463,13,2317,55,400Gbps,1ns
1463,14,2318,55,400Gbps,1ns
1463,15,2319,55,400Gbps,1ns
1464,8,2158,0,400Gbps,1ns
1464,9,2158,1,400Gbps,1ns
1464,10,2159,0,400Gbps,1ns
1464,11,2159,1,400Gbps,1ns
1464,12,2316,56,400Gbps,1ns
1464,13,2317,56,400Gbps,1ns
1464,14,2318,56,400Gbps,1ns
1464,15,2319,56,400Gbps,1ns
1465,8,2158,2,400Gbps,1ns
1465,9,2158,3,400Gbps,1ns
1465,10,2159,2,400Gbps,1ns
1465,11,2159,3,400Gbps,1ns
1465,12,2316,57,400Gbps,1ns
1465,13,2317,57,400Gbps,1ns
1465,14,2318,57,400Gbps,1ns
1465,15,2319,57,400Gbps,1ns
1466,8,2158,4,400Gbps,1ns
1466,9,2158,5,400Gbps,1ns
1466,10,2159,4,400Gbps,1ns
1466,11,2159,5,400Gbps,1ns
1466,12,2316,58,400Gbps,1ns
1466,13,2317,58,400Gbps,1ns
1466,14,2318,58,400Gbps,1ns
1466,15,2319,58,400Gbps,1ns
1467,8,2158,6,400Gbps,1ns
1467,9,2158,7,400Gbps,1ns
1467,10,2159,6,400Gbps,1ns
1467,11,2159,7,400Gbps,1ns
1467,12,2316,59,400Gbps,1ns
1467,13,2317,59,400Gbps,1ns
1467,14,2318,59,400Gbps,1ns
1467,15,2319,59,400Gbps,1ns
1468,8,2158,8,400Gbps,1ns
1468,9,2158,9,400Gbps,1ns
1468,10,2159,8,400Gbps,1ns
1468,11,2159,9,400Gbps,1ns
1468,12,2316,60,400Gbps,1ns
1468,13,2317,60,400Gbps,1ns
1468,14,2318,60,400Gbps,1ns
1468,15,2319,60,400Gbps,1ns
1469,8,2158,10,400Gbps,1ns
1469,9,2158,11,400Gbps,1ns
1469,10,2159,10,400Gbps,1ns
1469,11,2159,11,400Gbps,1ns
1469,12,2316,61,400Gbps,1ns
1469,13,2317,61,400Gbps,1ns
1469,14,2318,61,400Gbps,1ns
1469,15,2319,61,400Gbps,1ns
1470,8,2158,12,400Gbps,1ns
1470,9,2158,13,400Gbps,1ns
1470,10,2159,12,400Gbps,1ns
1470,11,2159,13,400Gbps,1ns
1470,12,2316,62,400Gbps,1ns
1470,13,2317,62,400Gbps,1ns
1470,14,2318,62,400Gbps,1ns
1470,15,2319,62,400Gbps,1ns
1471,8,2158,14,400Gbps,1ns
1471,9,2158,15,400Gbps,1ns
1471,10,2159,14,400Gbps,1ns
1471,11,2159,15,400Gbps,1ns
1471,12,2316,63,400Gbps,1ns
1471,13,2317,63,400Gbps,1ns
1471,14,2318,63,400Gbps,1ns
1471,15,2319,63,400Gbps,1ns
1472,8,2160,0,400Gbps,1ns
1472,9,2160,1,400Gbps,1ns
1472,10,2161,0,400Gbps,1ns
1472,11,2161,1,400Gbps,1ns
1472,12,2316,64,400Gbps,1ns
1472,13,2317,64,400Gbps,1ns
1472,14,2318,64,400Gbps,1ns
1472,15,2319,64,400Gbps,1ns
1473,8,2160,2,400Gbps,1ns
1473,9,2160,3,400Gbps,1ns
1473,10,2161,2,400Gbps,1ns
1473,11,2161,3,400Gbps,1ns
1473,12,2316,65,400Gbps,1ns
1473,13,2317,65,400Gbps,1ns
1473,14,2318,65,400Gbps,1ns
1473,15,2319,65,400Gbps,1ns
1474,8,2160,4,400Gbps,1ns
1474,9,2160,5,400Gbps,1ns
1474,10,2161,4,400Gbps,1ns
1474,11,2161,5,400Gbps,1ns
1474,12,2316,66,400Gbps,1ns
1474,13,2317,66,400Gbps,1ns
1474,14,2318,66,400Gbps,1ns
1474,15,2319,66,400Gbps,1ns
1475,8,2160,6,400Gbps,1ns
1475,9,2160,7,400Gbps,1ns
1475,10,2161,6,400Gbps,1ns
1475,11,2161,7,400Gbps,1ns
1475,12,2316,67,400Gbps,1ns
1475,13,2317,67,400Gbps,1ns
1475,14,2318,67,400Gbps,1ns
1475,15,2319,67,400Gbps,1ns
1476,8,2160,8,400Gbps,1ns
1476,9,2160,9,400Gbps,1ns
1476,10,2161,8,400Gbps,1ns
1476,11,2161,9,400Gbps,1ns
1476,12,2316,68,400Gbps,1ns
1476,13,2317,68,400Gbps,1ns
1476,14,2318,68,400Gbps,1ns
1476,15,2319,68,400Gbps,1ns
1477,8,2160,10,400Gbps,1ns
1477,9,2160,11,400Gbps,1ns
1477,10,2161,10,400Gbps,1ns
1477,11,2161,11,400Gbps,1ns
1477,12,2316,69,400Gbps,1ns
1477,13,2317,69,400Gbps,1ns
1477,14,2318,69,400Gbps,1ns
1477,15,2319,69,400Gbps,1ns
1478,8,2160,12,400Gbps,1ns
1478,9,2160,13,400Gbps,1ns
1478,10,2161,12,400Gbps,1ns
1478,11,2161,13,400Gbps,1ns
1478,12,2316,70,400Gbps,1ns
1478,13,2317,70,400Gbps,1ns
1478,14,2318,70,400Gbps,1ns
1478,15,2319,70,400Gbps,1ns
1479,8,2160,14,400Gbps,1ns
1479,9,2160,15,400Gbps,1ns
1479,10,2161,14,400Gbps,1ns
1479,11,2161,15,400Gbps,1ns
1479,12,2316,71,400Gbps,1ns
1479,13,2317,71,400Gbps,1ns
1479,14,2318,71,400Gbps,1ns
1479,15,2319,71,400Gbps,1ns
1480,8,2162,0,400Gbps,1ns
1480,9,2162,1,400Gbps,1ns
1480,10,2163,0,400Gbps,1ns
1480,11,2163,1,400Gbps,1ns
1480,12,2316,72,400Gbps,1ns
1480,13,2317,72,400Gbps,1ns
1480,14,2318,72,400Gbps,1ns
1480,15,2319,72,400Gbps,1ns
1481,8,2162,2,400Gbps,1ns
1481,9,2162,3,400Gbps,1ns
1481,10,2163,2,400Gbps,1ns
1481,11,2163,3,400Gbps,1ns
1481,12,2316,73,400Gbps,1ns
1481,13,2317,73,400Gbps,1ns
1481,14,2318,73,400Gbps,1ns
1481,15,2319,73,400Gbps,1ns
1482,8,2162,4,400Gbps,1ns
1482,9,2162,5,400Gbps,1ns
1482,10,2163,4,400Gbps,1ns
1482,11,2163,5,400Gbps,1ns
1482,12,2316,74,400Gbps,1ns
1482,13,2317,74,400Gbps,1ns
1482,14,2318,74,400Gbps,1ns
1482,15,2319,74,400Gbps,1ns
1483,8,2162,6,400Gbps,1ns
1483,9,2162,7,400Gbps,1ns
1483,10,2163,6,400Gbps,1ns
1483,11,2163,7,400Gbps,1ns
1483,12,2316,75,400Gbps,1ns
1483,13,2317,75,400Gbps,1ns
1483,14,2318,75,400Gbps,1ns
1483,15,2319,75,400Gbps,1ns
1484,8,2162,8,400Gbps,1ns
1484,9,2162,9,400Gbps,1ns
1484,10,2163,8,400Gbps,1ns
1484,11,2163,9,400Gbps,1ns
1484,12,2316,76,400Gbps,1ns
1484,13,2317,76,400Gbps,1ns
1484,14,2318,76,400Gbps,1ns
1484,15,2319,76,400Gbps,1ns
1485,8,2162,10,400Gbps,1ns
1485,9,2162,11,400Gbps,1ns
1485,10,2163,10,400Gbps,1ns
1485,11,2163,11,400Gbps,1ns
1485,12,2316,77,400Gbps,1ns
1485,13,2317,77,400Gbps,1ns
1485,14,2318,77,400Gbps,1ns
1485,15,2319,77,400Gbps,1ns
1486,8,2162,12,400Gbps,1ns
1486,9,2162,13,400Gbps,1ns
1486,10,2163,12,400Gbps,1ns
1486,11,2163,13,400Gbps,1ns
1486,12,2316,78,400Gbps,1ns
1486,13,2317,78,400Gbps,1ns
1486,14,2318,78,400Gbps,1ns
1486,15,2319,78,400Gbps,1ns
1487,8,2162,14,400Gbps,1ns
1487,9,2162,15,400Gbps,1ns
1487,10,2163,14,400Gbps,1ns
1487,11,2163,15,400Gbps,1ns
1487,12,2316,79,400Gbps,1ns
1487,13,2317,79,400Gbps,1ns
1487,14,2318,79,400Gbps,1ns
1487,15,2319,79,400Gbps,1ns
1488,8,2164,0,400Gbps,1ns
1488,9,2164,1,400Gbps,1ns
1488,10,2165,0,400Gbps,1ns
1488,11,2165,1,400Gbps,1ns
1488,12,2316,80,400Gbps,1ns
1488,13,2317,80,400Gbps,1ns
1488,14,2318,80,400Gbps,1ns
1488,15,2319,80,400Gbps,1ns
1489,8,2164,2,400Gbps,1ns
1489,9,2164,3,400Gbps,1ns
1489,10,2165,2,400Gbps,1ns
1489,11,2165,3,400Gbps,1ns
1489,12,2316,81,400Gbps,1ns
1489,13,2317,81,400Gbps,1ns
1489,14,2318,81,400Gbps,1ns
1489,15,2319,81,400Gbps,1ns
1490,8,2164,4,400Gbps,1ns
1490,9,2164,5,400Gbps,1ns
1490,10,2165,4,400Gbps,1ns
1490,11,2165,5,400Gbps,1ns
1490,12,2316,82,400Gbps,1ns
1490,13,2317,82,400Gbps,1ns
1490,14,2318,82,400Gbps,1ns
1490,15,2319,82,400Gbps,1ns
1491,8,2164,6,400Gbps,1ns
1491,9,2164,7,400Gbps,1ns
1491,10,2165,6,400Gbps,1ns
1491,11,2165,7,400Gbps,1ns
1491,12,2316,83,400Gbps,1ns
1491,13,2317,83,400Gbps,1ns
1491,14,2318,83,400Gbps,1ns
1491,15,2319,83,400Gbps,1ns
1492,8,2164,8,400Gbps,1ns
1492,9,2164,9,400Gbps,1ns
1492,10,2165,8,400Gbps,1ns
1492,11,2165,9,400Gbps,1ns
1492,12,2316,84,400Gbps,1ns
1492,13,2317,84,400Gbps,1ns
1492,14,2318,84,400Gbps,1ns
1492,15,2319,84,400Gbps,1ns
1493,8,2164,10,400Gbps,1ns
1493,9,2164,11,400Gbps,1ns
1493,10,2165,10,400Gbps,1ns
1493,11,2165,11,400Gbps,1ns
1493,12,2316,85,400Gbps,1ns
1493,13,2317,85,400Gbps,1ns
1493,14,2318,85,400Gbps,1ns
1493,15,2319,85,400Gbps,1ns
1494,8,2164,12,400Gbps,1ns
1494,9,2164,13,400Gbps,1ns
1494,10,2165,12,400Gbps,1ns
1494,11,2165,13,400Gbps,1ns
1494,12,2316,86,400Gbps,1ns
1494,13,2317,86,400Gbps,1ns
1494,14,2318,86,400Gbps,1ns
1494,15,2319,86,400Gbps,1ns
1495,8,2164,14,400Gbps,1ns
1495,9,2164,15,400Gbps,1ns
1495,10,2165,14,400Gbps,1ns
1495,11,2165,15,400Gbps,1ns
1495,12,2316,87,400Gbps,1ns
1495,13,2317,87,400Gbps,1ns
1495,14,2318,87,400Gbps,1ns
1495,15,2319,87,400Gbps,1ns
1496,8,2166,0,400Gbps,1ns
1496,9,2166,1,400Gbps,1ns
1496,10,2167,0,400Gbps,1ns
1496,11,2167,1,400Gbps,1ns
1496,12,2316,88,400Gbps,1ns
1496,13,2317,88,400Gbps,1ns
1496,14,2318,88,400Gbps,1ns
1496,15,2319,88,400Gbps,1ns
1497,8,2166,2,400Gbps,1ns
1497,9,2166,3,400Gbps,1ns
1497,10,2167,2,400Gbps,1ns
1497,11,2167,3,400Gbps,1ns
1497,12,2316,89,400Gbps,1ns
1497,13,2317,89,400Gbps,1ns
1497,14,2318,89,400Gbps,1ns
1497,15,2319,89,400Gbps,1ns
1498,8,2166,4,400Gbps,1ns
1498,9,2166,5,400Gbps,1ns
1498,10,2167,4,400Gbps,1ns
1498,11,2167,5,400Gbps,1ns
1498,12,2316,90,400Gbps,1ns
1498,13,2317,90,400Gbps,1ns
1498,14,2318,90,400Gbps,1ns
1498,15,2319,90,400Gbps,1ns
1499,8,2166,6,400Gbps,1ns
1499,9,2166,7,400Gbps,1ns
1499,10,2167,6,400Gbps,1ns
1499,11,2167,7,400Gbps,1ns
1499,12,2316,91,400Gbps,1ns
1499,13,2317,91,400Gbps,1ns
1499,14,2318,91,400Gbps,1ns
1499,15,2319,91,400Gbps,1ns
1500,8,2166,8,400Gbps,1ns
1500,9,2166,9,400Gbps,1ns
1500,10,2167,8,400Gbps,1ns
1500,11,2167,9,400Gbps,1ns
1500,12,2316,92,400Gbps,1ns
1500,13,2317,92,400Gbps,1ns
1500,14,2318,92,400Gbps,1ns
1500,15,2319,92,400Gbps,1ns
1501,8,2166,10,400Gbps,1ns
1501,9,2166,11,400Gbps,1ns
1501,10,2167,10,400Gbps,1ns
1501,11,2167,11,400Gbps,1ns
1501,12,2316,93,400Gbps,1ns
1501,13,2317,93,400Gbps,1ns
1501,14,2318,93,400Gbps,1ns
1501,15,2319,93,400Gbps,1ns
1502,8,2166,12,400Gbps,1ns
1502,9,2166,13,400Gbps,1ns
1502,10,2167,12,400Gbps,1ns
1502,11,2167,13,400Gbps,1ns
1502,12,2316,94,400Gbps,1ns
1502,13,2317,94,400Gbps,1ns
1502,14,2318,94,400Gbps,1ns
1502,15,2319,94,400Gbps,1ns
1503,8,2166,14,400Gbps,1ns
1503,9,2166,15,400Gbps,1ns
1503,10,2167,14,400Gbps,1ns
1503,11,2167,15,400Gbps,1ns
1503,12,2316,95,400Gbps,1ns
1503,13,2317,95,400Gbps,1ns
1503,14,2318,95,400Gbps,1ns
1503,15,2319,95,400Gbps,1ns
1504,8,2168,0,400Gbps,1ns
1504,9,2168,1,400Gbps,1ns
1504,10,2169,0,400Gbps,1ns
1504,11,2169,1,400Gbps,1ns
1504,12,2316,96,400Gbps,1ns
1504,13,2317,96,400Gbps,1ns
1504,14,2318,96,400Gbps,1ns
1504,15,2319,96,400Gbps,1ns
1505,8,2168,2,400Gbps,1ns
1505,9,2168,3,400Gbps,1ns
1505,10,2169,2,400Gbps,1ns
1505,11,2169,3,400Gbps,1ns
1505,12,2316,97,400Gbps,1ns
1505,13,2317,97,400Gbps,1ns
1505,14,2318,97,400Gbps,1ns
1505,15,2319,97,400Gbps,1ns
1506,8,2168,4,400Gbps,1ns
1506,9,2168,5,400Gbps,1ns
1506,10,2169,4,400Gbps,1ns
1506,11,2169,5,400Gbps,1ns
1506,12,2316,98,400Gbps,1ns
1506,13,2317,98,400Gbps,1ns
1506,14,2318,98,400Gbps,1ns
1506,15,2319,98,400Gbps,1ns
1507,8,2168,6,400Gbps,1ns
1507,9,2168,7,400Gbps,1ns
1507,10,2169,6,400Gbps,1ns
1507,11,2169,7,400Gbps,1ns
1507,12,2316,99,400Gbps,1ns
1507,13,2317,99,400Gbps,1ns
1507,14,2318,99,400Gbps,1ns
1507,15,2319,99,400Gbps,1ns
1508,8,2168,8,400Gbps,1ns
1508,9,2168,9,400Gbps,1ns
1508,10,2169,8,400Gbps,1ns
1508,11,2169,9,400Gbps,1ns
1508,12,2316,100,400Gbps,1ns
1508,13,2317,100,400Gbps,1ns
1508,14,2318,100,400Gbps,1ns
1508,15,2319,100,400Gbps,1ns
1509,8,2168,10,400Gbps,1ns
1509,9,2168,11,400Gbps,1ns
1509,10,2169,10,400Gbps,1ns
1509,11,2169,11,400Gbps,1ns
1509,12,2316,101,400Gbps,1ns
1509,13,2317,101,400Gbps,1ns
1509,14,2318,101,400Gbps,1ns
1509,15,2319,101,400Gbps,1ns
1510,8,2168,12,400Gbps,1ns
1510,9,2168,13,400Gbps,1ns
1510,10,2169,12,400Gbps,1ns
1510,11,2169,13,400Gbps,1ns
1510,12,2316,102,400Gbps,1ns
1510,13,2317,102,400Gbps,1ns
1510,14,2318,102,400Gbps,1ns
1510,15,2319,102,400Gbps,1ns
1511,8,2168,14,400Gbps,1ns
1511,9,2168,15,400Gbps,1ns
1511,10,2169,14,400Gbps,1ns
1511,11,2169,15,400Gbps,1ns
1511,12,2316,103,400Gbps,1ns
1511,13,2317,103,400Gbps,1ns
1511,14,2318,103,400Gbps,1ns
1511,15,2319,103,400Gbps,1ns
1512,8,2170,0,400Gbps,1ns
1512,9,2170,1,400Gbps,1ns
1512,10,2171,0,400Gbps,1ns
1512,11,2171,1,400Gbps,1ns
1512,12,2316,104,400Gbps,1ns
1512,13,2317,104,400Gbps,1ns
1512,14,2318,104,400Gbps,1ns
1512,15,2319,104,400Gbps,1ns
1513,8,2170,2,400Gbps,1ns
1513,9,2170,3,400Gbps,1ns
1513,10,2171,2,400Gbps,1ns
1513,11,2171,3,400Gbps,1ns
1513,12,2316,105,400Gbps,1ns
1513,13,2317,105,400Gbps,1ns
1513,14,2318,105,400Gbps,1ns
1513,15,2319,105,400Gbps,1ns
1514,8,2170,4,400Gbps,1ns
1514,9,2170,5,400Gbps,1ns
1514,10,2171,4,400Gbps,1ns
1514,11,2171,5,400Gbps,1ns
1514,12,2316,106,400Gbps,1ns
1514,13,2317,106,400Gbps,1ns
1514,14,2318,106,400Gbps,1ns
1514,15,2319,106,400Gbps,1ns
1515,8,2170,6,400Gbps,1ns
1515,9,2170,7,400Gbps,1ns
1515,10,2171,6,400Gbps,1ns
1515,11,2171,7,400Gbps,1ns
1515,12,2316,107,400Gbps,1ns
1515,13,2317,107,400Gbps,1ns
1515,14,2318,107,400Gbps,1ns
1515,15,2319,107,400Gbps,1ns
1516,8,2170,8,400Gbps,1ns
1516,9,2170,9,400Gbps,1ns
1516,10,2171,8,400Gbps,1ns
1516,11,2171,9,400Gbps,1ns
1516,12,2316,108,400Gbps,1ns
1516,13,2317,108,400Gbps,1ns
1516,14,2318,108,400Gbps,1ns
1516,15,2319,108,400Gbps,1ns
1517,8,2170,10,400Gbps,1ns
1517,9,2170,11,400Gbps,1ns
1517,10,2171,10,400Gbps,1ns
1517,11,2171,11,400Gbps,1ns
1517,12,2316,109,400Gbps,1ns
1517,13,2317,109,400Gbps,1ns
1517,14,2318,109,400Gbps,1ns
1517,15,2319,109,400Gbps,1ns
1518,8,2170,12,400Gbps,1ns
1518,9,2170,13,400Gbps,1ns
1518,10,2171,12,400Gbps,1ns
1518,11,2171,13,400Gbps,1ns
1518,12,2316,110,400Gbps,1ns
1518,13,2317,110,400Gbps,1ns
1518,14,2318,110,400Gbps,1ns
1518,15,2319,110,400Gbps,1ns
1519,8,2170,14,400Gbps,1ns
1519,9,2170,15,400Gbps,1ns
1519,10,2171,14,400Gbps,1ns
1519,11,2171,15,400Gbps,1ns
1519,12,2316,111,400Gbps,1ns
1519,13,2317,111,400Gbps,1ns
1519,14,2318,111,400Gbps,1ns
1519,15,2319,111,400Gbps,1ns
1520,8,2172,0,400Gbps,1ns
1520,9,2172,1,400Gbps,1ns
1520,10,2173,0,400Gbps,1ns
1520,11,2173,1,400Gbps,1ns
1520,12,2316,112,400Gbps,1ns
1520,13,2317,112,400Gbps,1ns
1520,14,2318,112,400Gbps,1ns
1520,15,2319,112,400Gbps,1ns
1521,8,2172,2,400Gbps,1ns
1521,9,2172,3,400Gbps,1ns
1521,10,2173,2,400Gbps,1ns
1521,11,2173,3,400Gbps,1ns
1521,12,2316,113,400Gbps,1ns
1521,13,2317,113,400Gbps,1ns
1521,14,2318,113,400Gbps,1ns
1521,15,2319,113,400Gbps,1ns
1522,8,2172,4,400Gbps,1ns
1522,9,2172,5,400Gbps,1ns
1522,10,2173,4,400Gbps,1ns
1522,11,2173,5,400Gbps,1ns
1522,12,2316,114,400Gbps,1ns
1522,13,2317,114,400Gbps,1ns
1522,14,2318,114,400Gbps,1ns
1522,15,2319,114,400Gbps,1ns
1523,8,2172,6,400Gbps,1ns
1523,9,2172,7,400Gbps,1ns
1523,10,2173,6,400Gbps,1ns
1523,11,2173,7,400Gbps,1ns
1523,12,2316,115,400Gbps,1ns
1523,13,2317,115,400Gbps,1ns
1523,14,2318,115,400Gbps,1ns
1523,15,2319,115,400Gbps,1ns
1524,8,2172,8,400Gbps,1ns
1524,9,2172,9,400Gbps,1ns
1524,10,2173,8,400Gbps,1ns
1524,11,2173,9,400Gbps,1ns
1524,12,2316,116,400Gbps,1ns
1524,13,2317,116,400Gbps,1ns
1524,14,2318,116,400Gbps,1ns
1524,15,2319,116,400Gbps,1ns
1525,8,2172,10,400Gbps,1ns
1525,9,2172,11,400Gbps,1ns
1525,10,2173,10,400Gbps,1ns
1525,11,2173,11,400Gbps,1ns
1525,12,2316,117,400Gbps,1ns
1525,13,2317,117,400Gbps,1ns
1525,14,2318,117,400Gbps,1ns
1525,15,2319,117,400Gbps,1ns
1526,8,2172,12,400Gbps,1ns
1526,9,2172,13,400Gbps,1ns
1526,10,2173,12,400Gbps,1ns
1526,11,2173,13,400Gbps,1ns
1526,12,2316,118,400Gbps,1ns
1526,13,2317,118,400Gbps,1ns
1526,14,2318,118,400Gbps,1ns
1526,15,2319,118,400Gbps,1ns
1527,8,2172,14,400Gbps,1ns
1527,9,2172,15,400Gbps,1ns
1527,10,2173,14,400Gbps,1ns
1527,11,2173,15,400Gbps,1ns
1527,12,2316,119,400Gbps,1ns
1527,13,2317,119,400Gbps,1ns
1527,14,2318,119,400Gbps,1ns
1527,15,2319,119,400Gbps,1ns
1528,8,2174,0,400Gbps,1ns
1528,9,2174,1,400Gbps,1ns
1528,10,2175,0,400Gbps,1ns
1528,11,2175,1,400Gbps,1ns
1528,12,2316,120,400Gbps,1ns
1528,13,2317,120,400Gbps,1ns
1528,14,2318,120,400Gbps,1ns
1528,15,2319,120,400Gbps,1ns
1529,8,2174,2,400Gbps,1ns
1529,9,2174,3,400Gbps,1ns
1529,10,2175,2,400Gbps,1ns
1529,11,2175,3,400Gbps,1ns
1529,12,2316,121,400Gbps,1ns
1529,13,2317,121,400Gbps,1ns
1529,14,2318,121,400Gbps,1ns
1529,15,2319,121,400Gbps,1ns
1530,8,2174,4,400Gbps,1ns
1530,9,2174,5,400Gbps,1ns
1530,10,2175,4,400Gbps,1ns
1530,11,2175,5,400Gbps,1ns
1530,12,2316,122,400Gbps,1ns
1530,13,2317,122,400Gbps,1ns
1530,14,2318,122,400Gbps,1ns
1530,15,2319,122,400Gbps,1ns
1531,8,2174,6,400Gbps,1ns
1531,9,2174,7,400Gbps,1ns
1531,10,2175,6,400Gbps,1ns
1531,11,2175,7,400Gbps,1ns
1531,12,2316,123,400Gbps,1ns
1531,13,2317,123,400Gbps,1ns
1531,14,2318,123,400Gbps,1ns
1531,15,2319,123,400Gbps,1ns
1532,8,2174,8,400Gbps,1ns
1532,9,2174,9,400Gbps,1ns
1532,10,2175,8,400Gbps,1ns
1532,11,2175,9,400Gbps,1ns
1532,12,2316,124,400Gbps,1ns
1532,13,2317,124,400Gbps,1ns
1532,14,2318,124,400Gbps,1ns
1532,15,2319,124,400Gbps,1ns
1533,8,2174,10,400Gbps,1ns
1533,9,2174,11,400Gbps,1ns
1533,10,2175,10,400Gbps,1ns
1533,11,2175,11,400Gbps,1ns
1533,12,2316,125,400Gbps,1ns
1533,13,2317,125,400Gbps,1ns
1533,14,2318,125,400Gbps,1ns
1533,15,2319,125,400Gbps,1ns
1534,8,2174,12,400Gbps,1ns
1534,9,2174,13,400Gbps,1ns
1534,10,2175,12,400Gbps,1ns
1534,11,2175,13,400Gbps,1ns
1534,12,2316,126,400Gbps,1ns
1534,13,2317,126,400Gbps,1ns
1534,14,2318,126,400Gbps,1ns
1534,15,2319,126,400Gbps,1ns
1535,8,2174,14,400Gbps,1ns
1535,9,2174,15,400Gbps,1ns
1535,10,2175,14,400Gbps,1ns
1535,11,2175,15,400Gbps,1ns
1535,12,2316,127,400Gbps,1ns
1535,13,2317,127,400Gbps,1ns
1535,14,2318,127,400Gbps,1ns
1535,15,2319,127,400Gbps,1ns
1536,8,2176,0,400Gbps,1ns
1536,9,2176,1,400Gbps,1ns
1536,10,2177,0,400Gbps,1ns
1536,11,2177,1,400Gbps,1ns
1536,12,2320,0,400Gbps,1ns
1536,13,2321,0,400Gbps,1ns
1536,14,2322,0,400Gbps,1ns
1536,15,2323,0,400Gbps,1ns
1537,8,2176,2,400Gbps,1ns
1537,9,2176,3,400Gbps,1ns
1537,10,2177,2,400Gbps,1ns
1537,11,2177,3,400Gbps,1ns
1537,12,2320,1,400Gbps,1ns
1537,13,2321,1,400Gbps,1ns
1537,14,2322,1,400Gbps,1ns
1537,15,2323,1,400Gbps,1ns
1538,8,2176,4,400Gbps,1ns
1538,9,2176,5,400Gbps,1ns
1538,10,2177,4,400Gbps,1ns
1538,11,2177,5,400Gbps,1ns
1538,12,2320,2,400Gbps,1ns
1538,13,2321,2,400Gbps,1ns
1538,14,2322,2,400Gbps,1ns
1538,15,2323,2,400Gbps,1ns
1539,8,2176,6,400Gbps,1ns
1539,9,2176,7,400Gbps,1ns
1539,10,2177,6,400Gbps,1ns
1539,11,2177,7,400Gbps,1ns
1539,12,2320,3,400Gbps,1ns
1539,13,2321,3,400Gbps,1ns
1539,14,2322,3,400Gbps,1ns
1539,15,2323,3,400Gbps,1ns
1540,8,2176,8,400Gbps,1ns
1540,9,2176,9,400Gbps,1ns
1540,10,2177,8,400Gbps,1ns
1540,11,2177,9,400Gbps,1ns
1540,12,2320,4,400Gbps,1ns
1540,13,2321,4,400Gbps,1ns
1540,14,2322,4,400Gbps,1ns
1540,15,2323,4,400Gbps,1ns
1541,8,2176,10,400Gbps,1ns
1541,9,2176,11,400Gbps,1ns
1541,10,2177,10,400Gbps,1ns
1541,11,2177,11,400Gbps,1ns
1541,12,2320,5,400Gbps,1ns
1541,13,2321,5,400Gbps,1ns
1541,14,2322,5,400Gbps,1ns
1541,15,2323,5,400Gbps,1ns
1542,8,2176,12,400Gbps,1ns
1542,9,2176,13,400Gbps,1ns
1542,10,2177,12,400Gbps,1ns
1542,11,2177,13,400Gbps,1ns
1542,12,2320,6,400Gbps,1ns
1542,13,2321,6,400Gbps,1ns
1542,14,2322,6,400Gbps,1ns
1542,15,2323,6,400Gbps,1ns
1543,8,2176,14,400Gbps,1ns
1543,9,2176,15,400Gbps,1ns
1543,10,2177,14,400Gbps,1ns
1543,11,2177,15,400Gbps,1ns
1543,12,2320,7,400Gbps,1ns
1543,13,2321,7,400Gbps,1ns
1543,14,2322,7,400Gbps,1ns
1543,15,2323,7,400Gbps,1ns
1544,8,2178,0,400Gbps,1ns
1544,9,2178,1,400Gbps,1ns
1544,10,2179,0,400Gbps,1ns
1544,11,2179,1,400Gbps,1ns
1544,12,2320,8,400Gbps,1ns
1544,13,2321,8,400Gbps,1ns
1544,14,2322,8,400Gbps,1ns
1544,15,2323,8,400Gbps,1ns
1545,8,2178,2,400Gbps,1ns
1545,9,2178,3,400Gbps,1ns
1545,10,2179,2,400Gbps,1ns
1545,11,2179,3,400Gbps,1ns
1545,12,2320,9,400Gbps,1ns
1545,13,2321,9,400Gbps,1ns
1545,14,2322,9,400Gbps,1ns
1545,15,2323,9,400Gbps,1ns
1546,8,2178,4,400Gbps,1ns
1546,9,2178,5,400Gbps,1ns
1546,10,2179,4,400Gbps,1ns
1546,11,2179,5,400Gbps,1ns
1546,12,2320,10,400Gbps,1ns
1546,13,2321,10,400Gbps,1ns
1546,14,2322,10,400Gbps,1ns
1546,15,2323,10,400Gbps,1ns
1547,8,2178,6,400Gbps,1ns
1547,9,2178,7,400Gbps,1ns
1547,10,2179,6,400Gbps,1ns
1547,11,2179,7,400Gbps,1ns
1547,12,2320,11,400Gbps,1ns
1547,13,2321,11,400Gbps,1ns
1547,14,2322,11,400Gbps,1ns
1547,15,2323,11,400Gbps,1ns
1548,8,2178,8,400Gbps,1ns
1548,9,2178,9,400Gbps,1ns
1548,10,2179,8,400Gbps,1ns
1548,11,2179,9,400Gbps,1ns
1548,12,2320,12,400Gbps,1ns
1548,13,2321,12,400Gbps,1ns
1548,14,2322,12,400Gbps,1ns
1548,15,2323,12,400Gbps,1ns
1549,8,2178,10,400Gbps,1ns
1549,9,2178,11,400Gbps,1ns
1549,10,2179,10,400Gbps,1ns
1549,11,2179,11,400Gbps,1ns
1549,12,2320,13,400Gbps,1ns
1549,13,2321,13,400Gbps,1ns
1549,14,2322,13,400Gbps,1ns
1549,15,2323,13,400Gbps,1ns
1550,8,2178,12,400Gbps,1ns
1550,9,2178,13,400Gbps,1ns
1550,10,2179,12,400Gbps,1ns
1550,11,2179,13,400Gbps,1ns
1550,12,2320,14,400Gbps,1ns
1550,13,2321,14,400Gbps,1ns
1550,14,2322,14,400Gbps,1ns
1550,15,2323,14,400Gbps,1ns
1551,8,2178,14,400Gbps,1ns
1551,9,2178,15,400Gbps,1ns
1551,10,2179,14,400Gbps,1ns
1551,11,2179,15,400Gbps,1ns
1551,12,2320,15,400Gbps,1ns
1551,13,2321,15,400Gbps,1ns
1551,14,2322,15,400Gbps,1ns
1551,15,2323,15,400Gbps,1ns
1552,8,2180,0,400Gbps,1ns
1552,9,2180,1,400Gbps,1ns
1552,10,2181,0,400Gbps,1ns
1552,11,2181,1,400Gbps,1ns
1552,12,2320,16,400Gbps,1ns
1552,13,2321,16,400Gbps,1ns
1552,14,2322,16,400Gbps,1ns
1552,15,2323,16,400Gbps,1ns
1553,8,2180,2,400Gbps,1ns
1553,9,2180,3,400Gbps,1ns
1553,10,2181,2,400Gbps,1ns
1553,11,2181,3,400Gbps,1ns
1553,12,2320,17,400Gbps,1ns
1553,13,2321,17,400Gbps,1ns
1553,14,2322,17,400Gbps,1ns
1553,15,2323,17,400Gbps,1ns
1554,8,2180,4,400Gbps,1ns
1554,9,2180,5,400Gbps,1ns
1554,10,2181,4,400Gbps,1ns
1554,11,2181,5,400Gbps,1ns
1554,12,2320,18,400Gbps,1ns
1554,13,2321,18,400Gbps,1ns
1554,14,2322,18,400Gbps,1ns
1554,15,2323,18,400Gbps,1ns
1555,8,2180,6,400Gbps,1ns
1555,9,2180,7,400Gbps,1ns
1555,10,2181,6,400Gbps,1ns
1555,11,2181,7,400Gbps,1ns
1555,12,2320,19,400Gbps,1ns
1555,13,2321,19,400Gbps,1ns
1555,14,2322,19,400Gbps,1ns
1555,15,2323,19,400Gbps,1ns
1556,8,2180,8,400Gbps,1ns
1556,9,2180,9,400Gbps,1ns
1556,10,2181,8,400Gbps,1ns
1556,11,2181,9,400Gbps,1ns
1556,12,2320,20,400Gbps,1ns
1556,13,2321,20,400Gbps,1ns
1556,14,2322,20,400Gbps,1ns
1556,15,2323,20,400Gbps,1ns
1557,8,2180,10,400Gbps,1ns
1557,9,2180,11,400Gbps,1ns
1557,10,2181,10,400Gbps,1ns
1557,11,2181,11,400Gbps,1ns
1557,12,2320,21,400Gbps,1ns
1557,13,2321,21,400Gbps,1ns
1557,14,2322,21,400Gbps,1ns
1557,15,2323,21,400Gbps,1ns
1558,8,2180,12,400Gbps,1ns
1558,9,2180,13,400Gbps,1ns
1558,10,2181,12,400Gbps,1ns
1558,11,2181,13,400Gbps,1ns
1558,12,2320,22,400Gbps,1ns
1558,13,2321,22,400Gbps,1ns
1558,14,2322,22,400Gbps,1ns
1558,15,2323,22,400Gbps,1ns
1559,8,2180,14,400Gbps,1ns
1559,9,2180,15,400Gbps,1ns
1559,10,2181,14,400Gbps,1ns
1559,11,2181,15,400Gbps,1ns
1559,12,2320,23,400Gbps,1ns
1559,13,2321,23,400Gbps,1ns
1559,14,2322,23,400Gbps,1ns
1559,15,2323,23,400Gbps,1ns
1560,8,2182,0,400Gbps,1ns
1560,9,2182,1,400Gbps,1ns
1560,10,2183,0,400Gbps,1ns
1560,11,2183,1,400Gbps,1ns
1560,12,2320,24,400Gbps,1ns
1560,13,2321,24,400Gbps,1ns
1560,14,2322,24,400Gbps,1ns
1560,15,2323,24,400Gbps,1ns
1561,8,2182,2,400Gbps,1ns
1561,9,2182,3,400Gbps,1ns
1561,10,2183,2,400Gbps,1ns
1561,11,2183,3,400Gbps,1ns
1561,12,2320,25,400Gbps,1ns
1561,13,2321,25,400Gbps,1ns
1561,14,2322,25,400Gbps,1ns
1561,15,2323,25,400Gbps,1ns
1562,8,2182,4,400Gbps,1ns
1562,9,2182,5,400Gbps,1ns
1562,10,2183,4,400Gbps,1ns
1562,11,2183,5,400Gbps,1ns
1562,12,2320,26,400Gbps,1ns
1562,13,2321,26,400Gbps,1ns
1562,14,2322,26,400Gbps,1ns
1562,15,2323,26,400Gbps,1ns
1563,8,2182,6,400Gbps,1ns
1563,9,2182,7,400Gbps,1ns
1563,10,2183,6,400Gbps,1ns
1563,11,2183,7,400Gbps,1ns
1563,12,2320,27,400Gbps,1ns
1563,13,2321,27,400Gbps,1ns
1563,14,2322,27,400Gbps,1ns
1563,15,2323,27,400Gbps,1ns
1564,8,2182,8,400Gbps,1ns
1564,9,2182,9,400Gbps,1ns
1564,10,2183,8,400Gbps,1ns
1564,11,2183,9,400Gbps,1ns
1564,12,2320,28,400Gbps,1ns
1564,13,2321,28,400Gbps,1ns
1564,14,2322,28,400Gbps,1ns
1564,15,2323,28,400Gbps,1ns
1565,8,2182,10,400Gbps,1ns
1565,9,2182,11,400Gbps,1ns
1565,10,2183,10,400Gbps,1ns
1565,11,2183,11,400Gbps,1ns
1565,12,2320,29,400Gbps,1ns
1565,13,2321,29,400Gbps,1ns
1565,14,2322,29,400Gbps,1ns
1565,15,2323,29,400Gbps,1ns
1566,8,2182,12,400Gbps,1ns
1566,9,2182,13,400Gbps,1ns
1566,10,2183,12,400Gbps,1ns
1566,11,2183,13,400Gbps,1ns
1566,12,2320,30,400Gbps,1ns
1566,13,2321,30,400Gbps,1ns
1566,14,2322,30,400Gbps,1ns
1566,15,2323,30,400Gbps,1ns
1567,8,2182,14,400Gbps,1ns
1567,9,2182,15,400Gbps,1ns
1567,10,2183,14,400Gbps,1ns
1567,11,2183,15,400Gbps,1ns
1567,12,2320,31,400Gbps,1ns
1567,13,2321,31,400Gbps,1ns
1567,14,2322,31,400Gbps,1ns
1567,15,2323,31,400Gbps,1ns
1568,8,2184,0,400Gbps,1ns
1568,9,2184,1,400Gbps,1ns
1568,10,2185,0,400Gbps,1ns
1568,11,2185,1,400Gbps,1ns
1568,12,2320,32,400Gbps,1ns
1568,13,2321,32,400Gbps,1ns
1568,14,2322,32,400Gbps,1ns
1568,15,2323,32,400Gbps,1ns
1569,8,2184,2,400Gbps,1ns
1569,9,2184,3,400Gbps,1ns
1569,10,2185,2,400Gbps,1ns
1569,11,2185,3,400Gbps,1ns
1569,12,2320,33,400Gbps,1ns
1569,13,2321,33,400Gbps,1ns
1569,14,2322,33,400Gbps,1ns
1569,15,2323,33,400Gbps,1ns
1570,8,2184,4,400Gbps,1ns
1570,9,2184,5,400Gbps,1ns
1570,10,2185,4,400Gbps,1ns
1570,11,2185,5,400Gbps,1ns
1570,12,2320,34,400Gbps,1ns
1570,13,2321,34,400Gbps,1ns
1570,14,2322,34,400Gbps,1ns
1570,15,2323,34,400Gbps,1ns
1571,8,2184,6,400Gbps,1ns
1571,9,2184,7,400Gbps,1ns
1571,10,2185,6,400Gbps,1ns
1571,11,2185,7,400Gbps,1ns
1571,12,2320,35,400Gbps,1ns
1571,13,2321,35,400Gbps,1ns
1571,14,2322,35,400Gbps,1ns
1571,15,2323,35,400Gbps,1ns
1572,8,2184,8,400Gbps,1ns
1572,9,2184,9,400Gbps,1ns
1572,10,2185,8,400Gbps,1ns
1572,11,2185,9,400Gbps,1ns
1572,12,2320,36,400Gbps,1ns
1572,13,2321,36,400Gbps,1ns
1572,14,2322,36,400Gbps,1ns
1572,15,2323,36,400Gbps,1ns
1573,8,2184,10,400Gbps,1ns
1573,9,2184,11,400Gbps,1ns
1573,10,2185,10,400Gbps,1ns
1573,11,2185,11,400Gbps,1ns
1573,12,2320,37,400Gbps,1ns
1573,13,2321,37,400Gbps,1ns
1573,14,2322,37,400Gbps,1ns
1573,15,2323,37,400Gbps,1ns
1574,8,2184,12,400Gbps,1ns
1574,9,2184,13,400Gbps,1ns
1574,10,2185,12,400Gbps,1ns
1574,11,2185,13,400Gbps,1ns
1574,12,2320,38,400Gbps,1ns
1574,13,2321,38,400Gbps,1ns
1574,14,2322,38,400Gbps,1ns
1574,15,2323,38,400Gbps,1ns
1575,8,2184,14,400Gbps,1ns
1575,9,2184,15,400Gbps,1ns
1575,10,2185,14,400Gbps,1ns
1575,11,2185,15,400Gbps,1ns
1575,12,2320,39,400Gbps,1ns
1575,13,2321,39,400Gbps,1ns
1575,14,2322,39,400Gbps,1ns
1575,15,2323,39,400Gbps,1ns
1576,8,2186,0,400Gbps,1ns
1576,9,2186,1,400Gbps,1ns
1576,10,2187,0,400Gbps,1ns
1576,11,2187,1,400Gbps,1ns
1576,12,2320,40,400Gbps,1ns
1576,13,2321,40,400Gbps,1ns
1576,14,2322,40,400Gbps,1ns
1576,15,2323,40,400Gbps,1ns
1577,8,2186,2,400Gbps,1ns
1577,9,2186,3,400Gbps,1ns
1577,10,2187,2,400Gbps,1ns
1577,11,2187,3,400Gbps,1ns
1577,12,2320,41,400Gbps,1ns
1577,13,2321,41,400Gbps,1ns
1577,14,2322,41,400Gbps,1ns
1577,15,2323,41,400Gbps,1ns
1578,8,2186,4,400Gbps,1ns
1578,9,2186,5,400Gbps,1ns
1578,10,2187,4,400Gbps,1ns
1578,11,2187,5,400Gbps,1ns
1578,12,2320,42,400Gbps,1ns
1578,13,2321,42,400Gbps,1ns
1578,14,2322,42,400Gbps,1ns
1578,15,2323,42,400Gbps,1ns
1579,8,2186,6,400Gbps,1ns
1579,9,2186,7,400Gbps,1ns
1579,10,2187,6,400Gbps,1ns
1579,11,2187,7,400Gbps,1ns
1579,12,2320,43,400Gbps,1ns
1579,13,2321,43,400Gbps,1ns
1579,14,2322,43,400Gbps,1ns
1579,15,2323,43,400Gbps,1ns
1580,8,2186,8,400Gbps,1ns
1580,9,2186,9,400Gbps,1ns
1580,10,2187,8,400Gbps,1ns
1580,11,2187,9,400Gbps,1ns
1580,12,2320,44,400Gbps,1ns
1580,13,2321,44,400Gbps,1ns
1580,14,2322,44,400Gbps,1ns
1580,15,2323,44,400Gbps,1ns
1581,8,2186,10,400Gbps,1ns
1581,9,2186,11,400Gbps,1ns
1581,10,2187,10,400Gbps,1ns
1581,11,2187,11,400Gbps,1ns
1581,12,2320,45,400Gbps,1ns
1581,13,2321,45,400Gbps,1ns
1581,14,2322,45,400Gbps,1ns
1581,15,2323,45,400Gbps,1ns
1582,8,2186,12,400Gbps,1ns
1582,9,2186,13,400Gbps,1ns
1582,10,2187,12,400Gbps,1ns
1582,11,2187,13,400Gbps,1ns
1582,12,2320,46,400Gbps,1ns
1582,13,2321,46,400Gbps,1ns
1582,14,2322,46,400Gbps,1ns
1582,15,2323,46,400Gbps,1ns
1583,8,2186,14,400Gbps,1ns
1583,9,2186,15,400Gbps,1ns
1583,10,2187,14,400Gbps,1ns
1583,11,2187,15,400Gbps,1ns
1583,12,2320,47,400Gbps,1ns
1583,13,2321,47,400Gbps,1ns
1583,14,2322,47,400Gbps,1ns
1583,15,2323,47,400Gbps,1ns
1584,8,2188,0,400Gbps,1ns
1584,9,2188,1,400Gbps,1ns
1584,10,2189,0,400Gbps,1ns
1584,11,2189,1,400Gbps,1ns
1584,12,2320,48,400Gbps,1ns
1584,13,2321,48,400Gbps,1ns
1584,14,2322,48,400Gbps,1ns
1584,15,2323,48,400Gbps,1ns
1585,8,2188,2,400Gbps,1ns
1585,9,2188,3,400Gbps,1ns
1585,10,2189,2,400Gbps,1ns
1585,11,2189,3,400Gbps,1ns
1585,12,2320,49,400Gbps,1ns
1585,13,2321,49,400Gbps,1ns
1585,14,2322,49,400Gbps,1ns
1585,15,2323,49,400Gbps,1ns
1586,8,2188,4,400Gbps,1ns
1586,9,2188,5,400Gbps,1ns
1586,10,2189,4,400Gbps,1ns
1586,11,2189,5,400Gbps,1ns
1586,12,2320,50,400Gbps,1ns
1586,13,2321,50,400Gbps,1ns
1586,14,2322,50,400Gbps,1ns
1586,15,2323,50,400Gbps,1ns
1587,8,2188,6,400Gbps,1ns
1587,9,2188,7,400Gbps,1ns
1587,10,2189,6,400Gbps,1ns
1587,11,2189,7,400Gbps,1ns
1587,12,2320,51,400Gbps,1ns
1587,13,2321,51,400Gbps,1ns
1587,14,2322,51,400Gbps,1ns
1587,15,2323,51,400Gbps,1ns
1588,8,2188,8,400Gbps,1ns
1588,9,2188,9,400Gbps,1ns
1588,10,2189,8,400Gbps,1ns
1588,11,2189,9,400Gbps,1ns
1588,12,2320,52,400Gbps,1ns
1588,13,2321,52,400Gbps,1ns
1588,14,2322,52,400Gbps,1ns
1588,15,2323,52,400Gbps,1ns
1589,8,2188,10,400Gbps,1ns
1589,9,2188,11,400Gbps,1ns
1589,10,2189,10,400Gbps,1ns
1589,11,2189,11,400Gbps,1ns
1589,12,2320,53,400Gbps,1ns
1589,13,2321,53,400Gbps,1ns
1589,14,2322,53,400Gbps,1ns
1589,15,2323,53,400Gbps,1ns
1590,8,2188,12,400Gbps,1ns
1590,9,2188,13,400Gbps,1ns
1590,10,2189,12,400Gbps,1ns
1590,11,2189,13,400Gbps,1ns
1590,12,2320,54,400Gbps,1ns
1590,13,2321,54,400Gbps,1ns
1590,14,2322,54,400Gbps,1ns
1590,15,2323,54,400Gbps,1ns
1591,8,2188,14,400Gbps,1ns
1591,9,2188,15,400Gbps,1ns
1591,10,2189,14,400Gbps,1ns
1591,11,2189,15,400Gbps,1ns
1591,12,2320,55,400Gbps,1ns
1591,13,2321,55,400Gbps,1ns
1591,14,2322,55,400Gbps,1ns
1591,15,2323,55,400Gbps,1ns
1592,8,2190,0,400Gbps,1ns
1592,9,2190,1,400Gbps,1ns
1592,10,2191,0,400Gbps,1ns
1592,11,2191,1,400Gbps,1ns
1592,12,2320,56,400Gbps,1ns
1592,13,2321,56,400Gbps,1ns
1592,14,2322,56,400Gbps,1ns
1592,15,2323,56,400Gbps,1ns
1593,8,2190,2,400Gbps,1ns
1593,9,2190,3,400Gbps,1ns
1593,10,2191,2,400Gbps,1ns
1593,11,2191,3,400Gbps,1ns
1593,12,2320,57,400Gbps,1ns
1593,13,2321,57,400Gbps,1ns
1593,14,2322,57,400Gbps,1ns
1593,15,2323,57,400Gbps,1ns
1594,8,2190,4,400Gbps,1ns
1594,9,2190,5,400Gbps,1ns
1594,10,2191,4,400Gbps,1ns
1594,11,2191,5,400Gbps,1ns
1594,12,2320,58,400Gbps,1ns
1594,13,2321,58,400Gbps,1ns
1594,14,2322,58,400Gbps,1ns
1594,15,2323,58,400Gbps,1ns
1595,8,2190,6,400Gbps,1ns
1595,9,2190,7,400Gbps,1ns
1595,10,2191,6,400Gbps,1ns
1595,11,2191,7,400Gbps,1ns
1595,12,2320,59,400Gbps,1ns
1595,13,2321,59,400Gbps,1ns
1595,14,2322,59,400Gbps,1ns
1595,15,2323,59,400Gbps,1ns
1596,8,2190,8,400Gbps,1ns
1596,9,2190,9,400Gbps,1ns
1596,10,2191,8,400Gbps,1ns
1596,11,2191,9,400Gbps,1ns
1596,12,2320,60,400Gbps,1ns
1596,13,2321,60,400Gbps,1ns
1596,14,2322,60,400Gbps,1ns
1596,15,2323,60,400Gbps,1ns
1597,8,2190,10,400Gbps,1ns
1597,9,2190,11,400Gbps,1ns
1597,10,2191,10,400Gbps,1ns
1597,11,2191,11,400Gbps,1ns
1597,12,2320,61,400Gbps,1ns
1597,13,2321,61,400Gbps,1ns
1597,14,2322,61,400Gbps,1ns
1597,15,2323,61,400Gbps,1ns
1598,8,2190,12,400Gbps,1ns
1598,9,2190,13,400Gbps,1ns
1598,10,2191,12,400Gbps,1ns
1598,11,2191,13,400Gbps,1ns
1598,12,2320,62,400Gbps,1ns
1598,13,2321,62,400Gbps,1ns
1598,14,2322,62,400Gbps,1ns
1598,15,2323,62,400Gbps,1ns
1599,8,2190,14,400Gbps,1ns
1599,9,2190,15,400Gbps,1ns
1599,10,2191,14,400Gbps,1ns
1599,11,2191,15,400Gbps,1ns
1599,12,2320,63,400Gbps,1ns
1599,13,2321,63,400Gbps,1ns
1599,14,2322,63,400Gbps,1ns
1599,15,2323,63,400Gbps,1ns
1600,8,2192,0,400Gbps,1ns
1600,9,2192,1,400Gbps,1ns
1600,10,2193,0,400Gbps,1ns
1600,11,2193,1,400Gbps,1ns
1600,12,2320,64,400Gbps,1ns
1600,13,2321,64,400Gbps,1ns
1600,14,2322,64,400Gbps,1ns
1600,15,2323,64,400Gbps,1ns
1601,8,2192,2,400Gbps,1ns
1601,9,2192,3,400Gbps,1ns
1601,10,2193,2,400Gbps,1ns
1601,11,2193,3,400Gbps,1ns
1601,12,2320,65,400Gbps,1ns
1601,13,2321,65,400Gbps,1ns
1601,14,2322,65,400Gbps,1ns
1601,15,2323,65,400Gbps,1ns
1602,8,2192,4,400Gbps,1ns
1602,9,2192,5,400Gbps,1ns
1602,10,2193,4,400Gbps,1ns
1602,11,2193,5,400Gbps,1ns
1602,12,2320,66,400Gbps,1ns
1602,13,2321,66,400Gbps,1ns
1602,14,2322,66,400Gbps,1ns
1602,15,2323,66,400Gbps,1ns
1603,8,2192,6,400Gbps,1ns
1603,9,2192,7,400Gbps,1ns
1603,10,2193,6,400Gbps,1ns
1603,11,2193,7,400Gbps,1ns
1603,12,2320,67,400Gbps,1ns
1603,13,2321,67,400Gbps,1ns
1603,14,2322,67,400Gbps,1ns
1603,15,2323,67,400Gbps,1ns
1604,8,2192,8,400Gbps,1ns
1604,9,2192,9,400Gbps,1ns
1604,10,2193,8,400Gbps,1ns
1604,11,2193,9,400Gbps,1ns
1604,12,2320,68,400Gbps,1ns
1604,13,2321,68,400Gbps,1ns
1604,14,2322,68,400Gbps,1ns
1604,15,2323,68,400Gbps,1ns
1605,8,2192,10,400Gbps,1ns
1605,9,2192,11,400Gbps,1ns
1605,10,2193,10,400Gbps,1ns
1605,11,2193,11,400Gbps,1ns
1605,12,2320,69,400Gbps,1ns
1605,13,2321,69,400Gbps,1ns
1605,14,2322,69,400Gbps,1ns
1605,15,2323,69,400Gbps,1ns
1606,8,2192,12,400Gbps,1ns
1606,9,2192,13,400Gbps,1ns
1606,10,2193,12,400Gbps,1ns
1606,11,2193,13,400Gbps,1ns
1606,12,2320,70,400Gbps,1ns
1606,13,2321,70,400Gbps,1ns
1606,14,2322,70,400Gbps,1ns
1606,15,2323,70,400Gbps,1ns
1607,8,2192,14,400Gbps,1ns
1607,9,2192,15,400Gbps,1ns
1607,10,2193,14,400Gbps,1ns
1607,11,2193,15,400Gbps,1ns
1607,12,2320,71,400Gbps,1ns
1607,13,2321,71,400Gbps,1ns
1607,14,2322,71,400Gbps,1ns
1607,15,2323,71,400Gbps,1ns
1608,8,2194,0,400Gbps,1ns
1608,9,2194,1,400Gbps,1ns
1608,10,2195,0,400Gbps,1ns
1608,11,2195,1,400Gbps,1ns
1608,12,2320,72,400Gbps,1ns
1608,13,2321,72,400Gbps,1ns
1608,14,2322,72,400Gbps,1ns
1608,15,2323,72,400Gbps,1ns
1609,8,2194,2,400Gbps,1ns
1609,9,2194,3,400Gbps,1ns
1609,10,2195,2,400Gbps,1ns
1609,11,2195,3,400Gbps,1ns
1609,12,2320,73,400Gbps,1ns
1609,13,2321,73,400Gbps,1ns
1609,14,2322,73,400Gbps,1ns
1609,15,2323,73,400Gbps,1ns
1610,8,2194,4,400Gbps,1ns
1610,9,2194,5,400Gbps,1ns
1610,10,2195,4,400Gbps,1ns
1610,11,2195,5,400Gbps,1ns
1610,12,2320,74,400Gbps,1ns
1610,13,2321,74,400Gbps,1ns
1610,14,2322,74,400Gbps,1ns
1610,15,2323,74,400Gbps,1ns
1611,8,2194,6,400Gbps,1ns
1611,9,2194,7,400Gbps,1ns
1611,10,2195,6,400Gbps,1ns
1611,11,2195,7,400Gbps,1ns
1611,12,2320,75,400Gbps,1ns
1611,13,2321,75,400Gbps,1ns
1611,14,2322,75,400Gbps,1ns
1611,15,2323,75,400Gbps,1ns
1612,8,2194,8,400Gbps,1ns
1612,9,2194,9,400Gbps,1ns
1612,10,2195,8,400Gbps,1ns
1612,11,2195,9,400Gbps,1ns
1612,12,2320,76,400Gbps,1ns
1612,13,2321,76,400Gbps,1ns
1612,14,2322,76,400Gbps,1ns
1612,15,2323,76,400Gbps,1ns
1613,8,2194,10,400Gbps,1ns
1613,9,2194,11,400Gbps,1ns
1613,10,2195,10,400Gbps,1ns
1613,11,2195,11,400Gbps,1ns
1613,12,2320,77,400Gbps,1ns
1613,13,2321,77,400Gbps,1ns
1613,14,2322,77,400Gbps,1ns
1613,15,2323,77,400Gbps,1ns
1614,8,2194,12,400Gbps,1ns
1614,9,2194,13,400Gbps,1ns
1614,10,2195,12,400Gbps,1ns
1614,11,2195,13,400Gbps,1ns
1614,12,2320,78,400Gbps,1ns
1614,13,2321,78,400Gbps,1ns
1614,14,2322,78,400Gbps,1ns
1614,15,2323,78,400Gbps,1ns
1615,8,2194,14,400Gbps,1ns
1615,9,2194,15,400Gbps,1ns
1615,10,2195,14,400Gbps,1ns
1615,11,2195,15,400Gbps,1ns
1615,12,2320,79,400Gbps,1ns
1615,13,2321,79,400Gbps,1ns
1615,14,2322,79,400Gbps,1ns
1615,15,2323,79,400Gbps,1ns
1616,8,2196,0,400Gbps,1ns
1616,9,2196,1,400Gbps,1ns
1616,10,2197,0,400Gbps,1ns
1616,11,2197,1,400Gbps,1ns
1616,12,2320,80,400Gbps,1ns
1616,13,2321,80,400Gbps,1ns
1616,14,2322,80,400Gbps,1ns
1616,15,2323,80,400Gbps,1ns
1617,8,2196,2,400Gbps,1ns
1617,9,2196,3,400Gbps,1ns
1617,10,2197,2,400Gbps,1ns
1617,11,2197,3,400Gbps,1ns
1617,12,2320,81,400Gbps,1ns
1617,13,2321,81,400Gbps,1ns
1617,14,2322,81,400Gbps,1ns
1617,15,2323,81,400Gbps,1ns
1618,8,2196,4,400Gbps,1ns
1618,9,2196,5,400Gbps,1ns
1618,10,2197,4,400Gbps,1ns
1618,11,2197,5,400Gbps,1ns
1618,12,2320,82,400Gbps,1ns
1618,13,2321,82,400Gbps,1ns
1618,14,2322,82,400Gbps,1ns
1618,15,2323,82,400Gbps,1ns
1619,8,2196,6,400Gbps,1ns
1619,9,2196,7,400Gbps,1ns
1619,10,2197,6,400Gbps,1ns
1619,11,2197,7,400Gbps,1ns
1619,12,2320,83,400Gbps,1ns
1619,13,2321,83,400Gbps,1ns
1619,14,2322,83,400Gbps,1ns
1619,15,2323,83,400Gbps,1ns
1620,8,2196,8,400Gbps,1ns
1620,9,2196,9,400Gbps,1ns
1620,10,2197,8,400Gbps,1ns
1620,11,2197,9,400Gbps,1ns
1620,12,2320,84,400Gbps,1ns
1620,13,2321,84,400Gbps,1ns
1620,14,2322,84,400Gbps,1ns
1620,15,2323,84,400Gbps,1ns
1621,8,2196,10,400Gbps,1ns
1621,9,2196,11,400Gbps,1ns
1621,10,2197,10,400Gbps,1ns
1621,11,2197,11,400Gbps,1ns
1621,12,2320,85,400Gbps,1ns
1621,13,2321,85,400Gbps,1ns
1621,14,2322,85,400Gbps,1ns
1621,15,2323,85,400Gbps,1ns
1622,8,2196,12,400Gbps,1ns
1622,9,2196,13,400Gbps,1ns
1622,10,2197,12,400Gbps,1ns
1622,11,2197,13,400Gbps,1ns
1622,12,2320,86,400Gbps,1ns
1622,13,2321,86,400Gbps,1ns
1622,14,2322,86,400Gbps,1ns
1622,15,2323,86,400Gbps,1ns
1623,8,2196,14,400Gbps,1ns
1623,9,2196,15,400Gbps,1ns
1623,10,2197,14,400Gbps,1ns
1623,11,2197,15,400Gbps,1ns
1623,12,2320,87,400Gbps,1ns
1623,13,2321,87,400Gbps,1ns
1623,14,2322,87,400Gbps,1ns
1623,15,2323,87,400Gbps,1ns
1624,8,2198,0,400Gbps,1ns
1624,9,2198,1,400Gbps,1ns
1624,10,2199,0,400Gbps,1ns
1624,11,2199,1,400Gbps,1ns
1624,12,2320,88,400Gbps,1ns
1624,13,2321,88,400Gbps,1ns
1624,14,2322,88,400Gbps,1ns
1624,15,2323,88,400Gbps,1ns
1625,8,2198,2,400Gbps,1ns
1625,9,2198,3,400Gbps,1ns
1625,10,2199,2,400Gbps,1ns
1625,11,2199,3,400Gbps,1ns
1625,12,2320,89,400Gbps,1ns
1625,13,2321,89,400Gbps,1ns
1625,14,2322,89,400Gbps,1ns
1625,15,2323,89,400Gbps,1ns
1626,8,2198,4,400Gbps,1ns
1626,9,2198,5,400Gbps,1ns
1626,10,2199,4,400Gbps,1ns
1626,11,2199,5,400Gbps,1ns
1626,12,2320,90,400Gbps,1ns
1626,13,2321,90,400Gbps,1ns
1626,14,2322,90,400Gbps,1ns
1626,15,2323,90,400Gbps,1ns
1627,8,2198,6,400Gbps,1ns
1627,9,2198,7,400Gbps,1ns
1627,10,2199,6,400Gbps,1ns
1627,11,2199,7,400Gbps,1ns
1627,12,2320,91,400Gbps,1ns
1627,13,2321,91,400Gbps,1ns
1627,14,2322,91,400Gbps,1ns
1627,15,2323,91,400Gbps,1ns
1628,8,2198,8,400Gbps,1ns
1628,9,2198,9,400Gbps,1ns
1628,10,2199,8,400Gbps,1ns
1628,11,2199,9,400Gbps,1ns
1628,12,2320,92,400Gbps,1ns
1628,13,2321,92,400Gbps,1ns
1628,14,2322,92,400Gbps,1ns
1628,15,2323,92,400Gbps,1ns
1629,8,2198,10,400Gbps,1ns
1629,9,2198,11,400Gbps,1ns
1629,10,2199,10,400Gbps,1ns
1629,11,2199,11,400Gbps,1ns
1629,12,2320,93,400Gbps,1ns
1629,13,2321,93,400Gbps,1ns
1629,14,2322,93,400Gbps,1ns
1629,15,2323,93,400Gbps,1ns
1630,8,2198,12,400Gbps,1ns
1630,9,2198,13,400Gbps,1ns
1630,10,2199,12,400Gbps,1ns
1630,11,2199,13,400Gbps,1ns
1630,12,2320,94,400Gbps,1ns
1630,13,2321,94,400Gbps,1ns
1630,14,2322,94,400Gbps,1ns
1630,15,2323,94,400Gbps,1ns
1631,8,2198,14,400Gbps,1ns
1631,9,2198,15,400Gbps,1ns
1631,10,2199,14,400Gbps,1ns
1631,11,2199,15,400Gbps,1ns
1631,12,2320,95,400Gbps,1ns
1631,13,2321,95,400Gbps,1ns
1631,14,2322,95,400Gbps,1ns
1631,15,2323,95,400Gbps,1ns
1632,8,2200,0,400Gbps,1ns
1632,9,2200,1,400Gbps,1ns
1632,10,2201,0,400Gbps,1ns
1632,11,2201,1,400Gbps,1ns
1632,12,2320,96,400Gbps,1ns
1632,13,2321,96,400Gbps,1ns
1632,14,2322,96,400Gbps,1ns
1632,15,2323,96,400Gbps,1ns
1633,8,2200,2,400Gbps,1ns
1633,9,2200,3,400Gbps,1ns
1633,10,2201,2,400Gbps,1ns
1633,11,2201,3,400Gbps,1ns
1633,12,2320,97,400Gbps,1ns
1633,13,2321,97,400Gbps,1ns
1633,14,2322,97,400Gbps,1ns
1633,15,2323,97,400Gbps,1ns
1634,8,2200,4,400Gbps,1ns
1634,9,2200,5,400Gbps,1ns
1634,10,2201,4,400Gbps,1ns
1634,11,2201,5,400Gbps,1ns
1634,12,2320,98,400Gbps,1ns
1634,13,2321,98,400Gbps,1ns
1634,14,2322,98,400Gbps,1ns
1634,15,2323,98,400Gbps,1ns
1635,8,2200,6,400Gbps,1ns
1635,9,2200,7,400Gbps,1ns
1635,10,2201,6,400Gbps,1ns
1635,11,2201,7,400Gbps,1ns
1635,12,2320,99,400Gbps,1ns
1635,13,2321,99,400Gbps,1ns
1635,14,2322,99,400Gbps,1ns
1635,15,2323,99,400Gbps,1ns
1636,8,2200,8,400Gbps,1ns
1636,9,2200,9,400Gbps,1ns
1636,10,2201,8,400Gbps,1ns
1636,11,2201,9,400Gbps,1ns
1636,12,2320,100,400Gbps,1ns
1636,13,2321,100,400Gbps,1ns
1636,14,2322,100,400Gbps,1ns
1636,15,2323,100,400Gbps,1ns
1637,8,2200,10,400Gbps,1ns
1637,9,2200,11,400Gbps,1ns
1637,10,2201,10,400Gbps,1ns
1637,11,2201,11,400Gbps,1ns
1637,12,2320,101,400Gbps,1ns
1637,13,2321,101,400Gbps,1ns
1637,14,2322,101,400Gbps,1ns
1637,15,2323,101,400Gbps,1ns
1638,8,2200,12,400Gbps,1ns
1638,9,2200,13,400Gbps,1ns
1638,10,2201,12,400Gbps,1ns
1638,11,2201,13,400Gbps,1ns
1638,12,2320,102,400Gbps,1ns
1638,13,2321,102,400Gbps,1ns
1638,14,2322,102,400Gbps,1ns
1638,15,2323,102,400Gbps,1ns
1639,8,2200,14,400Gbps,1ns
1639,9,2200,15,400Gbps,1ns
1639,10,2201,14,400Gbps,1ns
1639,11,2201,15,400Gbps,1ns
1639,12,2320,103,400Gbps,1ns
1639,13,2321,103,400Gbps,1ns
1639,14,2322,103,400Gbps,1ns
1639,15,2323,103,400Gbps,1ns
1640,8,2202,0,400Gbps,1ns
1640,9,2202,1,400Gbps,1ns
1640,10,2203,0,400Gbps,1ns
1640,11,2203,1,400Gbps,1ns
1640,12,2320,104,400Gbps,1ns
1640,13,2321,104,400Gbps,1ns
1640,14,2322,104,400Gbps,1ns
1640,15,2323,104,400Gbps,1ns
1641,8,2202,2,400Gbps,1ns
1641,9,2202,3,400Gbps,1ns
1641,10,2203,2,400Gbps,1ns
1641,11,2203,3,400Gbps,1ns
1641,12,2320,105,400Gbps,1ns
1641,13,2321,105,400Gbps,1ns
1641,14,2322,105,400Gbps,1ns
1641,15,2323,105,400Gbps,1ns
1642,8,2202,4,400Gbps,1ns
1642,9,2202,5,400Gbps,1ns
1642,10,2203,4,400Gbps,1ns
1642,11,2203,5,400Gbps,1ns
1642,12,2320,106,400Gbps,1ns
1642,13,2321,106,400Gbps,1ns
1642,14,2322,106,400Gbps,1ns
1642,15,2323,106,400Gbps,1ns
1643,8,2202,6,400Gbps,1ns
1643,9,2202,7,400Gbps,1ns
1643,10,2203,6,400Gbps,1ns
1643,11,2203,7,400Gbps,1ns
1643,12,2320,107,400Gbps,1ns
1643,13,2321,107,400Gbps,1ns
1643,14,2322,107,400Gbps,1ns
1643,15,2323,107,400Gbps,1ns
1644,8,2202,8,400Gbps,1ns
1644,9,2202,9,400Gbps,1ns
1644,10,2203,8,400Gbps,1ns
1644,11,2203,9,400Gbps,1ns
1644,12,2320,108,400Gbps,1ns
1644,13,2321,108,400Gbps,1ns
1644,14,2322,108,400Gbps,1ns
1644,15,2323,108,400Gbps,1ns
1645,8,2202,10,400Gbps,1ns
1645,9,2202,11,400Gbps,1ns
1645,10,2203,10,400Gbps,1ns
1645,11,2203,11,400Gbps,1ns
1645,12,2320,109,400Gbps,1ns
1645,13,2321,109,400Gbps,1ns
1645,14,2322,109,400Gbps,1ns
1645,15,2323,109,400Gbps,1ns
1646,8,2202,12,400Gbps,1ns
1646,9,2202,13,400Gbps,1ns
1646,10,2203,12,400Gbps,1ns
1646,11,2203,13,400Gbps,1ns
1646,12,2320,110,400Gbps,1ns
1646,13,2321,110,400Gbps,1ns
1646,14,2322,110,400Gbps,1ns
1646,15,2323,110,400Gbps,1ns
1647,8,2202,14,400Gbps,1ns
1647,9,2202,15,400Gbps,1ns
1647,10,2203,14,400Gbps,1ns
1647,11,2203,15,400Gbps,1ns
1647,12,2320,111,400Gbps,1ns
1647,13,2321,111,400Gbps,1ns
1647,14,2322,111,400Gbps,1ns
1647,15,2323,111,400Gbps,1ns
1648,8,2204,0,400Gbps,1ns
1648,9,2204,1,400Gbps,1ns
1648,10,2205,0,400Gbps,1ns
1648,11,2205,1,400Gbps,1ns
1648,12,2320,112,400Gbps,1ns
1648,13,2321,112,400Gbps,1ns
1648,14,2322,112,400Gbps,1ns
1648,15,2323,112,400Gbps,1ns
1649,8,2204,2,400Gbps,1ns
1649,9,2204,3,400Gbps,1ns
1649,10,2205,2,400Gbps,1ns
1649,11,2205,3,400Gbps,1ns
1649,12,2320,113,400Gbps,1ns
1649,13,2321,113,400Gbps,1ns
1649,14,2322,113,400Gbps,1ns
1649,15,2323,113,400Gbps,1ns
1650,8,2204,4,400Gbps,1ns
1650,9,2204,5,400Gbps,1ns
1650,10,2205,4,400Gbps,1ns
1650,11,2205,5,400Gbps,1ns
1650,12,2320,114,400Gbps,1ns
1650,13,2321,114,400Gbps,1ns
1650,14,2322,114,400Gbps,1ns
1650,15,2323,114,400Gbps,1ns
1651,8,2204,6,400Gbps,1ns
1651,9,2204,7,400Gbps,1ns
1651,10,2205,6,400Gbps,1ns
1651,11,2205,7,400Gbps,1ns
1651,12,2320,115,400Gbps,1ns
1651,13,2321,115,400Gbps,1ns
1651,14,2322,115,400Gbps,1ns
1651,15,2323,115,400Gbps,1ns
1652,8,2204,8,400Gbps,1ns
1652,9,2204,9,400Gbps,1ns
1652,10,2205,8,400Gbps,1ns
1652,11,2205,9,400Gbps,1ns
1652,12,2320,116,400Gbps,1ns
1652,13,2321,116,400Gbps,1ns
1652,14,2322,116,400Gbps,1ns
1652,15,2323,116,400Gbps,1ns
1653,8,2204,10,400Gbps,1ns
1653,9,2204,11,400Gbps,1ns
1653,10,2205,10,400Gbps,1ns
1653,11,2205,11,400Gbps,1ns
1653,12,2320,117,400Gbps,1ns
1653,13,2321,117,400Gbps,1ns
1653,14,2322,117,400Gbps,1ns
1653,15,2323,117,400Gbps,1ns
1654,8,2204,12,400Gbps,1ns
1654,9,2204,13,400Gbps,1ns
1654,10,2205,12,400Gbps,1ns
1654,11,2205,13,400Gbps,1ns
1654,12,2320,118,400Gbps,1ns
1654,13,2321,118,400Gbps,1ns
1654,14,2322,118,400Gbps,1ns
1654,15,2323,118,400Gbps,1ns
1655,8,2204,14,400Gbps,1ns
1655,9,2204,15,400Gbps,1ns
1655,10,2205,14,400Gbps,1ns
1655,11,2205,15,400Gbps,1ns
1655,12,2320,119,400Gbps,1ns
1655,13,2321,119,400Gbps,1ns
1655,14,2322,119,400Gbps,1ns
1655,15,2323,119,400Gbps,1ns
1656,8,2206,0,400Gbps,1ns
1656,9,2206,1,400Gbps,1ns
1656,10,2207,0,400Gbps,1ns
1656,11,2207,1,400Gbps,1ns
1656,12,2320,120,400Gbps,1ns
1656,13,2321,120,400Gbps,1ns
1656,14,2322,120,400Gbps,1ns
1656,15,2323,120,400Gbps,1ns
1657,8,2206,2,400Gbps,1ns
1657,9,2206,3,400Gbps,1ns
1657,10,2207,2,400Gbps,1ns
1657,11,2207,3,400Gbps,1ns
1657,12,2320,121,400Gbps,1ns
1657,13,2321,121,400Gbps,1ns
1657,14,2322,121,400Gbps,1ns
1657,15,2323,121,400Gbps,1ns
1658,8,2206,4,400Gbps,1ns
1658,9,2206,5,400Gbps,1ns
1658,10,2207,4,400Gbps,1ns
1658,11,2207,5,400Gbps,1ns
1658,12,2320,122,400Gbps,1ns
1658,13,2321,122,400Gbps,1ns
1658,14,2322,122,400Gbps,1ns
1658,15,2323,122,400Gbps,1ns
1659,8,2206,6,400Gbps,1ns
1659,9,2206,7,400Gbps,1ns
1659,10,2207,6,400Gbps,1ns
1659,11,2207,7,400Gbps,1ns
1659,12,2320,123,400Gbps,1ns
1659,13,2321,123,400Gbps,1ns
1659,14,2322,123,400Gbps,1ns
1659,15,2323,123,400Gbps,1ns
1660,8,2206,8,400Gbps,1ns
1660,9,2206,9,400Gbps,1ns
1660,10,2207,8,400Gbps,1ns
1660,11,2207,9,400Gbps,1ns
1660,12,2320,124,400Gbps,1ns
1660,13,2321,124,400Gbps,1ns
1660,14,2322,124,400Gbps,1ns
1660,15,2323,124,400Gbps,1ns
1661,8,2206,10,400Gbps,1ns
1661,9,2206,11,400Gbps,1ns
1661,10,2207,10,400Gbps,1ns
1661,11,2207,11,400Gbps,1ns
1661,12,2320,125,400Gbps,1ns
1661,13,2321,125,400Gbps,1ns
1661,14,2322,125,400Gbps,1ns
1661,15,2323,125,400Gbps,1ns
1662,8,2206,12,400Gbps,1ns
1662,9,2206,13,400Gbps,1ns
1662,10,2207,12,400Gbps,1ns
1662,11,2207,13,400Gbps,1ns
1662,12,2320,126,400Gbps,1ns
1662,13,2321,126,400Gbps,1ns
1662,14,2322,126,400Gbps,1ns
1662,15,2323,126,400Gbps,1ns
1663,8,2206,14,400Gbps,1ns
1663,9,2206,15,400Gbps,1ns
1663,10,2207,14,400Gbps,1ns
1663,11,2207,15,400Gbps,1ns
1663,12,2320,127,400Gbps,1ns
1663,13,2321,127,400Gbps,1ns
1663,14,2322,127,400Gbps,1ns
1663,15,2323,127,400Gbps,1ns
1664,8,2208,0,400Gbps,1ns
1664,9,2208,1,400Gbps,1ns
1664,10,2209,0,400Gbps,1ns
1664,11,2209,1,400Gbps,1ns
1664,12,2324,0,400Gbps,1ns
1664,13,2325,0,400Gbps,1ns
1664,14,2326,0,400Gbps,1ns
1664,15,2327,0,400Gbps,1ns
1665,8,2208,2,400Gbps,1ns
1665,9,2208,3,400Gbps,1ns
1665,10,2209,2,400Gbps,1ns
1665,11,2209,3,400Gbps,1ns
1665,12,2324,1,400Gbps,1ns
1665,13,2325,1,400Gbps,1ns
1665,14,2326,1,400Gbps,1ns
1665,15,2327,1,400Gbps,1ns
1666,8,2208,4,400Gbps,1ns
1666,9,2208,5,400Gbps,1ns
1666,10,2209,4,400Gbps,1ns
1666,11,2209,5,400Gbps,1ns
1666,12,2324,2,400Gbps,1ns
1666,13,2325,2,400Gbps,1ns
1666,14,2326,2,400Gbps,1ns
1666,15,2327,2,400Gbps,1ns
1667,8,2208,6,400Gbps,1ns
1667,9,2208,7,400Gbps,1ns
1667,10,2209,6,400Gbps,1ns
1667,11,2209,7,400Gbps,1ns
1667,12,2324,3,400Gbps,1ns
1667,13,2325,3,400Gbps,1ns
1667,14,2326,3,400Gbps,1ns
1667,15,2327,3,400Gbps,1ns
1668,8,2208,8,400Gbps,1ns
1668,9,2208,9,400Gbps,1ns
1668,10,2209,8,400Gbps,1ns
1668,11,2209,9,400Gbps,1ns
1668,12,2324,4,400Gbps,1ns
1668,13,2325,4,400Gbps,1ns
1668,14,2326,4,400Gbps,1ns
1668,15,2327,4,400Gbps,1ns
1669,8,2208,10,400Gbps,1ns
1669,9,2208,11,400Gbps,1ns
1669,10,2209,10,400Gbps,1ns
1669,11,2209,11,400Gbps,1ns
1669,12,2324,5,400Gbps,1ns
1669,13,2325,5,400Gbps,1ns
1669,14,2326,5,400Gbps,1ns
1669,15,2327,5,400Gbps,1ns
1670,8,2208,12,400Gbps,1ns
1670,9,2208,13,400Gbps,1ns
1670,10,2209,12,400Gbps,1ns
1670,11,2209,13,400Gbps,1ns
1670,12,2324,6,400Gbps,1ns
1670,13,2325,6,400Gbps,1ns
1670,14,2326,6,400Gbps,1ns
1670,15,2327,6,400Gbps,1ns
1671,8,2208,14,400Gbps,1ns
1671,9,2208,15,400Gbps,1ns
1671,10,2209,14,400Gbps,1ns
1671,11,2209,15,400Gbps,1ns
1671,12,2324,7,400Gbps,1ns
1671,13,2325,7,400Gbps,1ns
1671,14,2326,7,400Gbps,1ns
1671,15,2327,7,400Gbps,1ns
1672,8,2210,0,400Gbps,1ns
1672,9,2210,1,400Gbps,1ns
1672,10,2211,0,400Gbps,1ns
1672,11,2211,1,400Gbps,1ns
1672,12,2324,8,400Gbps,1ns
1672,13,2325,8,400Gbps,1ns
1672,14,2326,8,400Gbps,1ns
1672,15,2327,8,400Gbps,1ns
1673,8,2210,2,400Gbps,1ns
1673,9,2210,3,400Gbps,1ns
1673,10,2211,2,400Gbps,1ns
1673,11,2211,3,400Gbps,1ns
1673,12,2324,9,400Gbps,1ns
1673,13,2325,9,400Gbps,1ns
1673,14,2326,9,400Gbps,1ns
1673,15,2327,9,400Gbps,1ns
1674,8,2210,4,400Gbps,1ns
1674,9,2210,5,400Gbps,1ns
1674,10,2211,4,400Gbps,1ns
1674,11,2211,5,400Gbps,1ns
1674,12,2324,10,400Gbps,1ns
1674,13,2325,10,400Gbps,1ns
1674,14,2326,10,400Gbps,1ns
1674,15,2327,10,400Gbps,1ns
1675,8,2210,6,400Gbps,1ns
1675,9,2210,7,400Gbps,1ns
1675,10,2211,6,400Gbps,1ns
1675,11,2211,7,400Gbps,1ns
1675,12,2324,11,400Gbps,1ns
1675,13,2325,11,400Gbps,1ns
1675,14,2326,11,400Gbps,1ns
1675,15,2327,11,400Gbps,1ns
1676,8,2210,8,400Gbps,1ns
1676,9,2210,9,400Gbps,1ns
1676,10,2211,8,400Gbps,1ns
1676,11,2211,9,400Gbps,1ns
1676,12,2324,12,400Gbps,1ns
1676,13,2325,12,400Gbps,1ns
1676,14,2326,12,400Gbps,1ns
1676,15,2327,12,400Gbps,1ns
1677,8,2210,10,400Gbps,1ns
1677,9,2210,11,400Gbps,1ns
1677,10,2211,10,400Gbps,1ns
1677,11,2211,11,400Gbps,1ns
1677,12,2324,13,400Gbps,1ns
1677,13,2325,13,400Gbps,1ns
1677,14,2326,13,400Gbps,1ns
1677,15,2327,13,400Gbps,1ns
1678,8,2210,12,400Gbps,1ns
1678,9,2210,13,400Gbps,1ns
1678,10,2211,12,400Gbps,1ns
1678,11,2211,13,400Gbps,1ns
1678,12,2324,14,400Gbps,1ns
1678,13,2325,14,400Gbps,1ns
1678,14,2326,14,400Gbps,1ns
1678,15,2327,14,400Gbps,1ns
1679,8,2210,14,400Gbps,1ns
1679,9,2210,15,400Gbps,1ns
1679,10,2211,14,400Gbps,1ns
1679,11,2211,15,400Gbps,1ns
1679,12,2324,15,400Gbps,1ns
1679,13,2325,15,400Gbps,1ns
1679,14,2326,15,400Gbps,1ns
1679,15,2327,15,400Gbps,1ns
1680,8,2212,0,400Gbps,1ns
1680,9,2212,1,400Gbps,1ns
1680,10,2213,0,400Gbps,1ns
1680,11,2213,1,400Gbps,1ns
1680,12,2324,16,400Gbps,1ns
1680,13,2325,16,400Gbps,1ns
1680,14,2326,16,400Gbps,1ns
1680,15,2327,16,400Gbps,1ns
1681,8,2212,2,400Gbps,1ns
1681,9,2212,3,400Gbps,1ns
1681,10,2213,2,400Gbps,1ns
1681,11,2213,3,400Gbps,1ns
1681,12,2324,17,400Gbps,1ns
1681,13,2325,17,400Gbps,1ns
1681,14,2326,17,400Gbps,1ns
1681,15,2327,17,400Gbps,1ns
1682,8,2212,4,400Gbps,1ns
1682,9,2212,5,400Gbps,1ns
1682,10,2213,4,400Gbps,1ns
1682,11,2213,5,400Gbps,1ns
1682,12,2324,18,400Gbps,1ns
1682,13,2325,18,400Gbps,1ns
1682,14,2326,18,400Gbps,1ns
1682,15,2327,18,400Gbps,1ns
1683,8,2212,6,400Gbps,1ns
1683,9,2212,7,400Gbps,1ns
1683,10,2213,6,400Gbps,1ns
1683,11,2213,7,400Gbps,1ns
1683,12,2324,19,400Gbps,1ns
1683,13,2325,19,400Gbps,1ns
1683,14,2326,19,400Gbps,1ns
1683,15,2327,19,400Gbps,1ns
1684,8,2212,8,400Gbps,1ns
1684,9,2212,9,400Gbps,1ns
1684,10,2213,8,400Gbps,1ns
1684,11,2213,9,400Gbps,1ns
1684,12,2324,20,400Gbps,1ns
1684,13,2325,20,400Gbps,1ns
1684,14,2326,20,400Gbps,1ns
1684,15,2327,20,400Gbps,1ns
1685,8,2212,10,400Gbps,1ns
1685,9,2212,11,400Gbps,1ns
1685,10,2213,10,400Gbps,1ns
1685,11,2213,11,400Gbps,1ns
1685,12,2324,21,400Gbps,1ns
1685,13,2325,21,400Gbps,1ns
1685,14,2326,21,400Gbps,1ns
1685,15,2327,21,400Gbps,1ns
1686,8,2212,12,400Gbps,1ns
1686,9,2212,13,400Gbps,1ns
1686,10,2213,12,400Gbps,1ns
1686,11,2213,13,400Gbps,1ns
1686,12,2324,22,400Gbps,1ns
1686,13,2325,22,400Gbps,1ns
1686,14,2326,22,400Gbps,1ns
1686,15,2327,22,400Gbps,1ns
1687,8,2212,14,400Gbps,1ns
1687,9,2212,15,400Gbps,1ns
1687,10,2213,14,400Gbps,1ns
1687,11,2213,15,400Gbps,1ns
1687,12,2324,23,400Gbps,1ns
1687,13,2325,23,400Gbps,1ns
1687,14,2326,23,400Gbps,1ns
1687,15,2327,23,400Gbps,1ns
1688,8,2214,0,400Gbps,1ns
1688,9,2214,1,400Gbps,1ns
1688,10,2215,0,400Gbps,1ns
1688,11,2215,1,400Gbps,1ns
1688,12,2324,24,400Gbps,1ns
1688,13,2325,24,400Gbps,1ns
1688,14,2326,24,400Gbps,1ns
1688,15,2327,24,400Gbps,1ns
1689,8,2214,2,400Gbps,1ns
1689,9,2214,3,400Gbps,1ns
1689,10,2215,2,400Gbps,1ns
1689,11,2215,3,400Gbps,1ns
1689,12,2324,25,400Gbps,1ns
1689,13,2325,25,400Gbps,1ns
1689,14,2326,25,400Gbps,1ns
1689,15,2327,25,400Gbps,1ns
1690,8,2214,4,400Gbps,1ns
1690,9,2214,5,400Gbps,1ns
1690,10,2215,4,400Gbps,1ns
1690,11,2215,5,400Gbps,1ns
1690,12,2324,26,400Gbps,1ns
1690,13,2325,26,400Gbps,1ns
1690,14,2326,26,400Gbps,1ns
1690,15,2327,26,400Gbps,1ns
1691,8,2214,6,400Gbps,1ns
1691,9,2214,7,400Gbps,1ns
1691,10,2215,6,400Gbps,1ns
1691,11,2215,7,400Gbps,1ns
1691,12,2324,27,400Gbps,1ns
1691,13,2325,27,400Gbps,1ns
1691,14,2326,27,400Gbps,1ns
1691,15,2327,27,400Gbps,1ns
1692,8,2214,8,400Gbps,1ns
1692,9,2214,9,400Gbps,1ns
1692,10,2215,8,400Gbps,1ns
1692,11,2215,9,400Gbps,1ns
1692,12,2324,28,400Gbps,1ns
1692,13,2325,28,400Gbps,1ns
1692,14,2326,28,400Gbps,1ns
1692,15,2327,28,400Gbps,1ns
1693,8,2214,10,400Gbps,1ns
1693,9,2214,11,400Gbps,1ns
1693,10,2215,10,400Gbps,1ns
1693,11,2215,11,400Gbps,1ns
1693,12,2324,29,400Gbps,1ns
1693,13,2325,29,400Gbps,1ns
1693,14,2326,29,400Gbps,1ns
1693,15,2327,29,400Gbps,1ns
1694,8,2214,12,400Gbps,1ns
1694,9,2214,13,400Gbps,1ns
1694,10,2215,12,400Gbps,1ns
1694,11,2215,13,400Gbps,1ns
1694,12,2324,30,400Gbps,1ns
1694,13,2325,30,400Gbps,1ns
1694,14,2326,30,400Gbps,1ns
1694,15,2327,30,400Gbps,1ns
1695,8,2214,14,400Gbps,1ns
1695,9,2214,15,400Gbps,1ns
1695,10,2215,14,400Gbps,1ns
1695,11,2215,15,400Gbps,1ns
1695,12,2324,31,400Gbps,1ns
1695,13,2325,31,400Gbps,1ns
1695,14,2326,31,400Gbps,1ns
1695,15,2327,31,400Gbps,1ns
1696,8,2216,0,400Gbps,1ns
1696,9,2216,1,400Gbps,1ns
1696,10,2217,0,400Gbps,1ns
1696,11,2217,1,400Gbps,1ns
1696,12,2324,32,400Gbps,1ns
1696,13,2325,32,400Gbps,1ns
1696,14,2326,32,400Gbps,1ns
1696,15,2327,32,400Gbps,1ns
1697,8,2216,2,400Gbps,1ns
1697,9,2216,3,400Gbps,1ns
1697,10,2217,2,400Gbps,1ns
1697,11,2217,3,400Gbps,1ns
1697,12,2324,33,400Gbps,1ns
1697,13,2325,33,400Gbps,1ns
1697,14,2326,33,400Gbps,1ns
1697,15,2327,33,400Gbps,1ns
1698,8,2216,4,400Gbps,1ns
1698,9,2216,5,400Gbps,1ns
1698,10,2217,4,400Gbps,1ns
1698,11,2217,5,400Gbps,1ns
1698,12,2324,34,400Gbps,1ns
1698,13,2325,34,400Gbps,1ns
1698,14,2326,34,400Gbps,1ns
1698,15,2327,34,400Gbps,1ns
1699,8,2216,6,400Gbps,1ns
1699,9,2216,7,400Gbps,1ns
1699,10,2217,6,400Gbps,1ns
1699,11,2217,7,400Gbps,1ns
1699,12,2324,35,400Gbps,1ns
1699,13,2325,35,400Gbps,1ns
1699,14,2326,35,400Gbps,1ns
1699,15,2327,35,400Gbps,1ns
1700,8,2216,8,400Gbps,1ns
1700,9,2216,9,400Gbps,1ns
1700,10,2217,8,400Gbps,1ns
1700,11,2217,9,400Gbps,1ns
1700,12,2324,36,400Gbps,1ns
1700,13,2325,36,400Gbps,1ns
1700,14,2326,36,400Gbps,1ns
1700,15,2327,36,400Gbps,1ns
1701,8,2216,10,400Gbps,1ns
1701,9,2216,11,400Gbps,1ns
1701,10,2217,10,400Gbps,1ns
1701,11,2217,11,400Gbps,1ns
1701,12,2324,37,400Gbps,1ns
1701,13,2325,37,400Gbps,1ns
1701,14,2326,37,400Gbps,1ns
1701,15,2327,37,400Gbps,1ns
1702,8,2216,12,400Gbps,1ns
1702,9,2216,13,400Gbps,1ns
1702,10,2217,12,400Gbps,1ns
1702,11,2217,13,400Gbps,1ns
1702,12,2324,38,400Gbps,1ns
1702,13,2325,38,400Gbps,1ns
1702,14,2326,38,400Gbps,1ns
1702,15,2327,38,400Gbps,1ns
1703,8,2216,14,400Gbps,1ns
1703,9,2216,15,400Gbps,1ns
1703,10,2217,14,400Gbps,1ns
1703,11,2217,15,400Gbps,1ns
1703,12,2324,39,400Gbps,1ns
1703,13,2325,39,400Gbps,1ns
1703,14,2326,39,400Gbps,1ns
1703,15,2327,39,400Gbps,1ns
1704,8,2218,0,400Gbps,1ns
1704,9,2218,1,400Gbps,1ns
1704,10,2219,0,400Gbps,1ns
1704,11,2219,1,400Gbps,1ns
1704,12,2324,40,400Gbps,1ns
1704,13,2325,40,400Gbps,1ns
1704,14,2326,40,400Gbps,1ns
1704,15,2327,40,400Gbps,1ns
1705,8,2218,2,400Gbps,1ns
1705,9,2218,3,400Gbps,1ns
1705,10,2219,2,400Gbps,1ns
1705,11,2219,3,400Gbps,1ns
1705,12,2324,41,400Gbps,1ns
1705,13,2325,41,400Gbps,1ns
1705,14,2326,41,400Gbps,1ns
1705,15,2327,41,400Gbps,1ns
1706,8,2218,4,400Gbps,1ns
1706,9,2218,5,400Gbps,1ns
1706,10,2219,4,400Gbps,1ns
1706,11,2219,5,400Gbps,1ns
1706,12,2324,42,400Gbps,1ns
1706,13,2325,42,400Gbps,1ns
1706,14,2326,42,400Gbps,1ns
1706,15,2327,42,400Gbps,1ns
1707,8,2218,6,400Gbps,1ns
1707,9,2218,7,400Gbps,1ns
1707,10,2219,6,400Gbps,1ns
1707,11,2219,7,400Gbps,1ns
1707,12,2324,43,400Gbps,1ns
1707,13,2325,43,400Gbps,1ns
1707,14,2326,43,400Gbps,1ns
1707,15,2327,43,400Gbps,1ns
1708,8,2218,8,400Gbps,1ns
1708,9,2218,9,400Gbps,1ns
1708,10,2219,8,400Gbps,1ns
1708,11,2219,9,400Gbps,1ns
1708,12,2324,44,400Gbps,1ns
1708,13,2325,44,400Gbps,1ns
1708,14,2326,44,400Gbps,1ns
1708,15,2327,44,400Gbps,1ns
1709,8,2218,10,400Gbps,1ns
1709,9,2218,11,400Gbps,1ns
1709,10,2219,10,400Gbps,1ns
1709,11,2219,11,400Gbps,1ns
1709,12,2324,45,400Gbps,1ns
1709,13,2325,45,400Gbps,1ns
1709,14,2326,45,400Gbps,1ns
1709,15,2327,45,400Gbps,1ns
1710,8,2218,12,400Gbps,1ns
1710,9,2218,13,400Gbps,1ns
1710,10,2219,12,400Gbps,1ns
1710,11,2219,13,400Gbps,1ns
1710,12,2324,46,400Gbps,1ns
1710,13,2325,46,400Gbps,1ns
1710,14,2326,46,400Gbps,1ns
1710,15,2327,46,400Gbps,1ns
1711,8,2218,14,400Gbps,1ns
1711,9,2218,15,400Gbps,1ns
1711,10,2219,14,400Gbps,1ns
1711,11,2219,15,400Gbps,1ns
1711,12,2324,47,400Gbps,1ns
1711,13,2325,47,400Gbps,1ns
1711,14,2326,47,400Gbps,1ns
1711,15,2327,47,400Gbps,1ns
1712,8,2220,0,400Gbps,1ns
1712,9,2220,1,400Gbps,1ns
1712,10,2221,0,400Gbps,1ns
1712,11,2221,1,400Gbps,1ns
1712,12,2324,48,400Gbps,1ns
1712,13,2325,48,400Gbps,1ns
1712,14,2326,48,400Gbps,1ns
1712,15,2327,48,400Gbps,1ns
1713,8,2220,2,400Gbps,1ns
1713,9,2220,3,400Gbps,1ns
1713,10,2221,2,400Gbps,1ns
1713,11,2221,3,400Gbps,1ns
1713,12,2324,49,400Gbps,1ns
1713,13,2325,49,400Gbps,1ns
1713,14,2326,49,400Gbps,1ns
1713,15,2327,49,400Gbps,1ns
1714,8,2220,4,400Gbps,1ns
1714,9,2220,5,400Gbps,1ns
1714,10,2221,4,400Gbps,1ns
1714,11,2221,5,400Gbps,1ns
1714,12,2324,50,400Gbps,1ns
1714,13,2325,50,400Gbps,1ns
1714,14,2326,50,400Gbps,1ns
1714,15,2327,50,400Gbps,1ns
1715,8,2220,6,400Gbps,1ns
1715,9,2220,7,400Gbps,1ns
1715,10,2221,6,400Gbps,1ns
1715,11,2221,7,400Gbps,1ns
1715,12,2324,51,400Gbps,1ns
1715,13,2325,51,400Gbps,1ns
1715,14,2326,51,400Gbps,1ns
1715,15,2327,51,400Gbps,1ns
1716,8,2220,8,400Gbps,1ns
1716,9,2220,9,400Gbps,1ns
1716,10,2221,8,400Gbps,1ns
1716,11,2221,9,400Gbps,1ns
1716,12,2324,52,400Gbps,1ns
1716,13,2325,52,400Gbps,1ns
1716,14,2326,52,400Gbps,1ns
1716,15,2327,52,400Gbps,1ns
1717,8,2220,10,400Gbps,1ns
1717,9,2220,11,400Gbps,1ns
1717,10,2221,10,400Gbps,1ns
1717,11,2221,11,400Gbps,1ns
1717,12,2324,53,400Gbps,1ns
1717,13,2325,53,400Gbps,1ns
1717,14,2326,53,400Gbps,1ns
1717,15,2327,53,400Gbps,1ns
1718,8,2220,12,400Gbps,1ns
1718,9,2220,13,400Gbps,1ns
1718,10,2221,12,400Gbps,1ns
1718,11,2221,13,400Gbps,1ns
1718,12,2324,54,400Gbps,1ns
1718,13,2325,54,400Gbps,1ns
1718,14,2326,54,400Gbps,1ns
1718,15,2327,54,400Gbps,1ns
1719,8,2220,14,400Gbps,1ns
1719,9,2220,15,400Gbps,1ns
1719,10,2221,14,400Gbps,1ns
1719,11,2221,15,400Gbps,1ns
1719,12,2324,55,400Gbps,1ns
1719,13,2325,55,400Gbps,1ns
1719,14,2326,55,400Gbps,1ns
1719,15,2327,55,400Gbps,1ns
1720,8,2222,0,400Gbps,1ns
1720,9,2222,1,400Gbps,1ns
1720,10,2223,0,400Gbps,1ns
1720,11,2223,1,400Gbps,1ns
1720,12,2324,56,400Gbps,1ns
1720,13,2325,56,400Gbps,1ns
1720,14,2326,56,400Gbps,1ns
1720,15,2327,56,400Gbps,1ns
1721,8,2222,2,400Gbps,1ns
1721,9,2222,3,400Gbps,1ns
1721,10,2223,2,400Gbps,1ns
1721,11,2223,3,400Gbps,1ns
1721,12,2324,57,400Gbps,1ns
1721,13,2325,57,400Gbps,1ns
1721,14,2326,57,400Gbps,1ns
1721,15,2327,57,400Gbps,1ns
1722,8,2222,4,400Gbps,1ns
1722,9,2222,5,400Gbps,1ns
1722,10,2223,4,400Gbps,1ns
1722,11,2223,5,400Gbps,1ns
1722,12,2324,58,400Gbps,1ns
1722,13,2325,58,400Gbps,1ns
1722,14,2326,58,400Gbps,1ns
1722,15,2327,58,400Gbps,1ns
1723,8,2222,6,400Gbps,1ns
1723,9,2222,7,400Gbps,1ns
1723,10,2223,6,400Gbps,1ns
1723,11,2223,7,400Gbps,1ns
1723,12,2324,59,400Gbps,1ns
1723,13,2325,59,400Gbps,1ns
1723,14,2326,59,400Gbps,1ns
1723,15,2327,59,400Gbps,1ns
1724,8,2222,8,400Gbps,1ns
1724,9,2222,9,400Gbps,1ns
1724,10,2223,8,400Gbps,1ns
1724,11,2223,9,400Gbps,1ns
1724,12,2324,60,400Gbps,1ns
1724,13,2325,60,400Gbps,1ns
1724,14,2326,60,400Gbps,1ns
1724,15,2327,60,400Gbps,1ns
1725,8,2222,10,400Gbps,1ns
1725,9,2222,11,400Gbps,1ns
1725,10,2223,10,400Gbps,1ns
1725,11,2223,11,400Gbps,1ns
1725,12,2324,61,400Gbps,1ns
1725,13,2325,61,400Gbps,1ns
1725,14,2326,61,400Gbps,1ns
1725,15,2327,61,400Gbps,1ns
1726,8,2222,12,400Gbps,1ns
1726,9,2222,13,400Gbps,1ns
1726,10,2223,12,400Gbps,1ns
1726,11,2223,13,400Gbps,1ns
1726,12,2324,62,400Gbps,1ns
1726,13,2325,62,400Gbps,1ns
1726,14,2326,62,400Gbps,1ns
1726,15,2327,62,400Gbps,1ns
1727,8,2222,14,400Gbps,1ns
1727,9,2222,15,400Gbps,1ns
1727,10,2223,14,400Gbps,1ns
1727,11,2223,15,400Gbps,1ns
1727,12,2324,63,400Gbps,1ns
1727,13,2325,63,400Gbps,1ns
1727,14,2326,63,400Gbps,1ns
1727,15,2327,63,400Gbps,1ns
1728,8,2224,0,400Gbps,1ns
1728,9,2224,1,400Gbps,1ns
1728,10,2225,0,400Gbps,1ns
1728,11,2225,1,400Gbps,1ns
1728,12,2324,64,400Gbps,1ns
1728,13,2325,64,400Gbps,1ns
1728,14,2326,64,400Gbps,1ns
1728,15,2327,64,400Gbps,1ns
1729,8,2224,2,400Gbps,1ns
1729,9,2224,3,400Gbps,1ns
1729,10,2225,2,400Gbps,1ns
1729,11,2225,3,400Gbps,1ns
1729,12,2324,65,400Gbps,1ns
1729,13,2325,65,400Gbps,1ns
1729,14,2326,65,400Gbps,1ns
1729,15,2327,65,400Gbps,1ns
1730,8,2224,4,400Gbps,1ns
1730,9,2224,5,400Gbps,1ns
1730,10,2225,4,400Gbps,1ns
1730,11,2225,5,400Gbps,1ns
1730,12,2324,66,400Gbps,1ns
1730,13,2325,66,400Gbps,1ns
1730,14,2326,66,400Gbps,1ns
1730,15,2327,66,400Gbps,1ns
1731,8,2224,6,400Gbps,1ns
1731,9,2224,7,400Gbps,1ns
1731,10,2225,6,400Gbps,1ns
1731,11,2225,7,400Gbps,1ns
1731,12,2324,67,400Gbps,1ns
1731,13,2325,67,400Gbps,1ns
1731,14,2326,67,400Gbps,1ns
1731,15,2327,67,400Gbps,1ns
1732,8,2224,8,400Gbps,1ns
1732,9,2224,9,400Gbps,1ns
1732,10,2225,8,400Gbps,1ns
1732,11,2225,9,400Gbps,1ns
1732,12,2324,68,400Gbps,1ns
1732,13,2325,68,400Gbps,1ns
1732,14,2326,68,400Gbps,1ns
1732,15,2327,68,400Gbps,1ns
1733,8,2224,10,400Gbps,1ns
1733,9,2224,11,400Gbps,1ns
1733,10,2225,10,400Gbps,1ns
1733,11,2225,11,400Gbps,1ns
1733,12,2324,69,400Gbps,1ns
1733,13,2325,69,400Gbps,1ns
1733,14,2326,69,400Gbps,1ns
1733,15,2327,69,400Gbps,1ns
1734,8,2224,12,400Gbps,1ns
1734,9,2224,13,400Gbps,1ns
1734,10,2225,12,400Gbps,1ns
1734,11,2225,13,400Gbps,1ns
1734,12,2324,70,400Gbps,1ns
1734,13,2325,70,400Gbps,1ns
1734,14,2326,70,400Gbps,1ns
1734,15,2327,70,400Gbps,1ns
1735,8,2224,14,400Gbps,1ns
1735,9,2224,15,400Gbps,1ns
1735,10,2225,14,400Gbps,1ns
1735,11,2225,15,400Gbps,1ns
1735,12,2324,71,400Gbps,1ns
1735,13,2325,71,400Gbps,1ns
1735,14,2326,71,400Gbps,1ns
1735,15,2327,71,400Gbps,1ns
1736,8,2226,0,400Gbps,1ns
1736,9,2226,1,400Gbps,1ns
1736,10,2227,0,400Gbps,1ns
1736,11,2227,1,400Gbps,1ns
1736,12,2324,72,400Gbps,1ns
1736,13,2325,72,400Gbps,1ns
1736,14,2326,72,400Gbps,1ns
1736,15,2327,72,400Gbps,1ns
1737,8,2226,2,400Gbps,1ns
1737,9,2226,3,400Gbps,1ns
1737,10,2227,2,400Gbps,1ns
1737,11,2227,3,400Gbps,1ns
1737,12,2324,73,400Gbps,1ns
1737,13,2325,73,400Gbps,1ns
1737,14,2326,73,400Gbps,1ns
1737,15,2327,73,400Gbps,1ns
1738,8,2226,4,400Gbps,1ns
1738,9,2226,5,400Gbps,1ns
1738,10,2227,4,400Gbps,1ns
1738,11,2227,5,400Gbps,1ns
1738,12,2324,74,400Gbps,1ns
1738,13,2325,74,400Gbps,1ns
1738,14,2326,74,400Gbps,1ns
1738,15,2327,74,400Gbps,1ns
1739,8,2226,6,400Gbps,1ns
1739,9,2226,7,400Gbps,1ns
1739,10,2227,6,400Gbps,1ns
1739,11,2227,7,400Gbps,1ns
1739,12,2324,75,400Gbps,1ns
1739,13,2325,75,400Gbps,1ns
1739,14,2326,75,400Gbps,1ns
1739,15,2327,75,400Gbps,1ns
1740,8,2226,8,400Gbps,1ns
1740,9,2226,9,400Gbps,1ns
1740,10,2227,8,400Gbps,1ns
1740,11,2227,9,400Gbps,1ns
1740,12,2324,76,400Gbps,1ns
1740,13,2325,76,400Gbps,1ns
1740,14,2326,76,400Gbps,1ns
1740,15,2327,76,400Gbps,1ns
1741,8,2226,10,400Gbps,1ns
1741,9,2226,11,400Gbps,1ns
1741,10,2227,10,400Gbps,1ns
1741,11,2227,11,400Gbps,1ns
1741,12,2324,77,400Gbps,1ns
1741,13,2325,77,400Gbps,1ns
1741,14,2326,77,400Gbps,1ns
1741,15,2327,77,400Gbps,1ns
1742,8,2226,12,400Gbps,1ns
1742,9,2226,13,400Gbps,1ns
1742,10,2227,12,400Gbps,1ns
1742,11,2227,13,400Gbps,1ns
1742,12,2324,78,400Gbps,1ns
1742,13,2325,78,400Gbps,1ns
1742,14,2326,78,400Gbps,1ns
1742,15,2327,78,400Gbps,1ns
1743,8,2226,14,400Gbps,1ns
1743,9,2226,15,400Gbps,1ns
1743,10,2227,14,400Gbps,1ns
1743,11,2227,15,400Gbps,1ns
1743,12,2324,79,400Gbps,1ns
1743,13,2325,79,400Gbps,1ns
1743,14,2326,79,400Gbps,1ns
1743,15,2327,79,400Gbps,1ns
1744,8,2228,0,400Gbps,1ns
1744,9,2228,1,400Gbps,1ns
1744,10,2229,0,400Gbps,1ns
1744,11,2229,1,400Gbps,1ns
1744,12,2324,80,400Gbps,1ns
1744,13,2325,80,400Gbps,1ns
1744,14,2326,80,400Gbps,1ns
1744,15,2327,80,400Gbps,1ns
1745,8,2228,2,400Gbps,1ns
1745,9,2228,3,400Gbps,1ns
1745,10,2229,2,400Gbps,1ns
1745,11,2229,3,400Gbps,1ns
1745,12,2324,81,400Gbps,1ns
1745,13,2325,81,400Gbps,1ns
1745,14,2326,81,400Gbps,1ns
1745,15,2327,81,400Gbps,1ns
1746,8,2228,4,400Gbps,1ns
1746,9,2228,5,400Gbps,1ns
1746,10,2229,4,400Gbps,1ns
1746,11,2229,5,400Gbps,1ns
1746,12,2324,82,400Gbps,1ns
1746,13,2325,82,400Gbps,1ns
1746,14,2326,82,400Gbps,1ns
1746,15,2327,82,400Gbps,1ns
1747,8,2228,6,400Gbps,1ns
1747,9,2228,7,400Gbps,1ns
1747,10,2229,6,400Gbps,1ns
1747,11,2229,7,400Gbps,1ns
1747,12,2324,83,400Gbps,1ns
1747,13,2325,83,400Gbps,1ns
1747,14,2326,83,400Gbps,1ns
1747,15,2327,83,400Gbps,1ns
1748,8,2228,8,400Gbps,1ns
1748,9,2228,9,400Gbps,1ns
1748,10,2229,8,400Gbps,1ns
1748,11,2229,9,400Gbps,1ns
1748,12,2324,84,400Gbps,1ns
1748,13,2325,84,400Gbps,1ns
1748,14,2326,84,400Gbps,1ns
1748,15,2327,84,400Gbps,1ns
1749,8,2228,10,400Gbps,1ns
1749,9,2228,11,400Gbps,1ns
1749,10,2229,10,400Gbps,1ns
1749,11,2229,11,400Gbps,1ns
1749,12,2324,85,400Gbps,1ns
1749,13,2325,85,400Gbps,1ns
1749,14,2326,85,400Gbps,1ns
1749,15,2327,85,400Gbps,1ns
1750,8,2228,12,400Gbps,1ns
1750,9,2228,13,400Gbps,1ns
1750,10,2229,12,400Gbps,1ns
1750,11,2229,13,400Gbps,1ns
1750,12,2324,86,400Gbps,1ns
1750,13,2325,86,400Gbps,1ns
1750,14,2326,86,400Gbps,1ns
1750,15,2327,86,400Gbps,1ns
1751,8,2228,14,400Gbps,1ns
1751,9,2228,15,400Gbps,1ns
1751,10,2229,14,400Gbps,1ns
1751,11,2229,15,400Gbps,1ns
1751,12,2324,87,400Gbps,1ns
1751,13,2325,87,400Gbps,1ns
1751,14,2326,87,400Gbps,1ns
1751,15,2327,87,400Gbps,1ns
1752,8,2230,0,400Gbps,1ns
1752,9,2230,1,400Gbps,1ns
1752,10,2231,0,400Gbps,1ns
1752,11,2231,1,400Gbps,1ns
1752,12,2324,88,400Gbps,1ns
1752,13,2325,88,400Gbps,1ns
1752,14,2326,88,400Gbps,1ns
1752,15,2327,88,400Gbps,1ns
1753,8,2230,2,400Gbps,1ns
1753,9,2230,3,400Gbps,1ns
1753,10,2231,2,400Gbps,1ns
1753,11,2231,3,400Gbps,1ns
1753,12,2324,89,400Gbps,1ns
1753,13,2325,89,400Gbps,1ns
1753,14,2326,89,400Gbps,1ns
1753,15,2327,89,400Gbps,1ns
1754,8,2230,4,400Gbps,1ns
1754,9,2230,5,400Gbps,1ns
1754,10,2231,4,400Gbps,1ns
1754,11,2231,5,400Gbps,1ns
1754,12,2324,90,400Gbps,1ns
1754,13,2325,90,400Gbps,1ns
1754,14,2326,90,400Gbps,1ns
1754,15,2327,90,400Gbps,1ns
1755,8,2230,6,400Gbps,1ns
1755,9,2230,7,400Gbps,1ns
1755,10,2231,6,400Gbps,1ns
1755,11,2231,7,400Gbps,1ns
1755,12,2324,91,400Gbps,1ns
1755,13,2325,91,400Gbps,1ns
1755,14,2326,91,400Gbps,1ns
1755,15,2327,91,400Gbps,1ns
1756,8,2230,8,400Gbps,1ns
1756,9,2230,9,400Gbps,1ns
1756,10,2231,8,400Gbps,1ns
1756,11,2231,9,400Gbps,1ns
1756,12,2324,92,400Gbps,1ns
1756,13,2325,92,400Gbps,1ns
1756,14,2326,92,400Gbps,1ns
1756,15,2327,92,400Gbps,1ns
1757,8,2230,10,400Gbps,1ns
1757,9,2230,11,400Gbps,1ns
1757,10,2231,10,400Gbps,1ns
1757,11,2231,11,400Gbps,1ns
1757,12,2324,93,400Gbps,1ns
1757,13,2325,93,400Gbps,1ns
1757,14,2326,93,400Gbps,1ns
1757,15,2327,93,400Gbps,1ns
1758,8,2230,12,400Gbps,1ns
1758,9,2230,13,400Gbps,1ns
1758,10,2231,12,400Gbps,1ns
1758,11,2231,13,400Gbps,1ns
1758,12,2324,94,400Gbps,1ns
1758,13,2325,94,400Gbps,1ns
1758,14,2326,94,400Gbps,1ns
1758,15,2327,94,400Gbps,1ns
1759,8,2230,14,400Gbps,1ns
1759,9,2230,15,400Gbps,1ns
1759,10,2231,14,400Gbps,1ns
1759,11,2231,15,400Gbps,1ns
1759,12,2324,95,400Gbps,1ns
1759,13,2325,95,400Gbps,1ns
1759,14,2326,95,400Gbps,1ns
1759,15,2327,95,400Gbps,1ns
1760,8,2232,0,400Gbps,1ns
1760,9,2232,1,400Gbps,1ns
1760,10,2233,0,400Gbps,1ns
1760,11,2233,1,400Gbps,1ns
1760,12,2324,96,400Gbps,1ns
1760,13,2325,96,400Gbps,1ns
1760,14,2326,96,400Gbps,1ns
1760,15,2327,96,400Gbps,1ns
1761,8,2232,2,400Gbps,1ns
1761,9,2232,3,400Gbps,1ns
1761,10,2233,2,400Gbps,1ns
1761,11,2233,3,400Gbps,1ns
1761,12,2324,97,400Gbps,1ns
1761,13,2325,97,400Gbps,1ns
1761,14,2326,97,400Gbps,1ns
1761,15,2327,97,400Gbps,1ns
1762,8,2232,4,400Gbps,1ns
1762,9,2232,5,400Gbps,1ns
1762,10,2233,4,400Gbps,1ns
1762,11,2233,5,400Gbps,1ns
1762,12,2324,98,400Gbps,1ns
1762,13,2325,98,400Gbps,1ns
1762,14,2326,98,400Gbps,1ns
1762,15,2327,98,400Gbps,1ns
1763,8,2232,6,400Gbps,1ns
1763,9,2232,7,400Gbps,1ns
1763,10,2233,6,400Gbps,1ns
1763,11,2233,7,400Gbps,1ns
1763,12,2324,99,400Gbps,1ns
1763,13,2325,99,400Gbps,1ns
1763,14,2326,99,400Gbps,1ns
1763,15,2327,99,400Gbps,1ns
1764,8,2232,8,400Gbps,1ns
1764,9,2232,9,400Gbps,1ns
1764,10,2233,8,400Gbps,1ns
1764,11,2233,9,400Gbps,1ns
1764,12,2324,100,400Gbps,1ns
1764,13,2325,100,400Gbps,1ns
1764,14,2326,100,400Gbps,1ns
1764,15,2327,100,400Gbps,1ns
1765,8,2232,10,400Gbps,1ns
1765,9,2232,11,400Gbps,1ns
1765,10,2233,10,400Gbps,1ns
1765,11,2233,11,400Gbps,1ns
1765,12,2324,101,400Gbps,1ns
1765,13,2325,101,400Gbps,1ns
1765,14,2326,101,400Gbps,1ns
1765,15,2327,101,400Gbps,1ns
1766,8,2232,12,400Gbps,1ns
1766,9,2232,13,400Gbps,1ns
1766,10,2233,12,400Gbps,1ns
1766,11,2233,13,400Gbps,1ns
1766,12,2324,102,400Gbps,1ns
1766,13,2325,102,400Gbps,1ns
1766,14,2326,102,400Gbps,1ns
1766,15,2327,102,400Gbps,1ns
1767,8,2232,14,400Gbps,1ns
1767,9,2232,15,400Gbps,1ns
1767,10,2233,14,400Gbps,1ns
1767,11,2233,15,400Gbps,1ns
1767,12,2324,103,400Gbps,1ns
1767,13,2325,103,400Gbps,1ns
1767,14,2326,103,400Gbps,1ns
1767,15,2327,103,400Gbps,1ns
1768,8,2234,0,400Gbps,1ns
1768,9,2234,1,400Gbps,1ns
1768,10,2235,0,400Gbps,1ns
1768,11,2235,1,400Gbps,1ns
1768,12,2324,104,400Gbps,1ns
1768,13,2325,104,400Gbps,1ns
1768,14,2326,104,400Gbps,1ns
1768,15,2327,104,400Gbps,1ns
1769,8,2234,2,400Gbps,1ns
1769,9,2234,3,400Gbps,1ns
1769,10,2235,2,400Gbps,1ns
1769,11,2235,3,400Gbps,1ns
1769,12,2324,105,400Gbps,1ns
1769,13,2325,105,400Gbps,1ns
1769,14,2326,105,400Gbps,1ns
1769,15,2327,105,400Gbps,1ns
1770,8,2234,4,400Gbps,1ns
1770,9,2234,5,400Gbps,1ns
1770,10,2235,4,400Gbps,1ns
1770,11,2235,5,400Gbps,1ns
1770,12,2324,106,400Gbps,1ns
1770,13,2325,106,400Gbps,1ns
1770,14,2326,106,400Gbps,1ns
1770,15,2327,106,400Gbps,1ns
1771,8,2234,6,400Gbps,1ns
1771,9,2234,7,400Gbps,1ns
1771,10,2235,6,400Gbps,1ns
1771,11,2235,7,400Gbps,1ns
1771,12,2324,107,400Gbps,1ns
1771,13,2325,107,400Gbps,1ns
1771,14,2326,107,400Gbps,1ns
1771,15,2327,107,400Gbps,1ns
1772,8,2234,8,400Gbps,1ns
1772,9,2234,9,400Gbps,1ns
1772,10,2235,8,400Gbps,1ns
1772,11,2235,9,400Gbps,1ns
1772,12,2324,108,400Gbps,1ns
1772,13,2325,108,400Gbps,1ns
1772,14,2326,108,400Gbps,1ns
1772,15,2327,108,400Gbps,1ns
1773,8,2234,10,400Gbps,1ns
1773,9,2234,11,400Gbps,1ns
1773,10,2235,10,400Gbps,1ns
1773,11,2235,11,400Gbps,1ns
1773,12,2324,109,400Gbps,1ns
1773,13,2325,109,400Gbps,1ns
1773,14,2326,109,400Gbps,1ns
1773,15,2327,109,400Gbps,1ns
1774,8,2234,12,400Gbps,1ns
1774,9,2234,13,400Gbps,1ns
1774,10,2235,12,400Gbps,1ns
1774,11,2235,13,400Gbps,1ns
1774,12,2324,110,400Gbps,1ns
1774,13,2325,110,400Gbps,1ns
1774,14,2326,110,400Gbps,1ns
1774,15,2327,110,400Gbps,1ns
1775,8,2234,14,400Gbps,1ns
1775,9,2234,15,400Gbps,1ns
1775,10,2235,14,400Gbps,1ns
1775,11,2235,15,400Gbps,1ns
1775,12,2324,111,400Gbps,1ns
1775,13,2325,111,400Gbps,1ns
1775,14,2326,111,400Gbps,1ns
1775,15,2327,111,400Gbps,1ns
1776,8,2236,0,400Gbps,1ns
1776,9,2236,1,400Gbps,1ns
1776,10,2237,0,400Gbps,1ns
1776,11,2237,1,400Gbps,1ns
1776,12,2324,112,400Gbps,1ns
1776,13,2325,112,400Gbps,1ns
1776,14,2326,112,400Gbps,1ns
1776,15,2327,112,400Gbps,1ns
1777,8,2236,2,400Gbps,1ns
1777,9,2236,3,400Gbps,1ns
1777,10,2237,2,400Gbps,1ns
1777,11,2237,3,400Gbps,1ns
1777,12,2324,113,400Gbps,1ns
1777,13,2325,113,400Gbps,1ns
1777,14,2326,113,400Gbps,1ns
1777,15,2327,113,400Gbps,1ns
1778,8,2236,4,400Gbps,1ns
1778,9,2236,5,400Gbps,1ns
1778,10,2237,4,400Gbps,1ns
1778,11,2237,5,400Gbps,1ns
1778,12,2324,114,400Gbps,1ns
1778,13,2325,114,400Gbps,1ns
1778,14,2326,114,400Gbps,1ns
1778,15,2327,114,400Gbps,1ns
1779,8,2236,6,400Gbps,1ns
1779,9,2236,7,400Gbps,1ns
1779,10,2237,6,400Gbps,1ns
1779,11,2237,7,400Gbps,1ns
1779,12,2324,115,400Gbps,1ns
1779,13,2325,115,400Gbps,1ns
1779,14,2326,115,400Gbps,1ns
1779,15,2327,115,400Gbps,1ns
1780,8,2236,8,400Gbps,1ns
1780,9,2236,9,400Gbps,1ns
1780,10,2237,8,400Gbps,1ns
1780,11,2237,9,400Gbps,1ns
1780,12,2324,116,400Gbps,1ns
1780,13,2325,116,400Gbps,1ns
1780,14,2326,116,400Gbps,1ns
1780,15,2327,116,400Gbps,1ns
1781,8,2236,10,400Gbps,1ns
1781,9,2236,11,400Gbps,1ns
1781,10,2237,10,400Gbps,1ns
1781,11,2237,11,400Gbps,1ns
1781,12,2324,117,400Gbps,1ns
1781,13,2325,117,400Gbps,1ns
1781,14,2326,117,400Gbps,1ns
1781,15,2327,117,400Gbps,1ns
1782,8,2236,12,400Gbps,1ns
1782,9,2236,13,400Gbps,1ns
1782,10,2237,12,400Gbps,1ns
1782,11,2237,13,400Gbps,1ns
1782,12,2324,118,400Gbps,1ns
1782,13,2325,118,400Gbps,1ns
1782,14,2326,118,400Gbps,1ns
1782,15,2327,118,400Gbps,1ns
1783,8,2236,14,400Gbps,1ns
1783,9,2236,15,400Gbps,1ns
1783,10,2237,14,400Gbps,1ns
1783,11,2237,15,400Gbps,1ns
1783,12,2324,119,400Gbps,1ns
1783,13,2325,119,400Gbps,1ns
1783,14,2326,119,400Gbps,1ns
1783,15,2327,119,400Gbps,1ns
1784,8,2238,0,400Gbps,1ns
1784,9,2238,1,400Gbps,1ns
1784,10,2239,0,400Gbps,1ns
1784,11,2239,1,400Gbps,1ns
1784,12,2324,120,400Gbps,1ns
1784,13,2325,120,400Gbps,1ns
1784,14,2326,120,400Gbps,1ns
1784,15,2327,120,400Gbps,1ns
1785,8,2238,2,400Gbps,1ns
1785,9,2238,3,400Gbps,1ns
1785,10,2239,2,400Gbps,1ns
1785,11,2239,3,400Gbps,1ns
1785,12,2324,121,400Gbps,1ns
1785,13,2325,121,400Gbps,1ns
1785,14,2326,121,400Gbps,1ns
1785,15,2327,121,400Gbps,1ns
1786,8,2238,4,400Gbps,1ns
1786,9,2238,5,400Gbps,1ns
1786,10,2239,4,400Gbps,1ns
1786,11,2239,5,400Gbps,1ns
1786,12,2324,122,400Gbps,1ns
1786,13,2325,122,400Gbps,1ns
1786,14,2326,122,400Gbps,1ns
1786,15,2327,122,400Gbps,1ns
1787,8,2238,6,400Gbps,1ns
1787,9,2238,7,400Gbps,1ns
1787,10,2239,6,400Gbps,1ns
1787,11,2239,7,400Gbps,1ns
1787,12,2324,123,400Gbps,1ns
1787,13,2325,123,400Gbps,1ns
1787,14,2326,123,400Gbps,1ns
1787,15,2327,123,400Gbps,1ns
1788,8,2238,8,400Gbps,1ns
1788,9,2238,9,400Gbps,1ns
1788,10,2239,8,400Gbps,1ns
1788,11,2239,9,400Gbps,1ns
1788,12,2324,124,400Gbps,1ns
1788,13,2325,124,400Gbps,1ns
1788,14,2326,124,400Gbps,1ns
1788,15,2327,124,400Gbps,1ns
1789,8,2238,10,400Gbps,1ns
1789,9,2238,11,400Gbps,1ns
1789,10,2239,10,400Gbps,1ns
1789,11,2239,11,400Gbps,1ns
1789,12,2324,125,400Gbps,1ns
1789,13,2325,125,400Gbps,1ns
1789,14,2326,125,400Gbps,1ns
1789,15,2327,125,400Gbps,1ns
1790,8,2238,12,400Gbps,1ns
1790,9,2238,13,400Gbps,1ns
1790,10,2239,12,400Gbps,1ns
1790,11,2239,13,400Gbps,1ns
1790,12,2324,126,400Gbps,1ns
1790,13,2325,126,400Gbps,1ns
1790,14,2326,126,400Gbps,1ns
1790,15,2327,126,400Gbps,1ns
1791,8,2238,14,400Gbps,1ns
1791,9,2238,15,400Gbps,1ns
1791,10,2239,14,400Gbps,1ns
1791,11,2239,15,400Gbps,1ns
1791,12,2324,127,400Gbps,1ns
1791,13,2325,127,400Gbps,1ns
1791,14,2326,127,400Gbps,1ns
1791,15,2327,127,400Gbps,1ns
1792,8,2240,0,400Gbps,1ns
1792,9,2240,1,400Gbps,1ns
1792,10,2241,0,400Gbps,1ns
1792,11,2241,1,400Gbps,1ns
1792,12,2328,0,400Gbps,1ns
1792,13,2329,0,400Gbps,1ns
1792,14,2330,0,400Gbps,1ns
1792,15,2331,0,400Gbps,1ns
1793,8,2240,2,400Gbps,1ns
1793,9,2240,3,400Gbps,1ns
1793,10,2241,2,400Gbps,1ns
1793,11,2241,3,400Gbps,1ns
1793,12,2328,1,400Gbps,1ns
1793,13,2329,1,400Gbps,1ns
1793,14,2330,1,400Gbps,1ns
1793,15,2331,1,400Gbps,1ns
1794,8,2240,4,400Gbps,1ns
1794,9,2240,5,400Gbps,1ns
1794,10,2241,4,400Gbps,1ns
1794,11,2241,5,400Gbps,1ns
1794,12,2328,2,400Gbps,1ns
1794,13,2329,2,400Gbps,1ns
1794,14,2330,2,400Gbps,1ns
1794,15,2331,2,400Gbps,1ns
1795,8,2240,6,400Gbps,1ns
1795,9,2240,7,400Gbps,1ns
1795,10,2241,6,400Gbps,1ns
1795,11,2241,7,400Gbps,1ns
1795,12,2328,3,400Gbps,1ns
1795,13,2329,3,400Gbps,1ns
1795,14,2330,3,400Gbps,1ns
1795,15,2331,3,400Gbps,1ns
1796,8,2240,8,400Gbps,1ns
1796,9,2240,9,400Gbps,1ns
1796,10,2241,8,400Gbps,1ns
1796,11,2241,9,400Gbps,1ns
1796,12,2328,4,400Gbps,1ns
1796,13,2329,4,400Gbps,1ns
1796,14,2330,4,400Gbps,1ns
1796,15,2331,4,400Gbps,1ns
1797,8,2240,10,400Gbps,1ns
1797,9,2240,11,400Gbps,1ns
1797,10,2241,10,400Gbps,1ns
1797,11,2241,11,400Gbps,1ns
1797,12,2328,5,400Gbps,1ns
1797,13,2329,5,400Gbps,1ns
1797,14,2330,5,400Gbps,1ns
1797,15,2331,5,400Gbps,1ns
1798,8,2240,12,400Gbps,1ns
1798,9,2240,13,400Gbps,1ns
1798,10,2241,12,400Gbps,1ns
1798,11,2241,13,400Gbps,1ns
1798,12,2328,6,400Gbps,1ns
1798,13,2329,6,400Gbps,1ns
1798,14,2330,6,400Gbps,1ns
1798,15,2331,6,400Gbps,1ns
1799,8,2240,14,400Gbps,1ns
1799,9,2240,15,400Gbps,1ns
1799,10,2241,14,400Gbps,1ns
1799,11,2241,15,400Gbps,1ns
1799,12,2328,7,400Gbps,1ns
1799,13,2329,7,400Gbps,1ns
1799,14,2330,7,400Gbps,1ns
1799,15,2331,7,400Gbps,1ns
1800,8,2242,0,400Gbps,1ns
1800,9,2242,1,400Gbps,1ns
1800,10,2243,0,400Gbps,1ns
1800,11,2243,1,400Gbps,1ns
1800,12,2328,8,400Gbps,1ns
1800,13,2329,8,400Gbps,1ns
1800,14,2330,8,400Gbps,1ns
1800,15,2331,8,400Gbps,1ns
1801,8,2242,2,400Gbps,1ns
1801,9,2242,3,400Gbps,1ns
1801,10,2243,2,400Gbps,1ns
1801,11,2243,3,400Gbps,1ns
1801,12,2328,9,400Gbps,1ns
1801,13,2329,9,400Gbps,1ns
1801,14,2330,9,400Gbps,1ns
1801,15,2331,9,400Gbps,1ns
1802,8,2242,4,400Gbps,1ns
1802,9,2242,5,400Gbps,1ns
1802,10,2243,4,400Gbps,1ns
1802,11,2243,5,400Gbps,1ns
1802,12,2328,10,400Gbps,1ns
1802,13,2329,10,400Gbps,1ns
1802,14,2330,10,400Gbps,1ns
1802,15,2331,10,400Gbps,1ns
1803,8,2242,6,400Gbps,1ns
1803,9,2242,7,400Gbps,1ns
1803,10,2243,6,400Gbps,1ns
1803,11,2243,7,400Gbps,1ns
1803,12,2328,11,400Gbps,1ns
1803,13,2329,11,400Gbps,1ns
1803,14,2330,11,400Gbps,1ns
1803,15,2331,11,400Gbps,1ns
1804,8,2242,8,400Gbps,1ns
1804,9,2242,9,400Gbps,1ns
1804,10,2243,8,400Gbps,1ns
1804,11,2243,9,400Gbps,1ns
1804,12,2328,12,400Gbps,1ns
1804,13,2329,12,400Gbps,1ns
1804,14,2330,12,400Gbps,1ns
1804,15,2331,12,400Gbps,1ns
1805,8,2242,10,400Gbps,1ns
1805,9,2242,11,400Gbps,1ns
1805,10,2243,10,400Gbps,1ns
1805,11,2243,11,400Gbps,1ns
1805,12,2328,13,400Gbps,1ns
1805,13,2329,13,400Gbps,1ns
1805,14,2330,13,400Gbps,1ns
1805,15,2331,13,400Gbps,1ns
1806,8,2242,12,400Gbps,1ns
1806,9,2242,13,400Gbps,1ns
1806,10,2243,12,400Gbps,1ns
1806,11,2243,13,400Gbps,1ns
1806,12,2328,14,400Gbps,1ns
1806,13,2329,14,400Gbps,1ns
1806,14,2330,14,400Gbps,1ns
1806,15,2331,14,400Gbps,1ns
1807,8,2242,14,400Gbps,1ns
1807,9,2242,15,400Gbps,1ns
1807,10,2243,14,400Gbps,1ns
1807,11,2243,15,400Gbps,1ns
1807,12,2328,15,400Gbps,1ns
1807,13,2329,15,400Gbps,1ns
1807,14,2330,15,400Gbps,1ns
1807,15,2331,15,400Gbps,1ns
1808,8,2244,0,400Gbps,1ns
1808,9,2244,1,400Gbps,1ns
1808,10,2245,0,400Gbps,1ns
1808,11,2245,1,400Gbps,1ns
1808,12,2328,16,400Gbps,1ns
1808,13,2329,16,400Gbps,1ns
1808,14,2330,16,400Gbps,1ns
1808,15,2331,16,400Gbps,1ns
1809,8,2244,2,400Gbps,1ns
1809,9,2244,3,400Gbps,1ns
1809,10,2245,2,400Gbps,1ns
1809,11,2245,3,400Gbps,1ns
1809,12,2328,17,400Gbps,1ns
1809,13,2329,17,400Gbps,1ns
1809,14,2330,17,400Gbps,1ns
1809,15,2331,17,400Gbps,1ns
1810,8,2244,4,400Gbps,1ns
1810,9,2244,5,400Gbps,1ns
1810,10,2245,4,400Gbps,1ns
1810,11,2245,5,400Gbps,1ns
1810,12,2328,18,400Gbps,1ns
1810,13,2329,18,400Gbps,1ns
1810,14,2330,18,400Gbps,1ns
1810,15,2331,18,400Gbps,1ns
1811,8,2244,6,400Gbps,1ns
1811,9,2244,7,400Gbps,1ns
1811,10,2245,6,400Gbps,1ns
1811,11,2245,7,400Gbps,1ns
1811,12,2328,19,400Gbps,1ns
1811,13,2329,19,400Gbps,1ns
1811,14,2330,19,400Gbps,1ns
1811,15,2331,19,400Gbps,1ns
1812,8,2244,8,400Gbps,1ns
1812,9,2244,9,400Gbps,1ns
1812,10,2245,8,400Gbps,1ns
1812,11,2245,9,400Gbps,1ns
1812,12,2328,20,400Gbps,1ns
1812,13,2329,20,400Gbps,1ns
1812,14,2330,20,400Gbps,1ns
1812,15,2331,20,400Gbps,1ns
1813,8,2244,10,400Gbps,1ns
1813,9,2244,11,400Gbps,1ns
1813,10,2245,10,400Gbps,1ns
1813,11,2245,11,400Gbps,1ns
1813,12,2328,21,400Gbps,1ns
1813,13,2329,21,400Gbps,1ns
1813,14,2330,21,400Gbps,1ns
1813,15,2331,21,400Gbps,1ns
1814,8,2244,12,400Gbps,1ns
1814,9,2244,13,400Gbps,1ns
1814,10,2245,12,400Gbps,1ns
1814,11,2245,13,400Gbps,1ns
1814,12,2328,22,400Gbps,1ns
1814,13,2329,22,400Gbps,1ns
1814,14,2330,22,400Gbps,1ns
1814,15,2331,22,400Gbps,1ns
1815,8,2244,14,400Gbps,1ns
1815,9,2244,15,400Gbps,1ns
1815,10,2245,14,400Gbps,1ns
1815,11,2245,15,400Gbps,1ns
1815,12,2328,23,400Gbps,1ns
1815,13,2329,23,400Gbps,1ns
1815,14,2330,23,400Gbps,1ns
1815,15,2331,23,400Gbps,1ns
1816,8,2246,0,400Gbps,1ns
1816,9,2246,1,400Gbps,1ns
1816,10,2247,0,400Gbps,1ns
1816,11,2247,1,400Gbps,1ns
1816,12,2328,24,400Gbps,1ns
1816,13,2329,24,400Gbps,1ns
1816,14,2330,24,400Gbps,1ns
1816,15,2331,24,400Gbps,1ns
1817,8,2246,2,400Gbps,1ns
1817,9,2246,3,400Gbps,1ns
1817,10,2247,2,400Gbps,1ns
1817,11,2247,3,400Gbps,1ns
1817,12,2328,25,400Gbps,1ns
1817,13,2329,25,400Gbps,1ns
1817,14,2330,25,400Gbps,1ns
1817,15,2331,25,400Gbps,1ns
1818,8,2246,4,400Gbps,1ns
1818,9,2246,5,400Gbps,1ns
1818,10,2247,4,400Gbps,1ns
1818,11,2247,5,400Gbps,1ns
1818,12,2328,26,400Gbps,1ns
1818,13,2329,26,400Gbps,1ns
1818,14,2330,26,400Gbps,1ns
1818,15,2331,26,400Gbps,1ns
1819,8,2246,6,400Gbps,1ns
1819,9,2246,7,400Gbps,1ns
1819,10,2247,6,400Gbps,1ns
1819,11,2247,7,400Gbps,1ns
1819,12,2328,27,400Gbps,1ns
1819,13,2329,27,400Gbps,1ns
1819,14,2330,27,400Gbps,1ns
1819,15,2331,27,400Gbps,1ns
1820,8,2246,8,400Gbps,1ns
1820,9,2246,9,400Gbps,1ns
1820,10,2247,8,400Gbps,1ns
1820,11,2247,9,400Gbps,1ns
1820,12,2328,28,400Gbps,1ns
1820,13,2329,28,400Gbps,1ns
1820,14,2330,28,400Gbps,1ns
1820,15,2331,28,400Gbps,1ns
1821,8,2246,10,400Gbps,1ns
1821,9,2246,11,400Gbps,1ns
1821,10,2247,10,400Gbps,1ns
1821,11,2247,11,400Gbps,1ns
1821,12,2328,29,400Gbps,1ns
1821,13,2329,29,400Gbps,1ns
1821,14,2330,29,400Gbps,1ns
1821,15,2331,29,400Gbps,1ns
1822,8,2246,12,400Gbps,1ns
1822,9,2246,13,400Gbps,1ns
1822,10,2247,12,400Gbps,1ns
1822,11,2247,13,400Gbps,1ns
1822,12,2328,30,400Gbps,1ns
1822,13,2329,30,400Gbps,1ns
1822,14,2330,30,400Gbps,1ns
1822,15,2331,30,400Gbps,1ns
1823,8,2246,14,400Gbps,1ns
1823,9,2246,15,400Gbps,1ns
1823,10,2247,14,400Gbps,1ns
1823,11,2247,15,400Gbps,1ns
1823,12,2328,31,400Gbps,1ns
1823,13,2329,31,400Gbps,1ns
1823,14,2330,31,400Gbps,1ns
1823,15,2331,31,400Gbps,1ns
1824,8,2248,0,400Gbps,1ns
1824,9,2248,1,400Gbps,1ns
1824,10,2249,0,400Gbps,1ns
1824,11,2249,1,400Gbps,1ns
1824,12,2328,32,400Gbps,1ns
1824,13,2329,32,400Gbps,1ns
1824,14,2330,32,400Gbps,1ns
1824,15,2331,32,400Gbps,1ns
1825,8,2248,2,400Gbps,1ns
1825,9,2248,3,400Gbps,1ns
1825,10,2249,2,400Gbps,1ns
1825,11,2249,3,400Gbps,1ns
1825,12,2328,33,400Gbps,1ns
1825,13,2329,33,400Gbps,1ns
1825,14,2330,33,400Gbps,1ns
1825,15,2331,33,400Gbps,1ns
1826,8,2248,4,400Gbps,1ns
1826,9,2248,5,400Gbps,1ns
1826,10,2249,4,400Gbps,1ns
1826,11,2249,5,400Gbps,1ns
1826,12,2328,34,400Gbps,1ns
1826,13,2329,34,400Gbps,1ns
1826,14,2330,34,400Gbps,1ns
1826,15,2331,34,400Gbps,1ns
1827,8,2248,6,400Gbps,1ns
1827,9,2248,7,400Gbps,1ns
1827,10,2249,6,400Gbps,1ns
1827,11,2249,7,400Gbps,1ns
1827,12,2328,35,400Gbps,1ns
1827,13,2329,35,400Gbps,1ns
1827,14,2330,35,400Gbps,1ns
1827,15,2331,35,400Gbps,1ns
1828,8,2248,8,400Gbps,1ns
1828,9,2248,9,400Gbps,1ns
1828,10,2249,8,400Gbps,1ns
1828,11,2249,9,400Gbps,1ns
1828,12,2328,36,400Gbps,1ns
1828,13,2329,36,400Gbps,1ns
1828,14,2330,36,400Gbps,1ns
1828,15,2331,36,400Gbps,1ns
1829,8,2248,10,400Gbps,1ns
1829,9,2248,11,400Gbps,1ns
1829,10,2249,10,400Gbps,1ns
1829,11,2249,11,400Gbps,1ns
1829,12,2328,37,400Gbps,1ns
1829,13,2329,37,400Gbps,1ns
1829,14,2330,37,400Gbps,1ns
1829,15,2331,37,400Gbps,1ns
1830,8,2248,12,400Gbps,1ns
1830,9,2248,13,400Gbps,1ns
1830,10,2249,12,400Gbps,1ns
1830,11,2249,13,400Gbps,1ns
1830,12,2328,38,400Gbps,1ns
1830,13,2329,38,400Gbps,1ns
1830,14,2330,38,400Gbps,1ns
1830,15,2331,38,400Gbps,1ns
1831,8,2248,14,400Gbps,1ns
1831,9,2248,15,400Gbps,1ns
1831,10,2249,14,400Gbps,1ns
1831,11,2249,15,400Gbps,1ns
1831,12,2328,39,400Gbps,1ns
1831,13,2329,39,400Gbps,1ns
1831,14,2330,39,400Gbps,1ns
1831,15,2331,39,400Gbps,1ns
1832,8,2250,0,400Gbps,1ns
1832,9,2250,1,400Gbps,1ns
1832,10,2251,0,400Gbps,1ns
1832,11,2251,1,400Gbps,1ns
1832,12,2328,40,400Gbps,1ns
1832,13,2329,40,400Gbps,1ns
1832,14,2330,40,400Gbps,1ns
1832,15,2331,40,400Gbps,1ns
1833,8,2250,2,400Gbps,1ns
1833,9,2250,3,400Gbps,1ns
1833,10,2251,2,400Gbps,1ns
1833,11,2251,3,400Gbps,1ns
1833,12,2328,41,400Gbps,1ns
1833,13,2329,41,400Gbps,1ns
1833,14,2330,41,400Gbps,1ns
1833,15,2331,41,400Gbps,1ns
1834,8,2250,4,400Gbps,1ns
1834,9,2250,5,400Gbps,1ns
1834,10,2251,4,400Gbps,1ns
1834,11,2251,5,400Gbps,1ns
1834,12,2328,42,400Gbps,1ns
1834,13,2329,42,400Gbps,1ns
1834,14,2330,42,400Gbps,1ns
1834,15,2331,42,400Gbps,1ns
1835,8,2250,6,400Gbps,1ns
1835,9,2250,7,400Gbps,1ns
1835,10,2251,6,400Gbps,1ns
1835,11,2251,7,400Gbps,1ns
1835,12,2328,43,400Gbps,1ns
1835,13,2329,43,400Gbps,1ns
1835,14,2330,43,400Gbps,1ns
1835,15,2331,43,400Gbps,1ns
1836,8,2250,8,400Gbps,1ns
1836,9,2250,9,400Gbps,1ns
1836,10,2251,8,400Gbps,1ns
1836,11,2251,9,400Gbps,1ns
1836,12,2328,44,400Gbps,1ns
1836,13,2329,44,400Gbps,1ns
1836,14,2330,44,400Gbps,1ns
1836,15,2331,44,400Gbps,1ns
1837,8,2250,10,400Gbps,1ns
1837,9,2250,11,400Gbps,1ns
1837,10,2251,10,400Gbps,1ns
1837,11,2251,11,400Gbps,1ns
1837,12,2328,45,400Gbps,1ns
1837,13,2329,45,400Gbps,1ns
1837,14,2330,45,400Gbps,1ns
1837,15,2331,45,400Gbps,1ns
1838,8,2250,12,400Gbps,1ns
1838,9,2250,13,400Gbps,1ns
1838,10,2251,12,400Gbps,1ns
1838,11,2251,13,400Gbps,1ns
1838,12,2328,46,400Gbps,1ns
1838,13,2329,46,400Gbps,1ns
1838,14,2330,46,400Gbps,1ns
1838,15,2331,46,400Gbps,1ns
1839,8,2250,14,400Gbps,1ns
1839,9,2250,15,400Gbps,1ns
1839,10,2251,14,400Gbps,1ns
1839,11,2251,15,400Gbps,1ns
1839,12,2328,47,400Gbps,1ns
1839,13,2329,47,400Gbps,1ns
1839,14,2330,47,400Gbps,1ns
1839,15,2331,47,400Gbps,1ns
1840,8,2252,0,400Gbps,1ns
1840,9,2252,1,400Gbps,1ns
1840,10,2253,0,400Gbps,1ns
1840,11,2253,1,400Gbps,1ns
1840,12,2328,48,400Gbps,1ns
1840,13,2329,48,400Gbps,1ns
1840,14,2330,48,400Gbps,1ns
1840,15,2331,48,400Gbps,1ns
1841,8,2252,2,400Gbps,1ns
1841,9,2252,3,400Gbps,1ns
1841,10,2253,2,400Gbps,1ns
1841,11,2253,3,400Gbps,1ns
1841,12,2328,49,400Gbps,1ns
1841,13,2329,49,400Gbps,1ns
1841,14,2330,49,400Gbps,1ns
1841,15,2331,49,400Gbps,1ns
1842,8,2252,4,400Gbps,1ns
1842,9,2252,5,400Gbps,1ns
1842,10,2253,4,400Gbps,1ns
1842,11,2253,5,400Gbps,1ns
1842,12,2328,50,400Gbps,1ns
1842,13,2329,50,400Gbps,1ns
1842,14,2330,50,400Gbps,1ns
1842,15,2331,50,400Gbps,1ns
1843,8,2252,6,400Gbps,1ns
1843,9,2252,7,400Gbps,1ns
1843,10,2253,6,400Gbps,1ns
1843,11,2253,7,400Gbps,1ns
1843,12,2328,51,400Gbps,1ns
1843,13,2329,51,400Gbps,1ns
1843,14,2330,51,400Gbps,1ns
1843,15,2331,51,400Gbps,1ns
1844,8,2252,8,400Gbps,1ns
1844,9,2252,9,400Gbps,1ns
1844,10,2253,8,400Gbps,1ns
1844,11,2253,9,400Gbps,1ns
1844,12,2328,52,400Gbps,1ns
1844,13,2329,52,400Gbps,1ns
1844,14,2330,52,400Gbps,1ns
1844,15,2331,52,400Gbps,1ns
1845,8,2252,10,400Gbps,1ns
1845,9,2252,11,400Gbps,1ns
1845,10,2253,10,400Gbps,1ns
1845,11,2253,11,400Gbps,1ns
1845,12,2328,53,400Gbps,1ns
1845,13,2329,53,400Gbps,1ns
1845,14,2330,53,400Gbps,1ns
1845,15,2331,53,400Gbps,1ns
1846,8,2252,12,400Gbps,1ns
1846,9,2252,13,400Gbps,1ns
1846,10,2253,12,400Gbps,1ns
1846,11,2253,13,400Gbps,1ns
1846,12,2328,54,400Gbps,1ns
1846,13,2329,54,400Gbps,1ns
1846,14,2330,54,400Gbps,1ns
1846,15,2331,54,400Gbps,1ns
1847,8,2252,14,400Gbps,1ns
1847,9,2252,15,400Gbps,1ns
1847,10,2253,14,400Gbps,1ns
1847,11,2253,15,400Gbps,1ns
1847,12,2328,55,400Gbps,1ns
1847,13,2329,55,400Gbps,1ns
1847,14,2330,55,400Gbps,1ns
1847,15,2331,55,400Gbps,1ns
1848,8,2254,0,400Gbps,1ns
1848,9,2254,1,400Gbps,1ns
1848,10,2255,0,400Gbps,1ns
1848,11,2255,1,400Gbps,1ns
1848,12,2328,56,400Gbps,1ns
1848,13,2329,56,400Gbps,1ns
1848,14,2330,56,400Gbps,1ns
1848,15,2331,56,400Gbps,1ns
1849,8,2254,2,400Gbps,1ns
1849,9,2254,3,400Gbps,1ns
1849,10,2255,2,400Gbps,1ns
1849,11,2255,3,400Gbps,1ns
1849,12,2328,57,400Gbps,1ns
1849,13,2329,57,400Gbps,1ns
1849,14,2330,57,400Gbps,1ns
1849,15,2331,57,400Gbps,1ns
1850,8,2254,4,400Gbps,1ns
1850,9,2254,5,400Gbps,1ns
1850,10,2255,4,400Gbps,1ns
1850,11,2255,5,400Gbps,1ns
1850,12,2328,58,400Gbps,1ns
1850,13,2329,58,400Gbps,1ns
1850,14,2330,58,400Gbps,1ns
1850,15,2331,58,400Gbps,1ns
1851,8,2254,6,400Gbps,1ns
1851,9,2254,7,400Gbps,1ns
1851,10,2255,6,400Gbps,1ns
1851,11,2255,7,400Gbps,1ns
1851,12,2328,59,400Gbps,1ns
1851,13,2329,59,400Gbps,1ns
1851,14,2330,59,400Gbps,1ns
1851,15,2331,59,400Gbps,1ns
1852,8,2254,8,400Gbps,1ns
1852,9,2254,9,400Gbps,1ns
1852,10,2255,8,400Gbps,1ns
1852,11,2255,9,400Gbps,1ns
1852,12,2328,60,400Gbps,1ns
1852,13,2329,60,400Gbps,1ns
1852,14,2330,60,400Gbps,1ns
1852,15,2331,60,400Gbps,1ns
1853,8,2254,10,400Gbps,1ns
1853,9,2254,11,400Gbps,1ns
1853,10,2255,10,400Gbps,1ns
1853,11,2255,11,400Gbps,1ns
1853,12,2328,61,400Gbps,1ns
1853,13,2329,61,400Gbps,1ns
1853,14,2330,61,400Gbps,1ns
1853,15,2331,61,400Gbps,1ns
1854,8,2254,12,400Gbps,1ns
1854,9,2254,13,400Gbps,1ns
1854,10,2255,12,400Gbps,1ns
1854,11,2255,13,400Gbps,1ns
1854,12,2328,62,400Gbps,1ns
1854,13,2329,62,400Gbps,1ns
1854,14,2330,62,400Gbps,1ns
1854,15,2331,62,400Gbps,1ns
1855,8,2254,14,400Gbps,1ns
1855,9,2254,15,400Gbps,1ns
1855,10,2255,14,400Gbps,1ns
1855,11,2255,15,400Gbps,1ns
1855,12,2328,63,400Gbps,1ns
1855,13,2329,63,400Gbps,1ns
1855,14,2330,63,400Gbps,1ns
1855,15,2331,63,400Gbps,1ns
1856,8,2256,0,400Gbps,1ns
1856,9,2256,1,400Gbps,1ns
1856,10,2257,0,400Gbps,1ns
1856,11,2257,1,400Gbps,1ns
1856,12,2328,64,400Gbps,1ns
1856,13,2329,64,400Gbps,1ns
1856,14,2330,64,400Gbps,1ns
1856,15,2331,64,400Gbps,1ns
1857,8,2256,2,400Gbps,1ns
1857,9,2256,3,400Gbps,1ns
1857,10,2257,2,400Gbps,1ns
1857,11,2257,3,400Gbps,1ns
1857,12,2328,65,400Gbps,1ns
1857,13,2329,65,400Gbps,1ns
1857,14,2330,65,400Gbps,1ns
1857,15,2331,65,400Gbps,1ns
1858,8,2256,4,400Gbps,1ns
1858,9,2256,5,400Gbps,1ns
1858,10,2257,4,400Gbps,1ns
1858,11,2257,5,400Gbps,1ns
1858,12,2328,66,400Gbps,1ns
1858,13,2329,66,400Gbps,1ns
1858,14,2330,66,400Gbps,1ns
1858,15,2331,66,400Gbps,1ns
1859,8,2256,6,400Gbps,1ns
1859,9,2256,7,400Gbps,1ns
1859,10,2257,6,400Gbps,1ns
1859,11,2257,7,400Gbps,1ns
1859,12,2328,67,400Gbps,1ns
1859,13,2329,67,400Gbps,1ns
1859,14,2330,67,400Gbps,1ns
1859,15,2331,67,400Gbps,1ns
1860,8,2256,8,400Gbps,1ns
1860,9,2256,9,400Gbps,1ns
1860,10,2257,8,400Gbps,1ns
1860,11,2257,9,400Gbps,1ns
1860,12,2328,68,400Gbps,1ns
1860,13,2329,68,400Gbps,1ns
1860,14,2330,68,400Gbps,1ns
1860,15,2331,68,400Gbps,1ns
1861,8,2256,10,400Gbps,1ns
1861,9,2256,11,400Gbps,1ns
1861,10,2257,10,400Gbps,1ns
1861,11,2257,11,400Gbps,1ns
1861,12,2328,69,400Gbps,1ns
1861,13,2329,69,400Gbps,1ns
1861,14,2330,69,400Gbps,1ns
1861,15,2331,69,400Gbps,1ns
1862,8,2256,12,400Gbps,1ns
1862,9,2256,13,400Gbps,1ns
1862,10,2257,12,400Gbps,1ns
1862,11,2257,13,400Gbps,1ns
1862,12,2328,70,400Gbps,1ns
1862,13,2329,70,400Gbps,1ns
1862,14,2330,70,400Gbps,1ns
1862,15,2331,70,400Gbps,1ns
1863,8,2256,14,400Gbps,1ns
1863,9,2256,15,400Gbps,1ns
1863,10,2257,14,400Gbps,1ns
1863,11,2257,15,400Gbps,1ns
1863,12,2328,71,400Gbps,1ns
1863,13,2329,71,400Gbps,1ns
1863,14,2330,71,400Gbps,1ns
1863,15,2331,71,400Gbps,1ns
1864,8,2258,0,400Gbps,1ns
1864,9,2258,1,400Gbps,1ns
1864,10,2259,0,400Gbps,1ns
1864,11,2259,1,400Gbps,1ns
1864,12,2328,72,400Gbps,1ns
1864,13,2329,72,400Gbps,1ns
1864,14,2330,72,400Gbps,1ns
1864,15,2331,72,400Gbps,1ns
1865,8,2258,2,400Gbps,1ns
1865,9,2258,3,400Gbps,1ns
1865,10,2259,2,400Gbps,1ns
1865,11,2259,3,400Gbps,1ns
1865,12,2328,73,400Gbps,1ns
1865,13,2329,73,400Gbps,1ns
1865,14,2330,73,400Gbps,1ns
1865,15,2331,73,400Gbps,1ns
1866,8,2258,4,400Gbps,1ns
1866,9,2258,5,400Gbps,1ns
1866,10,2259,4,400Gbps,1ns
1866,11,2259,5,400Gbps,1ns
1866,12,2328,74,400Gbps,1ns
1866,13,2329,74,400Gbps,1ns
1866,14,2330,74,400Gbps,1ns
1866,15,2331,74,400Gbps,1ns
1867,8,2258,6,400Gbps,1ns
1867,9,2258,7,400Gbps,1ns
1867,10,2259,6,400Gbps,1ns
1867,11,2259,7,400Gbps,1ns
1867,12,2328,75,400Gbps,1ns
1867,13,2329,75,400Gbps,1ns
1867,14,2330,75,400Gbps,1ns
1867,15,2331,75,400Gbps,1ns
1868,8,2258,8,400Gbps,1ns
1868,9,2258,9,400Gbps,1ns
1868,10,2259,8,400Gbps,1ns
1868,11,2259,9,400Gbps,1ns
1868,12,2328,76,400Gbps,1ns
1868,13,2329,76,400Gbps,1ns
1868,14,2330,76,400Gbps,1ns
1868,15,2331,76,400Gbps,1ns
1869,8,2258,10,400Gbps,1ns
1869,9,2258,11,400Gbps,1ns
1869,10,2259,10,400Gbps,1ns
1869,11,2259,11,400Gbps,1ns
1869,12,2328,77,400Gbps,1ns
1869,13,2329,77,400Gbps,1ns
1869,14,2330,77,400Gbps,1ns
1869,15,2331,77,400Gbps,1ns
1870,8,2258,12,400Gbps,1ns
1870,9,2258,13,400Gbps,1ns
1870,10,2259,12,400Gbps,1ns
1870,11,2259,13,400Gbps,1ns
1870,12,2328,78,400Gbps,1ns
1870,13,2329,78,400Gbps,1ns
1870,14,2330,78,400Gbps,1ns
1870,15,2331,78,400Gbps,1ns
1871,8,2258,14,400Gbps,1ns
1871,9,2258,15,400Gbps,1ns
1871,10,2259,14,400Gbps,1ns
1871,11,2259,15,400Gbps,1ns
1871,12,2328,79,400Gbps,1ns
1871,13,2329,79,400Gbps,1ns
1871,14,2330,79,400Gbps,1ns
1871,15,2331,79,400Gbps,1ns
1872,8,2260,0,400Gbps,1ns
1872,9,2260,1,400Gbps,1ns
1872,10,2261,0,400Gbps,1ns
1872,11,2261,1,400Gbps,1ns
1872,12,2328,80,400Gbps,1ns
1872,13,2329,80,400Gbps,1ns
1872,14,2330,80,400Gbps,1ns
1872,15,2331,80,400Gbps,1ns
1873,8,2260,2,400Gbps,1ns
1873,9,2260,3,400Gbps,1ns
1873,10,2261,2,400Gbps,1ns
1873,11,2261,3,400Gbps,1ns
1873,12,2328,81,400Gbps,1ns
1873,13,2329,81,400Gbps,1ns
1873,14,2330,81,400Gbps,1ns
1873,15,2331,81,400Gbps,1ns
1874,8,2260,4,400Gbps,1ns
1874,9,2260,5,400Gbps,1ns
1874,10,2261,4,400Gbps,1ns
1874,11,2261,5,400Gbps,1ns
1874,12,2328,82,400Gbps,1ns
1874,13,2329,82,400Gbps,1ns
1874,14,2330,82,400Gbps,1ns
1874,15,2331,82,400Gbps,1ns
1875,8,2260,6,400Gbps,1ns
1875,9,2260,7,400Gbps,1ns
1875,10,2261,6,400Gbps,1ns
1875,11,2261,7,400Gbps,1ns
1875,12,2328,83,400Gbps,1ns
1875,13,2329,83,400Gbps,1ns
1875,14,2330,83,400Gbps,1ns
1875,15,2331,83,400Gbps,1ns
1876,8,2260,8,400Gbps,1ns
1876,9,2260,9,400Gbps,1ns
1876,10,2261,8,400Gbps,1ns
1876,11,2261,9,400Gbps,1ns
1876,12,2328,84,400Gbps,1ns
1876,13,2329,84,400Gbps,1ns
1876,14,2330,84,400Gbps,1ns
1876,15,2331,84,400Gbps,1ns
1877,8,2260,10,400Gbps,1ns
1877,9,2260,11,400Gbps,1ns
1877,10,2261,10,400Gbps,1ns
1877,11,2261,11,400Gbps,1ns
1877,12,2328,85,400Gbps,1ns
1877,13,2329,85,400Gbps,1ns
1877,14,2330,85,400Gbps,1ns
1877,15,2331,85,400Gbps,1ns
1878,8,2260,12,400Gbps,1ns
1878,9,2260,13,400Gbps,1ns
1878,10,2261,12,400Gbps,1ns
1878,11,2261,13,400Gbps,1ns
1878,12,2328,86,400Gbps,1ns
1878,13,2329,86,400Gbps,1ns
1878,14,2330,86,400Gbps,1ns
1878,15,2331,86,400Gbps,1ns
1879,8,2260,14,400Gbps,1ns
1879,9,2260,15,400Gbps,1ns
1879,10,2261,14,400Gbps,1ns
1879,11,2261,15,400Gbps,1ns
1879,12,2328,87,400Gbps,1ns
1879,13,2329,87,400Gbps,1ns
1879,14,2330,87,400Gbps,1ns
1879,15,2331,87,400Gbps,1ns
1880,8,2262,0,400Gbps,1ns
1880,9,2262,1,400Gbps,1ns
1880,10,2263,0,400Gbps,1ns
1880,11,2263,1,400Gbps,1ns
1880,12,2328,88,400Gbps,1ns
1880,13,2329,88,400Gbps,1ns
1880,14,2330,88,400Gbps,1ns
1880,15,2331,88,400Gbps,1ns
1881,8,2262,2,400Gbps,1ns
1881,9,2262,3,400Gbps,1ns
1881,10,2263,2,400Gbps,1ns
1881,11,2263,3,400Gbps,1ns
1881,12,2328,89,400Gbps,1ns
1881,13,2329,89,400Gbps,1ns
1881,14,2330,89,400Gbps,1ns
1881,15,2331,89,400Gbps,1ns
1882,8,2262,4,400Gbps,1ns
1882,9,2262,5,400Gbps,1ns
1882,10,2263,4,400Gbps,1ns
1882,11,2263,5,400Gbps,1ns
1882,12,2328,90,400Gbps,1ns
1882,13,2329,90,400Gbps,1ns
1882,14,2330,90,400Gbps,1ns
1882,15,2331,90,400Gbps,1ns
1883,8,2262,6,400Gbps,1ns
1883,9,2262,7,400Gbps,1ns
1883,10,2263,6,400Gbps,1ns
1883,11,2263,7,400Gbps,1ns
1883,12,2328,91,400Gbps,1ns
1883,13,2329,91,400Gbps,1ns
1883,14,2330,91,400Gbps,1ns
1883,15,2331,91,400Gbps,1ns
1884,8,2262,8,400Gbps,1ns
1884,9,2262,9,400Gbps,1ns
1884,10,2263,8,400Gbps,1ns
1884,11,2263,9,400Gbps,1ns
1884,12,2328,92,400Gbps,1ns
1884,13,2329,92,400Gbps,1ns
1884,14,2330,92,400Gbps,1ns
1884,15,2331,92,400Gbps,1ns
1885,8,2262,10,400Gbps,1ns
1885,9,2262,11,400Gbps,1ns
1885,10,2263,10,400Gbps,1ns
1885,11,2263,11,400Gbps,1ns
1885,12,2328,93,400Gbps,1ns
1885,13,2329,93,400Gbps,1ns
1885,14,2330,93,400Gbps,1ns
1885,15,2331,93,400Gbps,1ns
1886,8,2262,12,400Gbps,1ns
1886,9,2262,13,400Gbps,1ns
1886,10,2263,12,400Gbps,1ns
1886,11,2263,13,400Gbps,1ns
1886,12,2328,94,400Gbps,1ns
1886,13,2329,94,400Gbps,1ns
1886,14,2330,94,400Gbps,1ns
1886,15,2331,94,400Gbps,1ns
1887,8,2262,14,400Gbps,1ns
1887,9,2262,15,400Gbps,1ns
1887,10,2263,14,400Gbps,1ns
1887,11,2263,15,400Gbps,1ns
1887,12,2328,95,400Gbps,1ns
1887,13,2329,95,400Gbps,1ns
1887,14,2330,95,400Gbps,1ns
1887,15,2331,95,400Gbps,1ns
1888,8,2264,0,400Gbps,1ns
1888,9,2264,1,400Gbps,1ns
1888,10,2265,0,400Gbps,1ns
1888,11,2265,1,400Gbps,1ns
1888,12,2328,96,400Gbps,1ns
1888,13,2329,96,400Gbps,1ns
1888,14,2330,96,400Gbps,1ns
1888,15,2331,96,400Gbps,1ns
1889,8,2264,2,400Gbps,1ns
1889,9,2264,3,400Gbps,1ns
1889,10,2265,2,400Gbps,1ns
1889,11,2265,3,400Gbps,1ns
1889,12,2328,97,400Gbps,1ns
1889,13,2329,97,400Gbps,1ns
1889,14,2330,97,400Gbps,1ns
1889,15,2331,97,400Gbps,1ns
1890,8,2264,4,400Gbps,1ns
1890,9,2264,5,400Gbps,1ns
1890,10,2265,4,400Gbps,1ns
1890,11,2265,5,400Gbps,1ns
1890,12,2328,98,400Gbps,1ns
1890,13,2329,98,400Gbps,1ns
1890,14,2330,98,400Gbps,1ns
1890,15,2331,98,400Gbps,1ns
1891,8,2264,6,400Gbps,1ns
1891,9,2264,7,400Gbps,1ns
1891,10,2265,6,400Gbps,1ns
1891,11,2265,7,400Gbps,1ns
1891,12,2328,99,400Gbps,1ns
1891,13,2329,99,400Gbps,1ns
1891,14,2330,99,400Gbps,1ns
1891,15,2331,99,400Gbps,1ns
1892,8,2264,8,400Gbps,1ns
1892,9,2264,9,400Gbps,1ns
1892,10,2265,8,400Gbps,1ns
1892,11,2265,9,400Gbps,1ns
1892,12,2328,100,400Gbps,1ns
1892,13,2329,100,400Gbps,1ns
1892,14,2330,100,400Gbps,1ns
1892,15,2331,100,400Gbps,1ns
1893,8,2264,10,400Gbps,1ns
1893,9,2264,11,400Gbps,1ns
1893,10,2265,10,400Gbps,1ns
1893,11,2265,11,400Gbps,1ns
1893,12,2328,101,400Gbps,1ns
1893,13,2329,101,400Gbps,1ns
1893,14,2330,101,400Gbps,1ns
1893,15,2331,101,400Gbps,1ns
1894,8,2264,12,400Gbps,1ns
1894,9,2264,13,400Gbps,1ns
1894,10,2265,12,400Gbps,1ns
1894,11,2265,13,400Gbps,1ns
1894,12,2328,102,400Gbps,1ns
1894,13,2329,102,400Gbps,1ns
1894,14,2330,102,400Gbps,1ns
1894,15,2331,102,400Gbps,1ns
1895,8,2264,14,400Gbps,1ns
1895,9,2264,15,400Gbps,1ns
1895,10,2265,14,400Gbps,1ns
1895,11,2265,15,400Gbps,1ns
1895,12,2328,103,400Gbps,1ns
1895,13,2329,103,400Gbps,1ns
1895,14,2330,103,400Gbps,1ns
1895,15,2331,103,400Gbps,1ns
1896,8,2266,0,400Gbps,1ns
1896,9,2266,1,400Gbps,1ns
1896,10,2267,0,400Gbps,1ns
1896,11,2267,1,400Gbps,1ns
1896,12,2328,104,400Gbps,1ns
1896,13,2329,104,400Gbps,1ns
1896,14,2330,104,400Gbps,1ns
1896,15,2331,104,400Gbps,1ns
1897,8,2266,2,400Gbps,1ns
1897,9,2266,3,400Gbps,1ns
1897,10,2267,2,400Gbps,1ns
1897,11,2267,3,400Gbps,1ns
1897,12,2328,105,400Gbps,1ns
1897,13,2329,105,400Gbps,1ns
1897,14,2330,105,400Gbps,1ns
1897,15,2331,105,400Gbps,1ns
1898,8,2266,4,400Gbps,1ns
1898,9,2266,5,400Gbps,1ns
1898,10,2267,4,400Gbps,1ns
1898,11,2267,5,400Gbps,1ns
1898,12,2328,106,400Gbps,1ns
1898,13,2329,106,400Gbps,1ns
1898,14,2330,106,400Gbps,1ns
1898,15,2331,106,400Gbps,1ns
1899,8,2266,6,400Gbps,1ns
1899,9,2266,7,400Gbps,1ns
1899,10,2267,6,400Gbps,1ns
1899,11,2267,7,400Gbps,1ns
1899,12,2328,107,400Gbps,1ns
1899,13,2329,107,400Gbps,1ns
1899,14,2330,107,400Gbps,1ns
1899,15,2331,107,400Gbps,1ns
1900,8,2266,8,400Gbps,1ns
1900,9,2266,9,400Gbps,1ns
1900,10,2267,8,400Gbps,1ns
1900,11,2267,9,400Gbps,1ns
1900,12,2328,108,400Gbps,1ns
1900,13,2329,108,400Gbps,1ns
1900,14,2330,108,400Gbps,1ns
1900,15,2331,108,400Gbps,1ns
1901,8,2266,10,400Gbps,1ns
1901,9,2266,11,400Gbps,1ns
1901,10,2267,10,400Gbps,1ns
1901,11,2267,11,400Gbps,1ns
1901,12,2328,109,400Gbps,1ns
1901,13,2329,109,400Gbps,1ns
1901,14,2330,109,400Gbps,1ns
1901,15,2331,109,400Gbps,1ns
1902,8,2266,12,400Gbps,1ns
1902,9,2266,13,400Gbps,1ns
1902,10,2267,12,400Gbps,1ns
1902,11,2267,13,400Gbps,1ns
1902,12,2328,110,400Gbps,1ns
1902,13,2329,110,400Gbps,1ns
1902,14,2330,110,400Gbps,1ns
1902,15,2331,110,400Gbps,1ns
1903,8,2266,14,400Gbps,1ns
1903,9,2266,15,400Gbps,1ns
1903,10,2267,14,400Gbps,1ns
1903,11,2267,15,400Gbps,1ns
1903,12,2328,111,400Gbps,1ns
1903,13,2329,111,400Gbps,1ns
1903,14,2330,111,400Gbps,1ns
1903,15,2331,111,400Gbps,1ns
1904,8,2268,0,400Gbps,1ns
1904,9,2268,1,400Gbps,1ns
1904,10,2269,0,400Gbps,1ns
1904,11,2269,1,400Gbps,1ns
1904,12,2328,112,400Gbps,1ns
1904,13,2329,112,400Gbps,1ns
1904,14,2330,112,400Gbps,1ns
1904,15,2331,112,400Gbps,1ns
1905,8,2268,2,400Gbps,1ns
1905,9,2268,3,400Gbps,1ns
1905,10,2269,2,400Gbps,1ns
1905,11,2269,3,400Gbps,1ns
1905,12,2328,113,400Gbps,1ns
1905,13,2329,113,400Gbps,1ns
1905,14,2330,113,400Gbps,1ns
1905,15,2331,113,400Gbps,1ns
1906,8,2268,4,400Gbps,1ns
1906,9,2268,5,400Gbps,1ns
1906,10,2269,4,400Gbps,1ns
1906,11,2269,5,400Gbps,1ns
1906,12,2328,114,400Gbps,1ns
1906,13,2329,114,400Gbps,1ns
1906,14,2330,114,400Gbps,1ns
1906,15,2331,114,400Gbps,1ns
1907,8,2268,6,400Gbps,1ns
1907,9,2268,7,400Gbps,1ns
1907,10,2269,6,400Gbps,1ns
1907,11,2269,7,400Gbps,1ns
1907,12,2328,115,400Gbps,1ns
1907,13,2329,115,400Gbps,1ns
1907,14,2330,115,400Gbps,1ns
1907,15,2331,115,400Gbps,1ns
1908,8,2268,8,400Gbps,1ns
1908,9,2268,9,400Gbps,1ns
1908,10,2269,8,400Gbps,1ns
1908,11,2269,9,400Gbps,1ns
1908,12,2328,116,400Gbps,1ns
1908,13,2329,116,400Gbps,1ns
1908,14,2330,116,400Gbps,1ns
1908,15,2331,116,400Gbps,1ns
1909,8,2268,10,400Gbps,1ns
1909,9,2268,11,400Gbps,1ns
1909,10,2269,10,400Gbps,1ns
1909,11,2269,11,400Gbps,1ns
1909,12,2328,117,400Gbps,1ns
1909,13,2329,117,400Gbps,1ns
1909,14,2330,117,400Gbps,1ns
1909,15,2331,117,400Gbps,1ns
1910,8,2268,12,400Gbps,1ns
1910,9,2268,13,400Gbps,1ns
1910,10,2269,12,400Gbps,1ns
1910,11,2269,13,400Gbps,1ns
1910,12,2328,118,400Gbps,1ns
1910,13,2329,118,400Gbps,1ns
1910,14,2330,118,400Gbps,1ns
1910,15,2331,118,400Gbps,1ns
1911,8,2268,14,400Gbps,1ns
1911,9,2268,15,400Gbps,1ns
1911,10,2269,14,400Gbps,1ns
1911,11,2269,15,400Gbps,1ns
1911,12,2328,119,400Gbps,1ns
1911,13,2329,119,400Gbps,1ns
1911,14,2330,119,400Gbps,1ns
1911,15,2331,119,400Gbps,1ns
1912,8,2270,0,400Gbps,1ns
1912,9,2270,1,400Gbps,1ns
1912,10,2271,0,400Gbps,1ns
1912,11,2271,1,400Gbps,1ns
1912,12,2328,120,400Gbps,1ns
1912,13,2329,120,400Gbps,1ns
1912,14,2330,120,400Gbps,1ns
1912,15,2331,120,400Gbps,1ns
1913,8,2270,2,400Gbps,1ns
1913,9,2270,3,400Gbps,1ns
1913,10,2271,2,400Gbps,1ns
1913,11,2271,3,400Gbps,1ns
1913,12,2328,121,400Gbps,1ns
1913,13,2329,121,400Gbps,1ns
1913,14,2330,121,400Gbps,1ns
1913,15,2331,121,400Gbps,1ns
1914,8,2270,4,400Gbps,1ns
1914,9,2270,5,400Gbps,1ns
1914,10,2271,4,400Gbps,1ns
1914,11,2271,5,400Gbps,1ns
1914,12,2328,122,400Gbps,1ns
1914,13,2329,122,400Gbps,1ns
1914,14,2330,122,400Gbps,1ns
1914,15,2331,122,400Gbps,1ns
1915,8,2270,6,400Gbps,1ns
1915,9,2270,7,400Gbps,1ns
1915,10,2271,6,400Gbps,1ns
1915,11,2271,7,400Gbps,1ns
1915,12,2328,123,400Gbps,1ns
1915,13,2329,123,400Gbps,1ns
1915,14,2330,123,400Gbps,1ns
1915,15,2331,123,400Gbps,1ns
1916,8,2270,8,400Gbps,1ns
1916,9,2270,9,400Gbps,1ns
1916,10,2271,8,400Gbps,1ns
1916,11,2271,9,400Gbps,1ns
1916,12,2328,124,400Gbps,1ns
1916,13,2329,124,400Gbps,1ns
1916,14,2330,124,400Gbps,1ns
1916,15,2331,124,400Gbps,1ns
1917,8,2270,10,400Gbps,1ns
1917,9,2270,11,400Gbps,1ns
1917,10,2271,10,400Gbps,1ns
1917,11,2271,11,400Gbps,1ns
1917,12,2328,125,400Gbps,1ns
1917,13,2329,125,400Gbps,1ns
1917,14,2330,125,400Gbps,1ns
1917,15,2331,125,400Gbps,1ns
1918,8,2270,12,400Gbps,1ns
1918,9,2270,13,400Gbps,1ns
1918,10,2271,12,400Gbps,1ns
1918,11,2271,13,400Gbps,1ns
1918,12,2328,126,400Gbps,1ns
1918,13,2329,126,400Gbps,1ns
1918,14,2330,126,400Gbps,1ns
1918,15,2331,126,400Gbps,1ns
1919,8,2270,14,400Gbps,1ns
1919,9,2270,15,400Gbps,1ns
1919,10,2271,14,400Gbps,1ns
1919,11,2271,15,400Gbps,1ns
1919,12,2328,127,400Gbps,1ns
1919,13,2329,127,400Gbps,1ns
1919,14,2330,127,400Gbps,1ns
1919,15,2331,127,400Gbps,1ns
1920,8,2272,0,400Gbps,1ns
1920,9,2272,1,400Gbps,1ns
1920,10,2273,0,400Gbps,1ns
1920,11,2273,1,400Gbps,1ns
1920,12,2332,0,400Gbps,1ns
1920,13,2333,0,400Gbps,1ns
1920,14,2334,0,400Gbps,1ns
1920,15,2335,0,400Gbps,1ns
1921,8,2272,2,400Gbps,1ns
1921,9,2272,3,400Gbps,1ns
1921,10,2273,2,400Gbps,1ns
1921,11,2273,3,400Gbps,1ns
1921,12,2332,1,400Gbps,1ns
1921,13,2333,1,400Gbps,1ns
1921,14,2334,1,400Gbps,1ns
1921,15,2335,1,400Gbps,1ns
1922,8,2272,4,400Gbps,1ns
1922,9,2272,5,400Gbps,1ns
1922,10,2273,4,400Gbps,1ns
1922,11,2273,5,400Gbps,1ns
1922,12,2332,2,400Gbps,1ns
1922,13,2333,2,400Gbps,1ns
1922,14,2334,2,400Gbps,1ns
1922,15,2335,2,400Gbps,1ns
1923,8,2272,6,400Gbps,1ns
1923,9,2272,7,400Gbps,1ns
1923,10,2273,6,400Gbps,1ns
1923,11,2273,7,400Gbps,1ns
1923,12,2332,3,400Gbps,1ns
1923,13,2333,3,400Gbps,1ns
1923,14,2334,3,400Gbps,1ns
1923,15,2335,3,400Gbps,1ns
1924,8,2272,8,400Gbps,1ns
1924,9,2272,9,400Gbps,1ns
1924,10,2273,8,400Gbps,1ns
1924,11,2273,9,400Gbps,1ns
1924,12,2332,4,400Gbps,1ns
1924,13,2333,4,400Gbps,1ns
1924,14,2334,4,400Gbps,1ns
1924,15,2335,4,400Gbps,1ns
1925,8,2272,10,400Gbps,1ns
1925,9,2272,11,400Gbps,1ns
1925,10,2273,10,400Gbps,1ns
1925,11,2273,11,400Gbps,1ns
1925,12,2332,5,400Gbps,1ns
1925,13,2333,5,400Gbps,1ns
1925,14,2334,5,400Gbps,1ns
1925,15,2335,5,400Gbps,1ns
1926,8,2272,12,400Gbps,1ns
1926,9,2272,13,400Gbps,1ns
1926,10,2273,12,400Gbps,1ns
1926,11,2273,13,400Gbps,1ns
1926,12,2332,6,400Gbps,1ns
1926,13,2333,6,400Gbps,1ns
1926,14,2334,6,400Gbps,1ns
1926,15,2335,6,400Gbps,1ns
1927,8,2272,14,400Gbps,1ns
1927,9,2272,15,400Gbps,1ns
1927,10,2273,14,400Gbps,1ns
1927,11,2273,15,400Gbps,1ns
1927,12,2332,7,400Gbps,1ns
1927,13,2333,7,400Gbps,1ns
1927,14,2334,7,400Gbps,1ns
1927,15,2335,7,400Gbps,1ns
1928,8,2274,0,400Gbps,1ns
1928,9,2274,1,400Gbps,1ns
1928,10,2275,0,400Gbps,1ns
1928,11,2275,1,400Gbps,1ns
1928,12,2332,8,400Gbps,1ns
1928,13,2333,8,400Gbps,1ns
1928,14,2334,8,400Gbps,1ns
1928,15,2335,8,400Gbps,1ns
1929,8,2274,2,400Gbps,1ns
1929,9,2274,3,400Gbps,1ns
1929,10,2275,2,400Gbps,1ns
1929,11,2275,3,400Gbps,1ns
1929,12,2332,9,400Gbps,1ns
1929,13,2333,9,400Gbps,1ns
1929,14,2334,9,400Gbps,1ns
1929,15,2335,9,400Gbps,1ns
1930,8,2274,4,400Gbps,1ns
1930,9,2274,5,400Gbps,1ns
1930,10,2275,4,400Gbps,1ns
1930,11,2275,5,400Gbps,1ns
1930,12,2332,10,400Gbps,1ns
1930,13,2333,10,400Gbps,1ns
1930,14,2334,10,400Gbps,1ns
1930,15,2335,10,400Gbps,1ns
1931,8,2274,6,400Gbps,1ns
1931,9,2274,7,400Gbps,1ns
1931,10,2275,6,400Gbps,1ns
1931,11,2275,7,400Gbps,1ns
1931,12,2332,11,400Gbps,1ns
1931,13,2333,11,400Gbps,1ns
1931,14,2334,11,400Gbps,1ns
1931,15,2335,11,400Gbps,1ns
1932,8,2274,8,400Gbps,1ns
1932,9,2274,9,400Gbps,1ns
1932,10,2275,8,400Gbps,1ns
1932,11,2275,9,400Gbps,1ns
1932,12,2332,12,400Gbps,1ns
1932,13,2333,12,400Gbps,1ns
1932,14,2334,12,400Gbps,1ns
1932,15,2335,12,400Gbps,1ns
1933,8,2274,10,400Gbps,1ns
1933,9,2274,11,400Gbps,1ns
1933,10,2275,10,400Gbps,1ns
1933,11,2275,11,400Gbps,1ns
1933,12,2332,13,400Gbps,1ns
1933,13,2333,13,400Gbps,1ns
1933,14,2334,13,400Gbps,1ns
1933,15,2335,13,400Gbps,1ns
1934,8,2274,12,400Gbps,1ns
1934,9,2274,13,400Gbps,1ns
1934,10,2275,12,400Gbps,1ns
1934,11,2275,13,400Gbps,1ns
1934,12,2332,14,400Gbps,1ns
1934,13,2333,14,400Gbps,1ns
1934,14,2334,14,400Gbps,1ns
1934,15,2335,14,400Gbps,1ns
1935,8,2274,14,400Gbps,1ns
1935,9,2274,15,400Gbps,1ns
1935,10,2275,14,400Gbps,1ns
1935,11,2275,15,400Gbps,1ns
1935,12,2332,15,400Gbps,1ns
1935,13,2333,15,400Gbps,1ns
1935,14,2334,15,400Gbps,1ns
1935,15,2335,15,400Gbps,1ns
1936,8,2276,0,400Gbps,1ns
1936,9,2276,1,400Gbps,1ns
1936,10,2277,0,400Gbps,1ns
1936,11,2277,1,400Gbps,1ns
1936,12,2332,16,400Gbps,1ns
1936,13,2333,16,400Gbps,1ns
1936,14,2334,16,400Gbps,1ns
1936,15,2335,16,400Gbps,1ns
1937,8,2276,2,400Gbps,1ns
1937,9,2276,3,400Gbps,1ns
1937,10,2277,2,400Gbps,1ns
1937,11,2277,3,400Gbps,1ns
1937,12,2332,17,400Gbps,1ns
1937,13,2333,17,400Gbps,1ns
1937,14,2334,17,400Gbps,1ns
1937,15,2335,17,400Gbps,1ns
1938,8,2276,4,400Gbps,1ns
1938,9,2276,5,400Gbps,1ns
1938,10,2277,4,400Gbps,1ns
1938,11,2277,5,400Gbps,1ns
1938,12,2332,18,400Gbps,1ns
1938,13,2333,18,400Gbps,1ns
1938,14,2334,18,400Gbps,1ns
1938,15,2335,18,400Gbps,1ns
1939,8,2276,6,400Gbps,1ns
1939,9,2276,7,400Gbps,1ns
1939,10,2277,6,400Gbps,1ns
1939,11,2277,7,400Gbps,1ns
1939,12,2332,19,400Gbps,1ns
1939,13,2333,19,400Gbps,1ns
1939,14,2334,19,400Gbps,1ns
1939,15,2335,19,400Gbps,1ns
1940,8,2276,8,400Gbps,1ns
1940,9,2276,9,400Gbps,1ns
1940,10,2277,8,400Gbps,1ns
1940,11,2277,9,400Gbps,1ns
1940,12,2332,20,400Gbps,1ns
1940,13,2333,20,400Gbps,1ns
1940,14,2334,20,400Gbps,1ns
1940,15,2335,20,400Gbps,1ns
1941,8,2276,10,400Gbps,1ns
1941,9,2276,11,400Gbps,1ns
1941,10,2277,10,400Gbps,1ns
1941,11,2277,11,400Gbps,1ns
1941,12,2332,21,400Gbps,1ns
1941,13,2333,21,400Gbps,1ns
1941,14,2334,21,400Gbps,1ns
1941,15,2335,21,400Gbps,1ns
1942,8,2276,12,400Gbps,1ns
1942,9,2276,13,400Gbps,1ns
1942,10,2277,12,400Gbps,1ns
1942,11,2277,13,400Gbps,1ns
1942,12,2332,22,400Gbps,1ns
1942,13,2333,22,400Gbps,1ns
1942,14,2334,22,400Gbps,1ns
1942,15,2335,22,400Gbps,1ns
1943,8,2276,14,400Gbps,1ns
1943,9,2276,15,400Gbps,1ns
1943,10,2277,14,400Gbps,1ns
1943,11,2277,15,400Gbps,1ns
1943,12,2332,23,400Gbps,1ns
1943,13,2333,23,400Gbps,1ns
1943,14,2334,23,400Gbps,1ns
1943,15,2335,23,400Gbps,1ns
1944,8,2278,0,400Gbps,1ns
1944,9,2278,1,400Gbps,1ns
1944,10,2279,0,400Gbps,1ns
1944,11,2279,1,400Gbps,1ns
1944,12,2332,24,400Gbps,1ns
1944,13,2333,24,400Gbps,1ns
1944,14,2334,24,400Gbps,1ns
1944,15,2335,24,400Gbps,1ns
1945,8,2278,2,400Gbps,1ns
1945,9,2278,3,400Gbps,1ns
1945,10,2279,2,400Gbps,1ns
1945,11,2279,3,400Gbps,1ns
1945,12,2332,25,400Gbps,1ns
1945,13,2333,25,400Gbps,1ns
1945,14,2334,25,400Gbps,1ns
1945,15,2335,25,400Gbps,1ns
1946,8,2278,4,400Gbps,1ns
1946,9,2278,5,400Gbps,1ns
1946,10,2279,4,400Gbps,1ns
1946,11,2279,5,400Gbps,1ns
1946,12,2332,26,400Gbps,1ns
1946,13,2333,26,400Gbps,1ns
1946,14,2334,26,400Gbps,1ns
1946,15,2335,26,400Gbps,1ns
1947,8,2278,6,400Gbps,1ns
1947,9,2278,7,400Gbps,1ns
1947,10,2279,6,400Gbps,1ns
1947,11,2279,7,400Gbps,1ns
1947,12,2332,27,400Gbps,1ns
1947,13,2333,27,400Gbps,1ns
1947,14,2334,27,400Gbps,1ns
1947,15,2335,27,400Gbps,1ns
1948,8,2278,8,400Gbps,1ns
1948,9,2278,9,400Gbps,1ns
1948,10,2279,8,400Gbps,1ns
1948,11,2279,9,400Gbps,1ns
1948,12,2332,28,400Gbps,1ns
1948,13,2333,28,400Gbps,1ns
1948,14,2334,28,400Gbps,1ns
1948,15,2335,28,400Gbps,1ns
1949,8,2278,10,400Gbps,1ns
1949,9,2278,11,400Gbps,1ns
1949,10,2279,10,400Gbps,1ns
1949,11,2279,11,400Gbps,1ns
1949,12,2332,29,400Gbps,1ns
1949,13,2333,29,400Gbps,1ns
1949,14,2334,29,400Gbps,1ns
1949,15,2335,29,400Gbps,1ns
1950,8,2278,12,400Gbps,1ns
1950,9,2278,13,400Gbps,1ns
1950,10,2279,12,400Gbps,1ns
1950,11,2279,13,400Gbps,1ns
1950,12,2332,30,400Gbps,1ns
1950,13,2333,30,400Gbps,1ns
1950,14,2334,30,400Gbps,1ns
1950,15,2335,30,400Gbps,1ns
1951,8,2278,14,400Gbps,1ns
1951,9,2278,15,400Gbps,1ns
1951,10,2279,14,400Gbps,1ns
1951,11,2279,15,400Gbps,1ns
1951,12,2332,31,400Gbps,1ns
1951,13,2333,31,400Gbps,1ns
1951,14,2334,31,400Gbps,1ns
1951,15,2335,31,400Gbps,1ns
1952,8,2280,0,400Gbps,1ns
1952,9,2280,1,400Gbps,1ns
1952,10,2281,0,400Gbps,1ns
1952,11,2281,1,400Gbps,1ns
1952,12,2332,32,400Gbps,1ns
1952,13,2333,32,400Gbps,1ns
1952,14,2334,32,400Gbps,1ns
1952,15,2335,32,400Gbps,1ns
1953,8,2280,2,400Gbps,1ns
1953,9,2280,3,400Gbps,1ns
1953,10,2281,2,400Gbps,1ns
1953,11,2281,3,400Gbps,1ns
1953,12,2332,33,400Gbps,1ns
1953,13,2333,33,400Gbps,1ns
1953,14,2334,33,400Gbps,1ns
1953,15,2335,33,400Gbps,1ns
1954,8,2280,4,400Gbps,1ns
1954,9,2280,5,400Gbps,1ns
1954,10,2281,4,400Gbps,1ns
1954,11,2281,5,400Gbps,1ns
1954,12,2332,34,400Gbps,1ns
1954,13,2333,34,400Gbps,1ns
1954,14,2334,34,400Gbps,1ns
1954,15,2335,34,400Gbps,1ns
1955,8,2280,6,400Gbps,1ns
1955,9,2280,7,400Gbps,1ns
1955,10,2281,6,400Gbps,1ns
1955,11,2281,7,400Gbps,1ns
1955,12,2332,35,400Gbps,1ns
1955,13,2333,35,400Gbps,1ns
1955,14,2334,35,400Gbps,1ns
1955,15,2335,35,400Gbps,1ns
1956,8,2280,8,400Gbps,1ns
1956,9,2280,9,400Gbps,1ns
1956,10,2281,8,400Gbps,1ns
1956,11,2281,9,400Gbps,1ns
1956,12,2332,36,400Gbps,1ns
1956,13,2333,36,400Gbps,1ns
1956,14,2334,36,400Gbps,1ns
1956,15,2335,36,400Gbps,1ns
1957,8,2280,10,400Gbps,1ns
1957,9,2280,11,400Gbps,1ns
1957,10,2281,10,400Gbps,1ns
1957,11,2281,11,400Gbps,1ns
1957,12,2332,37,400Gbps,1ns
1957,13,2333,37,400Gbps,1ns
1957,14,2334,37,400Gbps,1ns
1957,15,2335,37,400Gbps,1ns
1958,8,2280,12,400Gbps,1ns
1958,9,2280,13,400Gbps,1ns
1958,10,2281,12,400Gbps,1ns
1958,11,2281,13,400Gbps,1ns
1958,12,2332,38,400Gbps,1ns
1958,13,2333,38,400Gbps,1ns
1958,14,2334,38,400Gbps,1ns
1958,15,2335,38,400Gbps,1ns
1959,8,2280,14,400Gbps,1ns
1959,9,2280,15,400Gbps,1ns
1959,10,2281,14,400Gbps,1ns
1959,11,2281,15,400Gbps,1ns
1959,12,2332,39,400Gbps,1ns
1959,13,2333,39,400Gbps,1ns
1959,14,2334,39,400Gbps,1ns
1959,15,2335,39,400Gbps,1ns
1960,8,2282,0,400Gbps,1ns
1960,9,2282,1,400Gbps,1ns
1960,10,2283,0,400Gbps,1ns
1960,11,2283,1,400Gbps,1ns
1960,12,2332,40,400Gbps,1ns
1960,13,2333,40,400Gbps,1ns
1960,14,2334,40,400Gbps,1ns
1960,15,2335,40,400Gbps,1ns
1961,8,2282,2,400Gbps,1ns
1961,9,2282,3,400Gbps,1ns
1961,10,2283,2,400Gbps,1ns
1961,11,2283,3,400Gbps,1ns
1961,12,2332,41,400Gbps,1ns
1961,13,2333,41,400Gbps,1ns
1961,14,2334,41,400Gbps,1ns
1961,15,2335,41,400Gbps,1ns
1962,8,2282,4,400Gbps,1ns
1962,9,2282,5,400Gbps,1ns
1962,10,2283,4,400Gbps,1ns
1962,11,2283,5,400Gbps,1ns
1962,12,2332,42,400Gbps,1ns
1962,13,2333,42,400Gbps,1ns
1962,14,2334,42,400Gbps,1ns
1962,15,2335,42,400Gbps,1ns
1963,8,2282,6,400Gbps,1ns
1963,9,2282,7,400Gbps,1ns
1963,10,2283,6,400Gbps,1ns
1963,11,2283,7,400Gbps,1ns
1963,12,2332,43,400Gbps,1ns
1963,13,2333,43,400Gbps,1ns
1963,14,2334,43,400Gbps,1ns
1963,15,2335,43,400Gbps,1ns
1964,8,2282,8,400Gbps,1ns
1964,9,2282,9,400Gbps,1ns
1964,10,2283,8,400Gbps,1ns
1964,11,2283,9,400Gbps,1ns
1964,12,2332,44,400Gbps,1ns
1964,13,2333,44,400Gbps,1ns
1964,14,2334,44,400Gbps,1ns
1964,15,2335,44,400Gbps,1ns
1965,8,2282,10,400Gbps,1ns
1965,9,2282,11,400Gbps,1ns
1965,10,2283,10,400Gbps,1ns
1965,11,2283,11,400Gbps,1ns
1965,12,2332,45,400Gbps,1ns
1965,13,2333,45,400Gbps,1ns
1965,14,2334,45,400Gbps,1ns
1965,15,2335,45,400Gbps,1ns
1966,8,2282,12,400Gbps,1ns
1966,9,2282,13,400Gbps,1ns
1966,10,2283,12,400Gbps,1ns
1966,11,2283,13,400Gbps,1ns
1966,12,2332,46,400Gbps,1ns
1966,13,2333,46,400Gbps,1ns
1966,14,2334,46,400Gbps,1ns
1966,15,2335,46,400Gbps,1ns
1967,8,2282,14,400Gbps,1ns
1967,9,2282,15,400Gbps,1ns
1967,10,2283,14,400Gbps,1ns
1967,11,2283,15,400Gbps,1ns
1967,12,2332,47,400Gbps,1ns
1967,13,2333,47,400Gbps,1ns
1967,14,2334,47,400Gbps,1ns
1967,15,2335,47,400Gbps,1ns
1968,8,2284,0,400Gbps,1ns
1968,9,2284,1,400Gbps,1ns
1968,10,2285,0,400Gbps,1ns
1968,11,2285,1,400Gbps,1ns
1968,12,2332,48,400Gbps,1ns
1968,13,2333,48,400Gbps,1ns
1968,14,2334,48,400Gbps,1ns
1968,15,2335,48,400Gbps,1ns
1969,8,2284,2,400Gbps,1ns
1969,9,2284,3,400Gbps,1ns
1969,10,2285,2,400Gbps,1ns
1969,11,2285,3,400Gbps,1ns
1969,12,2332,49,400Gbps,1ns
1969,13,2333,49,400Gbps,1ns
1969,14,2334,49,400Gbps,1ns
1969,15,2335,49,400Gbps,1ns
1970,8,2284,4,400Gbps,1ns
1970,9,2284,5,400Gbps,1ns
1970,10,2285,4,400Gbps,1ns
1970,11,2285,5,400Gbps,1ns
1970,12,2332,50,400Gbps,1ns
1970,13,2333,50,400Gbps,1ns
1970,14,2334,50,400Gbps,1ns
1970,15,2335,50,400Gbps,1ns
1971,8,2284,6,400Gbps,1ns
1971,9,2284,7,400Gbps,1ns
1971,10,2285,6,400Gbps,1ns
1971,11,2285,7,400Gbps,1ns
1971,12,2332,51,400Gbps,1ns
1971,13,2333,51,400Gbps,1ns
1971,14,2334,51,400Gbps,1ns
1971,15,2335,51,400Gbps,1ns
1972,8,2284,8,400Gbps,1ns
1972,9,2284,9,400Gbps,1ns
1972,10,2285,8,400Gbps,1ns
1972,11,2285,9,400Gbps,1ns
1972,12,2332,52,400Gbps,1ns
1972,13,2333,52,400Gbps,1ns
1972,14,2334,52,400Gbps,1ns
1972,15,2335,52,400Gbps,1ns
1973,8,2284,10,400Gbps,1ns
1973,9,2284,11,400Gbps,1ns
1973,10,2285,10,400Gbps,1ns
1973,11,2285,11,400Gbps,1ns
1973,12,2332,53,400Gbps,1ns
1973,13,2333,53,400Gbps,1ns
1973,14,2334,53,400Gbps,1ns
1973,15,2335,53,400Gbps,1ns
1974,8,2284,12,400Gbps,1ns
1974,9,2284,13,400Gbps,1ns
1974,10,2285,12,400Gbps,1ns
1974,11,2285,13,400Gbps,1ns
1974,12,2332,54,400Gbps,1ns
1974,13,2333,54,400Gbps,1ns
1974,14,2334,54,400Gbps,1ns
1974,15,2335,54,400Gbps,1ns
1975,8,2284,14,400Gbps,1ns
1975,9,2284,15,400Gbps,1ns
1975,10,2285,14,400Gbps,1ns
1975,11,2285,15,400Gbps,1ns
1975,12,2332,55,400Gbps,1ns
1975,13,2333,55,400Gbps,1ns
1975,14,2334,55,400Gbps,1ns
1975,15,2335,55,400Gbps,1ns
1976,8,2286,0,400Gbps,1ns
1976,9,2286,1,400Gbps,1ns
1976,10,2287,0,400Gbps,1ns
1976,11,2287,1,400Gbps,1ns
1976,12,2332,56,400Gbps,1ns
1976,13,2333,56,400Gbps,1ns
1976,14,2334,56,400Gbps,1ns
1976,15,2335,56,400Gbps,1ns
1977,8,2286,2,400Gbps,1ns
1977,9,2286,3,400Gbps,1ns
1977,10,2287,2,400Gbps,1ns
1977,11,2287,3,400Gbps,1ns
1977,12,2332,57,400Gbps,1ns
1977,13,2333,57,400Gbps,1ns
1977,14,2334,57,400Gbps,1ns
1977,15,2335,57,400Gbps,1ns
1978,8,2286,4,400Gbps,1ns
1978,9,2286,5,400Gbps,1ns
1978,10,2287,4,400Gbps,1ns
1978,11,2287,5,400Gbps,1ns
1978,12,2332,58,400Gbps,1ns
1978,13,2333,58,400Gbps,1ns
1978,14,2334,58,400Gbps,1ns
1978,15,2335,58,400Gbps,1ns
1979,8,2286,6,400Gbps,1ns
1979,9,2286,7,400Gbps,1ns
1979,10,2287,6,400Gbps,1ns
1979,11,2287,7,400Gbps,1ns
1979,12,2332,59,400Gbps,1ns
1979,13,2333,59,400Gbps,1ns
1979,14,2334,59,400Gbps,1ns
1979,15,2335,59,400Gbps,1ns
1980,8,2286,8,400Gbps,1ns
1980,9,2286,9,400Gbps,1ns
1980,10,2287,8,400Gbps,1ns
1980,11,2287,9,400Gbps,1ns
1980,12,2332,60,400Gbps,1ns
1980,13,2333,60,400Gbps,1ns
1980,14,2334,60,400Gbps,1ns
1980,15,2335,60,400Gbps,1ns
1981,8,2286,10,400Gbps,1ns
1981,9,2286,11,400Gbps,1ns
1981,10,2287,10,400Gbps,1ns
1981,11,2287,11,400Gbps,1ns
1981,12,2332,61,400Gbps,1ns
1981,13,2333,61,400Gbps,1ns
1981,14,2334,61,400Gbps,1ns
1981,15,2335,61,400Gbps,1ns
1982,8,2286,12,400Gbps,1ns
1982,9,2286,13,400Gbps,1ns
1982,10,2287,12,400Gbps,1ns
1982,11,2287,13,400Gbps,1ns
1982,12,2332,62,400Gbps,1ns
1982,13,2333,62,400Gbps,1ns
1982,14,2334,62,400Gbps,1ns
1982,15,2335,62,400Gbps,1ns
1983,8,2286,14,400Gbps,1ns
1983,9,2286,15,400Gbps,1ns
1983,10,2287,14,400Gbps,1ns
1983,11,2287,15,400Gbps,1ns
1983,12,2332,63,400Gbps,1ns
1983,13,2333,63,400Gbps,1ns
1983,14,2334,63,400Gbps,1ns
1983,15,2335,63,400Gbps,1ns
1984,8,2288,0,400Gbps,1ns
1984,9,2288,1,400Gbps,1ns
1984,10,2289,0,400Gbps,1ns
1984,11,2289,1,400Gbps,1ns
1984,12,2332,64,400Gbps,1ns
1984,13,2333,64,400Gbps,1ns
1984,14,2334,64,400Gbps,1ns
1984,15,2335,64,400Gbps,1ns
1985,8,2288,2,400Gbps,1ns
1985,9,2288,3,400Gbps,1ns
1985,10,2289,2,400Gbps,1ns
1985,11,2289,3,400Gbps,1ns
1985,12,2332,65,400Gbps,1ns
1985,13,2333,65,400Gbps,1ns
1985,14,2334,65,400Gbps,1ns
1985,15,2335,65,400Gbps,1ns
1986,8,2288,4,400Gbps,1ns
1986,9,2288,5,400Gbps,1ns
1986,10,2289,4,400Gbps,1ns
1986,11,2289,5,400Gbps,1ns
1986,12,2332,66,400Gbps,1ns
1986,13,2333,66,400Gbps,1ns
1986,14,2334,66,400Gbps,1ns
1986,15,2335,66,400Gbps,1ns
1987,8,2288,6,400Gbps,1ns
1987,9,2288,7,400Gbps,1ns
1987,10,2289,6,400Gbps,1ns
1987,11,2289,7,400Gbps,1ns
1987,12,2332,67,400Gbps,1ns
1987,13,2333,67,400Gbps,1ns
1987,14,2334,67,400Gbps,1ns
1987,15,2335,67,400Gbps,1ns
1988,8,2288,8,400Gbps,1ns
1988,9,2288,9,400Gbps,1ns
1988,10,2289,8,400Gbps,1ns
1988,11,2289,9,400Gbps,1ns
1988,12,2332,68,400Gbps,1ns
1988,13,2333,68,400Gbps,1ns
1988,14,2334,68,400Gbps,1ns
1988,15,2335,68,400Gbps,1ns
1989,8,2288,10,400Gbps,1ns
1989,9,2288,11,400Gbps,1ns
1989,10,2289,10,400Gbps,1ns
1989,11,2289,11,400Gbps,1ns
1989,12,2332,69,400Gbps,1ns
1989,13,2333,69,400Gbps,1ns
1989,14,2334,69,400Gbps,1ns
1989,15,2335,69,400Gbps,1ns
1990,8,2288,12,400Gbps,1ns
1990,9,2288,13,400Gbps,1ns
1990,10,2289,12,400Gbps,1ns
1990,11,2289,13,400Gbps,1ns
1990,12,2332,70,400Gbps,1ns
1990,13,2333,70,400Gbps,1ns
1990,14,2334,70,400Gbps,1ns
1990,15,2335,70,400Gbps,1ns
1991,8,2288,14,400Gbps,1ns
1991,9,2288,15,400Gbps,1ns
1991,10,2289,14,400Gbps,1ns
1991,11,2289,15,400Gbps,1ns
1991,12,2332,71,400Gbps,1ns
1991,13,2333,71,400Gbps,1ns
1991,14,2334,71,400Gbps,1ns
1991,15,2335,71,400Gbps,1ns
1992,8,2290,0,400Gbps,1ns
1992,9,2290,1,400Gbps,1ns
1992,10,2291,0,400Gbps,1ns
1992,11,2291,1,400Gbps,1ns
1992,12,2332,72,400Gbps,1ns
1992,13,2333,72,400Gbps,1ns
1992,14,2334,72,400Gbps,1ns
1992,15,2335,72,400Gbps,1ns
1993,8,2290,2,400Gbps,1ns
1993,9,2290,3,400Gbps,1ns
1993,10,2291,2,400Gbps,1ns
1993,11,2291,3,400Gbps,1ns
1993,12,2332,73,400Gbps,1ns
1993,13,2333,73,400Gbps,1ns
1993,14,2334,73,400Gbps,1ns
1993,15,2335,73,400Gbps,1ns
1994,8,2290,4,400Gbps,1ns
1994,9,2290,5,400Gbps,1ns
1994,10,2291,4,400Gbps,1ns
1994,11,2291,5,400Gbps,1ns
1994,12,2332,74,400Gbps,1ns
1994,13,2333,74,400Gbps,1ns
1994,14,2334,74,400Gbps,1ns
1994,15,2335,74,400Gbps,1ns
1995,8,2290,6,400Gbps,1ns
1995,9,2290,7,400Gbps,1ns
1995,10,2291,6,400Gbps,1ns
1995,11,2291,7,400Gbps,1ns
1995,12,2332,75,400Gbps,1ns
1995,13,2333,75,400Gbps,1ns
1995,14,2334,75,400Gbps,1ns
1995,15,2335,75,400Gbps,1ns
1996,8,2290,8,400Gbps,1ns
1996,9,2290,9,400Gbps,1ns
1996,10,2291,8,400Gbps,1ns
1996,11,2291,9,400Gbps,1ns
1996,12,2332,76,400Gbps,1ns
1996,13,2333,76,400Gbps,1ns
1996,14,2334,76,400Gbps,1ns
1996,15,2335,76,400Gbps,1ns
1997,8,2290,10,400Gbps,1ns
1997,9,2290,11,400Gbps,1ns
1997,10,2291,10,400Gbps,1ns
1997,11,2291,11,400Gbps,1ns
1997,12,2332,77,400Gbps,1ns
1997,13,2333,77,400Gbps,1ns
1997,14,2334,77,400Gbps,1ns
1997,15,2335,77,400Gbps,1ns
1998,8,2290,12,400Gbps,1ns
1998,9,2290,13,400Gbps,1ns
1998,10,2291,12,400Gbps,1ns
1998,11,2291,13,400Gbps,1ns
1998,12,2332,78,400Gbps,1ns
1998,13,2333,78,400Gbps,1ns
1998,14,2334,78,400Gbps,1ns
1998,15,2335,78,400Gbps,1ns
1999,8,2290,14,400Gbps,1ns
1999,9,2290,15,400Gbps,1ns
1999,10,2291,14,400Gbps,1ns
1999,11,2291,15,400Gbps,1ns
1999,12,2332,79,400Gbps,1ns
1999,13,2333,79,400Gbps,1ns
1999,14,2334,79,400Gbps,1ns
1999,15,2335,79,400Gbps,1ns
2000,8,2292,0,400Gbps,1ns
2000,9,2292,1,400Gbps,1ns
2000,10,2293,0,400Gbps,1ns
2000,11,2293,1,400Gbps,1ns
2000,12,2332,80,400Gbps,1ns
2000,13,2333,80,400Gbps,1ns
2000,14,2334,80,400Gbps,1ns
2000,15,2335,80,400Gbps,1ns
2001,8,2292,2,400Gbps,1ns
2001,9,2292,3,400Gbps,1ns
2001,10,2293,2,400Gbps,1ns
2001,11,2293,3,400Gbps,1ns
2001,12,2332,81,400Gbps,1ns
2001,13,2333,81,400Gbps,1ns
2001,14,2334,81,400Gbps,1ns
2001,15,2335,81,400Gbps,1ns
2002,8,2292,4,400Gbps,1ns
2002,9,2292,5,400Gbps,1ns
2002,10,2293,4,400Gbps,1ns
2002,11,2293,5,400Gbps,1ns
2002,12,2332,82,400Gbps,1ns
2002,13,2333,82,400Gbps,1ns
2002,14,2334,82,400Gbps,1ns
2002,15,2335,82,400Gbps,1ns
2003,8,2292,6,400Gbps,1ns
2003,9,2292,7,400Gbps,1ns
2003,10,2293,6,400Gbps,1ns
2003,11,2293,7,400Gbps,1ns
2003,12,2332,83,400Gbps,1ns
2003,13,2333,83,400Gbps,1ns
2003,14,2334,83,400Gbps,1ns
2003,15,2335,83,400Gbps,1ns
2004,8,2292,8,400Gbps,1ns
2004,9,2292,9,400Gbps,1ns
2004,10,2293,8,400Gbps,1ns
2004,11,2293,9,400Gbps,1ns
2004,12,2332,84,400Gbps,1ns
2004,13,2333,84,400Gbps,1ns
2004,14,2334,84,400Gbps,1ns
2004,15,2335,84,400Gbps,1ns
2005,8,2292,10,400Gbps,1ns
2005,9,2292,11,400Gbps,1ns
2005,10,2293,10,400Gbps,1ns
2005,11,2293,11,400Gbps,1ns
2005,12,2332,85,400Gbps,1ns
2005,13,2333,85,400Gbps,1ns
2005,14,2334,85,400Gbps,1ns
2005,15,2335,85,400Gbps,1ns
2006,8,2292,12,400Gbps,1ns
2006,9,2292,13,400Gbps,1ns
2006,10,2293,12,400Gbps,1ns
2006,11,2293,13,400Gbps,1ns
2006,12,2332,86,400Gbps,1ns
2006,13,2333,86,400Gbps,1ns
2006,14,2334,86,400Gbps,1ns
2006,15,2335,86,400Gbps,1ns
2007,8,2292,14,400Gbps,1ns
2007,9,2292,15,400Gbps,1ns
2007,10,2293,14,400Gbps,1ns
2007,11,2293,15,400Gbps,1ns
2007,12,2332,87,400Gbps,1ns
2007,13,2333,87,400Gbps,1ns
2007,14,2334,87,400Gbps,1ns
2007,15,2335,87,400Gbps,1ns
2008,8,2294,0,400Gbps,1ns
2008,9,2294,1,400Gbps,1ns
2008,10,2295,0,400Gbps,1ns
2008,11,2295,1,400Gbps,1ns
2008,12,2332,88,400Gbps,1ns
2008,13,2333,88,400Gbps,1ns
2008,14,2334,88,400Gbps,1ns
2008,15,2335,88,400Gbps,1ns
2009,8,2294,2,400Gbps,1ns
2009,9,2294,3,400Gbps,1ns
2009,10,2295,2,400Gbps,1ns
2009,11,2295,3,400Gbps,1ns
2009,12,2332,89,400Gbps,1ns
2009,13,2333,89,400Gbps,1ns
2009,14,2334,89,400Gbps,1ns
2009,15,2335,89,400Gbps,1ns
2010,8,2294,4,400Gbps,1ns
2010,9,2294,5,400Gbps,1ns
2010,10,2295,4,400Gbps,1ns
2010,11,2295,5,400Gbps,1ns
2010,12,2332,90,400Gbps,1ns
2010,13,2333,90,400Gbps,1ns
2010,14,2334,90,400Gbps,1ns
2010,15,2335,90,400Gbps,1ns
2011,8,2294,6,400Gbps,1ns
2011,9,2294,7,400Gbps,1ns
2011,10,2295,6,400Gbps,1ns
2011,11,2295,7,400Gbps,1ns
2011,12,2332,91,400Gbps,1ns
2011,13,2333,91,400Gbps,1ns
2011,14,2334,91,400Gbps,1ns
2011,15,2335,91,400Gbps,1ns
2012,8,2294,8,400Gbps,1ns
2012,9,2294,9,400Gbps,1ns
2012,10,2295,8,400Gbps,1ns
2012,11,2295,9,400Gbps,1ns
2012,12,2332,92,400Gbps,1ns
2012,13,2333,92,400Gbps,1ns
2012,14,2334,92,400Gbps,1ns
2012,15,2335,92,400Gbps,1ns
2013,8,2294,10,400Gbps,1ns
2013,9,2294,11,400Gbps,1ns
2013,10,2295,10,400Gbps,1ns
2013,11,2295,11,400Gbps,1ns
2013,12,2332,93,400Gbps,1ns
2013,13,2333,93,400Gbps,1ns
2013,14,2334,93,400Gbps,1ns
2013,15,2335,93,400Gbps,1ns
2014,8,2294,12,400Gbps,1ns
2014,9,2294,13,400Gbps,1ns
2014,10,2295,12,400Gbps,1ns
2014,11,2295,13,400Gbps,1ns
2014,12,2332,94,400Gbps,1ns
2014,13,2333,94,400Gbps,1ns
2014,14,2334,94,400Gbps,1ns
2014,15,2335,94,400Gbps,1ns
2015,8,2294,14,400Gbps,1ns
2015,9,2294,15,400Gbps,1ns
2015,10,2295,14,400Gbps,1ns
2015,11,2295,15,400Gbps,1ns
2015,12,2332,95,400Gbps,1ns
2015,13,2333,95,400Gbps,1ns
2015,14,2334,95,400Gbps,1ns
2015,15,2335,95,400Gbps,1ns
2016,8,2296,0,400Gbps,1ns
2016,9,2296,1,400Gbps,1ns
2016,10,2297,0,400Gbps,1ns
2016,11,2297,1,400Gbps,1ns
2016,12,2332,96,400Gbps,1ns
2016,13,2333,96,400Gbps,1ns
2016,14,2334,96,400Gbps,1ns
2016,15,2335,96,400Gbps,1ns
2017,8,2296,2,400Gbps,1ns
2017,9,2296,3,400Gbps,1ns
2017,10,2297,2,400Gbps,1ns
2017,11,2297,3,400Gbps,1ns
2017,12,2332,97,400Gbps,1ns
2017,13,2333,97,400Gbps,1ns
2017,14,2334,97,400Gbps,1ns
2017,15,2335,97,400Gbps,1ns
2018,8,2296,4,400Gbps,1ns
2018,9,2296,5,400Gbps,1ns
2018,10,2297,4,400Gbps,1ns
2018,11,2297,5,400Gbps,1ns
2018,12,2332,98,400Gbps,1ns
2018,13,2333,98,400Gbps,1ns
2018,14,2334,98,400Gbps,1ns
2018,15,2335,98,400Gbps,1ns
2019,8,2296,6,400Gbps,1ns
2019,9,2296,7,400Gbps,1ns
2019,10,2297,6,400Gbps,1ns
2019,11,2297,7,400Gbps,1ns
2019,12,2332,99,400Gbps,1ns
2019,13,2333,99,400Gbps,1ns
2019,14,2334,99,400Gbps,1ns
2019,15,2335,99,400Gbps,1ns
2020,8,2296,8,400Gbps,1ns
2020,9,2296,9,400Gbps,1ns
2020,10,2297,8,400Gbps,1ns
2020,11,2297,9,400Gbps,1ns
2020,12,2332,100,400Gbps,1ns
2020,13,2333,100,400Gbps,1ns
2020,14,2334,100,400Gbps,1ns
2020,15,2335,100,400Gbps,1ns
2021,8,2296,10,400Gbps,1ns
2021,9,2296,11,400Gbps,1ns
2021,10,2297,10,400Gbps,1ns
2021,11,2297,11,400Gbps,1ns
2021,12,2332,101,400Gbps,1ns
2021,13,2333,101,400Gbps,1ns
2021,14,2334,101,400Gbps,1ns
2021,15,2335,101,400Gbps,1ns
2022,8,2296,12,400Gbps,1ns
2022,9,2296,13,400Gbps,1ns
2022,10,2297,12,400Gbps,1ns
2022,11,2297,13,400Gbps,1ns
2022,12,2332,102,400Gbps,1ns
2022,13,2333,102,400Gbps,1ns
2022,14,2334,102,400Gbps,1ns
2022,15,2335,102,400Gbps,1ns
2023,8,2296,14,400Gbps,1ns
2023,9,2296,15,400Gbps,1ns
2023,10,2297,14,400Gbps,1ns
2023,11,2297,15,400Gbps,1ns
2023,12,2332,103,400Gbps,1ns
2023,13,2333,103,400Gbps,1ns
2023,14,2334,103,400Gbps,1ns
2023,15,2335,103,400Gbps,1ns
2024,8,2298,0,400Gbps,1ns
2024,9,2298,1,400Gbps,1ns
2024,10,2299,0,400Gbps,1ns
2024,11,2299,1,400Gbps,1ns
2024,12,2332,104,400Gbps,1ns
2024,13,2333,104,400Gbps,1ns
2024,14,2334,104,400Gbps,1ns
2024,15,2335,104,400Gbps,1ns
2025,8,2298,2,400Gbps,1ns
2025,9,2298,3,400Gbps,1ns
2025,10,2299,2,400Gbps,1ns
2025,11,2299,3,400Gbps,1ns
2025,12,2332,105,400Gbps,1ns
2025,13,2333,105,400Gbps,1ns
2025,14,2334,105,400Gbps,1ns
2025,15,2335,105,400Gbps,1ns
2026,8,2298,4,400Gbps,1ns
2026,9,2298,5,400Gbps,1ns
2026,10,2299,4,400Gbps,1ns
2026,11,2299,5,400Gbps,1ns
2026,12,2332,106,400Gbps,1ns
2026,13,2333,106,400Gbps,1ns
2026,14,2334,106,400Gbps,1ns
2026,15,2335,106,400Gbps,1ns
2027,8,2298,6,400Gbps,1ns
2027,9,2298,7,400Gbps,1ns
2027,10,2299,6,400Gbps,1ns
2027,11,2299,7,400Gbps,1ns
2027,12,2332,107,400Gbps,1ns
2027,13,2333,107,400Gbps,1ns
2027,14,2334,107,400Gbps,1ns
2027,15,2335,107,400Gbps,1ns
2028,8,2298,8,400Gbps,1ns
2028,9,2298,9,400Gbps,1ns
2028,10,2299,8,400Gbps,1ns
2028,11,2299,9,400Gbps,1ns
2028,12,2332,108,400Gbps,1ns
2028,13,2333,108,400Gbps,1ns
2028,14,2334,108,400Gbps,1ns
2028,15,2335,108,400Gbps,1ns
2029,8,2298,10,400Gbps,1ns
2029,9,2298,11,400Gbps,1ns
2029,10,2299,10,400Gbps,1ns
2029,11,2299,11,400Gbps,1ns
2029,12,2332,109,400Gbps,1ns
2029,13,2333,109,400Gbps,1ns
2029,14,2334,109,400Gbps,1ns
2029,15,2335,109,400Gbps,1ns
2030,8,2298,12,400Gbps,1ns
2030,9,2298,13,400Gbps,1ns
2030,10,2299,12,400Gbps,1ns
2030,11,2299,13,400Gbps,1ns
2030,12,2332,110,400Gbps,1ns
2030,13,2333,110,400Gbps,1ns
2030,14,2334,110,400Gbps,1ns
2030,15,2335,110,400Gbps,1ns
2031,8,2298,14,400Gbps,1ns
2031,9,2298,15,400Gbps,1ns
2031,10,2299,14,400Gbps,1ns
2031,11,2299,15,400Gbps,1ns
2031,12,2332,111,400Gbps,1ns
2031,13,2333,111,400Gbps,1ns
2031,14,2334,111,400Gbps,1ns
2031,15,2335,111,400Gbps,1ns
2032,8,2300,0,400Gbps,1ns
2032,9,2300,1,400Gbps,1ns
2032,10,2301,0,400Gbps,1ns
2032,11,2301,1,400Gbps,1ns
2032,12,2332,112,400Gbps,1ns
2032,13,2333,112,400Gbps,1ns
2032,14,2334,112,400Gbps,1ns
2032,15,2335,112,400Gbps,1ns
2033,8,2300,2,400Gbps,1ns
2033,9,2300,3,400Gbps,1ns
2033,10,2301,2,400Gbps,1ns
2033,11,2301,3,400Gbps,1ns
2033,12,2332,113,400Gbps,1ns
2033,13,2333,113,400Gbps,1ns
2033,14,2334,113,400Gbps,1ns
2033,15,2335,113,400Gbps,1ns
2034,8,2300,4,400Gbps,1ns
2034,9,2300,5,400Gbps,1ns
2034,10,2301,4,400Gbps,1ns
2034,11,2301,5,400Gbps,1ns
2034,12,2332,114,400Gbps,1ns
2034,13,2333,114,400Gbps,1ns
2034,14,2334,114,400Gbps,1ns
2034,15,2335,114,400Gbps,1ns
2035,8,2300,6,400Gbps,1ns
2035,9,2300,7,400Gbps,1ns
2035,10,2301,6,400Gbps,1ns
2035,11,2301,7,400Gbps,1ns
2035,12,2332,115,400Gbps,1ns
2035,13,2333,115,400Gbps,1ns
2035,14,2334,115,400Gbps,1ns
2035,15,2335,115,400Gbps,1ns
2036,8,2300,8,400Gbps,1ns
2036,9,2300,9,400Gbps,1ns
2036,10,2301,8,400Gbps,1ns
2036,11,2301,9,400Gbps,1ns
2036,12,2332,116,400Gbps,1ns
2036,13,2333,116,400Gbps,1ns
2036,14,2334,116,400Gbps,1ns
2036,15,2335,116,400Gbps,1ns
2037,8,2300,10,400Gbps,1ns
2037,9,2300,11,400Gbps,1ns
2037,10,2301,10,400Gbps,1ns
2037,11,2301,11,400Gbps,1ns
2037,12,2332,117,400Gbps,1ns
2037,13,2333,117,400Gbps,1ns
2037,14,2334,117,400Gbps,1ns
2037,15,2335,117,400Gbps,1ns
2038,8,2300,12,400Gbps,1ns
2038,9,2300,13,400Gbps,1ns
2038,10,2301,12,400Gbps,1ns
2038,11,2301,13,400Gbps,1ns
2038,12,2332,118,400Gbps,1ns
2038,13,2333,118,400Gbps,1ns
2038,14,2334,118,400Gbps,1ns
2038,15,2335,118,400Gbps,1ns
2039,8,2300,14,400Gbps,1ns
2039,9,2300,15,400Gbps,1ns
2039,10,2301,14,400Gbps,1ns
2039,11,2301,15,400Gbps,1ns
2039,12,2332,119,400Gbps,1ns
2039,13,2333,119,400Gbps,1ns
2039,14,2334,119,400Gbps,1ns
2039,15,2335,119,400Gbps,1ns
2040,8,2302,0,400Gbps,1ns
2040,9,2302,1,400Gbps,1ns
2040,10,2303,0,400Gbps,1ns
2040,11,2303,1,400Gbps,1ns
2040,12,2332,120,400Gbps,1ns
2040,13,2333,120,400Gbps,1ns
2040,14,2334,120,400Gbps,1ns
2040,15,2335,120,400Gbps,1ns
2041,8,2302,2,400Gbps,1ns
2041,9,2302,3,400Gbps,1ns
2041,10,2303,2,400Gbps,1ns
2041,11,2303,3,400Gbps,1ns
2041,12,2332,121,400Gbps,1ns
2041,13,2333,121,400Gbps,1ns
2041,14,2334,121,400Gbps,1ns
2041,15,2335,121,400Gbps,1ns
2042,8,2302,4,400Gbps,1ns
2042,9,2302,5,400Gbps,1ns
2042,10,2303,4,400Gbps,1ns
2042,11,2303,5,400Gbps,1ns
2042,12,2332,122,400Gbps,1ns
2042,13,2333,122,400Gbps,1ns
2042,14,2334,122,400Gbps,1ns
2042,15,2335,122,400Gbps,1ns
2043,8,2302,6,400Gbps,1ns
2043,9,2302,7,400Gbps,1ns
2043,10,2303,6,400Gbps,1ns
2043,11,2303,7,400Gbps,1ns
2043,12,2332,123,400Gbps,1ns
2043,13,2333,123,400Gbps,1ns
2043,14,2334,123,400Gbps,1ns
2043,15,2335,123,400Gbps,1ns
2044,8,2302,8,400Gbps,1ns
2044,9,2302,9,400Gbps,1ns
2044,10,2303,8,400Gbps,1ns
2044,11,2303,9,400Gbps,1ns
2044,12,2332,124,400Gbps,1ns
2044,13,2333,124,400Gbps,1ns
2044,14,2334,124,400Gbps,1ns
2044,15,2335,124,400Gbps,1ns
2045,8,2302,10,400Gbps,1ns
2045,9,2302,11,400Gbps,1ns
2045,10,2303,10,400Gbps,1ns
2045,11,2303,11,400Gbps,1ns
2045,12,2332,125,400Gbps,1ns
2045,13,2333,125,400Gbps,1ns
2045,14,2334,125,400Gbps,1ns
2045,15,2335,125,400Gbps,1ns
2046,8,2302,12,400Gbps,1ns
2046,9,2302,13,400Gbps,1ns
2046,10,2303,12,400Gbps,1ns
2046,11,2303,13,400Gbps,1ns
2046,12,2332,126,400Gbps,1ns
2046,13,2333,126,400Gbps,1ns
2046,14,2334,126,400Gbps,1ns
2046,15,2335,126,400Gbps,1ns
2047,8,2302,14,400Gbps,1ns
2047,9,2302,15,400Gbps,1ns
2047,10,2303,14,400Gbps,1ns
2047,11,2303,15,400Gbps,1ns
2047,12,2332,127,400Gbps,1ns
2047,13,2333,127,400Gbps,1ns
2047,14,2334,127,400Gbps,1ns
2047,15,2335,127,400Gbps,1ns
