nodeId,dstNodeId,dstPortId,outPorts,metrics
0,1,8,8,1
0,2,8,9,1
0,3,8,10,1
0,4,8,11,1
0,5,8,12,1
0,6,8,13,1
0,7,8,14,1
0..7,8..1023,0,0,4
0..7,8..1023,1,1,4
0..7,8..1023,2,2,4
0..7,8..1023,3,3,4
0..7,8..1023,4,4,4
0..7,8..1023,5,5,4
0..7,8..1023,6,6,4
0..7,8..1023,7,7,4
1,0,8,8,1
1,2,9,9,1
1,3,9,10,1
1,4,9,11,1
1,5,9,12,1
1,6,9,13,1
1,7,9,14,1
2,0,9,8,1
2,1,9,9,1
2,3,10,10,1
2,4,10,11,1
2,5,10,12,1
2,6,10,13,1
2,7,10,14,1
3,0,10,8,1
3,1,10,9,1
3,2,10,10,1
3,4,11,11,1
3,5,11,12,1
3,6,11,13,1
3,7,11,14,1
4,0,11,8,1
4,1,11,9,1
4,2,11,10,1
4,3,11,11,1
4,5,12,12,1
4,6,12,13,1
4,7,12,14,1
5,0,12,8,1
5,1,12,9,1
5,2,12,10,1
5,3,12,11,1
5,4,12,12,1
5,6,13,13,1
5,7,13,14,1
6,0,13,8,1
6,1,13,9,1
6,2,13,10,1
6,3,13,11,1
6,4,13,12,1
6,5,13,13,1
6,7,14,14,1
7,0,14,8,1
7,1,14,9,1
7,2,14,10,1
7,3,14,11,1
7,4,14,12,1
7,5,14,13,1
7,6,14,14,1
8..15,0..7,0,0,4
8..15,0..7,1,1,4
8..15,0..7,2,2,4
8..15,0..7,3,3,4
8..15,0..7,4,4,4
8..15,0..7,5,5,4
8..15,0..7,6,6,4
8..15,0..7,7,7,4
8,9,8,8,1
8,10,8,9,1
8,11,8,10,1
8,12,8,11,1
8,13,8,12,1
8,14,8,13,1
8,15,8,14,1
8..15,16..1023,0,0,4
8..15,16..1023,1,1,4
8..15,16..1023,2,2,4
8..15,16..1023,3,3,4
8..15,16..1023,4,4,4
8..15,16..1023,5,5,4
8..15,16..1023,6,6,4
8..15,16..1023,7,7,4
9,8,8,8,1
9,10,9,9,1
9,11,9,10,1
9,12,9,11,1
9,13,9,12,1
9,14,9,13,1
9,15,9,14,1
10,8,9,8,1
10,9,9,9,1
10,11,10,10,1
10,12,10,11,1
10,13,10,12,1
10,14,10,13,1
10,15,10,14,1
11,8,10,8,1
11,9,10,9,1
11,10,10,10,1
11,12,11,11,1
11,13,11,12,1
11,14,11,13,1
11,15,11,14,1
12,8,11,8,1
12,9,11,9,1
12,10,11,10,1
12,11,11,11,1
12,13,12,12,1
12,14,12,13,1
12,15,12,14,1
13,8,12,8,1
13,9,12,9,1
13,10,12,10,1
13,11,12,11,1
13,12,12,12,1
13,14,13,13,1
13,15,13,14,1
14,8,13,8,1
14,9,13,9,1
14,10,13,10,1
14,11,13,11,1
14,12,13,12,1
14,13,13,13,1
14,15,14,14,1
15,8,14,8,1
15,9,14,9,1
15,10,14,10,1
15,11,14,11,1
15,12,14,12,1
15,13,14,13,1
15,14,14,14,1
16..23,0..15,0,0,4
16..23,0..15,1,1,4
16..23,0..15,2,2,4
16..23,0..15,3,3,4
16..23,0..15,4,4,4
16..23,0..15,5,5,4
16..23,0..15,6,6,4
16..23,0..15,7,7,4
16,17,8,8,1
16,18,8,9,1
16,19,8,10,1
16,20,8,11,1
16,21,8,12,1
16,22,8,13,1
16,23,8,14,1
16..23,24..1023,0,0,4
16..23,24..1023,1,1,4
16..23,24..1023,2,2,4
16..23,24..1023,3,3,4
16..23,24..1023,4,4,4
16..23,24..1023,5,5,4
16..23,24..1023,6,6,4
16..23,24..1023,7,7,4
17,16,8,8,1
17,18,9,9,1
17,19,9,10,1
17,20,9,11,1
17,21,9,12,1
17,22,9,13,1
17,23,9,14,1
18,16,9,8,1
18,17,9,9,1
18,19,10,10,1
18,20,10,11,1
18,21,10,12,1
18,22,10,13,1
18,23,10,14,1
19,16,10,8,1
19,17,10,9,1
19,18,10,10,1
19,20,11,11,1
19,21,11,12,1
19,22,11,13,1
19,23,11,14,1
20,16,11,8,1
20,17,11,9,1
20,18,11,10,1
20,19,11,11,1
20,21,12,12,1
20,22,12,13,1
20,23,12,14,1
21,16,12,8,1
21,17,12,9,1
21,18,12,10,1
21,19,12,11,1
21,20,12,12,1
21,22,13,13,1
21,23,13,14,1
22,16,13,8,1
22,17,13,9,1
22,18,13,10,1
22,19,13,11,1
22,20,13,12,1
22,21,13,13,1
22,23,14,14,1
23,16,14,8,1
23,17,14,9,1
23,18,14,10,1
23,19,14,11,1
23,20,14,12,1
23,21,14,13,1
23,22,14,14,1
24..31,0..23,0,0,4
24..31,0..23,1,1,4
24..31,0..23,2,2,4
24..31,0..23,3,3,4
24..31,0..23,4,4,4
24..31,0..23,5,5,4
24..31,0..23,6,6,4
24..31,0..23,7,7,4
24,25,8,8,1
24,26,8,9,1
24,27,8,10,1
24,28,8,11,1
24,29,8,12,1
24,30,8,13,1
24,31,8,14,1
24..31,32..1023,0,0,4
24..31,32..1023,1,1,4
24..31,32..1023,2,2,4
24..31,32..1023,3,3,4
24..31,32..1023,4,4,4
24..31,32..1023,5,5,4
24..31,32..1023,6,6,4
24..31,32..1023,7,7,4
25,24,8,8,1
25,26,9,9,1
25,27,9,10,1
25,28,9,11,1
25,29,9,12,1
25,30,9,13,1
25,31,9,14,1
26,24,9,8,1
26,25,9,9,1
26,27,10,10,1
26,28,10,11,1
26,29,10,12,1
26,30,10,13,1
26,31,10,14,1
27,24,10,8,1
27,25,10,9,1
27,26,10,10,1
27,28,11,11,1
27,29,11,12,1
27,30,11,13,1
27,31,11,14,1
28,24,11,8,1
28,25,11,9,1
28,26,11,10,1
28,27,11,11,1
28,29,12,12,1
28,30,12,13,1
28,31,12,14,1
29,24,12,8,1
29,25,12,9,1
29,26,12,10,1
29,27,12,11,1
29,28,12,12,1
29,30,13,13,1
29,31,13,14,1
30,24,13,8,1
30,25,13,9,1
30,26,13,10,1
30,27,13,11,1
30,28,13,12,1
30,29,13,13,1
30,31,14,14,1
31,24,14,8,1
31,25,14,9,1
31,26,14,10,1
31,27,14,11,1
31,28,14,12,1
31,29,14,13,1
31,30,14,14,1
32..39,0..31,0,0,4
32..39,0..31,1,1,4
32..39,0..31,2,2,4
32..39,0..31,3,3,4
32..39,0..31,4,4,4
32..39,0..31,5,5,4
32..39,0..31,6,6,4
32..39,0..31,7,7,4
32,33,8,8,1
32,34,8,9,1
32,35,8,10,1
32,36,8,11,1
32,37,8,12,1
32,38,8,13,1
32,39,8,14,1
32..39,40..1023,0,0,4
32..39,40..1023,1,1,4
32..39,40..1023,2,2,4
32..39,40..1023,3,3,4
32..39,40..1023,4,4,4
32..39,40..1023,5,5,4
32..39,40..1023,6,6,4
32..39,40..1023,7,7,4
33,32,8,8,1
33,34,9,9,1
33,35,9,10,1
33,36,9,11,1
33,37,9,12,1
33,38,9,13,1
33,39,9,14,1
34,32,9,8,1
34,33,9,9,1
34,35,10,10,1
34,36,10,11,1
34,37,10,12,1
34,38,10,13,1
34,39,10,14,1
35,32,10,8,1
35,33,10,9,1
35,34,10,10,1
35,36,11,11,1
35,37,11,12,1
35,38,11,13,1
35,39,11,14,1
36,32,11,8,1
36,33,11,9,1
36,34,11,10,1
36,35,11,11,1
36,37,12,12,1
36,38,12,13,1
36,39,12,14,1
37,32,12,8,1
37,33,12,9,1
37,34,12,10,1
37,35,12,11,1
37,36,12,12,1
37,38,13,13,1
37,39,13,14,1
38,32,13,8,1
38,33,13,9,1
38,34,13,10,1
38,35,13,11,1
38,36,13,12,1
38,37,13,13,1
38,39,14,14,1
39,32,14,8,1
39,33,14,9,1
39,34,14,10,1
39,35,14,11,1
39,36,14,12,1
39,37,14,13,1
39,38,14,14,1
40..47,0..39,0,0,4
40..47,0..39,1,1,4
40..47,0..39,2,2,4
40..47,0..39,3,3,4
40..47,0..39,4,4,4
40..47,0..39,5,5,4
40..47,0..39,6,6,4
40..47,0..39,7,7,4
40,41,8,8,1
40,42,8,9,1
40,43,8,10,1
40,44,8,11,1
40,45,8,12,1
40,46,8,13,1
40,47,8,14,1
40..47,48..1023,0,0,4
40..47,48..1023,1,1,4
40..47,48..1023,2,2,4
40..47,48..1023,3,3,4
40..47,48..1023,4,4,4
40..47,48..1023,5,5,4
40..47,48..1023,6,6,4
40..47,48..1023,7,7,4
41,40,8,8,1
41,42,9,9,1
41,43,9,10,1
41,44,9,11,1
41,45,9,12,1
41,46,9,13,1
41,47,9,14,1
42,40,9,8,1
42,41,9,9,1
42,43,10,10,1
42,44,10,11,1
42,45,10,12,1
42,46,10,13,1
42,47,10,14,1
43,40,10,8,1
43,41,10,9,1
43,42,10,10,1
43,44,11,11,1
43,45,11,12,1
43,46,11,13,1
43,47,11,14,1
44,40,11,8,1
44,41,11,9,1
44,42,11,10,1
44,43,11,11,1
44,45,12,12,1
44,46,12,13,1
44,47,12,14,1
45,40,12,8,1
45,41,12,9,1
45,42,12,10,1
45,43,12,11,1
45,44,12,12,1
45,46,13,13,1
45,47,13,14,1
46,40,13,8,1
46,41,13,9,1
46,42,13,10,1
46,43,13,11,1
46,44,13,12,1
46,45,13,13,1
46,47,14,14,1
47,40,14,8,1
47,41,14,9,1
47,42,14,10,1
47,43,14,11,1
47,44,14,12,1
47,45,14,13,1
47,46,14,14,1
48..55,0..47,0,0,4
48..55,0..47,1,1,4
48..55,0..47,2,2,4
48..55,0..47,3,3,4
48..55,0..47,4,4,4
48..55,0..47,5,5,4
48..55,0..47,6,6,4
48..55,0..47,7,7,4
48,49,8,8,1
48,50,8,9,1
48,51,8,10,1
48,52,8,11,1
48,53,8,12,1
48,54,8,13,1
48,55,8,14,1
48..55,56..1023,0,0,4
48..55,56..1023,1,1,4
48..55,56..1023,2,2,4
48..55,56..1023,3,3,4
48..55,56..1023,4,4,4
48..55,56..1023,5,5,4
48..55,56..1023,6,6,4
48..55,56..1023,7,7,4
49,48,8,8,1
49,50,9,9,1
49,51,9,10,1
49,52,9,11,1
49,53,9,12,1
49,54,9,13,1
49,55,9,14,1
50,48,9,8,1
50,49,9,9,1
50,51,10,10,1
50,52,10,11,1
50,53,10,12,1
50,54,10,13,1
50,55,10,14,1
51,48,10,8,1
51,49,10,9,1
51,50,10,10,1
51,52,11,11,1
51,53,11,12,1
51,54,11,13,1
51,55,11,14,1
52,48,11,8,1
52,49,11,9,1
52,50,11,10,1
52,51,11,11,1
52,53,12,12,1
52,54,12,13,1
52,55,12,14,1
53,48,12,8,1
53,49,12,9,1
53,50,12,10,1
53,51,12,11,1
53,52,12,12,1
53,54,13,13,1
53,55,13,14,1
54,48,13,8,1
54,49,13,9,1
54,50,13,10,1
54,51,13,11,1
54,52,13,12,1
54,53,13,13,1
54,55,14,14,1
55,48,14,8,1
55,49,14,9,1
55,50,14,10,1
55,51,14,11,1
55,52,14,12,1
55,53,14,13,1
55,54,14,14,1
56..63,0..55,0,0,4
56..63,0..55,1,1,4
56..63,0..55,2,2,4
56..63,0..55,3,3,4
56..63,0..55,4,4,4
56..63,0..55,5,5,4
56..63,0..55,6,6,4
56..63,0..55,7,7,4
56,57,8,8,1
56,58,8,9,1
56,59,8,10,1
56,60,8,11,1
56,61,8,12,1
56,62,8,13,1
56,63,8,14,1
56..63,64..1023,0,0,4
56..63,64..1023,1,1,4
56..63,64..1023,2,2,4
56..63,64..1023,3,3,4
56..63,64..1023,4,4,4
56..63,64..1023,5,5,4
56..63,64..1023,6,6,4
56..63,64..1023,7,7,4
57,56,8,8,1
57,58,9,9,1
57,59,9,10,1
57,60,9,11,1
57,61,9,12,1
57,62,9,13,1
57,63,9,14,1
58,56,9,8,1
58,57,9,9,1
58,59,10,10,1
58,60,10,11,1
58,61,10,12,1
58,62,10,13,1
58,63,10,14,1
59,56,10,8,1
59,57,10,9,1
59,58,10,10,1
59,60,11,11,1
59,61,11,12,1
59,62,11,13,1
59,63,11,14,1
60,56,11,8,1
60,57,11,9,1
60,58,11,10,1
60,59,11,11,1
60,61,12,12,1
60,62,12,13,1
60,63,12,14,1
61,56,12,8,1
61,57,12,9,1
61,58,12,10,1
61,59,12,11,1
61,60,12,12,1
61,62,13,13,1
61,63,13,14,1
62,56,13,8,1
62,57,13,9,1
62,58,13,10,1
62,59,13,11,1
62,60,13,12,1
62,61,13,13,1
62,63,14,14,1
63,56,14,8,1
63,57,14,9,1
63,58,14,10,1
63,59,14,11,1
63,60,14,12,1
63,61,14,13,1
63,62,14,14,1
64..71,0..63,0,0,4
64..71,0..63,1,1,4
64..71,0..63,2,2,4
64..71,0..63,3,3,4
64..71,0..63,4,4,4
64..71,0..63,5,5,4
64..71,0..63,6,6,4
64..71,0..63,7,7,4
64,65,8,8,1
64,66,8,9,1
64,67,8,10,1
64,68,8,11,1
64,69,8,12,1
64,70,8,13,1
64,71,8,14,1
64..71,72..1023,0,0,4
64..71,72..1023,1,1,4
64..71,72..1023,2,2,4
64..71,72..1023,3,3,4
64..71,72..1023,4,4,4
64..71,72..1023,5,5,4
64..71,72..1023,6,6,4
64..71,72..1023,7,7,4
65,64,8,8,1
65,66,9,9,1
65,67,9,10,1
65,68,9,11,1
65,69,9,12,1
65,70,9,13,1
65,71,9,14,1
66,64,9,8,1
66,65,9,9,1
66,67,10,10,1
66,68,10,11,1
66,69,10,12,1
66,70,10,13,1
66,71,10,14,1
67,64,10,8,1
67,65,10,9,1
67,66,10,10,1
67,68,11,11,1
67,69,11,12,1
67,70,11,13,1
67,71,11,14,1
68,64,11,8,1
68,65,11,9,1
68,66,11,10,1
68,67,11,11,1
68,69,12,12,1
68,70,12,13,1
68,71,12,14,1
69,64,12,8,1
69,65,12,9,1
69,66,12,10,1
69,67,12,11,1
69,68,12,12,1
69,70,13,13,1
69,71,13,14,1
70,64,13,8,1
70,65,13,9,1
70,66,13,10,1
70,67,13,11,1
70,68,13,12,1
70,69,13,13,1
70,71,14,14,1
71,64,14,8,1
71,65,14,9,1
71,66,14,10,1
71,67,14,11,1
71,68,14,12,1
71,69,14,13,1
71,70,14,14,1
72..79,0..71,0,0,4
72..79,0..71,1,1,4
72..79,0..71,2,2,4
72..79,0..71,3,3,4
72..79,0..71,4,4,4
72..79,0..71,5,5,4
72..79,0..71,6,6,4
72..79,0..71,7,7,4
72,73,8,8,1
72,74,8,9,1
72,75,8,10,1
72,76,8,11,1
72,77,8,12,1
72,78,8,13,1
72,79,8,14,1
72..79,80..1023,0,0,4
72..79,80..1023,1,1,4
72..79,80..1023,2,2,4
72..79,80..1023,3,3,4
72..79,80..1023,4,4,4
72..79,80..1023,5,5,4
72..79,80..1023,6,6,4
72..79,80..1023,7,7,4
73,72,8,8,1
73,74,9,9,1
73,75,9,10,1
73,76,9,11,1
73,77,9,12,1
73,78,9,13,1
73,79,9,14,1
74,72,9,8,1
74,73,9,9,1
74,75,10,10,1
74,76,10,11,1
74,77,10,12,1
74,78,10,13,1
74,79,10,14,1
75,72,10,8,1
75,73,10,9,1
75,74,10,10,1
75,76,11,11,1
75,77,11,12,1
75,78,11,13,1
75,79,11,14,1
76,72,11,8,1
76,73,11,9,1
76,74,11,10,1
76,75,11,11,1
76,77,12,12,1
76,78,12,13,1
76,79,12,14,1
77,72,12,8,1
77,73,12,9,1
77,74,12,10,1
77,75,12,11,1
77,76,12,12,1
77,78,13,13,1
77,79,13,14,1
78,72,13,8,1
78,73,13,9,1
78,74,13,10,1
78,75,13,11,1
78,76,13,12,1
78,77,13,13,1
78,79,14,14,1
79,72,14,8,1
79,73,14,9,1
79,74,14,10,1
79,75,14,11,1
79,76,14,12,1
79,77,14,13,1
79,78,14,14,1
80..87,0..79,0,0,4
80..87,0..79,1,1,4
80..87,0..79,2,2,4
80..87,0..79,3,3,4
80..87,0..79,4,4,4
80..87,0..79,5,5,4
80..87,0..79,6,6,4
80..87,0..79,7,7,4
80,81,8,8,1
80,82,8,9,1
80,83,8,10,1
80,84,8,11,1
80,85,8,12,1
80,86,8,13,1
80,87,8,14,1
80..87,88..1023,0,0,4
80..87,88..1023,1,1,4
80..87,88..1023,2,2,4
80..87,88..1023,3,3,4
80..87,88..1023,4,4,4
80..87,88..1023,5,5,4
80..87,88..1023,6,6,4
80..87,88..1023,7,7,4
81,80,8,8,1
81,82,9,9,1
81,83,9,10,1
81,84,9,11,1
81,85,9,12,1
81,86,9,13,1
81,87,9,14,1
82,80,9,8,1
82,81,9,9,1
82,83,10,10,1
82,84,10,11,1
82,85,10,12,1
82,86,10,13,1
82,87,10,14,1
83,80,10,8,1
83,81,10,9,1
83,82,10,10,1
83,84,11,11,1
83,85,11,12,1
83,86,11,13,1
83,87,11,14,1
84,80,11,8,1
84,81,11,9,1
84,82,11,10,1
84,83,11,11,1
84,85,12,12,1
84,86,12,13,1
84,87,12,14,1
85,80,12,8,1
85,81,12,9,1
85,82,12,10,1
85,83,12,11,1
85,84,12,12,1
85,86,13,13,1
85,87,13,14,1
86,80,13,8,1
86,81,13,9,1
86,82,13,10,1
86,83,13,11,1
86,84,13,12,1
86,85,13,13,1
86,87,14,14,1
87,80,14,8,1
87,81,14,9,1
87,82,14,10,1
87,83,14,11,1
87,84,14,12,1
87,85,14,13,1
87,86,14,14,1
88..95,0..87,0,0,4
88..95,0..87,1,1,4
88..95,0..87,2,2,4
88..95,0..87,3,3,4
88..95,0..87,4,4,4
88..95,0..87,5,5,4
88..95,0..87,6,6,4
88..95,0..87,7,7,4
88,89,8,8,1
88,90,8,9,1
88,91,8,10,1
88,92,8,11,1
88,93,8,12,1
88,94,8,13,1
88,95,8,14,1
88..95,96..1023,0,0,4
88..95,96..1023,1,1,4
88..95,96..1023,2,2,4
88..95,96..1023,3,3,4
88..95,96..1023,4,4,4
88..95,96..1023,5,5,4
88..95,96..1023,6,6,4
88..95,96..1023,7,7,4
89,88,8,8,1
89,90,9,9,1
89,91,9,10,1
89,92,9,11,1
89,93,9,12,1
89,94,9,13,1
89,95,9,14,1
90,88,9,8,1
90,89,9,9,1
90,91,10,10,1
90,92,10,11,1
90,93,10,12,1
90,94,10,13,1
90,95,10,14,1
91,88,10,8,1
91,89,10,9,1
91,90,10,10,1
91,92,11,11,1
91,93,11,12,1
91,94,11,13,1
91,95,11,14,1
92,88,11,8,1
92,89,11,9,1
92,90,11,10,1
92,91,11,11,1
92,93,12,12,1
92,94,12,13,1
92,95,12,14,1
93,88,12,8,1
93,89,12,9,1
93,90,12,10,1
93,91,12,11,1
93,92,12,12,1
93,94,13,13,1
93,95,13,14,1
94,88,13,8,1
94,89,13,9,1
94,90,13,10,1
94,91,13,11,1
94,92,13,12,1
94,93,13,13,1
94,95,14,14,1
95,88,14,8,1
95,89,14,9,1
95,90,14,10,1
95,91,14,11,1
95,92,14,12,1
95,93,14,13,1
95,94,14,14,1
96..103,0..95,0,0,4
96..103,0..95,1,1,4
96..103,0..95,2,2,4
96..103,0..95,3,3,4
96..103,0..95,4,4,4
96..103,0..95,5,5,4
96..103,0..95,6,6,4
96..103,0..95,7,7,4
96,97,8,8,1
96,98,8,9,1
96,99,8,10,1
96,100,8,11,1
96,101,8,12,1
96,102,8,13,1
96,103,8,14,1
96..103,104..1023,0,0,4
96..103,104..1023,1,1,4
96..103,104..1023,2,2,4
96..103,104..1023,3,3,4
96..103,104..1023,4,4,4
96..103,104..1023,5,5,4
96..103,104..1023,6,6,4
96..103,104..1023,7,7,4
97,96,8,8,1
97,98,9,9,1
97,99,9,10,1
97,100,9,11,1
97,101,9,12,1
97,102,9,13,1
97,103,9,14,1
98,96,9,8,1
98,97,9,9,1
98,99,10,10,1
98,100,10,11,1
98,101,10,12,1
98,102,10,13,1
98,103,10,14,1
99,96,10,8,1
99,97,10,9,1
99,98,10,10,1
99,100,11,11,1
99,101,11,12,1
99,102,11,13,1
99,103,11,14,1
100,96,11,8,1
100,97,11,9,1
100,98,11,10,1
100,99,11,11,1
100,101,12,12,1
100,102,12,13,1
100,103,12,14,1
101,96,12,8,1
101,97,12,9,1
101,98,12,10,1
101,99,12,11,1
101,100,12,12,1
101,102,13,13,1
101,103,13,14,1
102,96,13,8,1
102,97,13,9,1
102,98,13,10,1
102,99,13,11,1
102,100,13,12,1
102,101,13,13,1
102,103,14,14,1
103,96,14,8,1
103,97,14,9,1
103,98,14,10,1
103,99,14,11,1
103,100,14,12,1
103,101,14,13,1
103,102,14,14,1
104..111,0..103,0,0,4
104..111,0..103,1,1,4
104..111,0..103,2,2,4
104..111,0..103,3,3,4
104..111,0..103,4,4,4
104..111,0..103,5,5,4
104..111,0..103,6,6,4
104..111,0..103,7,7,4
104,105,8,8,1
104,106,8,9,1
104,107,8,10,1
104,108,8,11,1
104,109,8,12,1
104,110,8,13,1
104,111,8,14,1
104..111,112..1023,0,0,4
104..111,112..1023,1,1,4
104..111,112..1023,2,2,4
104..111,112..1023,3,3,4
104..111,112..1023,4,4,4
104..111,112..1023,5,5,4
104..111,112..1023,6,6,4
104..111,112..1023,7,7,4
105,104,8,8,1
105,106,9,9,1
105,107,9,10,1
105,108,9,11,1
105,109,9,12,1
105,110,9,13,1
105,111,9,14,1
106,104,9,8,1
106,105,9,9,1
106,107,10,10,1
106,108,10,11,1
106,109,10,12,1
106,110,10,13,1
106,111,10,14,1
107,104,10,8,1
107,105,10,9,1
107,106,10,10,1
107,108,11,11,1
107,109,11,12,1
107,110,11,13,1
107,111,11,14,1
108,104,11,8,1
108,105,11,9,1
108,106,11,10,1
108,107,11,11,1
108,109,12,12,1
108,110,12,13,1
108,111,12,14,1
109,104,12,8,1
109,105,12,9,1
109,106,12,10,1
109,107,12,11,1
109,108,12,12,1
109,110,13,13,1
109,111,13,14,1
110,104,13,8,1
110,105,13,9,1
110,106,13,10,1
110,107,13,11,1
110,108,13,12,1
110,109,13,13,1
110,111,14,14,1
111,104,14,8,1
111,105,14,9,1
111,106,14,10,1
111,107,14,11,1
111,108,14,12,1
111,109,14,13,1
111,110,14,14,1
112..119,0..111,0,0,4
112..119,0..111,1,1,4
112..119,0..111,2,2,4
112..119,0..111,3,3,4
112..119,0..111,4,4,4
112..119,0..111,5,5,4
112..119,0..111,6,6,4
112..119,0..111,7,7,4
112,113,8,8,1
112,114,8,9,1
112,115,8,10,1
112,116,8,11,1
112,117,8,12,1
112,118,8,13,1
112,119,8,14,1
112..119,120..1023,0,0,4
112..119,120..1023,1,1,4
112..119,120..1023,2,2,4
112..119,120..1023,3,3,4
112..119,120..1023,4,4,4
112..119,120..1023,5,5,4
112..119,120..1023,6,6,4
112..119,120..1023,7,7,4
113,112,8,8,1
113,114,9,9,1
113,115,9,10,1
113,116,9,11,1
113,117,9,12,1
113,118,9,13,1
113,119,9,14,1
114,112,9,8,1
114,113,9,9,1
114,115,10,10,1
114,116,10,11,1
114,117,10,12,1
114,118,10,13,1
114,119,10,14,1
115,112,10,8,1
115,113,10,9,1
115,114,10,10,1
115,116,11,11,1
115,117,11,12,1
115,118,11,13,1
115,119,11,14,1
116,112,11,8,1
116,113,11,9,1
116,114,11,10,1
116,115,11,11,1
116,117,12,12,1
116,118,12,13,1
116,119,12,14,1
117,112,12,8,1
117,113,12,9,1
117,114,12,10,1
117,115,12,11,1
117,116,12,12,1
117,118,13,13,1
117,119,13,14,1
118,112,13,8,1
118,113,13,9,1
118,114,13,10,1
118,115,13,11,1
118,116,13,12,1
118,117,13,13,1
118,119,14,14,1
119,112,14,8,1
119,113,14,9,1
119,114,14,10,1
119,115,14,11,1
119,116,14,12,1
119,117,14,13,1
119,118,14,14,1
120..127,0..119,0,0,4
120..127,0..119,1,1,4
120..127,0..119,2,2,4
120..127,0..119,3,3,4
120..127,0..119,4,4,4
120..127,0..119,5,5,4
120..127,0..119,6,6,4
120..127,0..119,7,7,4
120,121,8,8,1
120,122,8,9,1
120,123,8,10,1
120,124,8,11,1
120,125,8,12,1
120,126,8,13,1
120,127,8,14,1
120..127,128..1023,0,0,4
120..127,128..1023,1,1,4
120..127,128..1023,2,2,4
120..127,128..1023,3,3,4
120..127,128..1023,4,4,4
120..127,128..1023,5,5,4
120..127,128..1023,6,6,4
120..127,128..1023,7,7,4
121,120,8,8,1
121,122,9,9,1
121,123,9,10,1
121,124,9,11,1
121,125,9,12,1
121,126,9,13,1
121,127,9,14,1
122,120,9,8,1
122,121,9,9,1
122,123,10,10,1
122,124,10,11,1
122,125,10,12,1
122,126,10,13,1
122,127,10,14,1
123,120,10,8,1
123,121,10,9,1
123,122,10,10,1
123,124,11,11,1
123,125,11,12,1
123,126,11,13,1
123,127,11,14,1
124,120,11,8,1
124,121,11,9,1
124,122,11,10,1
124,123,11,11,1
124,125,12,12,1
124,126,12,13,1
124,127,12,14,1
125,120,12,8,1
125,121,12,9,1
125,122,12,10,1
125,123,12,11,1
125,124,12,12,1
125,126,13,13,1
125,127,13,14,1
126,120,13,8,1
126,121,13,9,1
126,122,13,10,1
126,123,13,11,1
126,124,13,12,1
126,125,13,13,1
126,127,14,14,1
127,120,14,8,1
127,121,14,9,1
127,122,14,10,1
127,123,14,11,1
127,124,14,12,1
127,125,14,13,1
127,126,14,14,1
128..135,0..127,0,0,4
128..135,0..127,1,1,4
128..135,0..127,2,2,4
128..135,0..127,3,3,4
128..135,0..127,4,4,4
128..135,0..127,5,5,4
128..135,0..127,6,6,4
128..135,0..127,7,7,4
128,129,8,8,1
128,130,8,9,1
128,131,8,10,1
128,132,8,11,1
128,133,8,12,1
128,134,8,13,1
128,135,8,14,1
128..135,136..1023,0,0,4
128..135,136..1023,1,1,4
128..135,136..1023,2,2,4
128..135,136..1023,3,3,4
128..135,136..1023,4,4,4
128..135,136..1023,5,5,4
128..135,136..1023,6,6,4
128..135,136..1023,7,7,4
129,128,8,8,1
129,130,9,9,1
129,131,9,10,1
129,132,9,11,1
129,133,9,12,1
129,134,9,13,1
129,135,9,14,1
130,128,9,8,1
130,129,9,9,1
130,131,10,10,1
130,132,10,11,1
130,133,10,12,1
130,134,10,13,1
130,135,10,14,1
131,128,10,8,1
131,129,10,9,1
131,130,10,10,1
131,132,11,11,1
131,133,11,12,1
131,134,11,13,1
131,135,11,14,1
132,128,11,8,1
132,129,11,9,1
132,130,11,10,1
132,131,11,11,1
132,133,12,12,1
132,134,12,13,1
132,135,12,14,1
133,128,12,8,1
133,129,12,9,1
133,130,12,10,1
133,131,12,11,1
133,132,12,12,1
133,134,13,13,1
133,135,13,14,1
134,128,13,8,1
134,129,13,9,1
134,130,13,10,1
134,131,13,11,1
134,132,13,12,1
134,133,13,13,1
134,135,14,14,1
135,128,14,8,1
135,129,14,9,1
135,130,14,10,1
135,131,14,11,1
135,132,14,12,1
135,133,14,13,1
135,134,14,14,1
136..143,0..135,0,0,4
136..143,0..135,1,1,4
136..143,0..135,2,2,4
136..143,0..135,3,3,4
136..143,0..135,4,4,4
136..143,0..135,5,5,4
136..143,0..135,6,6,4
136..143,0..135,7,7,4
136,137,8,8,1
136,138,8,9,1
136,139,8,10,1
136,140,8,11,1
136,141,8,12,1
136,142,8,13,1
136,143,8,14,1
136..143,144..1023,0,0,4
136..143,144..1023,1,1,4
136..143,144..1023,2,2,4
136..143,144..1023,3,3,4
136..143,144..1023,4,4,4
136..143,144..1023,5,5,4
136..143,144..1023,6,6,4
136..143,144..1023,7,7,4
137,136,8,8,1
137,138,9,9,1
137,139,9,10,1
137,140,9,11,1
137,141,9,12,1
137,142,9,13,1
137,143,9,14,1
138,136,9,8,1
138,137,9,9,1
138,139,10,10,1
138,140,10,11,1
138,141,10,12,1
138,142,10,13,1
138,143,10,14,1
139,136,10,8,1
139,137,10,9,1
139,138,10,10,1
139,140,11,11,1
139,141,11,12,1
139,142,11,13,1
139,143,11,14,1
140,136,11,8,1
140,137,11,9,1
140,138,11,10,1
140,139,11,11,1
140,141,12,12,1
140,142,12,13,1
140,143,12,14,1
141,136,12,8,1
141,137,12,9,1
141,138,12,10,1
141,139,12,11,1
141,140,12,12,1
141,142,13,13,1
141,143,13,14,1
142,136,13,8,1
142,137,13,9,1
142,138,13,10,1
142,139,13,11,1
142,140,13,12,1
142,141,13,13,1
142,143,14,14,1
143,136,14,8,1
143,137,14,9,1
143,138,14,10,1
143,139,14,11,1
143,140,14,12,1
143,141,14,13,1
143,142,14,14,1
144..151,0..143,0,0,4
144..151,0..143,1,1,4
144..151,0..143,2,2,4
144..151,0..143,3,3,4
144..151,0..143,4,4,4
144..151,0..143,5,5,4
144..151,0..143,6,6,4
144..151,0..143,7,7,4
144,145,8,8,1
144,146,8,9,1
144,147,8,10,1
144,148,8,11,1
144,149,8,12,1
144,150,8,13,1
144,151,8,14,1
144..151,152..1023,0,0,4
144..151,152..1023,1,1,4
144..151,152..1023,2,2,4
144..151,152..1023,3,3,4
144..151,152..1023,4,4,4
144..151,152..1023,5,5,4
144..151,152..1023,6,6,4
144..151,152..1023,7,7,4
145,144,8,8,1
145,146,9,9,1
145,147,9,10,1
145,148,9,11,1
145,149,9,12,1
145,150,9,13,1
145,151,9,14,1
146,144,9,8,1
146,145,9,9,1
146,147,10,10,1
146,148,10,11,1
146,149,10,12,1
146,150,10,13,1
146,151,10,14,1
147,144,10,8,1
147,145,10,9,1
147,146,10,10,1
147,148,11,11,1
147,149,11,12,1
147,150,11,13,1
147,151,11,14,1
148,144,11,8,1
148,145,11,9,1
148,146,11,10,1
148,147,11,11,1
148,149,12,12,1
148,150,12,13,1
148,151,12,14,1
149,144,12,8,1
149,145,12,9,1
149,146,12,10,1
149,147,12,11,1
149,148,12,12,1
149,150,13,13,1
149,151,13,14,1
150,144,13,8,1
150,145,13,9,1
150,146,13,10,1
150,147,13,11,1
150,148,13,12,1
150,149,13,13,1
150,151,14,14,1
151,144,14,8,1
151,145,14,9,1
151,146,14,10,1
151,147,14,11,1
151,148,14,12,1
151,149,14,13,1
151,150,14,14,1
152..159,0..151,0,0,4
152..159,0..151,1,1,4
152..159,0..151,2,2,4
152..159,0..151,3,3,4
152..159,0..151,4,4,4
152..159,0..151,5,5,4
152..159,0..151,6,6,4
152..159,0..151,7,7,4
152,153,8,8,1
152,154,8,9,1
152,155,8,10,1
152,156,8,11,1
152,157,8,12,1
152,158,8,13,1
152,159,8,14,1
152..159,160..1023,0,0,4
152..159,160..1023,1,1,4
152..159,160..1023,2,2,4
152..159,160..1023,3,3,4
152..159,160..1023,4,4,4
152..159,160..1023,5,5,4
152..159,160..1023,6,6,4
152..159,160..1023,7,7,4
153,152,8,8,1
153,154,9,9,1
153,155,9,10,1
153,156,9,11,1
153,157,9,12,1
153,158,9,13,1
153,159,9,14,1
154,152,9,8,1
154,153,9,9,1
154,155,10,10,1
154,156,10,11,1
154,157,10,12,1
154,158,10,13,1
154,159,10,14,1
155,152,10,8,1
155,153,10,9,1
155,154,10,10,1
155,156,11,11,1
155,157,11,12,1
155,158,11,13,1
155,159,11,14,1
156,152,11,8,1
156,153,11,9,1
156,154,11,10,1
156,155,11,11,1
156,157,12,12,1
156,158,12,13,1
156,159,12,14,1
157,152,12,8,1
157,153,12,9,1
157,154,12,10,1
157,155,12,11,1
157,156,12,12,1
157,158,13,13,1
157,159,13,14,1
158,152,13,8,1
158,153,13,9,1
158,154,13,10,1
158,155,13,11,1
158,156,13,12,1
158,157,13,13,1
158,159,14,14,1
159,152,14,8,1
159,153,14,9,1
159,154,14,10,1
159,155,14,11,1
159,156,14,12,1
159,157,14,13,1
159,158,14,14,1
160..167,0..159,0,0,4
160..167,0..159,1,1,4
160..167,0..159,2,2,4
160..167,0..159,3,3,4
160..167,0..159,4,4,4
160..167,0..159,5,5,4
160..167,0..159,6,6,4
160..167,0..159,7,7,4
160,161,8,8,1
160,162,8,9,1
160,163,8,10,1
160,164,8,11,1
160,165,8,12,1
160,166,8,13,1
160,167,8,14,1
160..167,168..1023,0,0,4
160..167,168..1023,1,1,4
160..167,168..1023,2,2,4
160..167,168..1023,3,3,4
160..167,168..1023,4,4,4
160..167,168..1023,5,5,4
160..167,168..1023,6,6,4
160..167,168..1023,7,7,4
161,160,8,8,1
161,162,9,9,1
161,163,9,10,1
161,164,9,11,1
161,165,9,12,1
161,166,9,13,1
161,167,9,14,1
162,160,9,8,1
162,161,9,9,1
162,163,10,10,1
162,164,10,11,1
162,165,10,12,1
162,166,10,13,1
162,167,10,14,1
163,160,10,8,1
163,161,10,9,1
163,162,10,10,1
163,164,11,11,1
163,165,11,12,1
163,166,11,13,1
163,167,11,14,1
164,160,11,8,1
164,161,11,9,1
164,162,11,10,1
164,163,11,11,1
164,165,12,12,1
164,166,12,13,1
164,167,12,14,1
165,160,12,8,1
165,161,12,9,1
165,162,12,10,1
165,163,12,11,1
165,164,12,12,1
165,166,13,13,1
165,167,13,14,1
166,160,13,8,1
166,161,13,9,1
166,162,13,10,1
166,163,13,11,1
166,164,13,12,1
166,165,13,13,1
166,167,14,14,1
167,160,14,8,1
167,161,14,9,1
167,162,14,10,1
167,163,14,11,1
167,164,14,12,1
167,165,14,13,1
167,166,14,14,1
168..175,0..167,0,0,4
168..175,0..167,1,1,4
168..175,0..167,2,2,4
168..175,0..167,3,3,4
168..175,0..167,4,4,4
168..175,0..167,5,5,4
168..175,0..167,6,6,4
168..175,0..167,7,7,4
168,169,8,8,1
168,170,8,9,1
168,171,8,10,1
168,172,8,11,1
168,173,8,12,1
168,174,8,13,1
168,175,8,14,1
168..175,176..1023,0,0,4
168..175,176..1023,1,1,4
168..175,176..1023,2,2,4
168..175,176..1023,3,3,4
168..175,176..1023,4,4,4
168..175,176..1023,5,5,4
168..175,176..1023,6,6,4
168..175,176..1023,7,7,4
169,168,8,8,1
169,170,9,9,1
169,171,9,10,1
169,172,9,11,1
169,173,9,12,1
169,174,9,13,1
169,175,9,14,1
170,168,9,8,1
170,169,9,9,1
170,171,10,10,1
170,172,10,11,1
170,173,10,12,1
170,174,10,13,1
170,175,10,14,1
171,168,10,8,1
171,169,10,9,1
171,170,10,10,1
171,172,11,11,1
171,173,11,12,1
171,174,11,13,1
171,175,11,14,1
172,168,11,8,1
172,169,11,9,1
172,170,11,10,1
172,171,11,11,1
172,173,12,12,1
172,174,12,13,1
172,175,12,14,1
173,168,12,8,1
173,169,12,9,1
173,170,12,10,1
173,171,12,11,1
173,172,12,12,1
173,174,13,13,1
173,175,13,14,1
174,168,13,8,1
174,169,13,9,1
174,170,13,10,1
174,171,13,11,1
174,172,13,12,1
174,173,13,13,1
174,175,14,14,1
175,168,14,8,1
175,169,14,9,1
175,170,14,10,1
175,171,14,11,1
175,172,14,12,1
175,173,14,13,1
175,174,14,14,1
176..183,0..175,0,0,4
176..183,0..175,1,1,4
176..183,0..175,2,2,4
176..183,0..175,3,3,4
176..183,0..175,4,4,4
176..183,0..175,5,5,4
176..183,0..175,6,6,4
176..183,0..175,7,7,4
176,177,8,8,1
176,178,8,9,1
176,179,8,10,1
176,180,8,11,1
176,181,8,12,1
176,182,8,13,1
176,183,8,14,1
176..183,184..1023,0,0,4
176..183,184..1023,1,1,4
176..183,184..1023,2,2,4
176..183,184..1023,3,3,4
176..183,184..1023,4,4,4
176..183,184..1023,5,5,4
176..183,184..1023,6,6,4
176..183,184..1023,7,7,4
177,176,8,8,1
177,178,9,9,1
177,179,9,10,1
177,180,9,11,1
177,181,9,12,1
177,182,9,13,1
177,183,9,14,1
178,176,9,8,1
178,177,9,9,1
178,179,10,10,1
178,180,10,11,1
178,181,10,12,1
178,182,10,13,1
178,183,10,14,1
179,176,10,8,1
179,177,10,9,1
179,178,10,10,1
179,180,11,11,1
179,181,11,12,1
179,182,11,13,1
179,183,11,14,1
180,176,11,8,1
180,177,11,9,1
180,178,11,10,1
180,179,11,11,1
180,181,12,12,1
180,182,12,13,1
180,183,12,14,1
181,176,12,8,1
181,177,12,9,1
181,178,12,10,1
181,179,12,11,1
181,180,12,12,1
181,182,13,13,1
181,183,13,14,1
182,176,13,8,1
182,177,13,9,1
182,178,13,10,1
182,179,13,11,1
182,180,13,12,1
182,181,13,13,1
182,183,14,14,1
183,176,14,8,1
183,177,14,9,1
183,178,14,10,1
183,179,14,11,1
183,180,14,12,1
183,181,14,13,1
183,182,14,14,1
184..191,0..183,0,0,4
184..191,0..183,1,1,4
184..191,0..183,2,2,4
184..191,0..183,3,3,4
184..191,0..183,4,4,4
184..191,0..183,5,5,4
184..191,0..183,6,6,4
184..191,0..183,7,7,4
184,185,8,8,1
184,186,8,9,1
184,187,8,10,1
184,188,8,11,1
184,189,8,12,1
184,190,8,13,1
184,191,8,14,1
184..191,192..1023,0,0,4
184..191,192..1023,1,1,4
184..191,192..1023,2,2,4
184..191,192..1023,3,3,4
184..191,192..1023,4,4,4
184..191,192..1023,5,5,4
184..191,192..1023,6,6,4
184..191,192..1023,7,7,4
185,184,8,8,1
185,186,9,9,1
185,187,9,10,1
185,188,9,11,1
185,189,9,12,1
185,190,9,13,1
185,191,9,14,1
186,184,9,8,1
186,185,9,9,1
186,187,10,10,1
186,188,10,11,1
186,189,10,12,1
186,190,10,13,1
186,191,10,14,1
187,184,10,8,1
187,185,10,9,1
187,186,10,10,1
187,188,11,11,1
187,189,11,12,1
187,190,11,13,1
187,191,11,14,1
188,184,11,8,1
188,185,11,9,1
188,186,11,10,1
188,187,11,11,1
188,189,12,12,1
188,190,12,13,1
188,191,12,14,1
189,184,12,8,1
189,185,12,9,1
189,186,12,10,1
189,187,12,11,1
189,188,12,12,1
189,190,13,13,1
189,191,13,14,1
190,184,13,8,1
190,185,13,9,1
190,186,13,10,1
190,187,13,11,1
190,188,13,12,1
190,189,13,13,1
190,191,14,14,1
191,184,14,8,1
191,185,14,9,1
191,186,14,10,1
191,187,14,11,1
191,188,14,12,1
191,189,14,13,1
191,190,14,14,1
192..199,0..191,0,0,4
192..199,0..191,1,1,4
192..199,0..191,2,2,4
192..199,0..191,3,3,4
192..199,0..191,4,4,4
192..199,0..191,5,5,4
192..199,0..191,6,6,4
192..199,0..191,7,7,4
192,193,8,8,1
192,194,8,9,1
192,195,8,10,1
192,196,8,11,1
192,197,8,12,1
192,198,8,13,1
192,199,8,14,1
192..199,200..1023,0,0,4
192..199,200..1023,1,1,4
192..199,200..1023,2,2,4
192..199,200..1023,3,3,4
192..199,200..1023,4,4,4
192..199,200..1023,5,5,4
192..199,200..1023,6,6,4
192..199,200..1023,7,7,4
193,192,8,8,1
193,194,9,9,1
193,195,9,10,1
193,196,9,11,1
193,197,9,12,1
193,198,9,13,1
193,199,9,14,1
194,192,9,8,1
194,193,9,9,1
194,195,10,10,1
194,196,10,11,1
194,197,10,12,1
194,198,10,13,1
194,199,10,14,1
195,192,10,8,1
195,193,10,9,1
195,194,10,10,1
195,196,11,11,1
195,197,11,12,1
195,198,11,13,1
195,199,11,14,1
196,192,11,8,1
196,193,11,9,1
196,194,11,10,1
196,195,11,11,1
196,197,12,12,1
196,198,12,13,1
196,199,12,14,1
197,192,12,8,1
197,193,12,9,1
197,194,12,10,1
197,195,12,11,1
197,196,12,12,1
197,198,13,13,1
197,199,13,14,1
198,192,13,8,1
198,193,13,9,1
198,194,13,10,1
198,195,13,11,1
198,196,13,12,1
198,197,13,13,1
198,199,14,14,1
199,192,14,8,1
199,193,14,9,1
199,194,14,10,1
199,195,14,11,1
199,196,14,12,1
199,197,14,13,1
199,198,14,14,1
200..207,0..199,0,0,4
200..207,0..199,1,1,4
200..207,0..199,2,2,4
200..207,0..199,3,3,4
200..207,0..199,4,4,4
200..207,0..199,5,5,4
200..207,0..199,6,6,4
200..207,0..199,7,7,4
200,201,8,8,1
200,202,8,9,1
200,203,8,10,1
200,204,8,11,1
200,205,8,12,1
200,206,8,13,1
200,207,8,14,1
200..207,208..1023,0,0,4
200..207,208..1023,1,1,4
200..207,208..1023,2,2,4
200..207,208..1023,3,3,4
200..207,208..1023,4,4,4
200..207,208..1023,5,5,4
200..207,208..1023,6,6,4
200..207,208..1023,7,7,4
201,200,8,8,1
201,202,9,9,1
201,203,9,10,1
201,204,9,11,1
201,205,9,12,1
201,206,9,13,1
201,207,9,14,1
202,200,9,8,1
202,201,9,9,1
202,203,10,10,1
202,204,10,11,1
202,205,10,12,1
202,206,10,13,1
202,207,10,14,1
203,200,10,8,1
203,201,10,9,1
203,202,10,10,1
203,204,11,11,1
203,205,11,12,1
203,206,11,13,1
203,207,11,14,1
204,200,11,8,1
204,201,11,9,1
204,202,11,10,1
204,203,11,11,1
204,205,12,12,1
204,206,12,13,1
204,207,12,14,1
205,200,12,8,1
205,201,12,9,1
205,202,12,10,1
205,203,12,11,1
205,204,12,12,1
205,206,13,13,1
205,207,13,14,1
206,200,13,8,1
206,201,13,9,1
206,202,13,10,1
206,203,13,11,1
206,204,13,12,1
206,205,13,13,1
206,207,14,14,1
207,200,14,8,1
207,201,14,9,1
207,202,14,10,1
207,203,14,11,1
207,204,14,12,1
207,205,14,13,1
207,206,14,14,1
208..215,0..207,0,0,4
208..215,0..207,1,1,4
208..215,0..207,2,2,4
208..215,0..207,3,3,4
208..215,0..207,4,4,4
208..215,0..207,5,5,4
208..215,0..207,6,6,4
208..215,0..207,7,7,4
208,209,8,8,1
208,210,8,9,1
208,211,8,10,1
208,212,8,11,1
208,213,8,12,1
208,214,8,13,1
208,215,8,14,1
208..215,216..1023,0,0,4
208..215,216..1023,1,1,4
208..215,216..1023,2,2,4
208..215,216..1023,3,3,4
208..215,216..1023,4,4,4
208..215,216..1023,5,5,4
208..215,216..1023,6,6,4
208..215,216..1023,7,7,4
209,208,8,8,1
209,210,9,9,1
209,211,9,10,1
209,212,9,11,1
209,213,9,12,1
209,214,9,13,1
209,215,9,14,1
210,208,9,8,1
210,209,9,9,1
210,211,10,10,1
210,212,10,11,1
210,213,10,12,1
210,214,10,13,1
210,215,10,14,1
211,208,10,8,1
211,209,10,9,1
211,210,10,10,1
211,212,11,11,1
211,213,11,12,1
211,214,11,13,1
211,215,11,14,1
212,208,11,8,1
212,209,11,9,1
212,210,11,10,1
212,211,11,11,1
212,213,12,12,1
212,214,12,13,1
212,215,12,14,1
213,208,12,8,1
213,209,12,9,1
213,210,12,10,1
213,211,12,11,1
213,212,12,12,1
213,214,13,13,1
213,215,13,14,1
214,208,13,8,1
214,209,13,9,1
214,210,13,10,1
214,211,13,11,1
214,212,13,12,1
214,213,13,13,1
214,215,14,14,1
215,208,14,8,1
215,209,14,9,1
215,210,14,10,1
215,211,14,11,1
215,212,14,12,1
215,213,14,13,1
215,214,14,14,1
216..223,0..215,0,0,4
216..223,0..215,1,1,4
216..223,0..215,2,2,4
216..223,0..215,3,3,4
216..223,0..215,4,4,4
216..223,0..215,5,5,4
216..223,0..215,6,6,4
216..223,0..215,7,7,4
216,217,8,8,1
216,218,8,9,1
216,219,8,10,1
216,220,8,11,1
216,221,8,12,1
216,222,8,13,1
216,223,8,14,1
216..223,224..1023,0,0,4
216..223,224..1023,1,1,4
216..223,224..1023,2,2,4
216..223,224..1023,3,3,4
216..223,224..1023,4,4,4
216..223,224..1023,5,5,4
216..223,224..1023,6,6,4
216..223,224..1023,7,7,4
217,216,8,8,1
217,218,9,9,1
217,219,9,10,1
217,220,9,11,1
217,221,9,12,1
217,222,9,13,1
217,223,9,14,1
218,216,9,8,1
218,217,9,9,1
218,219,10,10,1
218,220,10,11,1
218,221,10,12,1
218,222,10,13,1
218,223,10,14,1
219,216,10,8,1
219,217,10,9,1
219,218,10,10,1
219,220,11,11,1
219,221,11,12,1
219,222,11,13,1
219,223,11,14,1
220,216,11,8,1
220,217,11,9,1
220,218,11,10,1
220,219,11,11,1
220,221,12,12,1
220,222,12,13,1
220,223,12,14,1
221,216,12,8,1
221,217,12,9,1
221,218,12,10,1
221,219,12,11,1
221,220,12,12,1
221,222,13,13,1
221,223,13,14,1
222,216,13,8,1
222,217,13,9,1
222,218,13,10,1
222,219,13,11,1
222,220,13,12,1
222,221,13,13,1
222,223,14,14,1
223,216,14,8,1
223,217,14,9,1
223,218,14,10,1
223,219,14,11,1
223,220,14,12,1
223,221,14,13,1
223,222,14,14,1
224..231,0..223,0,0,4
224..231,0..223,1,1,4
224..231,0..223,2,2,4
224..231,0..223,3,3,4
224..231,0..223,4,4,4
224..231,0..223,5,5,4
224..231,0..223,6,6,4
224..231,0..223,7,7,4
224,225,8,8,1
224,226,8,9,1
224,227,8,10,1
224,228,8,11,1
224,229,8,12,1
224,230,8,13,1
224,231,8,14,1
224..231,232..1023,0,0,4
224..231,232..1023,1,1,4
224..231,232..1023,2,2,4
224..231,232..1023,3,3,4
224..231,232..1023,4,4,4
224..231,232..1023,5,5,4
224..231,232..1023,6,6,4
224..231,232..1023,7,7,4
225,224,8,8,1
225,226,9,9,1
225,227,9,10,1
225,228,9,11,1
225,229,9,12,1
225,230,9,13,1
225,231,9,14,1
226,224,9,8,1
226,225,9,9,1
226,227,10,10,1
226,228,10,11,1
226,229,10,12,1
226,230,10,13,1
226,231,10,14,1
227,224,10,8,1
227,225,10,9,1
227,226,10,10,1
227,228,11,11,1
227,229,11,12,1
227,230,11,13,1
227,231,11,14,1
228,224,11,8,1
228,225,11,9,1
228,226,11,10,1
228,227,11,11,1
228,229,12,12,1
228,230,12,13,1
228,231,12,14,1
229,224,12,8,1
229,225,12,9,1
229,226,12,10,1
229,227,12,11,1
229,228,12,12,1
229,230,13,13,1
229,231,13,14,1
230,224,13,8,1
230,225,13,9,1
230,226,13,10,1
230,227,13,11,1
230,228,13,12,1
230,229,13,13,1
230,231,14,14,1
231,224,14,8,1
231,225,14,9,1
231,226,14,10,1
231,227,14,11,1
231,228,14,12,1
231,229,14,13,1
231,230,14,14,1
232..239,0..231,0,0,4
232..239,0..231,1,1,4
232..239,0..231,2,2,4
232..239,0..231,3,3,4
232..239,0..231,4,4,4
232..239,0..231,5,5,4
232..239,0..231,6,6,4
232..239,0..231,7,7,4
232,233,8,8,1
232,234,8,9,1
232,235,8,10,1
232,236,8,11,1
232,237,8,12,1
232,238,8,13,1
232,239,8,14,1
232..239,240..1023,0,0,4
232..239,240..1023,1,1,4
232..239,240..1023,2,2,4
232..239,240..1023,3,3,4
232..239,240..1023,4,4,4
232..239,240..1023,5,5,4
232..239,240..1023,6,6,4
232..239,240..1023,7,7,4
233,232,8,8,1
233,234,9,9,1
233,235,9,10,1
233,236,9,11,1
233,237,9,12,1
233,238,9,13,1
233,239,9,14,1
234,232,9,8,1
234,233,9,9,1
234,235,10,10,1
234,236,10,11,1
234,237,10,12,1
234,238,10,13,1
234,239,10,14,1
235,232,10,8,1
235,233,10,9,1
235,234,10,10,1
235,236,11,11,1
235,237,11,12,1
235,238,11,13,1
235,239,11,14,1
236,232,11,8,1
236,233,11,9,1
236,234,11,10,1
236,235,11,11,1
236,237,12,12,1
236,238,12,13,1
236,239,12,14,1
237,232,12,8,1
237,233,12,9,1
237,234,12,10,1
237,235,12,11,1
237,236,12,12,1
237,238,13,13,1
237,239,13,14,1
238,232,13,8,1
238,233,13,9,1
238,234,13,10,1
238,235,13,11,1
238,236,13,12,1
238,237,13,13,1
238,239,14,14,1
239,232,14,8,1
239,233,14,9,1
239,234,14,10,1
239,235,14,11,1
239,236,14,12,1
239,237,14,13,1
239,238,14,14,1
240..247,0..239,0,0,4
240..247,0..239,1,1,4
240..247,0..239,2,2,4
240..247,0..239,3,3,4
240..247,0..239,4,4,4
240..247,0..239,5,5,4
240..247,0..239,6,6,4
240..247,0..239,7,7,4
240,241,8,8,1
240,242,8,9,1
240,243,8,10,1
240,244,8,11,1
240,245,8,12,1
240,246,8,13,1
240,247,8,14,1
240..247,248..1023,0,0,4
240..247,248..1023,1,1,4
240..247,248..1023,2,2,4
240..247,248..1023,3,3,4
240..247,248..1023,4,4,4
240..247,248..1023,5,5,4
240..247,248..1023,6,6,4
240..247,248..1023,7,7,4
241,240,8,8,1
241,242,9,9,1
241,243,9,10,1
241,244,9,11,1
241,245,9,12,1
241,246,9,13,1
241,247,9,14,1
242,240,9,8,1
242,241,9,9,1
242,243,10,10,1
242,244,10,11,1
242,245,10,12,1
242,246,10,13,1
242,247,10,14,1
243,240,10,8,1
243,241,10,9,1
243,242,10,10,1
243,244,11,11,1
243,245,11,12,1
243,246,11,13,1
243,247,11,14,1
244,240,11,8,1
244,241,11,9,1
244,242,11,10,1
244,243,11,11,1
244,245,12,12,1
244,246,12,13,1
244,247,12,14,1
245,240,12,8,1
245,241,12,9,1
245,242,12,10,1
245,243,12,11,1
245,244,12,12,1
245,246,13,13,1
245,247,13,14,1
246,240,13,8,1
246,241,13,9,1
246,242,13,10,1
246,243,13,11,1
246,244,13,12,1
246,245,13,13,1
246,247,14,14,1
247,240,14,8,1
247,241,14,9,1
247,242,14,10,1
247,243,14,11,1
247,244,14,12,1
247,245,14,13,1
247,246,14,14,1
248..255,0..247,0,0,4
248..255,0..247,1,1,4
248..255,0..247,2,2,4
248..255,0..247,3,3,4
248..255,0..247,4,4,4
248..255,0..247,5,5,4
248..255,0..247,6,6,4
248..255,0..247,7,7,4
248,249,8,8,1
248,250,8,9,1
248,251,8,10,1
248,252,8,11,1
248,253,8,12,1
248,254,8,13,1
248,255,8,14,1
248..255,256..1023,0,0,4
248..255,256..1023,1,1,4
248..255,256..1023,2,2,4
248..255,256..1023,3,3,4
248..255,256..1023,4,4,4
248..255,256..1023,5,5,4
248..255,256..1023,6,6,4
248..255,256..1023,7,7,4
249,248,8,8,1
249,250,9,9,1
249,251,9,10,1
249,252,9,11,1
249,253,9,12,1
249,254,9,13,1
249,255,9,14,1
250,248,9,8,1
250,249,9,9,1
250,251,10,10,1
250,252,10,11,1
250,253,10,12,1
250,254,10,13,1
250,255,10,14,1
251,248,10,8,1
251,249,10,9,1
251,250,10,10,1
251,252,11,11,1
251,253,11,12,1
251,254,11,13,1
251,255,11,14,1
252,248,11,8,1
252,249,11,9,1
252,250,11,10,1
252,251,11,11,1
252,253,12,12,1
252,254,12,13,1
252,255,12,14,1
253,248,12,8,1
253,249,12,9,1
253,250,12,10,1
253,251,12,11,1
253,252,12,12,1
253,254,13,13,1
253,255,13,14,1
254,248,13,8,1
254,249,13,9,1
254,250,13,10,1
254,251,13,11,1
254,252,13,12,1
254,253,13,13,1
254,255,14,14,1
255,248,14,8,1
255,249,14,9,1
255,250,14,10,1
255,251,14,11,1
255,252,14,12,1
255,253,14,13,1
255,254,14,14,1
256..263,0..255,0,0,4
256..263,0..255,1,1,4
256..263,0..255,2,2,4
256..263,0..255,3,3,4
256..263,0..255,4,4,4
256..263,0..255,5,5,4
256..263,0..255,6,6,4
256..263,0..255,7,7,4
256,257,8,8,1
256,258,8,9,1
256,259,8,10,1
256,260,8,11,1
256,261,8,12,1
256,262,8,13,1
256,263,8,14,1
256..263,264..1023,0,0,4
256..263,264..1023,1,1,4
256..263,264..1023,2,2,4
256..263,264..1023,3,3,4
256..263,264..1023,4,4,4
256..263,264..1023,5,5,4
256..263,264..1023,6,6,4
256..263,264..1023,7,7,4
257,256,8,8,1
257,258,9,9,1
257,259,9,10,1
257,260,9,11,1
257,261,9,12,1
257,262,9,13,1
257,263,9,14,1
258,256,9,8,1
258,257,9,9,1
258,259,10,10,1
258,260,10,11,1
258,261,10,12,1
258,262,10,13,1
258,263,10,14,1
259,256,10,8,1
259,257,10,9,1
259,258,10,10,1
259,260,11,11,1
259,261,11,12,1
259,262,11,13,1
259,263,11,14,1
260,256,11,8,1
260,257,11,9,1
260,258,11,10,1
260,259,11,11,1
260,261,12,12,1
260,262,12,13,1
260,263,12,14,1
261,256,12,8,1
261,257,12,9,1
261,258,12,10,1
261,259,12,11,1
261,260,12,12,1
261,262,13,13,1
261,263,13,14,1
262,256,13,8,1
262,257,13,9,1
262,258,13,10,1
262,259,13,11,1
262,260,13,12,1
262,261,13,13,1
262,263,14,14,1
263,256,14,8,1
263,257,14,9,1
263,258,14,10,1
263,259,14,11,1
263,260,14,12,1
263,261,14,13,1
263,262,14,14,1
264..271,0..263,0,0,4
264..271,0..263,1,1,4
264..271,0..263,2,2,4
264..271,0..263,3,3,4
264..271,0..263,4,4,4
264..271,0..263,5,5,4
264..271,0..263,6,6,4
264..271,0..263,7,7,4
264,265,8,8,1
264,266,8,9,1
264,267,8,10,1
264,268,8,11,1
264,269,8,12,1
264,270,8,13,1
264,271,8,14,1
264..271,272..1023,0,0,4
264..271,272..1023,1,1,4
264..271,272..1023,2,2,4
264..271,272..1023,3,3,4
264..271,272..1023,4,4,4
264..271,272..1023,5,5,4
264..271,272..1023,6,6,4
264..271,272..1023,7,7,4
265,264,8,8,1
265,266,9,9,1
265,267,9,10,1
265,268,9,11,1
265,269,9,12,1
265,270,9,13,1
265,271,9,14,1
266,264,9,8,1
266,265,9,9,1
266,267,10,10,1
266,268,10,11,1
266,269,10,12,1
266,270,10,13,1
266,271,10,14,1
267,264,10,8,1
267,265,10,9,1
267,266,10,10,1
267,268,11,11,1
267,269,11,12,1
267,270,11,13,1
267,271,11,14,1
268,264,11,8,1
268,265,11,9,1
268,266,11,10,1
268,267,11,11,1
268,269,12,12,1
268,270,12,13,1
268,271,12,14,1
269,264,12,8,1
269,265,12,9,1
269,266,12,10,1
269,267,12,11,1
269,268,12,12,1
269,270,13,13,1
269,271,13,14,1
270,264,13,8,1
270,265,13,9,1
270,266,13,10,1
270,267,13,11,1
270,268,13,12,1
270,269,13,13,1
270,271,14,14,1
271,264,14,8,1
271,265,14,9,1
271,266,14,10,1
271,267,14,11,1
271,268,14,12,1
271,269,14,13,1
271,270,14,14,1
272..279,0..271,0,0,4
272..279,0..271,1,1,4
272..279,0..271,2,2,4
272..279,0..271,3,3,4
272..279,0..271,4,4,4
272..279,0..271,5,5,4
272..279,0..271,6,6,4
272..279,0..271,7,7,4
272,273,8,8,1
272,274,8,9,1
272,275,8,10,1
272,276,8,11,1
272,277,8,12,1
272,278,8,13,1
272,279,8,14,1
272..279,280..1023,0,0,4
272..279,280..1023,1,1,4
272..279,280..1023,2,2,4
272..279,280..1023,3,3,4
272..279,280..1023,4,4,4
272..279,280..1023,5,5,4
272..279,280..1023,6,6,4
272..279,280..1023,7,7,4
273,272,8,8,1
273,274,9,9,1
273,275,9,10,1
273,276,9,11,1
273,277,9,12,1
273,278,9,13,1
273,279,9,14,1
274,272,9,8,1
274,273,9,9,1
274,275,10,10,1
274,276,10,11,1
274,277,10,12,1
274,278,10,13,1
274,279,10,14,1
275,272,10,8,1
275,273,10,9,1
275,274,10,10,1
275,276,11,11,1
275,277,11,12,1
275,278,11,13,1
275,279,11,14,1
276,272,11,8,1
276,273,11,9,1
276,274,11,10,1
276,275,11,11,1
276,277,12,12,1
276,278,12,13,1
276,279,12,14,1
277,272,12,8,1
277,273,12,9,1
277,274,12,10,1
277,275,12,11,1
277,276,12,12,1
277,278,13,13,1
277,279,13,14,1
278,272,13,8,1
278,273,13,9,1
278,274,13,10,1
278,275,13,11,1
278,276,13,12,1
278,277,13,13,1
278,279,14,14,1
279,272,14,8,1
279,273,14,9,1
279,274,14,10,1
279,275,14,11,1
279,276,14,12,1
279,277,14,13,1
279,278,14,14,1
280..287,0..279,0,0,4
280..287,0..279,1,1,4
280..287,0..279,2,2,4
280..287,0..279,3,3,4
280..287,0..279,4,4,4
280..287,0..279,5,5,4
280..287,0..279,6,6,4
280..287,0..279,7,7,4
280,281,8,8,1
280,282,8,9,1
280,283,8,10,1
280,284,8,11,1
280,285,8,12,1
280,286,8,13,1
280,287,8,14,1
280..287,288..1023,0,0,4
280..287,288..1023,1,1,4
280..287,288..1023,2,2,4
280..287,288..1023,3,3,4
280..287,288..1023,4,4,4
280..287,288..1023,5,5,4
280..287,288..1023,6,6,4
280..287,288..1023,7,7,4
281,280,8,8,1
281,282,9,9,1
281,283,9,10,1
281,284,9,11,1
281,285,9,12,1
281,286,9,13,1
281,287,9,14,1
282,280,9,8,1
282,281,9,9,1
282,283,10,10,1
282,284,10,11,1
282,285,10,12,1
282,286,10,13,1
282,287,10,14,1
283,280,10,8,1
283,281,10,9,1
283,282,10,10,1
283,284,11,11,1
283,285,11,12,1
283,286,11,13,1
283,287,11,14,1
284,280,11,8,1
284,281,11,9,1
284,282,11,10,1
284,283,11,11,1
284,285,12,12,1
284,286,12,13,1
284,287,12,14,1
285,280,12,8,1
285,281,12,9,1
285,282,12,10,1
285,283,12,11,1
285,284,12,12,1
285,286,13,13,1
285,287,13,14,1
286,280,13,8,1
286,281,13,9,1
286,282,13,10,1
286,283,13,11,1
286,284,13,12,1
286,285,13,13,1
286,287,14,14,1
287,280,14,8,1
287,281,14,9,1
287,282,14,10,1
287,283,14,11,1
287,284,14,12,1
287,285,14,13,1
287,286,14,14,1
288..295,0..287,0,0,4
288..295,0..287,1,1,4
288..295,0..287,2,2,4
288..295,0..287,3,3,4
288..295,0..287,4,4,4
288..295,0..287,5,5,4
288..295,0..287,6,6,4
288..295,0..287,7,7,4
288,289,8,8,1
288,290,8,9,1
288,291,8,10,1
288,292,8,11,1
288,293,8,12,1
288,294,8,13,1
288,295,8,14,1
288..295,296..1023,0,0,4
288..295,296..1023,1,1,4
288..295,296..1023,2,2,4
288..295,296..1023,3,3,4
288..295,296..1023,4,4,4
288..295,296..1023,5,5,4
288..295,296..1023,6,6,4
288..295,296..1023,7,7,4
289,288,8,8,1
289,290,9,9,1
289,291,9,10,1
289,292,9,11,1
289,293,9,12,1
289,294,9,13,1
289,295,9,14,1
290,288,9,8,1
290,289,9,9,1
290,291,10,10,1
290,292,10,11,1
290,293,10,12,1
290,294,10,13,1
290,295,10,14,1
291,288,10,8,1
291,289,10,9,1
291,290,10,10,1
291,292,11,11,1
291,293,11,12,1
291,294,11,13,1
291,295,11,14,1
292,288,11,8,1
292,289,11,9,1
292,290,11,10,1
292,291,11,11,1
292,293,12,12,1
292,294,12,13,1
292,295,12,14,1
293,288,12,8,1
293,289,12,9,1
293,290,12,10,1
293,291,12,11,1
293,292,12,12,1
293,294,13,13,1
293,295,13,14,1
294,288,13,8,1
294,289,13,9,1
294,290,13,10,1
294,291,13,11,1
294,292,13,12,1
294,293,13,13,1
294,295,14,14,1
295,288,14,8,1
295,289,14,9,1
295,290,14,10,1
295,291,14,11,1
295,292,14,12,1
295,293,14,13,1
295,294,14,14,1
296..303,0..295,0,0,4
296..303,0..295,1,1,4
296..303,0..295,2,2,4
296..303,0..295,3,3,4
296..303,0..295,4,4,4
296..303,0..295,5,5,4
296..303,0..295,6,6,4
296..303,0..295,7,7,4
296,297,8,8,1
296,298,8,9,1
296,299,8,10,1
296,300,8,11,1
296,301,8,12,1
296,302,8,13,1
296,303,8,14,1
296..303,304..1023,0,0,4
296..303,304..1023,1,1,4
296..303,304..1023,2,2,4
296..303,304..1023,3,3,4
296..303,304..1023,4,4,4
296..303,304..1023,5,5,4
296..303,304..1023,6,6,4
296..303,304..1023,7,7,4
297,296,8,8,1
297,298,9,9,1
297,299,9,10,1
297,300,9,11,1
297,301,9,12,1
297,302,9,13,1
297,303,9,14,1
298,296,9,8,1
298,297,9,9,1
298,299,10,10,1
298,300,10,11,1
298,301,10,12,1
298,302,10,13,1
298,303,10,14,1
299,296,10,8,1
299,297,10,9,1
299,298,10,10,1
299,300,11,11,1
299,301,11,12,1
299,302,11,13,1
299,303,11,14,1
300,296,11,8,1
300,297,11,9,1
300,298,11,10,1
300,299,11,11,1
300,301,12,12,1
300,302,12,13,1
300,303,12,14,1
301,296,12,8,1
301,297,12,9,1
301,298,12,10,1
301,299,12,11,1
301,300,12,12,1
301,302,13,13,1
301,303,13,14,1
302,296,13,8,1
302,297,13,9,1
302,298,13,10,1
302,299,13,11,1
302,300,13,12,1
302,301,13,13,1
302,303,14,14,1
303,296,14,8,1
303,297,14,9,1
303,298,14,10,1
303,299,14,11,1
303,300,14,12,1
303,301,14,13,1
303,302,14,14,1
304..311,0..303,0,0,4
304..311,0..303,1,1,4
304..311,0..303,2,2,4
304..311,0..303,3,3,4
304..311,0..303,4,4,4
304..311,0..303,5,5,4
304..311,0..303,6,6,4
304..311,0..303,7,7,4
304,305,8,8,1
304,306,8,9,1
304,307,8,10,1
304,308,8,11,1
304,309,8,12,1
304,310,8,13,1
304,311,8,14,1
304..311,312..1023,0,0,4
304..311,312..1023,1,1,4
304..311,312..1023,2,2,4
304..311,312..1023,3,3,4
304..311,312..1023,4,4,4
304..311,312..1023,5,5,4
304..311,312..1023,6,6,4
304..311,312..1023,7,7,4
305,304,8,8,1
305,306,9,9,1
305,307,9,10,1
305,308,9,11,1
305,309,9,12,1
305,310,9,13,1
305,311,9,14,1
306,304,9,8,1
306,305,9,9,1
306,307,10,10,1
306,308,10,11,1
306,309,10,12,1
306,310,10,13,1
306,311,10,14,1
307,304,10,8,1
307,305,10,9,1
307,306,10,10,1
307,308,11,11,1
307,309,11,12,1
307,310,11,13,1
307,311,11,14,1
308,304,11,8,1
308,305,11,9,1
308,306,11,10,1
308,307,11,11,1
308,309,12,12,1
308,310,12,13,1
308,311,12,14,1
309,304,12,8,1
309,305,12,9,1
309,306,12,10,1
309,307,12,11,1
309,308,12,12,1
309,310,13,13,1
309,311,13,14,1
310,304,13,8,1
310,305,13,9,1
310,306,13,10,1
310,307,13,11,1
310,308,13,12,1
310,309,13,13,1
310,311,14,14,1
311,304,14,8,1
311,305,14,9,1
311,306,14,10,1
311,307,14,11,1
311,308,14,12,1
311,309,14,13,1
311,310,14,14,1
312..319,0..311,0,0,4
312..319,0..311,1,1,4
312..319,0..311,2,2,4
312..319,0..311,3,3,4
312..319,0..311,4,4,4
312..319,0..311,5,5,4
312..319,0..311,6,6,4
312..319,0..311,7,7,4
312,313,8,8,1
312,314,8,9,1
312,315,8,10,1
312,316,8,11,1
312,317,8,12,1
312,318,8,13,1
312,319,8,14,1
312..319,320..1023,0,0,4
312..319,320..1023,1,1,4
312..319,320..1023,2,2,4
312..319,320..1023,3,3,4
312..319,320..1023,4,4,4
312..319,320..1023,5,5,4
312..319,320..1023,6,6,4
312..319,320..1023,7,7,4
313,312,8,8,1
313,314,9,9,1
313,315,9,10,1
313,316,9,11,1
313,317,9,12,1
313,318,9,13,1
313,319,9,14,1
314,312,9,8,1
314,313,9,9,1
314,315,10,10,1
314,316,10,11,1
314,317,10,12,1
314,318,10,13,1
314,319,10,14,1
315,312,10,8,1
315,313,10,9,1
315,314,10,10,1
315,316,11,11,1
315,317,11,12,1
315,318,11,13,1
315,319,11,14,1
316,312,11,8,1
316,313,11,9,1
316,314,11,10,1
316,315,11,11,1
316,317,12,12,1
316,318,12,13,1
316,319,12,14,1
317,312,12,8,1
317,313,12,9,1
317,314,12,10,1
317,315,12,11,1
317,316,12,12,1
317,318,13,13,1
317,319,13,14,1
318,312,13,8,1
318,313,13,9,1
318,314,13,10,1
318,315,13,11,1
318,316,13,12,1
318,317,13,13,1
318,319,14,14,1
319,312,14,8,1
319,313,14,9,1
319,314,14,10,1
319,315,14,11,1
319,316,14,12,1
319,317,14,13,1
319,318,14,14,1
320..327,0..319,0,0,4
320..327,0..319,1,1,4
320..327,0..319,2,2,4
320..327,0..319,3,3,4
320..327,0..319,4,4,4
320..327,0..319,5,5,4
320..327,0..319,6,6,4
320..327,0..319,7,7,4
320,321,8,8,1
320,322,8,9,1
320,323,8,10,1
320,324,8,11,1
320,325,8,12,1
320,326,8,13,1
320,327,8,14,1
320..327,328..1023,0,0,4
320..327,328..1023,1,1,4
320..327,328..1023,2,2,4
320..327,328..1023,3,3,4
320..327,328..1023,4,4,4
320..327,328..1023,5,5,4
320..327,328..1023,6,6,4
320..327,328..1023,7,7,4
321,320,8,8,1
321,322,9,9,1
321,323,9,10,1
321,324,9,11,1
321,325,9,12,1
321,326,9,13,1
321,327,9,14,1
322,320,9,8,1
322,321,9,9,1
322,323,10,10,1
322,324,10,11,1
322,325,10,12,1
322,326,10,13,1
322,327,10,14,1
323,320,10,8,1
323,321,10,9,1
323,322,10,10,1
323,324,11,11,1
323,325,11,12,1
323,326,11,13,1
323,327,11,14,1
324,320,11,8,1
324,321,11,9,1
324,322,11,10,1
324,323,11,11,1
324,325,12,12,1
324,326,12,13,1
324,327,12,14,1
325,320,12,8,1
325,321,12,9,1
325,322,12,10,1
325,323,12,11,1
325,324,12,12,1
325,326,13,13,1
325,327,13,14,1
326,320,13,8,1
326,321,13,9,1
326,322,13,10,1
326,323,13,11,1
326,324,13,12,1
326,325,13,13,1
326,327,14,14,1
327,320,14,8,1
327,321,14,9,1
327,322,14,10,1
327,323,14,11,1
327,324,14,12,1
327,325,14,13,1
327,326,14,14,1
328..335,0..327,0,0,4
328..335,0..327,1,1,4
328..335,0..327,2,2,4
328..335,0..327,3,3,4
328..335,0..327,4,4,4
328..335,0..327,5,5,4
328..335,0..327,6,6,4
328..335,0..327,7,7,4
328,329,8,8,1
328,330,8,9,1
328,331,8,10,1
328,332,8,11,1
328,333,8,12,1
328,334,8,13,1
328,335,8,14,1
328..335,336..1023,0,0,4
328..335,336..1023,1,1,4
328..335,336..1023,2,2,4
328..335,336..1023,3,3,4
328..335,336..1023,4,4,4
328..335,336..1023,5,5,4
328..335,336..1023,6,6,4
328..335,336..1023,7,7,4
329,328,8,8,1
329,330,9,9,1
329,331,9,10,1
329,332,9,11,1
329,333,9,12,1
329,334,9,13,1
329,335,9,14,1
330,328,9,8,1
330,329,9,9,1
330,331,10,10,1
330,332,10,11,1
330,333,10,12,1
330,334,10,13,1
330,335,10,14,1
331,328,10,8,1
331,329,10,9,1
331,330,10,10,1
331,332,11,11,1
331,333,11,12,1
331,334,11,13,1
331,335,11,14,1
332,328,11,8,1
332,329,11,9,1
332,330,11,10,1
332,331,11,11,1
332,333,12,12,1
332,334,12,13,1
332,335,12,14,1
333,328,12,8,1
333,329,12,9,1
333,330,12,10,1
333,331,12,11,1
333,332,12,12,1
333,334,13,13,1
333,335,13,14,1
334,328,13,8,1
334,329,13,9,1
334,330,13,10,1
334,331,13,11,1
334,332,13,12,1
334,333,13,13,1
334,335,14,14,1
335,328,14,8,1
335,329,14,9,1
335,330,14,10,1
335,331,14,11,1
335,332,14,12,1
335,333,14,13,1
335,334,14,14,1
336..343,0..335,0,0,4
336..343,0..335,1,1,4
336..343,0..335,2,2,4
336..343,0..335,3,3,4
336..343,0..335,4,4,4
336..343,0..335,5,5,4
336..343,0..335,6,6,4
336..343,0..335,7,7,4
336,337,8,8,1
336,338,8,9,1
336,339,8,10,1
336,340,8,11,1
336,341,8,12,1
336,342,8,13,1
336,343,8,14,1
336..343,344..1023,0,0,4
336..343,344..1023,1,1,4
336..343,344..1023,2,2,4
336..343,344..1023,3,3,4
336..343,344..1023,4,4,4
336..343,344..1023,5,5,4
336..343,344..1023,6,6,4
336..343,344..1023,7,7,4
337,336,8,8,1
337,338,9,9,1
337,339,9,10,1
337,340,9,11,1
337,341,9,12,1
337,342,9,13,1
337,343,9,14,1
338,336,9,8,1
338,337,9,9,1
338,339,10,10,1
338,340,10,11,1
338,341,10,12,1
338,342,10,13,1
338,343,10,14,1
339,336,10,8,1
339,337,10,9,1
339,338,10,10,1
339,340,11,11,1
339,341,11,12,1
339,342,11,13,1
339,343,11,14,1
340,336,11,8,1
340,337,11,9,1
340,338,11,10,1
340,339,11,11,1
340,341,12,12,1
340,342,12,13,1
340,343,12,14,1
341,336,12,8,1
341,337,12,9,1
341,338,12,10,1
341,339,12,11,1
341,340,12,12,1
341,342,13,13,1
341,343,13,14,1
342,336,13,8,1
342,337,13,9,1
342,338,13,10,1
342,339,13,11,1
342,340,13,12,1
342,341,13,13,1
342,343,14,14,1
343,336,14,8,1
343,337,14,9,1
343,338,14,10,1
343,339,14,11,1
343,340,14,12,1
343,341,14,13,1
343,342,14,14,1
344..351,0..343,0,0,4
344..351,0..343,1,1,4
344..351,0..343,2,2,4
344..351,0..343,3,3,4
344..351,0..343,4,4,4
344..351,0..343,5,5,4
344..351,0..343,6,6,4
344..351,0..343,7,7,4
344,345,8,8,1
344,346,8,9,1
344,347,8,10,1
344,348,8,11,1
344,349,8,12,1
344,350,8,13,1
344,351,8,14,1
344..351,352..1023,0,0,4
344..351,352..1023,1,1,4
344..351,352..1023,2,2,4
344..351,352..1023,3,3,4
344..351,352..1023,4,4,4
344..351,352..1023,5,5,4
344..351,352..1023,6,6,4
344..351,352..1023,7,7,4
345,344,8,8,1
345,346,9,9,1
345,347,9,10,1
345,348,9,11,1
345,349,9,12,1
345,350,9,13,1
345,351,9,14,1
346,344,9,8,1
346,345,9,9,1
346,347,10,10,1
346,348,10,11,1
346,349,10,12,1
346,350,10,13,1
346,351,10,14,1
347,344,10,8,1
347,345,10,9,1
347,346,10,10,1
347,348,11,11,1
347,349,11,12,1
347,350,11,13,1
347,351,11,14,1
348,344,11,8,1
348,345,11,9,1
348,346,11,10,1
348,347,11,11,1
348,349,12,12,1
348,350,12,13,1
348,351,12,14,1
349,344,12,8,1
349,345,12,9,1
349,346,12,10,1
349,347,12,11,1
349,348,12,12,1
349,350,13,13,1
349,351,13,14,1
350,344,13,8,1
350,345,13,9,1
350,346,13,10,1
350,347,13,11,1
350,348,13,12,1
350,349,13,13,1
350,351,14,14,1
351,344,14,8,1
351,345,14,9,1
351,346,14,10,1
351,347,14,11,1
351,348,14,12,1
351,349,14,13,1
351,350,14,14,1
352..359,0..351,0,0,4
352..359,0..351,1,1,4
352..359,0..351,2,2,4
352..359,0..351,3,3,4
352..359,0..351,4,4,4
352..359,0..351,5,5,4
352..359,0..351,6,6,4
352..359,0..351,7,7,4
352,353,8,8,1
352,354,8,9,1
352,355,8,10,1
352,356,8,11,1
352,357,8,12,1
352,358,8,13,1
352,359,8,14,1
352..359,360..1023,0,0,4
352..359,360..1023,1,1,4
352..359,360..1023,2,2,4
352..359,360..1023,3,3,4
352..359,360..1023,4,4,4
352..359,360..1023,5,5,4
352..359,360..1023,6,6,4
352..359,360..1023,7,7,4
353,352,8,8,1
353,354,9,9,1
353,355,9,10,1
353,356,9,11,1
353,357,9,12,1
353,358,9,13,1
353,359,9,14,1
354,352,9,8,1
354,353,9,9,1
354,355,10,10,1
354,356,10,11,1
354,357,10,12,1
354,358,10,13,1
354,359,10,14,1
355,352,10,8,1
355,353,10,9,1
355,354,10,10,1
355,356,11,11,1
355,357,11,12,1
355,358,11,13,1
355,359,11,14,1
356,352,11,8,1
356,353,11,9,1
356,354,11,10,1
356,355,11,11,1
356,357,12,12,1
356,358,12,13,1
356,359,12,14,1
357,352,12,8,1
357,353,12,9,1
357,354,12,10,1
357,355,12,11,1
357,356,12,12,1
357,358,13,13,1
357,359,13,14,1
358,352,13,8,1
358,353,13,9,1
358,354,13,10,1
358,355,13,11,1
358,356,13,12,1
358,357,13,13,1
358,359,14,14,1
359,352,14,8,1
359,353,14,9,1
359,354,14,10,1
359,355,14,11,1
359,356,14,12,1
359,357,14,13,1
359,358,14,14,1
360..367,0..359,0,0,4
360..367,0..359,1,1,4
360..367,0..359,2,2,4
360..367,0..359,3,3,4
360..367,0..359,4,4,4
360..367,0..359,5,5,4
360..367,0..359,6,6,4
360..367,0..359,7,7,4
360,361,8,8,1
360,362,8,9,1
360,363,8,10,1
360,364,8,11,1
360,365,8,12,1
360,366,8,13,1
360,367,8,14,1
360..367,368..1023,0,0,4
360..367,368..1023,1,1,4
360..367,368..1023,2,2,4
360..367,368..1023,3,3,4
360..367,368..1023,4,4,4
360..367,368..1023,5,5,4
360..367,368..1023,6,6,4
360..367,368..1023,7,7,4
361,360,8,8,1
361,362,9,9,1
361,363,9,10,1
361,364,9,11,1
361,365,9,12,1
361,366,9,13,1
361,367,9,14,1
362,360,9,8,1
362,361,9,9,1
362,363,10,10,1
362,364,10,11,1
362,365,10,12,1
362,366,10,13,1
362,367,10,14,1
363,360,10,8,1
363,361,10,9,1
363,362,10,10,1
363,364,11,11,1
363,365,11,12,1
363,366,11,13,1
363,367,11,14,1
364,360,11,8,1
364,361,11,9,1
364,362,11,10,1
364,363,11,11,1
364,365,12,12,1
364,366,12,13,1
364,367,12,14,1
365,360,12,8,1
365,361,12,9,1
365,362,12,10,1
365,363,12,11,1
365,364,12,12,1
365,366,13,13,1
365,367,13,14,1
366,360,13,8,1
366,361,13,9,1
366,362,13,10,1
366,363,13,11,1
366,364,13,12,1
366,365,13,13,1
366,367,14,14,1
367,360,14,8,1
367,361,14,9,1
367,362,14,10,1
367,363,14,11,1
367,364,14,12,1
367,365,14,13,1
367,366,14,14,1
368..375,0..367,0,0,4
368..375,0..367,1,1,4
368..375,0..367,2,2,4
368..375,0..367,3,3,4
368..375,0..367,4,4,4
368..375,0..367,5,5,4
368..375,0..367,6,6,4
368..375,0..367,7,7,4
368,369,8,8,1
368,370,8,9,1
368,371,8,10,1
368,372,8,11,1
368,373,8,12,1
368,374,8,13,1
368,375,8,14,1
368..375,376..1023,0,0,4
368..375,376..1023,1,1,4
368..375,376..1023,2,2,4
368..375,376..1023,3,3,4
368..375,376..1023,4,4,4
368..375,376..1023,5,5,4
368..375,376..1023,6,6,4
368..375,376..1023,7,7,4
369,368,8,8,1
369,370,9,9,1
369,371,9,10,1
369,372,9,11,1
369,373,9,12,1
369,374,9,13,1
369,375,9,14,1
370,368,9,8,1
370,369,9,9,1
370,371,10,10,1
370,372,10,11,1
370,373,10,12,1
370,374,10,13,1
370,375,10,14,1
371,368,10,8,1
371,369,10,9,1
371,370,10,10,1
371,372,11,11,1
371,373,11,12,1
371,374,11,13,1
371,375,11,14,1
372,368,11,8,1
372,369,11,9,1
372,370,11,10,1
372,371,11,11,1
372,373,12,12,1
372,374,12,13,1
372,375,12,14,1
373,368,12,8,1
373,369,12,9,1
373,370,12,10,1
373,371,12,11,1
373,372,12,12,1
373,374,13,13,1
373,375,13,14,1
374,368,13,8,1
374,369,13,9,1
374,370,13,10,1
374,371,13,11,1
374,372,13,12,1
374,373,13,13,1
374,375,14,14,1
375,368,14,8,1
375,369,14,9,1
375,370,14,10,1
375,371,14,11,1
375,372,14,12,1
375,373,14,13,1
375,374,14,14,1
376..383,0..375,0,0,4
376..383,0..375,1,1,4
376..383,0..375,2,2,4
376..383,0..375,3,3,4
376..383,0..375,4,4,4
376..383,0..375,5,5,4
376..383,0..375,6,6,4
376..383,0..375,7,7,4
376,377,8,8,1
376,378,8,9,1
376,379,8,10,1
376,380,8,11,1
376,381,8,12,1
376,382,8,13,1
376,383,8,14,1
376..383,384..1023,0,0,4
376..383,384..1023,1,1,4
376..383,384..1023,2,2,4
376..383,384..1023,3,3,4
376..383,384..1023,4,4,4
376..383,384..1023,5,5,4
376..383,384..1023,6,6,4
376..383,384..1023,7,7,4
377,376,8,8,1
377,378,9,9,1
377,379,9,10,1
377,380,9,11,1
377,381,9,12,1
377,382,9,13,1
377,383,9,14,1
378,376,9,8,1
378,377,9,9,1
378,379,10,10,1
378,380,10,11,1
378,381,10,12,1
378,382,10,13,1
378,383,10,14,1
379,376,10,8,1
379,377,10,9,1
379,378,10,10,1
379,380,11,11,1
379,381,11,12,1
379,382,11,13,1
379,383,11,14,1
380,376,11,8,1
380,377,11,9,1
380,378,11,10,1
380,379,11,11,1
380,381,12,12,1
380,382,12,13,1
380,383,12,14,1
381,376,12,8,1
381,377,12,9,1
381,378,12,10,1
381,379,12,11,1
381,380,12,12,1
381,382,13,13,1
381,383,13,14,1
382,376,13,8,1
382,377,13,9,1
382,378,13,10,1
382,379,13,11,1
382,380,13,12,1
382,381,13,13,1
382,383,14,14,1
383,376,14,8,1
383,377,14,9,1
383,378,14,10,1
383,379,14,11,1
383,380,14,12,1
383,381,14,13,1
383,382,14,14,1
384..391,0..383,0,0,4
384..391,0..383,1,1,4
384..391,0..383,2,2,4
384..391,0..383,3,3,4
384..391,0..383,4,4,4
384..391,0..383,5,5,4
384..391,0..383,6,6,4
384..391,0..383,7,7,4
384,385,8,8,1
384,386,8,9,1
384,387,8,10,1
384,388,8,11,1
384,389,8,12,1
384,390,8,13,1
384,391,8,14,1
384..391,392..1023,0,0,4
384..391,392..1023,1,1,4
384..391,392..1023,2,2,4
384..391,392..1023,3,3,4
384..391,392..1023,4,4,4
384..391,392..1023,5,5,4
384..391,392..1023,6,6,4
384..391,392..1023,7,7,4
385,384,8,8,1
385,386,9,9,1
385,387,9,10,1
385,388,9,11,1
385,389,9,12,1
385,390,9,13,1
385,391,9,14,1
386,384,9,8,1
386,385,9,9,1
386,387,10,10,1
386,388,10,11,1
386,389,10,12,1
386,390,10,13,1
386,391,10,14,1
387,384,10,8,1
387,385,10,9,1
387,386,10,10,1
387,388,11,11,1
387,389,11,12,1
387,390,11,13,1
387,391,11,14,1
388,384,11,8,1
388,385,11,9,1
388,386,11,10,1
388,387,11,11,1
388,389,12,12,1
388,390,12,13,1
388,391,12,14,1
389,384,12,8,1
389,385,12,9,1
389,386,12,10,1
389,387,12,11,1
389,388,12,12,1
389,390,13,13,1
389,391,13,14,1
390,384,13,8,1
390,385,13,9,1
390,386,13,10,1
390,387,13,11,1
390,388,13,12,1
390,389,13,13,1
390,391,14,14,1
391,384,14,8,1
391,385,14,9,1
391,386,14,10,1
391,387,14,11,1
391,388,14,12,1
391,389,14,13,1
391,390,14,14,1
392..399,0..391,0,0,4
392..399,0..391,1,1,4
392..399,0..391,2,2,4
392..399,0..391,3,3,4
392..399,0..391,4,4,4
392..399,0..391,5,5,4
392..399,0..391,6,6,4
392..399,0..391,7,7,4
392,393,8,8,1
392,394,8,9,1
392,395,8,10,1
392,396,8,11,1
392,397,8,12,1
392,398,8,13,1
392,399,8,14,1
392..399,400..1023,0,0,4
392..399,400..1023,1,1,4
392..399,400..1023,2,2,4
392..399,400..1023,3,3,4
392..399,400..1023,4,4,4
392..399,400..1023,5,5,4
392..399,400..1023,6,6,4
392..399,400..1023,7,7,4
393,392,8,8,1
393,394,9,9,1
393,395,9,10,1
393,396,9,11,1
393,397,9,12,1
393,398,9,13,1
393,399,9,14,1
394,392,9,8,1
394,393,9,9,1
394,395,10,10,1
394,396,10,11,1
394,397,10,12,1
394,398,10,13,1
394,399,10,14,1
395,392,10,8,1
395,393,10,9,1
395,394,10,10,1
395,396,11,11,1
395,397,11,12,1
395,398,11,13,1
395,399,11,14,1
396,392,11,8,1
396,393,11,9,1
396,394,11,10,1
396,395,11,11,1
396,397,12,12,1
396,398,12,13,1
396,399,12,14,1
397,392,12,8,1
397,393,12,9,1
397,394,12,10,1
397,395,12,11,1
397,396,12,12,1
397,398,13,13,1
397,399,13,14,1
398,392,13,8,1
398,393,13,9,1
398,394,13,10,1
398,395,13,11,1
398,396,13,12,1
398,397,13,13,1
398,399,14,14,1
399,392,14,8,1
399,393,14,9,1
399,394,14,10,1
399,395,14,11,1
399,396,14,12,1
399,397,14,13,1
399,398,14,14,1
400..407,0..399,0,0,4
400..407,0..399,1,1,4
400..407,0..399,2,2,4
400..407,0..399,3,3,4
400..407,0..399,4,4,4
400..407,0..399,5,5,4
400..407,0..399,6,6,4
400..407,0..399,7,7,4
400,401,8,8,1
400,402,8,9,1
400,403,8,10,1
400,404,8,11,1
400,405,8,12,1
400,406,8,13,1
400,407,8,14,1
400..407,408..1023,0,0,4
400..407,408..1023,1,1,4
400..407,408..1023,2,2,4
400..407,408..1023,3,3,4
400..407,408..1023,4,4,4
400..407,408..1023,5,5,4
400..407,408..1023,6,6,4
400..407,408..1023,7,7,4
401,400,8,8,1
401,402,9,9,1
401,403,9,10,1
401,404,9,11,1
401,405,9,12,1
401,406,9,13,1
401,407,9,14,1
402,400,9,8,1
402,401,9,9,1
402,403,10,10,1
402,404,10,11,1
402,405,10,12,1
402,406,10,13,1
402,407,10,14,1
403,400,10,8,1
403,401,10,9,1
403,402,10,10,1
403,404,11,11,1
403,405,11,12,1
403,406,11,13,1
403,407,11,14,1
404,400,11,8,1
404,401,11,9,1
404,402,11,10,1
404,403,11,11,1
404,405,12,12,1
404,406,12,13,1
404,407,12,14,1
405,400,12,8,1
405,401,12,9,1
405,402,12,10,1
405,403,12,11,1
405,404,12,12,1
405,406,13,13,1
405,407,13,14,1
406,400,13,8,1
406,401,13,9,1
406,402,13,10,1
406,403,13,11,1
406,404,13,12,1
406,405,13,13,1
406,407,14,14,1
407,400,14,8,1
407,401,14,9,1
407,402,14,10,1
407,403,14,11,1
407,404,14,12,1
407,405,14,13,1
407,406,14,14,1
408..415,0..407,0,0,4
408..415,0..407,1,1,4
408..415,0..407,2,2,4
408..415,0..407,3,3,4
408..415,0..407,4,4,4
408..415,0..407,5,5,4
408..415,0..407,6,6,4
408..415,0..407,7,7,4
408,409,8,8,1
408,410,8,9,1
408,411,8,10,1
408,412,8,11,1
408,413,8,12,1
408,414,8,13,1
408,415,8,14,1
408..415,416..1023,0,0,4
408..415,416..1023,1,1,4
408..415,416..1023,2,2,4
408..415,416..1023,3,3,4
408..415,416..1023,4,4,4
408..415,416..1023,5,5,4
408..415,416..1023,6,6,4
408..415,416..1023,7,7,4
409,408,8,8,1
409,410,9,9,1
409,411,9,10,1
409,412,9,11,1
409,413,9,12,1
409,414,9,13,1
409,415,9,14,1
410,408,9,8,1
410,409,9,9,1
410,411,10,10,1
410,412,10,11,1
410,413,10,12,1
410,414,10,13,1
410,415,10,14,1
411,408,10,8,1
411,409,10,9,1
411,410,10,10,1
411,412,11,11,1
411,413,11,12,1
411,414,11,13,1
411,415,11,14,1
412,408,11,8,1
412,409,11,9,1
412,410,11,10,1
412,411,11,11,1
412,413,12,12,1
412,414,12,13,1
412,415,12,14,1
413,408,12,8,1
413,409,12,9,1
413,410,12,10,1
413,411,12,11,1
413,412,12,12,1
413,414,13,13,1
413,415,13,14,1
414,408,13,8,1
414,409,13,9,1
414,410,13,10,1
414,411,13,11,1
414,412,13,12,1
414,413,13,13,1
414,415,14,14,1
415,408,14,8,1
415,409,14,9,1
415,410,14,10,1
415,411,14,11,1
415,412,14,12,1
415,413,14,13,1
415,414,14,14,1
416..423,0..415,0,0,4
416..423,0..415,1,1,4
416..423,0..415,2,2,4
416..423,0..415,3,3,4
416..423,0..415,4,4,4
416..423,0..415,5,5,4
416..423,0..415,6,6,4
416..423,0..415,7,7,4
416,417,8,8,1
416,418,8,9,1
416,419,8,10,1
416,420,8,11,1
416,421,8,12,1
416,422,8,13,1
416,423,8,14,1
416..423,424..1023,0,0,4
416..423,424..1023,1,1,4
416..423,424..1023,2,2,4
416..423,424..1023,3,3,4
416..423,424..1023,4,4,4
416..423,424..1023,5,5,4
416..423,424..1023,6,6,4
416..423,424..1023,7,7,4
417,416,8,8,1
417,418,9,9,1
417,419,9,10,1
417,420,9,11,1
417,421,9,12,1
417,422,9,13,1
417,423,9,14,1
418,416,9,8,1
418,417,9,9,1
418,419,10,10,1
418,420,10,11,1
418,421,10,12,1
418,422,10,13,1
418,423,10,14,1
419,416,10,8,1
419,417,10,9,1
419,418,10,10,1
419,420,11,11,1
419,421,11,12,1
419,422,11,13,1
419,423,11,14,1
420,416,11,8,1
420,417,11,9,1
420,418,11,10,1
420,419,11,11,1
420,421,12,12,1
420,422,12,13,1
420,423,12,14,1
421,416,12,8,1
421,417,12,9,1
421,418,12,10,1
421,419,12,11,1
421,420,12,12,1
421,422,13,13,1
421,423,13,14,1
422,416,13,8,1
422,417,13,9,1
422,418,13,10,1
422,419,13,11,1
422,420,13,12,1
422,421,13,13,1
422,423,14,14,1
423,416,14,8,1
423,417,14,9,1
423,418,14,10,1
423,419,14,11,1
423,420,14,12,1
423,421,14,13,1
423,422,14,14,1
424..431,0..423,0,0,4
424..431,0..423,1,1,4
424..431,0..423,2,2,4
424..431,0..423,3,3,4
424..431,0..423,4,4,4
424..431,0..423,5,5,4
424..431,0..423,6,6,4
424..431,0..423,7,7,4
424,425,8,8,1
424,426,8,9,1
424,427,8,10,1
424,428,8,11,1
424,429,8,12,1
424,430,8,13,1
424,431,8,14,1
424..431,432..1023,0,0,4
424..431,432..1023,1,1,4
424..431,432..1023,2,2,4
424..431,432..1023,3,3,4
424..431,432..1023,4,4,4
424..431,432..1023,5,5,4
424..431,432..1023,6,6,4
424..431,432..1023,7,7,4
425,424,8,8,1
425,426,9,9,1
425,427,9,10,1
425,428,9,11,1
425,429,9,12,1
425,430,9,13,1
425,431,9,14,1
426,424,9,8,1
426,425,9,9,1
426,427,10,10,1
426,428,10,11,1
426,429,10,12,1
426,430,10,13,1
426,431,10,14,1
427,424,10,8,1
427,425,10,9,1
427,426,10,10,1
427,428,11,11,1
427,429,11,12,1
427,430,11,13,1
427,431,11,14,1
428,424,11,8,1
428,425,11,9,1
428,426,11,10,1
428,427,11,11,1
428,429,12,12,1
428,430,12,13,1
428,431,12,14,1
429,424,12,8,1
429,425,12,9,1
429,426,12,10,1
429,427,12,11,1
429,428,12,12,1
429,430,13,13,1
429,431,13,14,1
430,424,13,8,1
430,425,13,9,1
430,426,13,10,1
430,427,13,11,1
430,428,13,12,1
430,429,13,13,1
430,431,14,14,1
431,424,14,8,1
431,425,14,9,1
431,426,14,10,1
431,427,14,11,1
431,428,14,12,1
431,429,14,13,1
431,430,14,14,1
432..439,0..431,0,0,4
432..439,0..431,1,1,4
432..439,0..431,2,2,4
432..439,0..431,3,3,4
432..439,0..431,4,4,4
432..439,0..431,5,5,4
432..439,0..431,6,6,4
432..439,0..431,7,7,4
432,433,8,8,1
432,434,8,9,1
432,435,8,10,1
432,436,8,11,1
432,437,8,12,1
432,438,8,13,1
432,439,8,14,1
432..439,440..1023,0,0,4
432..439,440..1023,1,1,4
432..439,440..1023,2,2,4
432..439,440..1023,3,3,4
432..439,440..1023,4,4,4
432..439,440..1023,5,5,4
432..439,440..1023,6,6,4
432..439,440..1023,7,7,4
433,432,8,8,1
433,434,9,9,1
433,435,9,10,1
433,436,9,11,1
433,437,9,12,1
433,438,9,13,1
433,439,9,14,1
434,432,9,8,1
434,433,9,9,1
434,435,10,10,1
434,436,10,11,1
434,437,10,12,1
434,438,10,13,1
434,439,10,14,1
435,432,10,8,1
435,433,10,9,1
435,434,10,10,1
435,436,11,11,1
435,437,11,12,1
435,438,11,13,1
435,439,11,14,1
436,432,11,8,1
436,433,11,9,1
436,434,11,10,1
436,435,11,11,1
436,437,12,12,1
436,438,12,13,1
436,439,12,14,1
437,432,12,8,1
437,433,12,9,1
437,434,12,10,1
437,435,12,11,1
437,436,12,12,1
437,438,13,13,1
437,439,13,14,1
438,432,13,8,1
438,433,13,9,1
438,434,13,10,1
438,435,13,11,1
438,436,13,12,1
438,437,13,13,1
438,439,14,14,1
439,432,14,8,1
439,433,14,9,1
439,434,14,10,1
439,435,14,11,1
439,436,14,12,1
439,437,14,13,1
439,438,14,14,1
440..447,0..439,0,0,4
440..447,0..439,1,1,4
440..447,0..439,2,2,4
440..447,0..439,3,3,4
440..447,0..439,4,4,4
440..447,0..439,5,5,4
440..447,0..439,6,6,4
440..447,0..439,7,7,4
440,441,8,8,1
440,442,8,9,1
440,443,8,10,1
440,444,8,11,1
440,445,8,12,1
440,446,8,13,1
440,447,8,14,1
440..447,448..1023,0,0,4
440..447,448..1023,1,1,4
440..447,448..1023,2,2,4
440..447,448..1023,3,3,4
440..447,448..1023,4,4,4
440..447,448..1023,5,5,4
440..447,448..1023,6,6,4
440..447,448..1023,7,7,4
441,440,8,8,1
441,442,9,9,1
441,443,9,10,1
441,444,9,11,1
441,445,9,12,1
441,446,9,13,1
441,447,9,14,1
442,440,9,8,1
442,441,9,9,1
442,443,10,10,1
442,444,10,11,1
442,445,10,12,1
442,446,10,13,1
442,447,10,14,1
443,440,10,8,1
443,441,10,9,1
443,442,10,10,1
443,444,11,11,1
443,445,11,12,1
443,446,11,13,1
443,447,11,14,1
444,440,11,8,1
444,441,11,9,1
444,442,11,10,1
444,443,11,11,1
444,445,12,12,1
444,446,12,13,1
444,447,12,14,1
445,440,12,8,1
445,441,12,9,1
445,442,12,10,1
445,443,12,11,1
445,444,12,12,1
445,446,13,13,1
445,447,13,14,1
446,440,13,8,1
446,441,13,9,1
446,442,13,10,1
446,443,13,11,1
446,444,13,12,1
446,445,13,13,1
446,447,14,14,1
447,440,14,8,1
447,441,14,9,1
447,442,14,10,1
447,443,14,11,1
447,444,14,12,1
447,445,14,13,1
447,446,14,14,1
448..455,0..447,0,0,4
448..455,0..447,1,1,4
448..455,0..447,2,2,4
448..455,0..447,3,3,4
448..455,0..447,4,4,4
448..455,0..447,5,5,4
448..455,0..447,6,6,4
448..455,0..447,7,7,4
448,449,8,8,1
448,450,8,9,1
448,451,8,10,1
448,452,8,11,1
448,453,8,12,1
448,454,8,13,1
448,455,8,14,1
448..455,456..1023,0,0,4
448..455,456..1023,1,1,4
448..455,456..1023,2,2,4
448..455,456..1023,3,3,4
448..455,456..1023,4,4,4
448..455,456..1023,5,5,4
448..455,456..1023,6,6,4
448..455,456..1023,7,7,4
449,448,8,8,1
449,450,9,9,1
449,451,9,10,1
449,452,9,11,1
449,453,9,12,1
449,454,9,13,1
449,455,9,14,1
450,448,9,8,1
450,449,9,9,1
450,451,10,10,1
450,452,10,11,1
450,453,10,12,1
450,454,10,13,1
450,455,10,14,1
451,448,10,8,1
451,449,10,9,1
451,450,10,10,1
451,452,11,11,1
451,453,11,12,1
451,454,11,13,1
451,455,11,14,1
452,448,11,8,1
452,449,11,9,1
452,450,11,10,1
452,451,11,11,1
452,453,12,12,1
452,454,12,13,1
452,455,12,14,1
453,448,12,8,1
453,449,12,9,1
453,450,12,10,1
453,451,12,11,1
453,452,12,12,1
453,454,13,13,1
453,455,13,14,1
454,448,13,8,1
454,449,13,9,1
454,450,13,10,1
454,451,13,11,1
454,452,13,12,1
454,453,13,13,1
454,455,14,14,1
455,448,14,8,1
455,449,14,9,1
455,450,14,10,1
455,451,14,11,1
455,452,14,12,1
455,453,14,13,1
455,454,14,14,1
456..463,0..455,0,0,4
456..463,0..455,1,1,4
456..463,0..455,2,2,4
456..463,0..455,3,3,4
456..463,0..455,4,4,4
456..463,0..455,5,5,4
456..463,0..455,6,6,4
456..463,0..455,7,7,4
456,457,8,8,1
456,458,8,9,1
456,459,8,10,1
456,460,8,11,1
456,461,8,12,1
456,462,8,13,1
456,463,8,14,1
456..463,464..1023,0,0,4
456..463,464..1023,1,1,4
456..463,464..1023,2,2,4
456..463,464..1023,3,3,4
456..463,464..1023,4,4,4
456..463,464..1023,5,5,4
456..463,464..1023,6,6,4
456..463,464..1023,7,7,4
457,456,8,8,1
457,458,9,9,1
457,459,9,10,1
457,460,9,11,1
457,461,9,12,1
457,462,9,13,1
457,463,9,14,1
458,456,9,8,1
458,457,9,9,1
458,459,10,10,1
458,460,10,11,1
458,461,10,12,1
458,462,10,13,1
458,463,10,14,1
459,456,10,8,1
459,457,10,9,1
459,458,10,10,1
459,460,11,11,1
459,461,11,12,1
459,462,11,13,1
459,463,11,14,1
460,456,11,8,1
460,457,11,9,1
460,458,11,10,1
460,459,11,11,1
460,461,12,12,1
460,462,12,13,1
460,463,12,14,1
461,456,12,8,1
461,457,12,9,1
461,458,12,10,1
461,459,12,11,1
461,460,12,12,1
461,462,13,13,1
461,463,13,14,1
462,456,13,8,1
462,457,13,9,1
462,458,13,10,1
462,459,13,11,1
462,460,13,12,1
462,461,13,13,1
462,463,14,14,1
463,456,14,8,1
463,457,14,9,1
463,458,14,10,1
463,459,14,11,1
463,460,14,12,1
463,461,14,13,1
463,462,14,14,1
464..471,0..463,0,0,4
464..471,0..463,1,1,4
464..471,0..463,2,2,4
464..471,0..463,3,3,4
464..471,0..463,4,4,4
464..471,0..463,5,5,4
464..471,0..463,6,6,4
464..471,0..463,7,7,4
464,465,8,8,1
464,466,8,9,1
464,467,8,10,1
464,468,8,11,1
464,469,8,12,1
464,470,8,13,1
464,471,8,14,1
464..471,472..1023,0,0,4
464..471,472..1023,1,1,4
464..471,472..1023,2,2,4
464..471,472..1023,3,3,4
464..471,472..1023,4,4,4
464..471,472..1023,5,5,4
464..471,472..1023,6,6,4
464..471,472..1023,7,7,4
465,464,8,8,1
465,466,9,9,1
465,467,9,10,1
465,468,9,11,1
465,469,9,12,1
465,470,9,13,1
465,471,9,14,1
466,464,9,8,1
466,465,9,9,1
466,467,10,10,1
466,468,10,11,1
466,469,10,12,1
466,470,10,13,1
466,471,10,14,1
467,464,10,8,1
467,465,10,9,1
467,466,10,10,1
467,468,11,11,1
467,469,11,12,1
467,470,11,13,1
467,471,11,14,1
468,464,11,8,1
468,465,11,9,1
468,466,11,10,1
468,467,11,11,1
468,469,12,12,1
468,470,12,13,1
468,471,12,14,1
469,464,12,8,1
469,465,12,9,1
469,466,12,10,1
469,467,12,11,1
469,468,12,12,1
469,470,13,13,1
469,471,13,14,1
470,464,13,8,1
470,465,13,9,1
470,466,13,10,1
470,467,13,11,1
470,468,13,12,1
470,469,13,13,1
470,471,14,14,1
471,464,14,8,1
471,465,14,9,1
471,466,14,10,1
471,467,14,11,1
471,468,14,12,1
471,469,14,13,1
471,470,14,14,1
472..479,0..471,0,0,4
472..479,0..471,1,1,4
472..479,0..471,2,2,4
472..479,0..471,3,3,4
472..479,0..471,4,4,4
472..479,0..471,5,5,4
472..479,0..471,6,6,4
472..479,0..471,7,7,4
472,473,8,8,1
472,474,8,9,1
472,475,8,10,1
472,476,8,11,1
472,477,8,12,1
472,478,8,13,1
472,479,8,14,1
472..479,480..1023,0,0,4
472..479,480..1023,1,1,4
472..479,480..1023,2,2,4
472..479,480..1023,3,3,4
472..479,480..1023,4,4,4
472..479,480..1023,5,5,4
472..479,480..1023,6,6,4
472..479,480..1023,7,7,4
473,472,8,8,1
473,474,9,9,1
473,475,9,10,1
473,476,9,11,1
473,477,9,12,1
473,478,9,13,1
473,479,9,14,1
474,472,9,8,1
474,473,9,9,1
474,475,10,10,1
474,476,10,11,1
474,477,10,12,1
474,478,10,13,1
474,479,10,14,1
475,472,10,8,1
475,473,10,9,1
475,474,10,10,1
475,476,11,11,1
475,477,11,12,1
475,478,11,13,1
475,479,11,14,1
476,472,11,8,1
476,473,11,9,1
476,474,11,10,1
476,475,11,11,1
476,477,12,12,1
476,478,12,13,1
476,479,12,14,1
477,472,12,8,1
477,473,12,9,1
477,474,12,10,1
477,475,12,11,1
477,476,12,12,1
477,478,13,13,1
477,479,13,14,1
478,472,13,8,1
478,473,13,9,1
478,474,13,10,1
478,475,13,11,1
478,476,13,12,1
478,477,13,13,1
478,479,14,14,1
479,472,14,8,1
479,473,14,9,1
479,474,14,10,1
479,475,14,11,1
479,476,14,12,1
479,477,14,13,1
479,478,14,14,1
480..487,0..479,0,0,4
480..487,0..479,1,1,4
480..487,0..479,2,2,4
480..487,0..479,3,3,4
480..487,0..479,4,4,4
480..487,0..479,5,5,4
480..487,0..479,6,6,4
480..487,0..479,7,7,4
480,481,8,8,1
480,482,8,9,1
480,483,8,10,1
480,484,8,11,1
480,485,8,12,1
480,486,8,13,1
480,487,8,14,1
480..487,488..1023,0,0,4
480..487,488..1023,1,1,4
480..487,488..1023,2,2,4
480..487,488..1023,3,3,4
480..487,488..1023,4,4,4
480..487,488..1023,5,5,4
480..487,488..1023,6,6,4
480..487,488..1023,7,7,4
481,480,8,8,1
481,482,9,9,1
481,483,9,10,1
481,484,9,11,1
481,485,9,12,1
481,486,9,13,1
481,487,9,14,1
482,480,9,8,1
482,481,9,9,1
482,483,10,10,1
482,484,10,11,1
482,485,10,12,1
482,486,10,13,1
482,487,10,14,1
483,480,10,8,1
483,481,10,9,1
483,482,10,10,1
483,484,11,11,1
483,485,11,12,1
483,486,11,13,1
483,487,11,14,1
484,480,11,8,1
484,481,11,9,1
484,482,11,10,1
484,483,11,11,1
484,485,12,12,1
484,486,12,13,1
484,487,12,14,1
485,480,12,8,1
485,481,12,9,1
485,482,12,10,1
485,483,12,11,1
485,484,12,12,1
485,486,13,13,1
485,487,13,14,1
486,480,13,8,1
486,481,13,9,1
486,482,13,10,1
486,483,13,11,1
486,484,13,12,1
486,485,13,13,1
486,487,14,14,1
487,480,14,8,1
487,481,14,9,1
487,482,14,10,1
487,483,14,11,1
487,484,14,12,1
487,485,14,13,1
487,486,14,14,1
488..495,0..487,0,0,4
488..495,0..487,1,1,4
488..495,0..487,2,2,4
488..495,0..487,3,3,4
488..495,0..487,4,4,4
488..495,0..487,5,5,4
488..495,0..487,6,6,4
488..495,0..487,7,7,4
488,489,8,8,1
488,490,8,9,1
488,491,8,10,1
488,492,8,11,1
488,493,8,12,1
488,494,8,13,1
488,495,8,14,1
488..495,496..1023,0,0,4
488..495,496..1023,1,1,4
488..495,496..1023,2,2,4
488..495,496..1023,3,3,4
488..495,496..1023,4,4,4
488..495,496..1023,5,5,4
488..495,496..1023,6,6,4
488..495,496..1023,7,7,4
489,488,8,8,1
489,490,9,9,1
489,491,9,10,1
489,492,9,11,1
489,493,9,12,1
489,494,9,13,1
489,495,9,14,1
490,488,9,8,1
490,489,9,9,1
490,491,10,10,1
490,492,10,11,1
490,493,10,12,1
490,494,10,13,1
490,495,10,14,1
491,488,10,8,1
491,489,10,9,1
491,490,10,10,1
491,492,11,11,1
491,493,11,12,1
491,494,11,13,1
491,495,11,14,1
492,488,11,8,1
492,489,11,9,1
492,490,11,10,1
492,491,11,11,1
492,493,12,12,1
492,494,12,13,1
492,495,12,14,1
493,488,12,8,1
493,489,12,9,1
493,490,12,10,1
493,491,12,11,1
493,492,12,12,1
493,494,13,13,1
493,495,13,14,1
494,488,13,8,1
494,489,13,9,1
494,490,13,10,1
494,491,13,11,1
494,492,13,12,1
494,493,13,13,1
494,495,14,14,1
495,488,14,8,1
495,489,14,9,1
495,490,14,10,1
495,491,14,11,1
495,492,14,12,1
495,493,14,13,1
495,494,14,14,1
496..503,0..495,0,0,4
496..503,0..495,1,1,4
496..503,0..495,2,2,4
496..503,0..495,3,3,4
496..503,0..495,4,4,4
496..503,0..495,5,5,4
496..503,0..495,6,6,4
496..503,0..495,7,7,4
496,497,8,8,1
496,498,8,9,1
496,499,8,10,1
496,500,8,11,1
496,501,8,12,1
496,502,8,13,1
496,503,8,14,1
496..503,504..1023,0,0,4
496..503,504..1023,1,1,4
496..503,504..1023,2,2,4
496..503,504..1023,3,3,4
496..503,504..1023,4,4,4
496..503,504..1023,5,5,4
496..503,504..1023,6,6,4
496..503,504..1023,7,7,4
497,496,8,8,1
497,498,9,9,1
497,499,9,10,1
497,500,9,11,1
497,501,9,12,1
497,502,9,13,1
497,503,9,14,1
498,496,9,8,1
498,497,9,9,1
498,499,10,10,1
498,500,10,11,1
498,501,10,12,1
498,502,10,13,1
498,503,10,14,1
499,496,10,8,1
499,497,10,9,1
499,498,10,10,1
499,500,11,11,1
499,501,11,12,1
499,502,11,13,1
499,503,11,14,1
500,496,11,8,1
500,497,11,9,1
500,498,11,10,1
500,499,11,11,1
500,501,12,12,1
500,502,12,13,1
500,503,12,14,1
501,496,12,8,1
501,497,12,9,1
501,498,12,10,1
501,499,12,11,1
501,500,12,12,1
501,502,13,13,1
501,503,13,14,1
502,496,13,8,1
502,497,13,9,1
502,498,13,10,1
502,499,13,11,1
502,500,13,12,1
502,501,13,13,1
502,503,14,14,1
503,496,14,8,1
503,497,14,9,1
503,498,14,10,1
503,499,14,11,1
503,500,14,12,1
503,501,14,13,1
503,502,14,14,1
504..511,0..503,0,0,4
504..511,0..503,1,1,4
504..511,0..503,2,2,4
504..511,0..503,3,3,4
504..511,0..503,4,4,4
504..511,0..503,5,5,4
504..511,0..503,6,6,4
504..511,0..503,7,7,4
504,505,8,8,1
504,506,8,9,1
504,507,8,10,1
504,508,8,11,1
504,509,8,12,1
504,510,8,13,1
504,511,8,14,1
504..511,512..1023,0,0,4
504..511,512..1023,1,1,4
504..511,512..1023,2,2,4
504..511,512..1023,3,3,4
504..511,512..1023,4,4,4
504..511,512..1023,5,5,4
504..511,512..1023,6,6,4
504..511,512..1023,7,7,4
505,504,8,8,1
505,506,9,9,1
505,507,9,10,1
505,508,9,11,1
505,509,9,12,1
505,510,9,13,1
505,511,9,14,1
506,504,9,8,1
506,505,9,9,1
506,507,10,10,1
506,508,10,11,1
506,509,10,12,1
506,510,10,13,1
506,511,10,14,1
507,504,10,8,1
507,505,10,9,1
507,506,10,10,1
507,508,11,11,1
507,509,11,12,1
507,510,11,13,1
507,511,11,14,1
508,504,11,8,1
508,505,11,9,1
508,506,11,10,1
508,507,11,11,1
508,509,12,12,1
508,510,12,13,1
508,511,12,14,1
509,504,12,8,1
509,505,12,9,1
509,506,12,10,1
509,507,12,11,1
509,508,12,12,1
509,510,13,13,1
509,511,13,14,1
510,504,13,8,1
510,505,13,9,1
510,506,13,10,1
510,507,13,11,1
510,508,13,12,1
510,509,13,13,1
510,511,14,14,1
511,504,14,8,1
511,505,14,9,1
511,506,14,10,1
511,507,14,11,1
511,508,14,12,1
511,509,14,13,1
511,510,14,14,1
512..519,0..511,0,0,4
512..519,0..511,1,1,4
512..519,0..511,2,2,4
512..519,0..511,3,3,4
512..519,0..511,4,4,4
512..519,0..511,5,5,4
512..519,0..511,6,6,4
512..519,0..511,7,7,4
512,513,8,8,1
512,514,8,9,1
512,515,8,10,1
512,516,8,11,1
512,517,8,12,1
512,518,8,13,1
512,519,8,14,1
512..519,520..1023,0,0,4
512..519,520..1023,1,1,4
512..519,520..1023,2,2,4
512..519,520..1023,3,3,4
512..519,520..1023,4,4,4
512..519,520..1023,5,5,4
512..519,520..1023,6,6,4
512..519,520..1023,7,7,4
513,512,8,8,1
513,514,9,9,1
513,515,9,10,1
513,516,9,11,1
513,517,9,12,1
513,518,9,13,1
513,519,9,14,1
514,512,9,8,1
514,513,9,9,1
514,515,10,10,1
514,516,10,11,1
514,517,10,12,1
514,518,10,13,1
514,519,10,14,1
515,512,10,8,1
515,513,10,9,1
515,514,10,10,1
515,516,11,11,1
515,517,11,12,1
515,518,11,13,1
515,519,11,14,1
516,512,11,8,1
516,513,11,9,1
516,514,11,10,1
516,515,11,11,1
516,517,12,12,1
516,518,12,13,1
516,519,12,14,1
517,512,12,8,1
517,513,12,9,1
517,514,12,10,1
517,515,12,11,1
517,516,12,12,1
517,518,13,13,1
517,519,13,14,1
518,512,13,8,1
518,513,13,9,1
518,514,13,10,1
518,515,13,11,1
518,516,13,12,1
518,517,13,13,1
518,519,14,14,1
519,512,14,8,1
519,513,14,9,1
519,514,14,10,1
519,515,14,11,1
519,516,14,12,1
519,517,14,13,1
519,518,14,14,1
520..527,0..519,0,0,4
520..527,0..519,1,1,4
520..527,0..519,2,2,4
520..527,0..519,3,3,4
520..527,0..519,4,4,4
520..527,0..519,5,5,4
520..527,0..519,6,6,4
520..527,0..519,7,7,4
520,521,8,8,1
520,522,8,9,1
520,523,8,10,1
520,524,8,11,1
520,525,8,12,1
520,526,8,13,1
520,527,8,14,1
520..527,528..1023,0,0,4
520..527,528..1023,1,1,4
520..527,528..1023,2,2,4
520..527,528..1023,3,3,4
520..527,528..1023,4,4,4
520..527,528..1023,5,5,4
520..527,528..1023,6,6,4
520..527,528..1023,7,7,4
521,520,8,8,1
521,522,9,9,1
521,523,9,10,1
521,524,9,11,1
521,525,9,12,1
521,526,9,13,1
521,527,9,14,1
522,520,9,8,1
522,521,9,9,1
522,523,10,10,1
522,524,10,11,1
522,525,10,12,1
522,526,10,13,1
522,527,10,14,1
523,520,10,8,1
523,521,10,9,1
523,522,10,10,1
523,524,11,11,1
523,525,11,12,1
523,526,11,13,1
523,527,11,14,1
524,520,11,8,1
524,521,11,9,1
524,522,11,10,1
524,523,11,11,1
524,525,12,12,1
524,526,12,13,1
524,527,12,14,1
525,520,12,8,1
525,521,12,9,1
525,522,12,10,1
525,523,12,11,1
525,524,12,12,1
525,526,13,13,1
525,527,13,14,1
526,520,13,8,1
526,521,13,9,1
526,522,13,10,1
526,523,13,11,1
526,524,13,12,1
526,525,13,13,1
526,527,14,14,1
527,520,14,8,1
527,521,14,9,1
527,522,14,10,1
527,523,14,11,1
527,524,14,12,1
527,525,14,13,1
527,526,14,14,1
528..535,0..527,0,0,4
528..535,0..527,1,1,4
528..535,0..527,2,2,4
528..535,0..527,3,3,4
528..535,0..527,4,4,4
528..535,0..527,5,5,4
528..535,0..527,6,6,4
528..535,0..527,7,7,4
528,529,8,8,1
528,530,8,9,1
528,531,8,10,1
528,532,8,11,1
528,533,8,12,1
528,534,8,13,1
528,535,8,14,1
528..535,536..1023,0,0,4
528..535,536..1023,1,1,4
528..535,536..1023,2,2,4
528..535,536..1023,3,3,4
528..535,536..1023,4,4,4
528..535,536..1023,5,5,4
528..535,536..1023,6,6,4
528..535,536..1023,7,7,4
529,528,8,8,1
529,530,9,9,1
529,531,9,10,1
529,532,9,11,1
529,533,9,12,1
529,534,9,13,1
529,535,9,14,1
530,528,9,8,1
530,529,9,9,1
530,531,10,10,1
530,532,10,11,1
530,533,10,12,1
530,534,10,13,1
530,535,10,14,1
531,528,10,8,1
531,529,10,9,1
531,530,10,10,1
531,532,11,11,1
531,533,11,12,1
531,534,11,13,1
531,535,11,14,1
532,528,11,8,1
532,529,11,9,1
532,530,11,10,1
532,531,11,11,1
532,533,12,12,1
532,534,12,13,1
532,535,12,14,1
533,528,12,8,1
533,529,12,9,1
533,530,12,10,1
533,531,12,11,1
533,532,12,12,1
533,534,13,13,1
533,535,13,14,1
534,528,13,8,1
534,529,13,9,1
534,530,13,10,1
534,531,13,11,1
534,532,13,12,1
534,533,13,13,1
534,535,14,14,1
535,528,14,8,1
535,529,14,9,1
535,530,14,10,1
535,531,14,11,1
535,532,14,12,1
535,533,14,13,1
535,534,14,14,1
536..543,0..535,0,0,4
536..543,0..535,1,1,4
536..543,0..535,2,2,4
536..543,0..535,3,3,4
536..543,0..535,4,4,4
536..543,0..535,5,5,4
536..543,0..535,6,6,4
536..543,0..535,7,7,4
536,537,8,8,1
536,538,8,9,1
536,539,8,10,1
536,540,8,11,1
536,541,8,12,1
536,542,8,13,1
536,543,8,14,1
536..543,544..1023,0,0,4
536..543,544..1023,1,1,4
536..543,544..1023,2,2,4
536..543,544..1023,3,3,4
536..543,544..1023,4,4,4
536..543,544..1023,5,5,4
536..543,544..1023,6,6,4
536..543,544..1023,7,7,4
537,536,8,8,1
537,538,9,9,1
537,539,9,10,1
537,540,9,11,1
537,541,9,12,1
537,542,9,13,1
537,543,9,14,1
538,536,9,8,1
538,537,9,9,1
538,539,10,10,1
538,540,10,11,1
538,541,10,12,1
538,542,10,13,1
538,543,10,14,1
539,536,10,8,1
539,537,10,9,1
539,538,10,10,1
539,540,11,11,1
539,541,11,12,1
539,542,11,13,1
539,543,11,14,1
540,536,11,8,1
540,537,11,9,1
540,538,11,10,1
540,539,11,11,1
540,541,12,12,1
540,542,12,13,1
540,543,12,14,1
541,536,12,8,1
541,537,12,9,1
541,538,12,10,1
541,539,12,11,1
541,540,12,12,1
541,542,13,13,1
541,543,13,14,1
542,536,13,8,1
542,537,13,9,1
542,538,13,10,1
542,539,13,11,1
542,540,13,12,1
542,541,13,13,1
542,543,14,14,1
543,536,14,8,1
543,537,14,9,1
543,538,14,10,1
543,539,14,11,1
543,540,14,12,1
543,541,14,13,1
543,542,14,14,1
544..551,0..543,0,0,4
544..551,0..543,1,1,4
544..551,0..543,2,2,4
544..551,0..543,3,3,4
544..551,0..543,4,4,4
544..551,0..543,5,5,4
544..551,0..543,6,6,4
544..551,0..543,7,7,4
544,545,8,8,1
544,546,8,9,1
544,547,8,10,1
544,548,8,11,1
544,549,8,12,1
544,550,8,13,1
544,551,8,14,1
544..551,552..1023,0,0,4
544..551,552..1023,1,1,4
544..551,552..1023,2,2,4
544..551,552..1023,3,3,4
544..551,552..1023,4,4,4
544..551,552..1023,5,5,4
544..551,552..1023,6,6,4
544..551,552..1023,7,7,4
545,544,8,8,1
545,546,9,9,1
545,547,9,10,1
545,548,9,11,1
545,549,9,12,1
545,550,9,13,1
545,551,9,14,1
546,544,9,8,1
546,545,9,9,1
546,547,10,10,1
546,548,10,11,1
546,549,10,12,1
546,550,10,13,1
546,551,10,14,1
547,544,10,8,1
547,545,10,9,1
547,546,10,10,1
547,548,11,11,1
547,549,11,12,1
547,550,11,13,1
547,551,11,14,1
548,544,11,8,1
548,545,11,9,1
548,546,11,10,1
548,547,11,11,1
548,549,12,12,1
548,550,12,13,1
548,551,12,14,1
549,544,12,8,1
549,545,12,9,1
549,546,12,10,1
549,547,12,11,1
549,548,12,12,1
549,550,13,13,1
549,551,13,14,1
550,544,13,8,1
550,545,13,9,1
550,546,13,10,1
550,547,13,11,1
550,548,13,12,1
550,549,13,13,1
550,551,14,14,1
551,544,14,8,1
551,545,14,9,1
551,546,14,10,1
551,547,14,11,1
551,548,14,12,1
551,549,14,13,1
551,550,14,14,1
552..559,0..551,0,0,4
552..559,0..551,1,1,4
552..559,0..551,2,2,4
552..559,0..551,3,3,4
552..559,0..551,4,4,4
552..559,0..551,5,5,4
552..559,0..551,6,6,4
552..559,0..551,7,7,4
552,553,8,8,1
552,554,8,9,1
552,555,8,10,1
552,556,8,11,1
552,557,8,12,1
552,558,8,13,1
552,559,8,14,1
552..559,560..1023,0,0,4
552..559,560..1023,1,1,4
552..559,560..1023,2,2,4
552..559,560..1023,3,3,4
552..559,560..1023,4,4,4
552..559,560..1023,5,5,4
552..559,560..1023,6,6,4
552..559,560..1023,7,7,4
553,552,8,8,1
553,554,9,9,1
553,555,9,10,1
553,556,9,11,1
553,557,9,12,1
553,558,9,13,1
553,559,9,14,1
554,552,9,8,1
554,553,9,9,1
554,555,10,10,1
554,556,10,11,1
554,557,10,12,1
554,558,10,13,1
554,559,10,14,1
555,552,10,8,1
555,553,10,9,1
555,554,10,10,1
555,556,11,11,1
555,557,11,12,1
555,558,11,13,1
555,559,11,14,1
556,552,11,8,1
556,553,11,9,1
556,554,11,10,1
556,555,11,11,1
556,557,12,12,1
556,558,12,13,1
556,559,12,14,1
557,552,12,8,1
557,553,12,9,1
557,554,12,10,1
557,555,12,11,1
557,556,12,12,1
557,558,13,13,1
557,559,13,14,1
558,552,13,8,1
558,553,13,9,1
558,554,13,10,1
558,555,13,11,1
558,556,13,12,1
558,557,13,13,1
558,559,14,14,1
559,552,14,8,1
559,553,14,9,1
559,554,14,10,1
559,555,14,11,1
559,556,14,12,1
559,557,14,13,1
559,558,14,14,1
560..567,0..559,0,0,4
560..567,0..559,1,1,4
560..567,0..559,2,2,4
560..567,0..559,3,3,4
560..567,0..559,4,4,4
560..567,0..559,5,5,4
560..567,0..559,6,6,4
560..567,0..559,7,7,4
560,561,8,8,1
560,562,8,9,1
560,563,8,10,1
560,564,8,11,1
560,565,8,12,1
560,566,8,13,1
560,567,8,14,1
560..567,568..1023,0,0,4
560..567,568..1023,1,1,4
560..567,568..1023,2,2,4
560..567,568..1023,3,3,4
560..567,568..1023,4,4,4
560..567,568..1023,5,5,4
560..567,568..1023,6,6,4
560..567,568..1023,7,7,4
561,560,8,8,1
561,562,9,9,1
561,563,9,10,1
561,564,9,11,1
561,565,9,12,1
561,566,9,13,1
561,567,9,14,1
562,560,9,8,1
562,561,9,9,1
562,563,10,10,1
562,564,10,11,1
562,565,10,12,1
562,566,10,13,1
562,567,10,14,1
563,560,10,8,1
563,561,10,9,1
563,562,10,10,1
563,564,11,11,1
563,565,11,12,1
563,566,11,13,1
563,567,11,14,1
564,560,11,8,1
564,561,11,9,1
564,562,11,10,1
564,563,11,11,1
564,565,12,12,1
564,566,12,13,1
564,567,12,14,1
565,560,12,8,1
565,561,12,9,1
565,562,12,10,1
565,563,12,11,1
565,564,12,12,1
565,566,13,13,1
565,567,13,14,1
566,560,13,8,1
566,561,13,9,1
566,562,13,10,1
566,563,13,11,1
566,564,13,12,1
566,565,13,13,1
566,567,14,14,1
567,560,14,8,1
567,561,14,9,1
567,562,14,10,1
567,563,14,11,1
567,564,14,12,1
567,565,14,13,1
567,566,14,14,1
568..575,0..567,0,0,4
568..575,0..567,1,1,4
568..575,0..567,2,2,4
568..575,0..567,3,3,4
568..575,0..567,4,4,4
568..575,0..567,5,5,4
568..575,0..567,6,6,4
568..575,0..567,7,7,4
568,569,8,8,1
568,570,8,9,1
568,571,8,10,1
568,572,8,11,1
568,573,8,12,1
568,574,8,13,1
568,575,8,14,1
568..575,576..1023,0,0,4
568..575,576..1023,1,1,4
568..575,576..1023,2,2,4
568..575,576..1023,3,3,4
568..575,576..1023,4,4,4
568..575,576..1023,5,5,4
568..575,576..1023,6,6,4
568..575,576..1023,7,7,4
569,568,8,8,1
569,570,9,9,1
569,571,9,10,1
569,572,9,11,1
569,573,9,12,1
569,574,9,13,1
569,575,9,14,1
570,568,9,8,1
570,569,9,9,1
570,571,10,10,1
570,572,10,11,1
570,573,10,12,1
570,574,10,13,1
570,575,10,14,1
571,568,10,8,1
571,569,10,9,1
571,570,10,10,1
571,572,11,11,1
571,573,11,12,1
571,574,11,13,1
571,575,11,14,1
572,568,11,8,1
572,569,11,9,1
572,570,11,10,1
572,571,11,11,1
572,573,12,12,1
572,574,12,13,1
572,575,12,14,1
573,568,12,8,1
573,569,12,9,1
573,570,12,10,1
573,571,12,11,1
573,572,12,12,1
573,574,13,13,1
573,575,13,14,1
574,568,13,8,1
574,569,13,9,1
574,570,13,10,1
574,571,13,11,1
574,572,13,12,1
574,573,13,13,1
574,575,14,14,1
575,568,14,8,1
575,569,14,9,1
575,570,14,10,1
575,571,14,11,1
575,572,14,12,1
575,573,14,13,1
575,574,14,14,1
576..583,0..575,0,0,4
576..583,0..575,1,1,4
576..583,0..575,2,2,4
576..583,0..575,3,3,4
576..583,0..575,4,4,4
576..583,0..575,5,5,4
576..583,0..575,6,6,4
576..583,0..575,7,7,4
576,577,8,8,1
576,578,8,9,1
576,579,8,10,1
576,580,8,11,1
576,581,8,12,1
576,582,8,13,1
576,583,8,14,1
576..583,584..1023,0,0,4
576..583,584..1023,1,1,4
576..583,584..1023,2,2,4
576..583,584..1023,3,3,4
576..583,584..1023,4,4,4
576..583,584..1023,5,5,4
576..583,584..1023,6,6,4
576..583,584..1023,7,7,4
577,576,8,8,1
577,578,9,9,1
577,579,9,10,1
577,580,9,11,1
577,581,9,12,1
577,582,9,13,1
577,583,9,14,1
578,576,9,8,1
578,577,9,9,1
578,579,10,10,1
578,580,10,11,1
578,581,10,12,1
578,582,10,13,1
578,583,10,14,1
579,576,10,8,1
579,577,10,9,1
579,578,10,10,1
579,580,11,11,1
579,581,11,12,1
579,582,11,13,1
579,583,11,14,1
580,576,11,8,1
580,577,11,9,1
580,578,11,10,1
580,579,11,11,1
580,581,12,12,1
580,582,12,13,1
580,583,12,14,1
581,576,12,8,1
581,577,12,9,1
581,578,12,10,1
581,579,12,11,1
581,580,12,12,1
581,582,13,13,1
581,583,13,14,1
582,576,13,8,1
582,577,13,9,1
582,578,13,10,1
582,579,13,11,1
582,580,13,12,1
582,581,13,13,1
582,583,14,14,1
583,576,14,8,1
583,577,14,9,1
583,578,14,10,1
583,579,14,11,1
583,580,14,12,1
583,581,14,13,1
583,582,14,14,1
584..591,0..583,0,0,4
584..591,0..583,1,1,4
584..591,0..583,2,2,4
584..591,0..583,3,3,4
584..591,0..583,4,4,4
584..591,0..583,5,5,4
584..591,0..583,6,6,4
584..591,0..583,7,7,4
584,585,8,8,1
584,586,8,9,1
584,587,8,10,1
584,588,8,11,1
584,589,8,12,1
584,590,8,13,1
584,591,8,14,1
584..591,592..1023,0,0,4
584..591,592..1023,1,1,4
584..591,592..1023,2,2,4
584..591,592..1023,3,3,4
584..591,592..1023,4,4,4
584..591,592..1023,5,5,4
584..591,592..1023,6,6,4
584..591,592..1023,7,7,4
585,584,8,8,1
585,586,9,9,1
585,587,9,10,1
585,588,9,11,1
585,589,9,12,1
585,590,9,13,1
585,591,9,14,1
586,584,9,8,1
586,585,9,9,1
586,587,10,10,1
586,588,10,11,1
586,589,10,12,1
586,590,10,13,1
586,591,10,14,1
587,584,10,8,1
587,585,10,9,1
587,586,10,10,1
587,588,11,11,1
587,589,11,12,1
587,590,11,13,1
587,591,11,14,1
588,584,11,8,1
588,585,11,9,1
588,586,11,10,1
588,587,11,11,1
588,589,12,12,1
588,590,12,13,1
588,591,12,14,1
589,584,12,8,1
589,585,12,9,1
589,586,12,10,1
589,587,12,11,1
589,588,12,12,1
589,590,13,13,1
589,591,13,14,1
590,584,13,8,1
590,585,13,9,1
590,586,13,10,1
590,587,13,11,1
590,588,13,12,1
590,589,13,13,1
590,591,14,14,1
591,584,14,8,1
591,585,14,9,1
591,586,14,10,1
591,587,14,11,1
591,588,14,12,1
591,589,14,13,1
591,590,14,14,1
592..599,0..591,0,0,4
592..599,0..591,1,1,4
592..599,0..591,2,2,4
592..599,0..591,3,3,4
592..599,0..591,4,4,4
592..599,0..591,5,5,4
592..599,0..591,6,6,4
592..599,0..591,7,7,4
592,593,8,8,1
592,594,8,9,1
592,595,8,10,1
592,596,8,11,1
592,597,8,12,1
592,598,8,13,1
592,599,8,14,1
592..599,600..1023,0,0,4
592..599,600..1023,1,1,4
592..599,600..1023,2,2,4
592..599,600..1023,3,3,4
592..599,600..1023,4,4,4
592..599,600..1023,5,5,4
592..599,600..1023,6,6,4
592..599,600..1023,7,7,4
593,592,8,8,1
593,594,9,9,1
593,595,9,10,1
593,596,9,11,1
593,597,9,12,1
593,598,9,13,1
593,599,9,14,1
594,592,9,8,1
594,593,9,9,1
594,595,10,10,1
594,596,10,11,1
594,597,10,12,1
594,598,10,13,1
594,599,10,14,1
595,592,10,8,1
595,593,10,9,1
595,594,10,10,1
595,596,11,11,1
595,597,11,12,1
595,598,11,13,1
595,599,11,14,1
596,592,11,8,1
596,593,11,9,1
596,594,11,10,1
596,595,11,11,1
596,597,12,12,1
596,598,12,13,1
596,599,12,14,1
597,592,12,8,1
597,593,12,9,1
597,594,12,10,1
597,595,12,11,1
597,596,12,12,1
597,598,13,13,1
597,599,13,14,1
598,592,13,8,1
598,593,13,9,1
598,594,13,10,1
598,595,13,11,1
598,596,13,12,1
598,597,13,13,1
598,599,14,14,1
599,592,14,8,1
599,593,14,9,1
599,594,14,10,1
599,595,14,11,1
599,596,14,12,1
599,597,14,13,1
599,598,14,14,1
600..607,0..599,0,0,4
600..607,0..599,1,1,4
600..607,0..599,2,2,4
600..607,0..599,3,3,4
600..607,0..599,4,4,4
600..607,0..599,5,5,4
600..607,0..599,6,6,4
600..607,0..599,7,7,4
600,601,8,8,1
600,602,8,9,1
600,603,8,10,1
600,604,8,11,1
600,605,8,12,1
600,606,8,13,1
600,607,8,14,1
600..607,608..1023,0,0,4
600..607,608..1023,1,1,4
600..607,608..1023,2,2,4
600..607,608..1023,3,3,4
600..607,608..1023,4,4,4
600..607,608..1023,5,5,4
600..607,608..1023,6,6,4
600..607,608..1023,7,7,4
601,600,8,8,1
601,602,9,9,1
601,603,9,10,1
601,604,9,11,1
601,605,9,12,1
601,606,9,13,1
601,607,9,14,1
602,600,9,8,1
602,601,9,9,1
602,603,10,10,1
602,604,10,11,1
602,605,10,12,1
602,606,10,13,1
602,607,10,14,1
603,600,10,8,1
603,601,10,9,1
603,602,10,10,1
603,604,11,11,1
603,605,11,12,1
603,606,11,13,1
603,607,11,14,1
604,600,11,8,1
604,601,11,9,1
604,602,11,10,1
604,603,11,11,1
604,605,12,12,1
604,606,12,13,1
604,607,12,14,1
605,600,12,8,1
605,601,12,9,1
605,602,12,10,1
605,603,12,11,1
605,604,12,12,1
605,606,13,13,1
605,607,13,14,1
606,600,13,8,1
606,601,13,9,1
606,602,13,10,1
606,603,13,11,1
606,604,13,12,1
606,605,13,13,1
606,607,14,14,1
607,600,14,8,1
607,601,14,9,1
607,602,14,10,1
607,603,14,11,1
607,604,14,12,1
607,605,14,13,1
607,606,14,14,1
608..615,0..607,0,0,4
608..615,0..607,1,1,4
608..615,0..607,2,2,4
608..615,0..607,3,3,4
608..615,0..607,4,4,4
608..615,0..607,5,5,4
608..615,0..607,6,6,4
608..615,0..607,7,7,4
608,609,8,8,1
608,610,8,9,1
608,611,8,10,1
608,612,8,11,1
608,613,8,12,1
608,614,8,13,1
608,615,8,14,1
608..615,616..1023,0,0,4
608..615,616..1023,1,1,4
608..615,616..1023,2,2,4
608..615,616..1023,3,3,4
608..615,616..1023,4,4,4
608..615,616..1023,5,5,4
608..615,616..1023,6,6,4
608..615,616..1023,7,7,4
609,608,8,8,1
609,610,9,9,1
609,611,9,10,1
609,612,9,11,1
609,613,9,12,1
609,614,9,13,1
609,615,9,14,1
610,608,9,8,1
610,609,9,9,1
610,611,10,10,1
610,612,10,11,1
610,613,10,12,1
610,614,10,13,1
610,615,10,14,1
611,608,10,8,1
611,609,10,9,1
611,610,10,10,1
611,612,11,11,1
611,613,11,12,1
611,614,11,13,1
611,615,11,14,1
612,608,11,8,1
612,609,11,9,1
612,610,11,10,1
612,611,11,11,1
612,613,12,12,1
612,614,12,13,1
612,615,12,14,1
613,608,12,8,1
613,609,12,9,1
613,610,12,10,1
613,611,12,11,1
613,612,12,12,1
613,614,13,13,1
613,615,13,14,1
614,608,13,8,1
614,609,13,9,1
614,610,13,10,1
614,611,13,11,1
614,612,13,12,1
614,613,13,13,1
614,615,14,14,1
615,608,14,8,1
615,609,14,9,1
615,610,14,10,1
615,611,14,11,1
615,612,14,12,1
615,613,14,13,1
615,614,14,14,1
616..623,0..615,0,0,4
616..623,0..615,1,1,4
616..623,0..615,2,2,4
616..623,0..615,3,3,4
616..623,0..615,4,4,4
616..623,0..615,5,5,4
616..623,0..615,6,6,4
616..623,0..615,7,7,4
616,617,8,8,1
616,618,8,9,1
616,619,8,10,1
616,620,8,11,1
616,621,8,12,1
616,622,8,13,1
616,623,8,14,1
616..623,624..1023,0,0,4
616..623,624..1023,1,1,4
616..623,624..1023,2,2,4
616..623,624..1023,3,3,4
616..623,624..1023,4,4,4
616..623,624..1023,5,5,4
616..623,624..1023,6,6,4
616..623,624..1023,7,7,4
617,616,8,8,1
617,618,9,9,1
617,619,9,10,1
617,620,9,11,1
617,621,9,12,1
617,622,9,13,1
617,623,9,14,1
618,616,9,8,1
618,617,9,9,1
618,619,10,10,1
618,620,10,11,1
618,621,10,12,1
618,622,10,13,1
618,623,10,14,1
619,616,10,8,1
619,617,10,9,1
619,618,10,10,1
619,620,11,11,1
619,621,11,12,1
619,622,11,13,1
619,623,11,14,1
620,616,11,8,1
620,617,11,9,1
620,618,11,10,1
620,619,11,11,1
620,621,12,12,1
620,622,12,13,1
620,623,12,14,1
621,616,12,8,1
621,617,12,9,1
621,618,12,10,1
621,619,12,11,1
621,620,12,12,1
621,622,13,13,1
621,623,13,14,1
622,616,13,8,1
622,617,13,9,1
622,618,13,10,1
622,619,13,11,1
622,620,13,12,1
622,621,13,13,1
622,623,14,14,1
623,616,14,8,1
623,617,14,9,1
623,618,14,10,1
623,619,14,11,1
623,620,14,12,1
623,621,14,13,1
623,622,14,14,1
624..631,0..623,0,0,4
624..631,0..623,1,1,4
624..631,0..623,2,2,4
624..631,0..623,3,3,4
624..631,0..623,4,4,4
624..631,0..623,5,5,4
624..631,0..623,6,6,4
624..631,0..623,7,7,4
624,625,8,8,1
624,626,8,9,1
624,627,8,10,1
624,628,8,11,1
624,629,8,12,1
624,630,8,13,1
624,631,8,14,1
624..631,632..1023,0,0,4
624..631,632..1023,1,1,4
624..631,632..1023,2,2,4
624..631,632..1023,3,3,4
624..631,632..1023,4,4,4
624..631,632..1023,5,5,4
624..631,632..1023,6,6,4
624..631,632..1023,7,7,4
625,624,8,8,1
625,626,9,9,1
625,627,9,10,1
625,628,9,11,1
625,629,9,12,1
625,630,9,13,1
625,631,9,14,1
626,624,9,8,1
626,625,9,9,1
626,627,10,10,1
626,628,10,11,1
626,629,10,12,1
626,630,10,13,1
626,631,10,14,1
627,624,10,8,1
627,625,10,9,1
627,626,10,10,1
627,628,11,11,1
627,629,11,12,1
627,630,11,13,1
627,631,11,14,1
628,624,11,8,1
628,625,11,9,1
628,626,11,10,1
628,627,11,11,1
628,629,12,12,1
628,630,12,13,1
628,631,12,14,1
629,624,12,8,1
629,625,12,9,1
629,626,12,10,1
629,627,12,11,1
629,628,12,12,1
629,630,13,13,1
629,631,13,14,1
630,624,13,8,1
630,625,13,9,1
630,626,13,10,1
630,627,13,11,1
630,628,13,12,1
630,629,13,13,1
630,631,14,14,1
631,624,14,8,1
631,625,14,9,1
631,626,14,10,1
631,627,14,11,1
631,628,14,12,1
631,629,14,13,1
631,630,14,14,1
632..639,0..631,0,0,4
632..639,0..631,1,1,4
632..639,0..631,2,2,4
632..639,0..631,3,3,4
632..639,0..631,4,4,4
632..639,0..631,5,5,4
632..639,0..631,6,6,4
632..639,0..631,7,7,4
632,633,8,8,1
632,634,8,9,1
632,635,8,10,1
632,636,8,11,1
632,637,8,12,1
632,638,8,13,1
632,639,8,14,1
632..639,640..1023,0,0,4
632..639,640..1023,1,1,4
632..639,640..1023,2,2,4
632..639,640..1023,3,3,4
632..639,640..1023,4,4,4
632..639,640..1023,5,5,4
632..639,640..1023,6,6,4
632..639,640..1023,7,7,4
633,632,8,8,1
633,634,9,9,1
633,635,9,10,1
633,636,9,11,1
633,637,9,12,1
633,638,9,13,1
633,639,9,14,1
634,632,9,8,1
634,633,9,9,1
634,635,10,10,1
634,636,10,11,1
634,637,10,12,1
634,638,10,13,1
634,639,10,14,1
635,632,10,8,1
635,633,10,9,1
635,634,10,10,1
635,636,11,11,1
635,637,11,12,1
635,638,11,13,1
635,639,11,14,1
636,632,11,8,1
636,633,11,9,1
636,634,11,10,1
636,635,11,11,1
636,637,12,12,1
636,638,12,13,1
636,639,12,14,1
637,632,12,8,1
637,633,12,9,1
637,634,12,10,1
637,635,12,11,1
637,636,12,12,1
637,638,13,13,1
637,639,13,14,1
638,632,13,8,1
638,633,13,9,1
638,634,13,10,1
638,635,13,11,1
638,636,13,12,1
638,637,13,13,1
638,639,14,14,1
639,632,14,8,1
639,633,14,9,1
639,634,14,10,1
639,635,14,11,1
639,636,14,12,1
639,637,14,13,1
639,638,14,14,1
640..647,0..639,0,0,4
640..647,0..639,1,1,4
640..647,0..639,2,2,4
640..647,0..639,3,3,4
640..647,0..639,4,4,4
640..647,0..639,5,5,4
640..647,0..639,6,6,4
640..647,0..639,7,7,4
640,641,8,8,1
640,642,8,9,1
640,643,8,10,1
640,644,8,11,1
640,645,8,12,1
640,646,8,13,1
640,647,8,14,1
640..647,648..1023,0,0,4
640..647,648..1023,1,1,4
640..647,648..1023,2,2,4
640..647,648..1023,3,3,4
640..647,648..1023,4,4,4
640..647,648..1023,5,5,4
640..647,648..1023,6,6,4
640..647,648..1023,7,7,4
641,640,8,8,1
641,642,9,9,1
641,643,9,10,1
641,644,9,11,1
641,645,9,12,1
641,646,9,13,1
641,647,9,14,1
642,640,9,8,1
642,641,9,9,1
642,643,10,10,1
642,644,10,11,1
642,645,10,12,1
642,646,10,13,1
642,647,10,14,1
643,640,10,8,1
643,641,10,9,1
643,642,10,10,1
643,644,11,11,1
643,645,11,12,1
643,646,11,13,1
643,647,11,14,1
644,640,11,8,1
644,641,11,9,1
644,642,11,10,1
644,643,11,11,1
644,645,12,12,1
644,646,12,13,1
644,647,12,14,1
645,640,12,8,1
645,641,12,9,1
645,642,12,10,1
645,643,12,11,1
645,644,12,12,1
645,646,13,13,1
645,647,13,14,1
646,640,13,8,1
646,641,13,9,1
646,642,13,10,1
646,643,13,11,1
646,644,13,12,1
646,645,13,13,1
646,647,14,14,1
647,640,14,8,1
647,641,14,9,1
647,642,14,10,1
647,643,14,11,1
647,644,14,12,1
647,645,14,13,1
647,646,14,14,1
648..655,0..647,0,0,4
648..655,0..647,1,1,4
648..655,0..647,2,2,4
648..655,0..647,3,3,4
648..655,0..647,4,4,4
648..655,0..647,5,5,4
648..655,0..647,6,6,4
648..655,0..647,7,7,4
648,649,8,8,1
648,650,8,9,1
648,651,8,10,1
648,652,8,11,1
648,653,8,12,1
648,654,8,13,1
648,655,8,14,1
648..655,656..1023,0,0,4
648..655,656..1023,1,1,4
648..655,656..1023,2,2,4
648..655,656..1023,3,3,4
648..655,656..1023,4,4,4
648..655,656..1023,5,5,4
648..655,656..1023,6,6,4
648..655,656..1023,7,7,4
649,648,8,8,1
649,650,9,9,1
649,651,9,10,1
649,652,9,11,1
649,653,9,12,1
649,654,9,13,1
649,655,9,14,1
650,648,9,8,1
650,649,9,9,1
650,651,10,10,1
650,652,10,11,1
650,653,10,12,1
650,654,10,13,1
650,655,10,14,1
651,648,10,8,1
651,649,10,9,1
651,650,10,10,1
651,652,11,11,1
651,653,11,12,1
651,654,11,13,1
651,655,11,14,1
652,648,11,8,1
652,649,11,9,1
652,650,11,10,1
652,651,11,11,1
652,653,12,12,1
652,654,12,13,1
652,655,12,14,1
653,648,12,8,1
653,649,12,9,1
653,650,12,10,1
653,651,12,11,1
653,652,12,12,1
653,654,13,13,1
653,655,13,14,1
654,648,13,8,1
654,649,13,9,1
654,650,13,10,1
654,651,13,11,1
654,652,13,12,1
654,653,13,13,1
654,655,14,14,1
655,648,14,8,1
655,649,14,9,1
655,650,14,10,1
655,651,14,11,1
655,652,14,12,1
655,653,14,13,1
655,654,14,14,1
656..663,0..655,0,0,4
656..663,0..655,1,1,4
656..663,0..655,2,2,4
656..663,0..655,3,3,4
656..663,0..655,4,4,4
656..663,0..655,5,5,4
656..663,0..655,6,6,4
656..663,0..655,7,7,4
656,657,8,8,1
656,658,8,9,1
656,659,8,10,1
656,660,8,11,1
656,661,8,12,1
656,662,8,13,1
656,663,8,14,1
656..663,664..1023,0,0,4
656..663,664..1023,1,1,4
656..663,664..1023,2,2,4
656..663,664..1023,3,3,4
656..663,664..1023,4,4,4
656..663,664..1023,5,5,4
656..663,664..1023,6,6,4
656..663,664..1023,7,7,4
657,656,8,8,1
657,658,9,9,1
657,659,9,10,1
657,660,9,11,1
657,661,9,12,1
657,662,9,13,1
657,663,9,14,1
658,656,9,8,1
658,657,9,9,1
658,659,10,10,1
658,660,10,11,1
658,661,10,12,1
658,662,10,13,1
658,663,10,14,1
659,656,10,8,1
659,657,10,9,1
659,658,10,10,1
659,660,11,11,1
659,661,11,12,1
659,662,11,13,1
659,663,11,14,1
660,656,11,8,1
660,657,11,9,1
660,658,11,10,1
660,659,11,11,1
660,661,12,12,1
660,662,12,13,1
660,663,12,14,1
661,656,12,8,1
661,657,12,9,1
661,658,12,10,1
661,659,12,11,1
661,660,12,12,1
661,662,13,13,1
661,663,13,14,1
662,656,13,8,1
662,657,13,9,1
662,658,13,10,1
662,659,13,11,1
662,660,13,12,1
662,661,13,13,1
662,663,14,14,1
663,656,14,8,1
663,657,14,9,1
663,658,14,10,1
663,659,14,11,1
663,660,14,12,1
663,661,14,13,1
663,662,14,14,1
664..671,0..663,0,0,4
664..671,0..663,1,1,4
664..671,0..663,2,2,4
664..671,0..663,3,3,4
664..671,0..663,4,4,4
664..671,0..663,5,5,4
664..671,0..663,6,6,4
664..671,0..663,7,7,4
664,665,8,8,1
664,666,8,9,1
664,667,8,10,1
664,668,8,11,1
664,669,8,12,1
664,670,8,13,1
664,671,8,14,1
664..671,672..1023,0,0,4
664..671,672..1023,1,1,4
664..671,672..1023,2,2,4
664..671,672..1023,3,3,4
664..671,672..1023,4,4,4
664..671,672..1023,5,5,4
664..671,672..1023,6,6,4
664..671,672..1023,7,7,4
665,664,8,8,1
665,666,9,9,1
665,667,9,10,1
665,668,9,11,1
665,669,9,12,1
665,670,9,13,1
665,671,9,14,1
666,664,9,8,1
666,665,9,9,1
666,667,10,10,1
666,668,10,11,1
666,669,10,12,1
666,670,10,13,1
666,671,10,14,1
667,664,10,8,1
667,665,10,9,1
667,666,10,10,1
667,668,11,11,1
667,669,11,12,1
667,670,11,13,1
667,671,11,14,1
668,664,11,8,1
668,665,11,9,1
668,666,11,10,1
668,667,11,11,1
668,669,12,12,1
668,670,12,13,1
668,671,12,14,1
669,664,12,8,1
669,665,12,9,1
669,666,12,10,1
669,667,12,11,1
669,668,12,12,1
669,670,13,13,1
669,671,13,14,1
670,664,13,8,1
670,665,13,9,1
670,666,13,10,1
670,667,13,11,1
670,668,13,12,1
670,669,13,13,1
670,671,14,14,1
671,664,14,8,1
671,665,14,9,1
671,666,14,10,1
671,667,14,11,1
671,668,14,12,1
671,669,14,13,1
671,670,14,14,1
672..679,0..671,0,0,4
672..679,0..671,1,1,4
672..679,0..671,2,2,4
672..679,0..671,3,3,4
672..679,0..671,4,4,4
672..679,0..671,5,5,4
672..679,0..671,6,6,4
672..679,0..671,7,7,4
672,673,8,8,1
672,674,8,9,1
672,675,8,10,1
672,676,8,11,1
672,677,8,12,1
672,678,8,13,1
672,679,8,14,1
672..679,680..1023,0,0,4
672..679,680..1023,1,1,4
672..679,680..1023,2,2,4
672..679,680..1023,3,3,4
672..679,680..1023,4,4,4
672..679,680..1023,5,5,4
672..679,680..1023,6,6,4
672..679,680..1023,7,7,4
673,672,8,8,1
673,674,9,9,1
673,675,9,10,1
673,676,9,11,1
673,677,9,12,1
673,678,9,13,1
673,679,9,14,1
674,672,9,8,1
674,673,9,9,1
674,675,10,10,1
674,676,10,11,1
674,677,10,12,1
674,678,10,13,1
674,679,10,14,1
675,672,10,8,1
675,673,10,9,1
675,674,10,10,1
675,676,11,11,1
675,677,11,12,1
675,678,11,13,1
675,679,11,14,1
676,672,11,8,1
676,673,11,9,1
676,674,11,10,1
676,675,11,11,1
676,677,12,12,1
676,678,12,13,1
676,679,12,14,1
677,672,12,8,1
677,673,12,9,1
677,674,12,10,1
677,675,12,11,1
677,676,12,12,1
677,678,13,13,1
677,679,13,14,1
678,672,13,8,1
678,673,13,9,1
678,674,13,10,1
678,675,13,11,1
678,676,13,12,1
678,677,13,13,1
678,679,14,14,1
679,672,14,8,1
679,673,14,9,1
679,674,14,10,1
679,675,14,11,1
679,676,14,12,1
679,677,14,13,1
679,678,14,14,1
680..687,0..679,0,0,4
680..687,0..679,1,1,4
680..687,0..679,2,2,4
680..687,0..679,3,3,4
680..687,0..679,4,4,4
680..687,0..679,5,5,4
680..687,0..679,6,6,4
680..687,0..679,7,7,4
680,681,8,8,1
680,682,8,9,1
680,683,8,10,1
680,684,8,11,1
680,685,8,12,1
680,686,8,13,1
680,687,8,14,1
680..687,688..1023,0,0,4
680..687,688..1023,1,1,4
680..687,688..1023,2,2,4
680..687,688..1023,3,3,4
680..687,688..1023,4,4,4
680..687,688..1023,5,5,4
680..687,688..1023,6,6,4
680..687,688..1023,7,7,4
681,680,8,8,1
681,682,9,9,1
681,683,9,10,1
681,684,9,11,1
681,685,9,12,1
681,686,9,13,1
681,687,9,14,1
682,680,9,8,1
682,681,9,9,1
682,683,10,10,1
682,684,10,11,1
682,685,10,12,1
682,686,10,13,1
682,687,10,14,1
683,680,10,8,1
683,681,10,9,1
683,682,10,10,1
683,684,11,11,1
683,685,11,12,1
683,686,11,13,1
683,687,11,14,1
684,680,11,8,1
684,681,11,9,1
684,682,11,10,1
684,683,11,11,1
684,685,12,12,1
684,686,12,13,1
684,687,12,14,1
685,680,12,8,1
685,681,12,9,1
685,682,12,10,1
685,683,12,11,1
685,684,12,12,1
685,686,13,13,1
685,687,13,14,1
686,680,13,8,1
686,681,13,9,1
686,682,13,10,1
686,683,13,11,1
686,684,13,12,1
686,685,13,13,1
686,687,14,14,1
687,680,14,8,1
687,681,14,9,1
687,682,14,10,1
687,683,14,11,1
687,684,14,12,1
687,685,14,13,1
687,686,14,14,1
688..695,0..687,0,0,4
688..695,0..687,1,1,4
688..695,0..687,2,2,4
688..695,0..687,3,3,4
688..695,0..687,4,4,4
688..695,0..687,5,5,4
688..695,0..687,6,6,4
688..695,0..687,7,7,4
688,689,8,8,1
688,690,8,9,1
688,691,8,10,1
688,692,8,11,1
688,693,8,12,1
688,694,8,13,1
688,695,8,14,1
688..695,696..1023,0,0,4
688..695,696..1023,1,1,4
688..695,696..1023,2,2,4
688..695,696..1023,3,3,4
688..695,696..1023,4,4,4
688..695,696..1023,5,5,4
688..695,696..1023,6,6,4
688..695,696..1023,7,7,4
689,688,8,8,1
689,690,9,9,1
689,691,9,10,1
689,692,9,11,1
689,693,9,12,1
689,694,9,13,1
689,695,9,14,1
690,688,9,8,1
690,689,9,9,1
690,691,10,10,1
690,692,10,11,1
690,693,10,12,1
690,694,10,13,1
690,695,10,14,1
691,688,10,8,1
691,689,10,9,1
691,690,10,10,1
691,692,11,11,1
691,693,11,12,1
691,694,11,13,1
691,695,11,14,1
692,688,11,8,1
692,689,11,9,1
692,690,11,10,1
692,691,11,11,1
692,693,12,12,1
692,694,12,13,1
692,695,12,14,1
693,688,12,8,1
693,689,12,9,1
693,690,12,10,1
693,691,12,11,1
693,692,12,12,1
693,694,13,13,1
693,695,13,14,1
694,688,13,8,1
694,689,13,9,1
694,690,13,10,1
694,691,13,11,1
694,692,13,12,1
694,693,13,13,1
694,695,14,14,1
695,688,14,8,1
695,689,14,9,1
695,690,14,10,1
695,691,14,11,1
695,692,14,12,1
695,693,14,13,1
695,694,14,14,1
696..703,0..695,0,0,4
696..703,0..695,1,1,4
696..703,0..695,2,2,4
696..703,0..695,3,3,4
696..703,0..695,4,4,4
696..703,0..695,5,5,4
696..703,0..695,6,6,4
696..703,0..695,7,7,4
696,697,8,8,1
696,698,8,9,1
696,699,8,10,1
696,700,8,11,1
696,701,8,12,1
696,702,8,13,1
696,703,8,14,1
696..703,704..1023,0,0,4
696..703,704..1023,1,1,4
696..703,704..1023,2,2,4
696..703,704..1023,3,3,4
696..703,704..1023,4,4,4
696..703,704..1023,5,5,4
696..703,704..1023,6,6,4
696..703,704..1023,7,7,4
697,696,8,8,1
697,698,9,9,1
697,699,9,10,1
697,700,9,11,1
697,701,9,12,1
697,702,9,13,1
697,703,9,14,1
698,696,9,8,1
698,697,9,9,1
698,699,10,10,1
698,700,10,11,1
698,701,10,12,1
698,702,10,13,1
698,703,10,14,1
699,696,10,8,1
699,697,10,9,1
699,698,10,10,1
699,700,11,11,1
699,701,11,12,1
699,702,11,13,1
699,703,11,14,1
700,696,11,8,1
700,697,11,9,1
700,698,11,10,1
700,699,11,11,1
700,701,12,12,1
700,702,12,13,1
700,703,12,14,1
701,696,12,8,1
701,697,12,9,1
701,698,12,10,1
701,699,12,11,1
701,700,12,12,1
701,702,13,13,1
701,703,13,14,1
702,696,13,8,1
702,697,13,9,1
702,698,13,10,1
702,699,13,11,1
702,700,13,12,1
702,701,13,13,1
702,703,14,14,1
703,696,14,8,1
703,697,14,9,1
703,698,14,10,1
703,699,14,11,1
703,700,14,12,1
703,701,14,13,1
703,702,14,14,1
704..711,0..703,0,0,4
704..711,0..703,1,1,4
704..711,0..703,2,2,4
704..711,0..703,3,3,4
704..711,0..703,4,4,4
704..711,0..703,5,5,4
704..711,0..703,6,6,4
704..711,0..703,7,7,4
704,705,8,8,1
704,706,8,9,1
704,707,8,10,1
704,708,8,11,1
704,709,8,12,1
704,710,8,13,1
704,711,8,14,1
704..711,712..1023,0,0,4
704..711,712..1023,1,1,4
704..711,712..1023,2,2,4
704..711,712..1023,3,3,4
704..711,712..1023,4,4,4
704..711,712..1023,5,5,4
704..711,712..1023,6,6,4
704..711,712..1023,7,7,4
705,704,8,8,1
705,706,9,9,1
705,707,9,10,1
705,708,9,11,1
705,709,9,12,1
705,710,9,13,1
705,711,9,14,1
706,704,9,8,1
706,705,9,9,1
706,707,10,10,1
706,708,10,11,1
706,709,10,12,1
706,710,10,13,1
706,711,10,14,1
707,704,10,8,1
707,705,10,9,1
707,706,10,10,1
707,708,11,11,1
707,709,11,12,1
707,710,11,13,1
707,711,11,14,1
708,704,11,8,1
708,705,11,9,1
708,706,11,10,1
708,707,11,11,1
708,709,12,12,1
708,710,12,13,1
708,711,12,14,1
709,704,12,8,1
709,705,12,9,1
709,706,12,10,1
709,707,12,11,1
709,708,12,12,1
709,710,13,13,1
709,711,13,14,1
710,704,13,8,1
710,705,13,9,1
710,706,13,10,1
710,707,13,11,1
710,708,13,12,1
710,709,13,13,1
710,711,14,14,1
711,704,14,8,1
711,705,14,9,1
711,706,14,10,1
711,707,14,11,1
711,708,14,12,1
711,709,14,13,1
711,710,14,14,1
712..719,0..711,0,0,4
712..719,0..711,1,1,4
712..719,0..711,2,2,4
712..719,0..711,3,3,4
712..719,0..711,4,4,4
712..719,0..711,5,5,4
712..719,0..711,6,6,4
712..719,0..711,7,7,4
712,713,8,8,1
712,714,8,9,1
712,715,8,10,1
712,716,8,11,1
712,717,8,12,1
712,718,8,13,1
712,719,8,14,1
712..719,720..1023,0,0,4
712..719,720..1023,1,1,4
712..719,720..1023,2,2,4
712..719,720..1023,3,3,4
712..719,720..1023,4,4,4
712..719,720..1023,5,5,4
712..719,720..1023,6,6,4
712..719,720..1023,7,7,4
713,712,8,8,1
713,714,9,9,1
713,715,9,10,1
713,716,9,11,1
713,717,9,12,1
713,718,9,13,1
713,719,9,14,1
714,712,9,8,1
714,713,9,9,1
714,715,10,10,1
714,716,10,11,1
714,717,10,12,1
714,718,10,13,1
714,719,10,14,1
715,712,10,8,1
715,713,10,9,1
715,714,10,10,1
715,716,11,11,1
715,717,11,12,1
715,718,11,13,1
715,719,11,14,1
716,712,11,8,1
716,713,11,9,1
716,714,11,10,1
716,715,11,11,1
716,717,12,12,1
716,718,12,13,1
716,719,12,14,1
717,712,12,8,1
717,713,12,9,1
717,714,12,10,1
717,715,12,11,1
717,716,12,12,1
717,718,13,13,1
717,719,13,14,1
718,712,13,8,1
718,713,13,9,1
718,714,13,10,1
718,715,13,11,1
718,716,13,12,1
718,717,13,13,1
718,719,14,14,1
719,712,14,8,1
719,713,14,9,1
719,714,14,10,1
719,715,14,11,1
719,716,14,12,1
719,717,14,13,1
719,718,14,14,1
720..727,0..719,0,0,4
720..727,0..719,1,1,4
720..727,0..719,2,2,4
720..727,0..719,3,3,4
720..727,0..719,4,4,4
720..727,0..719,5,5,4
720..727,0..719,6,6,4
720..727,0..719,7,7,4
720,721,8,8,1
720,722,8,9,1
720,723,8,10,1
720,724,8,11,1
720,725,8,12,1
720,726,8,13,1
720,727,8,14,1
720..727,728..1023,0,0,4
720..727,728..1023,1,1,4
720..727,728..1023,2,2,4
720..727,728..1023,3,3,4
720..727,728..1023,4,4,4
720..727,728..1023,5,5,4
720..727,728..1023,6,6,4
720..727,728..1023,7,7,4
721,720,8,8,1
721,722,9,9,1
721,723,9,10,1
721,724,9,11,1
721,725,9,12,1
721,726,9,13,1
721,727,9,14,1
722,720,9,8,1
722,721,9,9,1
722,723,10,10,1
722,724,10,11,1
722,725,10,12,1
722,726,10,13,1
722,727,10,14,1
723,720,10,8,1
723,721,10,9,1
723,722,10,10,1
723,724,11,11,1
723,725,11,12,1
723,726,11,13,1
723,727,11,14,1
724,720,11,8,1
724,721,11,9,1
724,722,11,10,1
724,723,11,11,1
724,725,12,12,1
724,726,12,13,1
724,727,12,14,1
725,720,12,8,1
725,721,12,9,1
725,722,12,10,1
725,723,12,11,1
725,724,12,12,1
725,726,13,13,1
725,727,13,14,1
726,720,13,8,1
726,721,13,9,1
726,722,13,10,1
726,723,13,11,1
726,724,13,12,1
726,725,13,13,1
726,727,14,14,1
727,720,14,8,1
727,721,14,9,1
727,722,14,10,1
727,723,14,11,1
727,724,14,12,1
727,725,14,13,1
727,726,14,14,1
728..735,0..727,0,0,4
728..735,0..727,1,1,4
728..735,0..727,2,2,4
728..735,0..727,3,3,4
728..735,0..727,4,4,4
728..735,0..727,5,5,4
728..735,0..727,6,6,4
728..735,0..727,7,7,4
728,729,8,8,1
728,730,8,9,1
728,731,8,10,1
728,732,8,11,1
728,733,8,12,1
728,734,8,13,1
728,735,8,14,1
728..735,736..1023,0,0,4
728..735,736..1023,1,1,4
728..735,736..1023,2,2,4
728..735,736..1023,3,3,4
728..735,736..1023,4,4,4
728..735,736..1023,5,5,4
728..735,736..1023,6,6,4
728..735,736..1023,7,7,4
729,728,8,8,1
729,730,9,9,1
729,731,9,10,1
729,732,9,11,1
729,733,9,12,1
729,734,9,13,1
729,735,9,14,1
730,728,9,8,1
730,729,9,9,1
730,731,10,10,1
730,732,10,11,1
730,733,10,12,1
730,734,10,13,1
730,735,10,14,1
731,728,10,8,1
731,729,10,9,1
731,730,10,10,1
731,732,11,11,1
731,733,11,12,1
731,734,11,13,1
731,735,11,14,1
732,728,11,8,1
732,729,11,9,1
732,730,11,10,1
732,731,11,11,1
732,733,12,12,1
732,734,12,13,1
732,735,12,14,1
733,728,12,8,1
733,729,12,9,1
733,730,12,10,1
733,731,12,11,1
733,732,12,12,1
733,734,13,13,1
733,735,13,14,1
734,728,13,8,1
734,729,13,9,1
734,730,13,10,1
734,731,13,11,1
734,732,13,12,1
734,733,13,13,1
734,735,14,14,1
735,728,14,8,1
735,729,14,9,1
735,730,14,10,1
735,731,14,11,1
735,732,14,12,1
735,733,14,13,1
735,734,14,14,1
736..743,0..735,0,0,4
736..743,0..735,1,1,4
736..743,0..735,2,2,4
736..743,0..735,3,3,4
736..743,0..735,4,4,4
736..743,0..735,5,5,4
736..743,0..735,6,6,4
736..743,0..735,7,7,4
736,737,8,8,1
736,738,8,9,1
736,739,8,10,1
736,740,8,11,1
736,741,8,12,1
736,742,8,13,1
736,743,8,14,1
736..743,744..1023,0,0,4
736..743,744..1023,1,1,4
736..743,744..1023,2,2,4
736..743,744..1023,3,3,4
736..743,744..1023,4,4,4
736..743,744..1023,5,5,4
736..743,744..1023,6,6,4
736..743,744..1023,7,7,4
737,736,8,8,1
737,738,9,9,1
737,739,9,10,1
737,740,9,11,1
737,741,9,12,1
737,742,9,13,1
737,743,9,14,1
738,736,9,8,1
738,737,9,9,1
738,739,10,10,1
738,740,10,11,1
738,741,10,12,1
738,742,10,13,1
738,743,10,14,1
739,736,10,8,1
739,737,10,9,1
739,738,10,10,1
739,740,11,11,1
739,741,11,12,1
739,742,11,13,1
739,743,11,14,1
740,736,11,8,1
740,737,11,9,1
740,738,11,10,1
740,739,11,11,1
740,741,12,12,1
740,742,12,13,1
740,743,12,14,1
741,736,12,8,1
741,737,12,9,1
741,738,12,10,1
741,739,12,11,1
741,740,12,12,1
741,742,13,13,1
741,743,13,14,1
742,736,13,8,1
742,737,13,9,1
742,738,13,10,1
742,739,13,11,1
742,740,13,12,1
742,741,13,13,1
742,743,14,14,1
743,736,14,8,1
743,737,14,9,1
743,738,14,10,1
743,739,14,11,1
743,740,14,12,1
743,741,14,13,1
743,742,14,14,1
744..751,0..743,0,0,4
744..751,0..743,1,1,4
744..751,0..743,2,2,4
744..751,0..743,3,3,4
744..751,0..743,4,4,4
744..751,0..743,5,5,4
744..751,0..743,6,6,4
744..751,0..743,7,7,4
744,745,8,8,1
744,746,8,9,1
744,747,8,10,1
744,748,8,11,1
744,749,8,12,1
744,750,8,13,1
744,751,8,14,1
744..751,752..1023,0,0,4
744..751,752..1023,1,1,4
744..751,752..1023,2,2,4
744..751,752..1023,3,3,4
744..751,752..1023,4,4,4
744..751,752..1023,5,5,4
744..751,752..1023,6,6,4
744..751,752..1023,7,7,4
745,744,8,8,1
745,746,9,9,1
745,747,9,10,1
745,748,9,11,1
745,749,9,12,1
745,750,9,13,1
745,751,9,14,1
746,744,9,8,1
746,745,9,9,1
746,747,10,10,1
746,748,10,11,1
746,749,10,12,1
746,750,10,13,1
746,751,10,14,1
747,744,10,8,1
747,745,10,9,1
747,746,10,10,1
747,748,11,11,1
747,749,11,12,1
747,750,11,13,1
747,751,11,14,1
748,744,11,8,1
748,745,11,9,1
748,746,11,10,1
748,747,11,11,1
748,749,12,12,1
748,750,12,13,1
748,751,12,14,1
749,744,12,8,1
749,745,12,9,1
749,746,12,10,1
749,747,12,11,1
749,748,12,12,1
749,750,13,13,1
749,751,13,14,1
750,744,13,8,1
750,745,13,9,1
750,746,13,10,1
750,747,13,11,1
750,748,13,12,1
750,749,13,13,1
750,751,14,14,1
751,744,14,8,1
751,745,14,9,1
751,746,14,10,1
751,747,14,11,1
751,748,14,12,1
751,749,14,13,1
751,750,14,14,1
752..759,0..751,0,0,4
752..759,0..751,1,1,4
752..759,0..751,2,2,4
752..759,0..751,3,3,4
752..759,0..751,4,4,4
752..759,0..751,5,5,4
752..759,0..751,6,6,4
752..759,0..751,7,7,4
752,753,8,8,1
752,754,8,9,1
752,755,8,10,1
752,756,8,11,1
752,757,8,12,1
752,758,8,13,1
752,759,8,14,1
752..759,760..1023,0,0,4
752..759,760..1023,1,1,4
752..759,760..1023,2,2,4
752..759,760..1023,3,3,4
752..759,760..1023,4,4,4
752..759,760..1023,5,5,4
752..759,760..1023,6,6,4
752..759,760..1023,7,7,4
753,752,8,8,1
753,754,9,9,1
753,755,9,10,1
753,756,9,11,1
753,757,9,12,1
753,758,9,13,1
753,759,9,14,1
754,752,9,8,1
754,753,9,9,1
754,755,10,10,1
754,756,10,11,1
754,757,10,12,1
754,758,10,13,1
754,759,10,14,1
755,752,10,8,1
755,753,10,9,1
755,754,10,10,1
755,756,11,11,1
755,757,11,12,1
755,758,11,13,1
755,759,11,14,1
756,752,11,8,1
756,753,11,9,1
756,754,11,10,1
756,755,11,11,1
756,757,12,12,1
756,758,12,13,1
756,759,12,14,1
757,752,12,8,1
757,753,12,9,1
757,754,12,10,1
757,755,12,11,1
757,756,12,12,1
757,758,13,13,1
757,759,13,14,1
758,752,13,8,1
758,753,13,9,1
758,754,13,10,1
758,755,13,11,1
758,756,13,12,1
758,757,13,13,1
758,759,14,14,1
759,752,14,8,1
759,753,14,9,1
759,754,14,10,1
759,755,14,11,1
759,756,14,12,1
759,757,14,13,1
759,758,14,14,1
760..767,0..759,0,0,4
760..767,0..759,1,1,4
760..767,0..759,2,2,4
760..767,0..759,3,3,4
760..767,0..759,4,4,4
760..767,0..759,5,5,4
760..767,0..759,6,6,4
760..767,0..759,7,7,4
760,761,8,8,1
760,762,8,9,1
760,763,8,10,1
760,764,8,11,1
760,765,8,12,1
760,766,8,13,1
760,767,8,14,1
760..767,768..1023,0,0,4
760..767,768..1023,1,1,4
760..767,768..1023,2,2,4
760..767,768..1023,3,3,4
760..767,768..1023,4,4,4
760..767,768..1023,5,5,4
760..767,768..1023,6,6,4
760..767,768..1023,7,7,4
761,760,8,8,1
761,762,9,9,1
761,763,9,10,1
761,764,9,11,1
761,765,9,12,1
761,766,9,13,1
761,767,9,14,1
762,760,9,8,1
762,761,9,9,1
762,763,10,10,1
762,764,10,11,1
762,765,10,12,1
762,766,10,13,1
762,767,10,14,1
763,760,10,8,1
763,761,10,9,1
763,762,10,10,1
763,764,11,11,1
763,765,11,12,1
763,766,11,13,1
763,767,11,14,1
764,760,11,8,1
764,761,11,9,1
764,762,11,10,1
764,763,11,11,1
764,765,12,12,1
764,766,12,13,1
764,767,12,14,1
765,760,12,8,1
765,761,12,9,1
765,762,12,10,1
765,763,12,11,1
765,764,12,12,1
765,766,13,13,1
765,767,13,14,1
766,760,13,8,1
766,761,13,9,1
766,762,13,10,1
766,763,13,11,1
766,764,13,12,1
766,765,13,13,1
766,767,14,14,1
767,760,14,8,1
767,761,14,9,1
767,762,14,10,1
767,763,14,11,1
767,764,14,12,1
767,765,14,13,1
767,766,14,14,1
768..775,0..767,0,0,4
768..775,0..767,1,1,4
768..775,0..767,2,2,4
768..775,0..767,3,3,4
768..775,0..767,4,4,4
768..775,0..767,5,5,4
768..775,0..767,6,6,4
768..775,0..767,7,7,4
768,769,8,8,1
768,770,8,9,1
768,771,8,10,1
768,772,8,11,1
768,773,8,12,1
768,774,8,13,1
768,775,8,14,1
768..775,776..1023,0,0,4
768..775,776..1023,1,1,4
768..775,776..1023,2,2,4
768..775,776..1023,3,3,4
768..775,776..1023,4,4,4
768..775,776..1023,5,5,4
768..775,776..1023,6,6,4
768..775,776..1023,7,7,4
769,768,8,8,1
769,770,9,9,1
769,771,9,10,1
769,772,9,11,1
769,773,9,12,1
769,774,9,13,1
769,775,9,14,1
770,768,9,8,1
770,769,9,9,1
770,771,10,10,1
770,772,10,11,1
770,773,10,12,1
770,774,10,13,1
770,775,10,14,1
771,768,10,8,1
771,769,10,9,1
771,770,10,10,1
771,772,11,11,1
771,773,11,12,1
771,774,11,13,1
771,775,11,14,1
772,768,11,8,1
772,769,11,9,1
772,770,11,10,1
772,771,11,11,1
772,773,12,12,1
772,774,12,13,1
772,775,12,14,1
773,768,12,8,1
773,769,12,9,1
773,770,12,10,1
773,771,12,11,1
773,772,12,12,1
773,774,13,13,1
773,775,13,14,1
774,768,13,8,1
774,769,13,9,1
774,770,13,10,1
774,771,13,11,1
774,772,13,12,1
774,773,13,13,1
774,775,14,14,1
775,768,14,8,1
775,769,14,9,1
775,770,14,10,1
775,771,14,11,1
775,772,14,12,1
775,773,14,13,1
775,774,14,14,1
776..783,0..775,0,0,4
776..783,0..775,1,1,4
776..783,0..775,2,2,4
776..783,0..775,3,3,4
776..783,0..775,4,4,4
776..783,0..775,5,5,4
776..783,0..775,6,6,4
776..783,0..775,7,7,4
776,777,8,8,1
776,778,8,9,1
776,779,8,10,1
776,780,8,11,1
776,781,8,12,1
776,782,8,13,1
776,783,8,14,1
776..783,784..1023,0,0,4
776..783,784..1023,1,1,4
776..783,784..1023,2,2,4
776..783,784..1023,3,3,4
776..783,784..1023,4,4,4
776..783,784..1023,5,5,4
776..783,784..1023,6,6,4
776..783,784..1023,7,7,4
777,776,8,8,1
777,778,9,9,1
777,779,9,10,1
777,780,9,11,1
777,781,9,12,1
777,782,9,13,1
777,783,9,14,1
778,776,9,8,1
778,777,9,9,1
778,779,10,10,1
778,780,10,11,1
778,781,10,12,1
778,782,10,13,1
778,783,10,14,1
779,776,10,8,1
779,777,10,9,1
779,778,10,10,1
779,780,11,11,1
779,781,11,12,1
779,782,11,13,1
779,783,11,14,1
780,776,11,8,1
780,777,11,9,1
780,778,11,10,1
780,779,11,11,1
780,781,12,12,1
780,782,12,13,1
780,783,12,14,1
781,776,12,8,1
781,777,12,9,1
781,778,12,10,1
781,779,12,11,1
781,780,12,12,1
781,782,13,13,1
781,783,13,14,1
782,776,13,8,1
782,777,13,9,1
782,778,13,10,1
782,779,13,11,1
782,780,13,12,1
782,781,13,13,1
782,783,14,14,1
783,776,14,8,1
783,777,14,9,1
783,778,14,10,1
783,779,14,11,1
783,780,14,12,1
783,781,14,13,1
783,782,14,14,1
784..791,0..783,0,0,4
784..791,0..783,1,1,4
784..791,0..783,2,2,4
784..791,0..783,3,3,4
784..791,0..783,4,4,4
784..791,0..783,5,5,4
784..791,0..783,6,6,4
784..791,0..783,7,7,4
784,785,8,8,1
784,786,8,9,1
784,787,8,10,1
784,788,8,11,1
784,789,8,12,1
784,790,8,13,1
784,791,8,14,1
784..791,792..1023,0,0,4
784..791,792..1023,1,1,4
784..791,792..1023,2,2,4
784..791,792..1023,3,3,4
784..791,792..1023,4,4,4
784..791,792..1023,5,5,4
784..791,792..1023,6,6,4
784..791,792..1023,7,7,4
785,784,8,8,1
785,786,9,9,1
785,787,9,10,1
785,788,9,11,1
785,789,9,12,1
785,790,9,13,1
785,791,9,14,1
786,784,9,8,1
786,785,9,9,1
786,787,10,10,1
786,788,10,11,1
786,789,10,12,1
786,790,10,13,1
786,791,10,14,1
787,784,10,8,1
787,785,10,9,1
787,786,10,10,1
787,788,11,11,1
787,789,11,12,1
787,790,11,13,1
787,791,11,14,1
788,784,11,8,1
788,785,11,9,1
788,786,11,10,1
788,787,11,11,1
788,789,12,12,1
788,790,12,13,1
788,791,12,14,1
789,784,12,8,1
789,785,12,9,1
789,786,12,10,1
789,787,12,11,1
789,788,12,12,1
789,790,13,13,1
789,791,13,14,1
790,784,13,8,1
790,785,13,9,1
790,786,13,10,1
790,787,13,11,1
790,788,13,12,1
790,789,13,13,1
790,791,14,14,1
791,784,14,8,1
791,785,14,9,1
791,786,14,10,1
791,787,14,11,1
791,788,14,12,1
791,789,14,13,1
791,790,14,14,1
792..799,0..791,0,0,4
792..799,0..791,1,1,4
792..799,0..791,2,2,4
792..799,0..791,3,3,4
792..799,0..791,4,4,4
792..799,0..791,5,5,4
792..799,0..791,6,6,4
792..799,0..791,7,7,4
792,793,8,8,1
792,794,8,9,1
792,795,8,10,1
792,796,8,11,1
792,797,8,12,1
792,798,8,13,1
792,799,8,14,1
792..799,800..1023,0,0,4
792..799,800..1023,1,1,4
792..799,800..1023,2,2,4
792..799,800..1023,3,3,4
792..799,800..1023,4,4,4
792..799,800..1023,5,5,4
792..799,800..1023,6,6,4
792..799,800..1023,7,7,4
793,792,8,8,1
793,794,9,9,1
793,795,9,10,1
793,796,9,11,1
793,797,9,12,1
793,798,9,13,1
793,799,9,14,1
794,792,9,8,1
794,793,9,9,1
794,795,10,10,1
794,796,10,11,1
794,797,10,12,1
794,798,10,13,1
794,799,10,14,1
795,792,10,8,1
795,793,10,9,1
795,794,10,10,1
795,796,11,11,1
795,797,11,12,1
795,798,11,13,1
795,799,11,14,1
796,792,11,8,1
796,793,11,9,1
796,794,11,10,1
796,795,11,11,1
796,797,12,12,1
796,798,12,13,1
796,799,12,14,1
797,792,12,8,1
797,793,12,9,1
797,794,12,10,1
797,795,12,11,1
797,796,12,12,1
797,798,13,13,1
797,799,13,14,1
798,792,13,8,1
798,793,13,9,1
798,794,13,10,1
798,795,13,11,1
798,796,13,12,1
798,797,13,13,1
798,799,14,14,1
799,792,14,8,1
799,793,14,9,1
799,794,14,10,1
799,795,14,11,1
799,796,14,12,1
799,797,14,13,1
799,798,14,14,1
800..807,0..799,0,0,4
800..807,0..799,1,1,4
800..807,0..799,2,2,4
800..807,0..799,3,3,4
800..807,0..799,4,4,4
800..807,0..799,5,5,4
800..807,0..799,6,6,4
800..807,0..799,7,7,4
800,801,8,8,1
800,802,8,9,1
800,803,8,10,1
800,804,8,11,1
800,805,8,12,1
800,806,8,13,1
800,807,8,14,1
800..807,808..1023,0,0,4
800..807,808..1023,1,1,4
800..807,808..1023,2,2,4
800..807,808..1023,3,3,4
800..807,808..1023,4,4,4
800..807,808..1023,5,5,4
800..807,808..1023,6,6,4
800..807,808..1023,7,7,4
801,800,8,8,1
801,802,9,9,1
801,803,9,10,1
801,804,9,11,1
801,805,9,12,1
801,806,9,13,1
801,807,9,14,1
802,800,9,8,1
802,801,9,9,1
802,803,10,10,1
802,804,10,11,1
802,805,10,12,1
802,806,10,13,1
802,807,10,14,1
803,800,10,8,1
803,801,10,9,1
803,802,10,10,1
803,804,11,11,1
803,805,11,12,1
803,806,11,13,1
803,807,11,14,1
804,800,11,8,1
804,801,11,9,1
804,802,11,10,1
804,803,11,11,1
804,805,12,12,1
804,806,12,13,1
804,807,12,14,1
805,800,12,8,1
805,801,12,9,1
805,802,12,10,1
805,803,12,11,1
805,804,12,12,1
805,806,13,13,1
805,807,13,14,1
806,800,13,8,1
806,801,13,9,1
806,802,13,10,1
806,803,13,11,1
806,804,13,12,1
806,805,13,13,1
806,807,14,14,1
807,800,14,8,1
807,801,14,9,1
807,802,14,10,1
807,803,14,11,1
807,804,14,12,1
807,805,14,13,1
807,806,14,14,1
808..815,0..807,0,0,4
808..815,0..807,1,1,4
808..815,0..807,2,2,4
808..815,0..807,3,3,4
808..815,0..807,4,4,4
808..815,0..807,5,5,4
808..815,0..807,6,6,4
808..815,0..807,7,7,4
808,809,8,8,1
808,810,8,9,1
808,811,8,10,1
808,812,8,11,1
808,813,8,12,1
808,814,8,13,1
808,815,8,14,1
808..815,816..1023,0,0,4
808..815,816..1023,1,1,4
808..815,816..1023,2,2,4
808..815,816..1023,3,3,4
808..815,816..1023,4,4,4
808..815,816..1023,5,5,4
808..815,816..1023,6,6,4
808..815,816..1023,7,7,4
809,808,8,8,1
809,810,9,9,1
809,811,9,10,1
809,812,9,11,1
809,813,9,12,1
809,814,9,13,1
809,815,9,14,1
810,808,9,8,1
810,809,9,9,1
810,811,10,10,1
810,812,10,11,1
810,813,10,12,1
810,814,10,13,1
810,815,10,14,1
811,808,10,8,1
811,809,10,9,1
811,810,10,10,1
811,812,11,11,1
811,813,11,12,1
811,814,11,13,1
811,815,11,14,1
812,808,11,8,1
812,809,11,9,1
812,810,11,10,1
812,811,11,11,1
812,813,12,12,1
812,814,12,13,1
812,815,12,14,1
813,808,12,8,1
813,809,12,9,1
813,810,12,10,1
813,811,12,11,1
813,812,12,12,1
813,814,13,13,1
813,815,13,14,1
814,808,13,8,1
814,809,13,9,1
814,810,13,10,1
814,811,13,11,1
814,812,13,12,1
814,813,13,13,1
814,815,14,14,1
815,808,14,8,1
815,809,14,9,1
815,810,14,10,1
815,811,14,11,1
815,812,14,12,1
815,813,14,13,1
815,814,14,14,1
816..823,0..815,0,0,4
816..823,0..815,1,1,4
816..823,0..815,2,2,4
816..823,0..815,3,3,4
816..823,0..815,4,4,4
816..823,0..815,5,5,4
816..823,0..815,6,6,4
816..823,0..815,7,7,4
816,817,8,8,1
816,818,8,9,1
816,819,8,10,1
816,820,8,11,1
816,821,8,12,1
816,822,8,13,1
816,823,8,14,1
816..823,824..1023,0,0,4
816..823,824..1023,1,1,4
816..823,824..1023,2,2,4
816..823,824..1023,3,3,4
816..823,824..1023,4,4,4
816..823,824..1023,5,5,4
816..823,824..1023,6,6,4
816..823,824..1023,7,7,4
817,816,8,8,1
817,818,9,9,1
817,819,9,10,1
817,820,9,11,1
817,821,9,12,1
817,822,9,13,1
817,823,9,14,1
818,816,9,8,1
818,817,9,9,1
818,819,10,10,1
818,820,10,11,1
818,821,10,12,1
818,822,10,13,1
818,823,10,14,1
819,816,10,8,1
819,817,10,9,1
819,818,10,10,1
819,820,11,11,1
819,821,11,12,1
819,822,11,13,1
819,823,11,14,1
820,816,11,8,1
820,817,11,9,1
820,818,11,10,1
820,819,11,11,1
820,821,12,12,1
820,822,12,13,1
820,823,12,14,1
821,816,12,8,1
821,817,12,9,1
821,818,12,10,1
821,819,12,11,1
821,820,12,12,1
821,822,13,13,1
821,823,13,14,1
822,816,13,8,1
822,817,13,9,1
822,818,13,10,1
822,819,13,11,1
822,820,13,12,1
822,821,13,13,1
822,823,14,14,1
823,816,14,8,1
823,817,14,9,1
823,818,14,10,1
823,819,14,11,1
823,820,14,12,1
823,821,14,13,1
823,822,14,14,1
824..831,0..823,0,0,4
824..831,0..823,1,1,4
824..831,0..823,2,2,4
824..831,0..823,3,3,4
824..831,0..823,4,4,4
824..831,0..823,5,5,4
824..831,0..823,6,6,4
824..831,0..823,7,7,4
824,825,8,8,1
824,826,8,9,1
824,827,8,10,1
824,828,8,11,1
824,829,8,12,1
824,830,8,13,1
824,831,8,14,1
824..831,832..1023,0,0,4
824..831,832..1023,1,1,4
824..831,832..1023,2,2,4
824..831,832..1023,3,3,4
824..831,832..1023,4,4,4
824..831,832..1023,5,5,4
824..831,832..1023,6,6,4
824..831,832..1023,7,7,4
825,824,8,8,1
825,826,9,9,1
825,827,9,10,1
825,828,9,11,1
825,829,9,12,1
825,830,9,13,1
825,831,9,14,1
826,824,9,8,1
826,825,9,9,1
826,827,10,10,1
826,828,10,11,1
826,829,10,12,1
826,830,10,13,1
826,831,10,14,1
827,824,10,8,1
827,825,10,9,1
827,826,10,10,1
827,828,11,11,1
827,829,11,12,1
827,830,11,13,1
827,831,11,14,1
828,824,11,8,1
828,825,11,9,1
828,826,11,10,1
828,827,11,11,1
828,829,12,12,1
828,830,12,13,1
828,831,12,14,1
829,824,12,8,1
829,825,12,9,1
829,826,12,10,1
829,827,12,11,1
829,828,12,12,1
829,830,13,13,1
829,831,13,14,1
830,824,13,8,1
830,825,13,9,1
830,826,13,10,1
830,827,13,11,1
830,828,13,12,1
830,829,13,13,1
830,831,14,14,1
831,824,14,8,1
831,825,14,9,1
831,826,14,10,1
831,827,14,11,1
831,828,14,12,1
831,829,14,13,1
831,830,14,14,1
832..839,0..831,0,0,4
832..839,0..831,1,1,4
832..839,0..831,2,2,4
832..839,0..831,3,3,4
832..839,0..831,4,4,4
832..839,0..831,5,5,4
832..839,0..831,6,6,4
832..839,0..831,7,7,4
832,833,8,8,1
832,834,8,9,1
832,835,8,10,1
832,836,8,11,1
832,837,8,12,1
832,838,8,13,1
832,839,8,14,1
832..839,840..1023,0,0,4
832..839,840..1023,1,1,4
832..839,840..1023,2,2,4
832..839,840..1023,3,3,4
832..839,840..1023,4,4,4
832..839,840..1023,5,5,4
832..839,840..1023,6,6,4
832..839,840..1023,7,7,4
833,832,8,8,1
833,834,9,9,1
833,835,9,10,1
833,836,9,11,1
833,837,9,12,1
833,838,9,13,1
833,839,9,14,1
834,832,9,8,1
834,833,9,9,1
834,835,10,10,1
834,836,10,11,1
834,837,10,12,1
834,838,10,13,1
834,839,10,14,1
835,832,10,8,1
835,833,10,9,1
835,834,10,10,1
835,836,11,11,1
835,837,11,12,1
835,838,11,13,1
835,839,11,14,1
836,832,11,8,1
836,833,11,9,1
836,834,11,10,1
836,835,11,11,1
836,837,12,12,1
836,838,12,13,1
836,839,12,14,1
837,832,12,8,1
837,833,12,9,1
837,834,12,10,1
837,835,12,11,1
837,836,12,12,1
837,838,13,13,1
837,839,13,14,1
838,832,13,8,1
838,833,13,9,1
838,834,13,10,1
838,835,13,11,1
838,836,13,12,1
838,837,13,13,1
838,839,14,14,1
839,832,14,8,1
839,833,14,9,1
839,834,14,10,1
839,835,14,11,1
839,836,14,12,1
839,837,14,13,1
839,838,14,14,1
840..847,0..839,0,0,4
840..847,0..839,1,1,4
840..847,0..839,2,2,4
840..847,0..839,3,3,4
840..847,0..839,4,4,4
840..847,0..839,5,5,4
840..847,0..839,6,6,4
840..847,0..839,7,7,4
840,841,8,8,1
840,842,8,9,1
840,843,8,10,1
840,844,8,11,1
840,845,8,12,1
840,846,8,13,1
840,847,8,14,1
840..847,848..1023,0,0,4
840..847,848..1023,1,1,4
840..847,848..1023,2,2,4
840..847,848..1023,3,3,4
840..847,848..1023,4,4,4
840..847,848..1023,5,5,4
840..847,848..1023,6,6,4
840..847,848..1023,7,7,4
841,840,8,8,1
841,842,9,9,1
841,843,9,10,1
841,844,9,11,1
841,845,9,12,1
841,846,9,13,1
841,847,9,14,1
842,840,9,8,1
842,841,9,9,1
842,843,10,10,1
842,844,10,11,1
842,845,10,12,1
842,846,10,13,1
842,847,10,14,1
843,840,10,8,1
843,841,10,9,1
843,842,10,10,1
843,844,11,11,1
843,845,11,12,1
843,846,11,13,1
843,847,11,14,1
844,840,11,8,1
844,841,11,9,1
844,842,11,10,1
844,843,11,11,1
844,845,12,12,1
844,846,12,13,1
844,847,12,14,1
845,840,12,8,1
845,841,12,9,1
845,842,12,10,1
845,843,12,11,1
845,844,12,12,1
845,846,13,13,1
845,847,13,14,1
846,840,13,8,1
846,841,13,9,1
846,842,13,10,1
846,843,13,11,1
846,844,13,12,1
846,845,13,13,1
846,847,14,14,1
847,840,14,8,1
847,841,14,9,1
847,842,14,10,1
847,843,14,11,1
847,844,14,12,1
847,845,14,13,1
847,846,14,14,1
848..855,0..847,0,0,4
848..855,0..847,1,1,4
848..855,0..847,2,2,4
848..855,0..847,3,3,4
848..855,0..847,4,4,4
848..855,0..847,5,5,4
848..855,0..847,6,6,4
848..855,0..847,7,7,4
848,849,8,8,1
848,850,8,9,1
848,851,8,10,1
848,852,8,11,1
848,853,8,12,1
848,854,8,13,1
848,855,8,14,1
848..855,856..1023,0,0,4
848..855,856..1023,1,1,4
848..855,856..1023,2,2,4
848..855,856..1023,3,3,4
848..855,856..1023,4,4,4
848..855,856..1023,5,5,4
848..855,856..1023,6,6,4
848..855,856..1023,7,7,4
849,848,8,8,1
849,850,9,9,1
849,851,9,10,1
849,852,9,11,1
849,853,9,12,1
849,854,9,13,1
849,855,9,14,1
850,848,9,8,1
850,849,9,9,1
850,851,10,10,1
850,852,10,11,1
850,853,10,12,1
850,854,10,13,1
850,855,10,14,1
851,848,10,8,1
851,849,10,9,1
851,850,10,10,1
851,852,11,11,1
851,853,11,12,1
851,854,11,13,1
851,855,11,14,1
852,848,11,8,1
852,849,11,9,1
852,850,11,10,1
852,851,11,11,1
852,853,12,12,1
852,854,12,13,1
852,855,12,14,1
853,848,12,8,1
853,849,12,9,1
853,850,12,10,1
853,851,12,11,1
853,852,12,12,1
853,854,13,13,1
853,855,13,14,1
854,848,13,8,1
854,849,13,9,1
854,850,13,10,1
854,851,13,11,1
854,852,13,12,1
854,853,13,13,1
854,855,14,14,1
855,848,14,8,1
855,849,14,9,1
855,850,14,10,1
855,851,14,11,1
855,852,14,12,1
855,853,14,13,1
855,854,14,14,1
856..863,0..855,0,0,4
856..863,0..855,1,1,4
856..863,0..855,2,2,4
856..863,0..855,3,3,4
856..863,0..855,4,4,4
856..863,0..855,5,5,4
856..863,0..855,6,6,4
856..863,0..855,7,7,4
856,857,8,8,1
856,858,8,9,1
856,859,8,10,1
856,860,8,11,1
856,861,8,12,1
856,862,8,13,1
856,863,8,14,1
856..863,864..1023,0,0,4
856..863,864..1023,1,1,4
856..863,864..1023,2,2,4
856..863,864..1023,3,3,4
856..863,864..1023,4,4,4
856..863,864..1023,5,5,4
856..863,864..1023,6,6,4
856..863,864..1023,7,7,4
857,856,8,8,1
857,858,9,9,1
857,859,9,10,1
857,860,9,11,1
857,861,9,12,1
857,862,9,13,1
857,863,9,14,1
858,856,9,8,1
858,857,9,9,1
858,859,10,10,1
858,860,10,11,1
858,861,10,12,1
858,862,10,13,1
858,863,10,14,1
859,856,10,8,1
859,857,10,9,1
859,858,10,10,1
859,860,11,11,1
859,861,11,12,1
859,862,11,13,1
859,863,11,14,1
860,856,11,8,1
860,857,11,9,1
860,858,11,10,1
860,859,11,11,1
860,861,12,12,1
860,862,12,13,1
860,863,12,14,1
861,856,12,8,1
861,857,12,9,1
861,858,12,10,1
861,859,12,11,1
861,860,12,12,1
861,862,13,13,1
861,863,13,14,1
862,856,13,8,1
862,857,13,9,1
862,858,13,10,1
862,859,13,11,1
862,860,13,12,1
862,861,13,13,1
862,863,14,14,1
863,856,14,8,1
863,857,14,9,1
863,858,14,10,1
863,859,14,11,1
863,860,14,12,1
863,861,14,13,1
863,862,14,14,1
864..871,0..863,0,0,4
864..871,0..863,1,1,4
864..871,0..863,2,2,4
864..871,0..863,3,3,4
864..871,0..863,4,4,4
864..871,0..863,5,5,4
864..871,0..863,6,6,4
864..871,0..863,7,7,4
864,865,8,8,1
864,866,8,9,1
864,867,8,10,1
864,868,8,11,1
864,869,8,12,1
864,870,8,13,1
864,871,8,14,1
864..871,872..1023,0,0,4
864..871,872..1023,1,1,4
864..871,872..1023,2,2,4
864..871,872..1023,3,3,4
864..871,872..1023,4,4,4
864..871,872..1023,5,5,4
864..871,872..1023,6,6,4
864..871,872..1023,7,7,4
865,864,8,8,1
865,866,9,9,1
865,867,9,10,1
865,868,9,11,1
865,869,9,12,1
865,870,9,13,1
865,871,9,14,1
866,864,9,8,1
866,865,9,9,1
866,867,10,10,1
866,868,10,11,1
866,869,10,12,1
866,870,10,13,1
866,871,10,14,1
867,864,10,8,1
867,865,10,9,1
867,866,10,10,1
867,868,11,11,1
867,869,11,12,1
867,870,11,13,1
867,871,11,14,1
868,864,11,8,1
868,865,11,9,1
868,866,11,10,1
868,867,11,11,1
868,869,12,12,1
868,870,12,13,1
868,871,12,14,1
869,864,12,8,1
869,865,12,9,1
869,866,12,10,1
869,867,12,11,1
869,868,12,12,1
869,870,13,13,1
869,871,13,14,1
870,864,13,8,1
870,865,13,9,1
870,866,13,10,1
870,867,13,11,1
870,868,13,12,1
870,869,13,13,1
870,871,14,14,1
871,864,14,8,1
871,865,14,9,1
871,866,14,10,1
871,867,14,11,1
871,868,14,12,1
871,869,14,13,1
871,870,14,14,1
872..879,0..871,0,0,4
872..879,0..871,1,1,4
872..879,0..871,2,2,4
872..879,0..871,3,3,4
872..879,0..871,4,4,4
872..879,0..871,5,5,4
872..879,0..871,6,6,4
872..879,0..871,7,7,4
872,873,8,8,1
872,874,8,9,1
872,875,8,10,1
872,876,8,11,1
872,877,8,12,1
872,878,8,13,1
872,879,8,14,1
872..879,880..1023,0,0,4
872..879,880..1023,1,1,4
872..879,880..1023,2,2,4
872..879,880..1023,3,3,4
872..879,880..1023,4,4,4
872..879,880..1023,5,5,4
872..879,880..1023,6,6,4
872..879,880..1023,7,7,4
873,872,8,8,1
873,874,9,9,1
873,875,9,10,1
873,876,9,11,1
873,877,9,12,1
873,878,9,13,1
873,879,9,14,1
874,872,9,8,1
874,873,9,9,1
874,875,10,10,1
874,876,10,11,1
874,877,10,12,1
874,878,10,13,1
874,879,10,14,1
875,872,10,8,1
875,873,10,9,1
875,874,10,10,1
875,876,11,11,1
875,877,11,12,1
875,878,11,13,1
875,879,11,14,1
876,872,11,8,1
876,873,11,9,1
876,874,11,10,1
876,875,11,11,1
876,877,12,12,1
876,878,12,13,1
876,879,12,14,1
877,872,12,8,1
877,873,12,9,1
877,874,12,10,1
877,875,12,11,1
877,876,12,12,1
877,878,13,13,1
877,879,13,14,1
878,872,13,8,1
878,873,13,9,1
878,874,13,10,1
878,875,13,11,1
878,876,13,12,1
878,877,13,13,1
878,879,14,14,1
879,872,14,8,1
879,873,14,9,1
879,874,14,10,1
879,875,14,11,1
879,876,14,12,1
879,877,14,13,1
879,878,14,14,1
880..887,0..879,0,0,4
880..887,0..879,1,1,4
880..887,0..879,2,2,4
880..887,0..879,3,3,4
880..887,0..879,4,4,4
880..887,0..879,5,5,4
880..887,0..879,6,6,4
880..887,0..879,7,7,4
880,881,8,8,1
880,882,8,9,1
880,883,8,10,1
880,884,8,11,1
880,885,8,12,1
880,886,8,13,1
880,887,8,14,1
880..887,888..1023,0,0,4
880..887,888..1023,1,1,4
880..887,888..1023,2,2,4
880..887,888..1023,3,3,4
880..887,888..1023,4,4,4
880..887,888..1023,5,5,4
880..887,888..1023,6,6,4
880..887,888..1023,7,7,4
881,880,8,8,1
881,882,9,9,1
881,883,9,10,1
881,884,9,11,1
881,885,9,12,1
881,886,9,13,1
881,887,9,14,1
882,880,9,8,1
882,881,9,9,1
882,883,10,10,1
882,884,10,11,1
882,885,10,12,1
882,886,10,13,1
882,887,10,14,1
883,880,10,8,1
883,881,10,9,1
883,882,10,10,1
883,884,11,11,1
883,885,11,12,1
883,886,11,13,1
883,887,11,14,1
884,880,11,8,1
884,881,11,9,1
884,882,11,10,1
884,883,11,11,1
884,885,12,12,1
884,886,12,13,1
884,887,12,14,1
885,880,12,8,1
885,881,12,9,1
885,882,12,10,1
885,883,12,11,1
885,884,12,12,1
885,886,13,13,1
885,887,13,14,1
886,880,13,8,1
886,881,13,9,1
886,882,13,10,1
886,883,13,11,1
886,884,13,12,1
886,885,13,13,1
886,887,14,14,1
887,880,14,8,1
887,881,14,9,1
887,882,14,10,1
887,883,14,11,1
887,884,14,12,1
887,885,14,13,1
887,886,14,14,1
888..895,0..887,0,0,4
888..895,0..887,1,1,4
888..895,0..887,2,2,4
888..895,0..887,3,3,4
888..895,0..887,4,4,4
888..895,0..887,5,5,4
888..895,0..887,6,6,4
888..895,0..887,7,7,4
888,889,8,8,1
888,890,8,9,1
888,891,8,10,1
888,892,8,11,1
888,893,8,12,1
888,894,8,13,1
888,895,8,14,1
888..895,896..1023,0,0,4
888..895,896..1023,1,1,4
888..895,896..1023,2,2,4
888..895,896..1023,3,3,4
888..895,896..1023,4,4,4
888..895,896..1023,5,5,4
888..895,896..1023,6,6,4
888..895,896..1023,7,7,4
889,888,8,8,1
889,890,9,9,1
889,891,9,10,1
889,892,9,11,1
889,893,9,12,1
889,894,9,13,1
889,895,9,14,1
890,888,9,8,1
890,889,9,9,1
890,891,10,10,1
890,892,10,11,1
890,893,10,12,1
890,894,10,13,1
890,895,10,14,1
891,888,10,8,1
891,889,10,9,1
891,890,10,10,1
891,892,11,11,1
891,893,11,12,1
891,894,11,13,1
891,895,11,14,1
892,888,11,8,1
892,889,11,9,1
892,890,11,10,1
892,891,11,11,1
892,893,12,12,1
892,894,12,13,1
892,895,12,14,1
893,888,12,8,1
893,889,12,9,1
893,890,12,10,1
893,891,12,11,1
893,892,12,12,1
893,894,13,13,1
893,895,13,14,1
894,888,13,8,1
894,889,13,9,1
894,890,13,10,1
894,891,13,11,1
894,892,13,12,1
894,893,13,13,1
894,895,14,14,1
895,888,14,8,1
895,889,14,9,1
895,890,14,10,1
895,891,14,11,1
895,892,14,12,1
895,893,14,13,1
895,894,14,14,1
896..903,0..895,0,0,4
896..903,0..895,1,1,4
896..903,0..895,2,2,4
896..903,0..895,3,3,4
896..903,0..895,4,4,4
896..903,0..895,5,5,4
896..903,0..895,6,6,4
896..903,0..895,7,7,4
896,897,8,8,1
896,898,8,9,1
896,899,8,10,1
896,900,8,11,1
896,901,8,12,1
896,902,8,13,1
896,903,8,14,1
896..903,904..1023,0,0,4
896..903,904..1023,1,1,4
896..903,904..1023,2,2,4
896..903,904..1023,3,3,4
896..903,904..1023,4,4,4
896..903,904..1023,5,5,4
896..903,904..1023,6,6,4
896..903,904..1023,7,7,4
897,896,8,8,1
897,898,9,9,1
897,899,9,10,1
897,900,9,11,1
897,901,9,12,1
897,902,9,13,1
897,903,9,14,1
898,896,9,8,1
898,897,9,9,1
898,899,10,10,1
898,900,10,11,1
898,901,10,12,1
898,902,10,13,1
898,903,10,14,1
899,896,10,8,1
899,897,10,9,1
899,898,10,10,1
899,900,11,11,1
899,901,11,12,1
899,902,11,13,1
899,903,11,14,1
900,896,11,8,1
900,897,11,9,1
900,898,11,10,1
900,899,11,11,1
900,901,12,12,1
900,902,12,13,1
900,903,12,14,1
901,896,12,8,1
901,897,12,9,1
901,898,12,10,1
901,899,12,11,1
901,900,12,12,1
901,902,13,13,1
901,903,13,14,1
902,896,13,8,1
902,897,13,9,1
902,898,13,10,1
902,899,13,11,1
902,900,13,12,1
902,901,13,13,1
902,903,14,14,1
903,896,14,8,1
903,897,14,9,1
903,898,14,10,1
903,899,14,11,1
903,900,14,12,1
903,901,14,13,1
903,902,14,14,1
904..911,0..903,0,0,4
904..911,0..903,1,1,4
904..911,0..903,2,2,4
904..911,0..903,3,3,4
904..911,0..903,4,4,4
904..911,0..903,5,5,4
904..911,0..903,6,6,4
904..911,0..903,7,7,4
904,905,8,8,1
904,906,8,9,1
904,907,8,10,1
904,908,8,11,1
904,909,8,12,1
904,910,8,13,1
904,911,8,14,1
904..911,912..1023,0,0,4
904..911,912..1023,1,1,4
904..911,912..1023,2,2,4
904..911,912..1023,3,3,4
904..911,912..1023,4,4,4
904..911,912..1023,5,5,4
904..911,912..1023,6,6,4
904..911,912..1023,7,7,4
905,904,8,8,1
905,906,9,9,1
905,907,9,10,1
905,908,9,11,1
905,909,9,12,1
905,910,9,13,1
905,911,9,14,1
906,904,9,8,1
906,905,9,9,1
906,907,10,10,1
906,908,10,11,1
906,909,10,12,1
906,910,10,13,1
906,911,10,14,1
907,904,10,8,1
907,905,10,9,1
907,906,10,10,1
907,908,11,11,1
907,909,11,12,1
907,910,11,13,1
907,911,11,14,1
908,904,11,8,1
908,905,11,9,1
908,906,11,10,1
908,907,11,11,1
908,909,12,12,1
908,910,12,13,1
908,911,12,14,1
909,904,12,8,1
909,905,12,9,1
909,906,12,10,1
909,907,12,11,1
909,908,12,12,1
909,910,13,13,1
909,911,13,14,1
910,904,13,8,1
910,905,13,9,1
910,906,13,10,1
910,907,13,11,1
910,908,13,12,1
910,909,13,13,1
910,911,14,14,1
911,904,14,8,1
911,905,14,9,1
911,906,14,10,1
911,907,14,11,1
911,908,14,12,1
911,909,14,13,1
911,910,14,14,1
912..919,0..911,0,0,4
912..919,0..911,1,1,4
912..919,0..911,2,2,4
912..919,0..911,3,3,4
912..919,0..911,4,4,4
912..919,0..911,5,5,4
912..919,0..911,6,6,4
912..919,0..911,7,7,4
912,913,8,8,1
912,914,8,9,1
912,915,8,10,1
912,916,8,11,1
912,917,8,12,1
912,918,8,13,1
912,919,8,14,1
912..919,920..1023,0,0,4
912..919,920..1023,1,1,4
912..919,920..1023,2,2,4
912..919,920..1023,3,3,4
912..919,920..1023,4,4,4
912..919,920..1023,5,5,4
912..919,920..1023,6,6,4
912..919,920..1023,7,7,4
913,912,8,8,1
913,914,9,9,1
913,915,9,10,1
913,916,9,11,1
913,917,9,12,1
913,918,9,13,1
913,919,9,14,1
914,912,9,8,1
914,913,9,9,1
914,915,10,10,1
914,916,10,11,1
914,917,10,12,1
914,918,10,13,1
914,919,10,14,1
915,912,10,8,1
915,913,10,9,1
915,914,10,10,1
915,916,11,11,1
915,917,11,12,1
915,918,11,13,1
915,919,11,14,1
916,912,11,8,1
916,913,11,9,1
916,914,11,10,1
916,915,11,11,1
916,917,12,12,1
916,918,12,13,1
916,919,12,14,1
917,912,12,8,1
917,913,12,9,1
917,914,12,10,1
917,915,12,11,1
917,916,12,12,1
917,918,13,13,1
917,919,13,14,1
918,912,13,8,1
918,913,13,9,1
918,914,13,10,1
918,915,13,11,1
918,916,13,12,1
918,917,13,13,1
918,919,14,14,1
919,912,14,8,1
919,913,14,9,1
919,914,14,10,1
919,915,14,11,1
919,916,14,12,1
919,917,14,13,1
919,918,14,14,1
920..927,0..919,0,0,4
920..927,0..919,1,1,4
920..927,0..919,2,2,4
920..927,0..919,3,3,4
920..927,0..919,4,4,4
920..927,0..919,5,5,4
920..927,0..919,6,6,4
920..927,0..919,7,7,4
920,921,8,8,1
920,922,8,9,1
920,923,8,10,1
920,924,8,11,1
920,925,8,12,1
920,926,8,13,1
920,927,8,14,1
920..927,928..1023,0,0,4
920..927,928..1023,1,1,4
920..927,928..1023,2,2,4
920..927,928..1023,3,3,4
920..927,928..1023,4,4,4
920..927,928..1023,5,5,4
920..927,928..1023,6,6,4
920..927,928..1023,7,7,4
921,920,8,8,1
921,922,9,9,1
921,923,9,10,1
921,924,9,11,1
921,925,9,12,1
921,926,9,13,1
921,927,9,14,1
922,920,9,8,1
922,921,9,9,1
922,923,10,10,1
922,924,10,11,1
922,925,10,12,1
922,926,10,13,1
922,927,10,14,1
923,920,10,8,1
923,921,10,9,1
923,922,10,10,1
923,924,11,11,1
923,925,11,12,1
923,926,11,13,1
923,927,11,14,1
924,920,11,8,1
924,921,11,9,1
924,922,11,10,1
924,923,11,11,1
924,925,12,12,1
924,926,12,13,1
924,927,12,14,1
925,920,12,8,1
925,921,12,9,1
925,922,12,10,1
925,923,12,11,1
925,924,12,12,1
925,926,13,13,1
925,927,13,14,1
926,920,13,8,1
926,921,13,9,1
926,922,13,10,1
926,923,13,11,1
926,924,13,12,1
926,925,13,13,1
926,927,14,14,1
927,920,14,8,1
927,921,14,9,1
927,922,14,10,1
927,923,14,11,1
927,924,14,12,1
927,925,14,13,1
927,926,14,14,1
928..935,0..927,0,0,4
928..935,0..927,1,1,4
928..935,0..927,2,2,4
928..935,0..927,3,3,4
928..935,0..927,4,4,4
928..935,0..927,5,5,4
928..935,0..927,6,6,4
928..935,0..927,7,7,4
928,929,8,8,1
928,930,8,9,1
928,931,8,10,1
928,932,8,11,1
928,933,8,12,1
928,934,8,13,1
928,935,8,14,1
928..935,936..1023,0,0,4
928..935,936..1023,1,1,4
928..935,936..1023,2,2,4
928..935,936..1023,3,3,4
928..935,936..1023,4,4,4
928..935,936..1023,5,5,4
928..935,936..1023,6,6,4
928..935,936..1023,7,7,4
929,928,8,8,1
929,930,9,9,1
929,931,9,10,1
929,932,9,11,1
929,933,9,12,1
929,934,9,13,1
929,935,9,14,1
930,928,9,8,1
930,929,9,9,1
930,931,10,10,1
930,932,10,11,1
930,933,10,12,1
930,934,10,13,1
930,935,10,14,1
931,928,10,8,1
931,929,10,9,1
931,930,10,10,1
931,932,11,11,1
931,933,11,12,1
931,934,11,13,1
931,935,11,14,1
932,928,11,8,1
932,929,11,9,1
932,930,11,10,1
932,931,11,11,1
932,933,12,12,1
932,934,12,13,1
932,935,12,14,1
933,928,12,8,1
933,929,12,9,1
933,930,12,10,1
933,931,12,11,1
933,932,12,12,1
933,934,13,13,1
933,935,13,14,1
934,928,13,8,1
934,929,13,9,1
934,930,13,10,1
934,931,13,11,1
934,932,13,12,1
934,933,13,13,1
934,935,14,14,1
935,928,14,8,1
935,929,14,9,1
935,930,14,10,1
935,931,14,11,1
935,932,14,12,1
935,933,14,13,1
935,934,14,14,1
936..943,0..935,0,0,4
936..943,0..935,1,1,4
936..943,0..935,2,2,4
936..943,0..935,3,3,4
936..943,0..935,4,4,4
936..943,0..935,5,5,4
936..943,0..935,6,6,4
936..943,0..935,7,7,4
936,937,8,8,1
936,938,8,9,1
936,939,8,10,1
936,940,8,11,1
936,941,8,12,1
936,942,8,13,1
936,943,8,14,1
936..943,944..1023,0,0,4
936..943,944..1023,1,1,4
936..943,944..1023,2,2,4
936..943,944..1023,3,3,4
936..943,944..1023,4,4,4
936..943,944..1023,5,5,4
936..943,944..1023,6,6,4
936..943,944..1023,7,7,4
937,936,8,8,1
937,938,9,9,1
937,939,9,10,1
937,940,9,11,1
937,941,9,12,1
937,942,9,13,1
937,943,9,14,1
938,936,9,8,1
938,937,9,9,1
938,939,10,10,1
938,940,10,11,1
938,941,10,12,1
938,942,10,13,1
938,943,10,14,1
939,936,10,8,1
939,937,10,9,1
939,938,10,10,1
939,940,11,11,1
939,941,11,12,1
939,942,11,13,1
939,943,11,14,1
940,936,11,8,1
940,937,11,9,1
940,938,11,10,1
940,939,11,11,1
940,941,12,12,1
940,942,12,13,1
940,943,12,14,1
941,936,12,8,1
941,937,12,9,1
941,938,12,10,1
941,939,12,11,1
941,940,12,12,1
941,942,13,13,1
941,943,13,14,1
942,936,13,8,1
942,937,13,9,1
942,938,13,10,1
942,939,13,11,1
942,940,13,12,1
942,941,13,13,1
942,943,14,14,1
943,936,14,8,1
943,937,14,9,1
943,938,14,10,1
943,939,14,11,1
943,940,14,12,1
943,941,14,13,1
943,942,14,14,1
944..951,0..943,0,0,4
944..951,0..943,1,1,4
944..951,0..943,2,2,4
944..951,0..943,3,3,4
944..951,0..943,4,4,4
944..951,0..943,5,5,4
944..951,0..943,6,6,4
944..951,0..943,7,7,4
944,945,8,8,1
944,946,8,9,1
944,947,8,10,1
944,948,8,11,1
944,949,8,12,1
944,950,8,13,1
944,951,8,14,1
944..951,952..1023,0,0,4
944..951,952..1023,1,1,4
944..951,952..1023,2,2,4
944..951,952..1023,3,3,4
944..951,952..1023,4,4,4
944..951,952..1023,5,5,4
944..951,952..1023,6,6,4
944..951,952..1023,7,7,4
945,944,8,8,1
945,946,9,9,1
945,947,9,10,1
945,948,9,11,1
945,949,9,12,1
945,950,9,13,1
945,951,9,14,1
946,944,9,8,1
946,945,9,9,1
946,947,10,10,1
946,948,10,11,1
946,949,10,12,1
946,950,10,13,1
946,951,10,14,1
947,944,10,8,1
947,945,10,9,1
947,946,10,10,1
947,948,11,11,1
947,949,11,12,1
947,950,11,13,1
947,951,11,14,1
948,944,11,8,1
948,945,11,9,1
948,946,11,10,1
948,947,11,11,1
948,949,12,12,1
948,950,12,13,1
948,951,12,14,1
949,944,12,8,1
949,945,12,9,1
949,946,12,10,1
949,947,12,11,1
949,948,12,12,1
949,950,13,13,1
949,951,13,14,1
950,944,13,8,1
950,945,13,9,1
950,946,13,10,1
950,947,13,11,1
950,948,13,12,1
950,949,13,13,1
950,951,14,14,1
951,944,14,8,1
951,945,14,9,1
951,946,14,10,1
951,947,14,11,1
951,948,14,12,1
951,949,14,13,1
951,950,14,14,1
952..959,0..951,0,0,4
952..959,0..951,1,1,4
952..959,0..951,2,2,4
952..959,0..951,3,3,4
952..959,0..951,4,4,4
952..959,0..951,5,5,4
952..959,0..951,6,6,4
952..959,0..951,7,7,4
952,953,8,8,1
952,954,8,9,1
952,955,8,10,1
952,956,8,11,1
952,957,8,12,1
952,958,8,13,1
952,959,8,14,1
952..959,960..1023,0,0,4
952..959,960..1023,1,1,4
952..959,960..1023,2,2,4
952..959,960..1023,3,3,4
952..959,960..1023,4,4,4
952..959,960..1023,5,5,4
952..959,960..1023,6,6,4
952..959,960..1023,7,7,4
953,952,8,8,1
953,954,9,9,1
953,955,9,10,1
953,956,9,11,1
953,957,9,12,1
953,958,9,13,1
953,959,9,14,1
954,952,9,8,1
954,953,9,9,1
954,955,10,10,1
954,956,10,11,1
954,957,10,12,1
954,958,10,13,1
954,959,10,14,1
955,952,10,8,1
955,953,10,9,1
955,954,10,10,1
955,956,11,11,1
955,957,11,12,1
955,958,11,13,1
955,959,11,14,1
956,952,11,8,1
956,953,11,9,1
956,954,11,10,1
956,955,11,11,1
956,957,12,12,1
956,958,12,13,1
956,959,12,14,1
957,952,12,8,1
957,953,12,9,1
957,954,12,10,1
957,955,12,11,1
957,956,12,12,1
957,958,13,13,1
957,959,13,14,1
958,952,13,8,1
958,953,13,9,1
958,954,13,10,1
958,955,13,11,1
958,956,13,12,1
958,957,13,13,1
958,959,14,14,1
959,952,14,8,1
959,953,14,9,1
959,954,14,10,1
959,955,14,11,1
959,956,14,12,1
959,957,14,13,1
959,958,14,14,1
960..967,0..959,0,0,4
960..967,0..959,1,1,4
960..967,0..959,2,2,4
960..967,0..959,3,3,4
960..967,0..959,4,4,4
960..967,0..959,5,5,4
960..967,0..959,6,6,4
960..967,0..959,7,7,4
960,961,8,8,1
960,962,8,9,1
960,963,8,10,1
960,964,8,11,1
960,965,8,12,1
960,966,8,13,1
960,967,8,14,1
960..967,968..1023,0,0,4
960..967,968..1023,1,1,4
960..967,968..1023,2,2,4
960..967,968..1023,3,3,4
960..967,968..1023,4,4,4
960..967,968..1023,5,5,4
960..967,968..1023,6,6,4
960..967,968..1023,7,7,4
961,960,8,8,1
961,962,9,9,1
961,963,9,10,1
961,964,9,11,1
961,965,9,12,1
961,966,9,13,1
961,967,9,14,1
962,960,9,8,1
962,961,9,9,1
962,963,10,10,1
962,964,10,11,1
962,965,10,12,1
962,966,10,13,1
962,967,10,14,1
963,960,10,8,1
963,961,10,9,1
963,962,10,10,1
963,964,11,11,1
963,965,11,12,1
963,966,11,13,1
963,967,11,14,1
964,960,11,8,1
964,961,11,9,1
964,962,11,10,1
964,963,11,11,1
964,965,12,12,1
964,966,12,13,1
964,967,12,14,1
965,960,12,8,1
965,961,12,9,1
965,962,12,10,1
965,963,12,11,1
965,964,12,12,1
965,966,13,13,1
965,967,13,14,1
966,960,13,8,1
966,961,13,9,1
966,962,13,10,1
966,963,13,11,1
966,964,13,12,1
966,965,13,13,1
966,967,14,14,1
967,960,14,8,1
967,961,14,9,1
967,962,14,10,1
967,963,14,11,1
967,964,14,12,1
967,965,14,13,1
967,966,14,14,1
968..975,0..967,0,0,4
968..975,0..967,1,1,4
968..975,0..967,2,2,4
968..975,0..967,3,3,4
968..975,0..967,4,4,4
968..975,0..967,5,5,4
968..975,0..967,6,6,4
968..975,0..967,7,7,4
968,969,8,8,1
968,970,8,9,1
968,971,8,10,1
968,972,8,11,1
968,973,8,12,1
968,974,8,13,1
968,975,8,14,1
968..975,976..1023,0,0,4
968..975,976..1023,1,1,4
968..975,976..1023,2,2,4
968..975,976..1023,3,3,4
968..975,976..1023,4,4,4
968..975,976..1023,5,5,4
968..975,976..1023,6,6,4
968..975,976..1023,7,7,4
969,968,8,8,1
969,970,9,9,1
969,971,9,10,1
969,972,9,11,1
969,973,9,12,1
969,974,9,13,1
969,975,9,14,1
970,968,9,8,1
970,969,9,9,1
970,971,10,10,1
970,972,10,11,1
970,973,10,12,1
970,974,10,13,1
970,975,10,14,1
971,968,10,8,1
971,969,10,9,1
971,970,10,10,1
971,972,11,11,1
971,973,11,12,1
971,974,11,13,1
971,975,11,14,1
972,968,11,8,1
972,969,11,9,1
972,970,11,10,1
972,971,11,11,1
972,973,12,12,1
972,974,12,13,1
972,975,12,14,1
973,968,12,8,1
973,969,12,9,1
973,970,12,10,1
973,971,12,11,1
973,972,12,12,1
973,974,13,13,1
973,975,13,14,1
974,968,13,8,1
974,969,13,9,1
974,970,13,10,1
974,971,13,11,1
974,972,13,12,1
974,973,13,13,1
974,975,14,14,1
975,968,14,8,1
975,969,14,9,1
975,970,14,10,1
975,971,14,11,1
975,972,14,12,1
975,973,14,13,1
975,974,14,14,1
976..983,0..975,0,0,4
976..983,0..975,1,1,4
976..983,0..975,2,2,4
976..983,0..975,3,3,4
976..983,0..975,4,4,4
976..983,0..975,5,5,4
976..983,0..975,6,6,4
976..983,0..975,7,7,4
976,977,8,8,1
976,978,8,9,1
976,979,8,10,1
976,980,8,11,1
976,981,8,12,1
976,982,8,13,1
976,983,8,14,1
976..983,984..1023,0,0,4
976..983,984..1023,1,1,4
976..983,984..1023,2,2,4
976..983,984..1023,3,3,4
976..983,984..1023,4,4,4
976..983,984..1023,5,5,4
976..983,984..1023,6,6,4
976..983,984..1023,7,7,4
977,976,8,8,1
977,978,9,9,1
977,979,9,10,1
977,980,9,11,1
977,981,9,12,1
977,982,9,13,1
977,983,9,14,1
978,976,9,8,1
978,977,9,9,1
978,979,10,10,1
978,980,10,11,1
978,981,10,12,1
978,982,10,13,1
978,983,10,14,1
979,976,10,8,1
979,977,10,9,1
979,978,10,10,1
979,980,11,11,1
979,981,11,12,1
979,982,11,13,1
979,983,11,14,1
980,976,11,8,1
980,977,11,9,1
980,978,11,10,1
980,979,11,11,1
980,981,12,12,1
980,982,12,13,1
980,983,12,14,1
981,976,12,8,1
981,977,12,9,1
981,978,12,10,1
981,979,12,11,1
981,980,12,12,1
981,982,13,13,1
981,983,13,14,1
982,976,13,8,1
982,977,13,9,1
982,978,13,10,1
982,979,13,11,1
982,980,13,12,1
982,981,13,13,1
982,983,14,14,1
983,976,14,8,1
983,977,14,9,1
983,978,14,10,1
983,979,14,11,1
983,980,14,12,1
983,981,14,13,1
983,982,14,14,1
984..991,0..983,0,0,4
984..991,0..983,1,1,4
984..991,0..983,2,2,4
984..991,0..983,3,3,4
984..991,0..983,4,4,4
984..991,0..983,5,5,4
984..991,0..983,6,6,4
984..991,0..983,7,7,4
984,985,8,8,1
984,986,8,9,1
984,987,8,10,1
984,988,8,11,1
984,989,8,12,1
984,990,8,13,1
984,991,8,14,1
984..991,992..1023,0,0,4
984..991,992..1023,1,1,4
984..991,992..1023,2,2,4
984..991,992..1023,3,3,4
984..991,992..1023,4,4,4
984..991,992..1023,5,5,4
984..991,992..1023,6,6,4
984..991,992..1023,7,7,4
985,984,8,8,1
985,986,9,9,1
985,987,9,10,1
985,988,9,11,1
985,989,9,12,1
985,990,9,13,1
985,991,9,14,1
986,984,9,8,1
986,985,9,9,1
986,987,10,10,1
986,988,10,11,1
986,989,10,12,1
986,990,10,13,1
986,991,10,14,1
987,984,10,8,1
987,985,10,9,1
987,986,10,10,1
987,988,11,11,1
987,989,11,12,1
987,990,11,13,1
987,991,11,14,1
988,984,11,8,1
988,985,11,9,1
988,986,11,10,1
988,987,11,11,1
988,989,12,12,1
988,990,12,13,1
988,991,12,14,1
989,984,12,8,1
989,985,12,9,1
989,986,12,10,1
989,987,12,11,1
989,988,12,12,1
989,990,13,13,1
989,991,13,14,1
990,984,13,8,1
990,985,13,9,1
990,986,13,10,1
990,987,13,11,1
990,988,13,12,1
990,989,13,13,1
990,991,14,14,1
991,984,14,8,1
991,985,14,9,1
991,986,14,10,1
991,987,14,11,1
991,988,14,12,1
991,989,14,13,1
991,990,14,14,1
992..999,0..991,0,0,4
992..999,0..991,1,1,4
992..999,0..991,2,2,4
992..999,0..991,3,3,4
992..999,0..991,4,4,4
992..999,0..991,5,5,4
992..999,0..991,6,6,4
992..999,0..991,7,7,4
992,993,8,8,1
992,994,8,9,1
992,995,8,10,1
992,996,8,11,1
992,997,8,12,1
992,998,8,13,1
992,999,8,14,1
992..999,1000..1023,0,0,4
992..999,1000..1023,1,1,4
992..999,1000..1023,2,2,4
992..999,1000..1023,3,3,4
992..999,1000..1023,4,4,4
992..999,1000..1023,5,5,4
992..999,1000..1023,6,6,4
992..999,1000..1023,7,7,4
993,992,8,8,1
993,994,9,9,1
993,995,9,10,1
993,996,9,11,1
993,997,9,12,1
993,998,9,13,1
993,999,9,14,1
994,992,9,8,1
994,993,9,9,1
994,995,10,10,1
994,996,10,11,1
994,997,10,12,1
994,998,10,13,1
994,999,10,14,1
995,992,10,8,1
995,993,10,9,1
995,994,10,10,1
995,996,11,11,1
995,997,11,12,1
995,998,11,13,1
995,999,11,14,1
996,992,11,8,1
996,993,11,9,1
996,994,11,10,1
996,995,11,11,1
996,997,12,12,1
996,998,12,13,1
996,999,12,14,1
997,992,12,8,1
997,993,12,9,1
997,994,12,10,1
997,995,12,11,1
997,996,12,12,1
997,998,13,13,1
997,999,13,14,1
998,992,13,8,1
998,993,13,9,1
998,994,13,10,1
998,995,13,11,1
998,996,13,12,1
998,997,13,13,1
998,999,14,14,1
999,992,14,8,1
999,993,14,9,1
999,994,14,10,1
999,995,14,11,1
999,996,14,12,1
999,997,14,13,1
999,998,14,14,1
1000..1007,0..999,0,0,4
1000..1007,0..999,1,1,4
1000..1007,0..999,2,2,4
1000..1007,0..999,3,3,4
1000..1007,0..999,4,4,4
1000..1007,0..999,5,5,4
1000..1007,0..999,6,6,4
1000..1007,0..999,7,7,4
1000,1001,8,8,1
1000,1002,8,9,1
1000,1003,8,10,1
1000,1004,8,11,1
1000,1005,8,12,1
1000,1006,8,13,1
1000,1007,8,14,1
1000..1007,1008..1023,0,0,4
1000..1007,1008..1023,1,1,4
1000..1007,1008..1023,2,2,4
1000..1007,1008..1023,3,3,4
1000..1007,1008..1023,4,4,4
1000..1007,1008..1023,5,5,4
1000..1007,1008..1023,6,6,4
1000..1007,1008..1023,7,7,4
1001,1000,8,8,1
1001,1002,9,9,1
1001,1003,9,10,1
1001,1004,9,11,1
1001,1005,9,12,1
1001,1006,9,13,1
1001,1007,9,14,1
1002,1000,9,8,1
1002,1001,9,9,1
1002,1003,10,10,1
1002,1004,10,11,1
1002,1005,10,12,1
1002,1006,10,13,1
1002,1007,10,14,1
1003,1000,10,8,1
1003,1001,10,9,1
1003,1002,10,10,1
1003,1004,11,11,1
1003,1005,11,12,1
1003,1006,11,13,1
1003,1007,11,14,1
1004,1000,11,8,1
1004,1001,11,9,1
1004,1002,11,10,1
1004,1003,11,11,1
1004,1005,12,12,1
1004,1006,12,13,1
1004,1007,12,14,1
1005,1000,12,8,1
1005,1001,12,9,1
1005,1002,12,10,1
1005,1003,12,11,1
1005,1004,12,12,1
1005,1006,13,13,1
1005,1007,13,14,1
1006,1000,13,8,1
1006,1001,13,9,1
1006,1002,13,10,1
1006,1003,13,11,1
1006,1004,13,12,1
1006,1005,13,13,1
1006,1007,14,14,1
1007,1000,14,8,1
1007,1001,14,9,1
1007,1002,14,10,1
1007,1003,14,11,1
1007,1004,14,12,1
1007,1005,14,13,1
1007,1006,14,14,1
1008..1015,0..1007,0,0,4
1008..1015,0..1007,1,1,4
1008..1015,0..1007,2,2,4
1008..1015,0..1007,3,3,4
1008..1015,0..1007,4,4,4
1008..1015,0..1007,5,5,4
1008..1015,0..1007,6,6,4
1008..1015,0..1007,7,7,4
1008,1009,8,8,1
1008,1010,8,9,1
1008,1011,8,10,1
1008,1012,8,11,1
1008,1013,8,12,1
1008,1014,8,13,1
1008,1015,8,14,1
1008..1015,1016..1023,0,0,4
1008..1015,1016..1023,1,1,4
1008..1015,1016..1023,2,2,4
1008..1015,1016..1023,3,3,4
1008..1015,1016..1023,4,4,4
1008..1015,1016..1023,5,5,4
1008..1015,1016..1023,6,6,4
1008..1015,1016..1023,7,7,4
1009,1008,8,8,1
1009,1010,9,9,1
1009,1011,9,10,1
1009,1012,9,11,1
1009,1013,9,12,1
1009,1014,9,13,1
1009,1015,9,14,1
1010,1008,9,8,1
1010,1009,9,9,1
1010,1011,10,10,1
1010,1012,10,11,1
1010,1013,10,12,1
1010,1014,10,13,1
1010,1015,10,14,1
1011,1008,10,8,1
1011,1009,10,9,1
1011,1010,10,10,1
1011,1012,11,11,1
1011,1013,11,12,1
1011,1014,11,13,1
1011,1015,11,14,1
1012,1008,11,8,1
1012,1009,11,9,1
1012,1010,11,10,1
1012,1011,11,11,1
1012,1013,12,12,1
1012,1014,12,13,1
1012,1015,12,14,1
1013,1008,12,8,1
1013,1009,12,9,1
1013,1010,12,10,1
1013,1011,12,11,1
1013,1012,12,12,1
1013,1014,13,13,1
1013,1015,13,14,1
1014,1008,13,8,1
1014,1009,13,9,1
1014,1010,13,10,1
1014,1011,13,11,1
1014,1012,13,12,1
1014,1013,13,13,1
1014,1015,14,14,1
1015,1008,14,8,1
1015,1009,14,9,1
1015,1010,14,10,1
1015,1011,14,11,1
1015,1012,14,12,1
1015,1013,14,13,1
1015,1014,14,14,1
1016..1023,0..1015,0,0,4
1016..1023,0..1015,1,1,4
1016..1023,0..1015,2,2,4
1016..1023,0..1015,3,3,4
1016..1023,0..1015,4,4,4
1016..1023,0..1015,5,5,4
1016..1023,0..1015,6,6,4
1016..1023,0..1015,7,7,4
1016,1017,8,8,1
1016,1018,8,9,1
1016,1019,8,10,1
1016,1020,8,11,1
1016,1021,8,12,1
1016,1022,8,13,1
1016,1023,8,14,1
1017,1016,8,8,1
1017,1018,9,9,1
1017,1019,9,10,1
1017,1020,9,11,1
1017,1021,9,12,1
1017,1022,9,13,1
1017,1023,9,14,1
1018,1016,9,8,1
1018,1017,9,9,1
1018,1019,10,10,1
1018,1020,10,11,1
1018,1021,10,12,1
1018,1022,10,13,1
1018,1023,10,14,1
1019,1016,10,8,1
1019,1017,10,9,1
1019,1018,10,10,1
1019,1020,11,11,1
1019,1021,11,12,1
1019,1022,11,13,1
1019,1023,11,14,1
1020,1016,11,8,1
1020,1017,11,9,1
1020,1018,11,10,1
1020,1019,11,11,1
1020,1021,12,12,1
1020,1022,12,13,1
1020,1023,12,14,1
1021,1016,12,8,1
1021,1017,12,9,1
1021,1018,12,10,1
1021,1019,12,11,1
1021,1020,12,12,1
1021,1022,13,13,1
1021,1023,13,14,1
1022,1016,13,8,1
1022,1017,13,9,1
1022,1018,13,10,1
1022,1019,13,11,1
1022,1020,13,12,1
1022,1021,13,13,1
1022,1023,14,14,1
1023,1016,14,8,1
1023,1017,14,9,1
1023,1018,14,10,1
1023,1019,14,11,1
1023,1020,14,12,1
1023,1021,14,13,1
1023,1022,14,14,1
1024,0,0,0,1
1024,1,0,1,1
1024,2,0,2,1
1024,3,0,3,1
1024,4,0,4,1
1024,5,0,5,1
1024,6,0,6,1
1024,7,0,7,1
1024,8..63,0,8 9 10 11 12 13 14 15,3 3 3 3 3 3 3 3
1024..1031,64..1023,0,12 13 14 15,3 3 3 3
1025,0..7,0,8 9 10 11 12 13 14 15,3 3 3 3 3 3 3 3
1025,8,0,0,1
1025,9,0,1,1
1025,10,0,2,1
1025,11,0,3,1
1025,12,0,4,1
1025,13,0,5,1
1025,14,0,6,1
1025,15,0,7,1
1025,16..63,0,8 9 10 11 12 13 14 15,3 3 3 3 3 3 3 3
1026,0..15,0,8 9 10 11 12 13 14 15,3 3 3 3 3 3 3 3
1026,16,0,0,1
1026,17,0,1,1
1026,18,0,2,1
1026,19,0,3,1
1026,20,0,4,1
1026,21,0,5,1
1026,22,0,6,1
1026,23,0,7,1
1026,24..63,0,8 9 10 11 12 13 14 15,3 3 3 3 3 3 3 3
1027,0..23,0,8 9 10 11 12 13 14 15,3 3 3 3 3 3 3 3
1027,24,0,0,1
1027,25,0,1,1
1027,26,0,2,1
1027,27,0,3,1
1027,28,0,4,1
1027,29,0,5,1
1027,30,0,6,1
1027,31,0,7,1
1027,32..63,0,8 9 10 11 12 13 14 15,3 3 3 3 3 3 3 3
1028,0..31,0,8 9 10 11 12 13 14 15,3 3 3 3 3 3 3 3
1028,32,0,0,1
1028,33,0,1,1
1028,34,0,2,1
1028,35,0,3,1
1028,36,0,4,1
1028,37,0,5,1
1028,38,0,6,1
1028,39,0,7,1
1028,40..63,0,8 9 10 11 12 13 14 15,3 3 3 3 3 3 3 3
1029,0..39,0,8 9 10 11 12 13 14 15,3 3 3 3 3 3 3 3
1029,40,0,0,1
1029,41,0,1,1
1029,42,0,2,1
1029,43,0,3,1
1029,44,0,4,1
1029,45,0,5,1
1029,46,0,6,1
1029,47,0,7,1
1029,48..63,0,8 9 10 11 12 13 14 15,3 3 3 3 3 3 3 3
1030,0..47,0,8 9 10 11 12 13 14 15,3 3 3 3 3 3 3 3
1030,48,0,0,1
1030,49,0,1,1
1030,50,0,2,1
1030,51,0,3,1
1030,52,0,4,1
1030,53,0,5,1
1030,54,0,6,1
1030,55,0,7,1
1030,56..63,0,8 9 10 11 12 13 14 15,3 3 3 3 3 3 3 3
1031,0..55,0,8 9 10 11 12 13 14 15,3 3 3 3 3 3 3 3
1031,56,0,0,1
1031,57,0,1,1
1031,58,0,2,1
1031,59,0,3,1
1031,60,0,4,1
1031,61,0,5,1
1031,62,0,6,1
1031,63,0,7,1
1032..1039,0..63,0,12 13 14 15,3 3 3 3
1032,64,0,0,1
1032,65,0,1,1
1032,66,0,2,1
1032,67,0,3,1
1032,68,0,4,1
1032,69,0,5,1
1032,70,0,6,1
1032,71,0,7,1
1032,72..127,0,8 9 10 11 12 13 14 15,3 3 3 3 3 3 3 3
1032..1039,128..1023,0,12 13 14 15,3 3 3 3
1033,64..71,0,8 9 10 11 12 13 14 15,3 3 3 3 3 3 3 3
1033,72,0,0,1
1033,73,0,1,1
1033,74,0,2,1
1033,75,0,3,1
1033,76,0,4,1
1033,77,0,5,1
1033,78,0,6,1
1033,79,0,7,1
1033,80..127,0,8 9 10 11 12 13 14 15,3 3 3 3 3 3 3 3
1034,64..79,0,8 9 10 11 12 13 14 15,3 3 3 3 3 3 3 3
1034,80,0,0,1
1034,81,0,1,1
1034,82,0,2,1
1034,83,0,3,1
1034,84,0,4,1
1034,85,0,5,1
1034,86,0,6,1
1034,87,0,7,1
1034,88..127,0,8 9 10 11 12 13 14 15,3 3 3 3 3 3 3 3
1035,64..87,0,8 9 10 11 12 13 14 15,3 3 3 3 3 3 3 3
1035,88,0,0,1
1035,89,0,1,1
1035,90,0,2,1
1035,91,0,3,1
1035,92,0,4,1
1035,93,0,5,1
1035,94,0,6,1
1035,95,0,7,1
1035,96..127,0,8 9 10 11 12 13 14 15,3 3 3 3 3 3 3 3
1036,64..95,0,8 9 10 11 12 13 14 15,3 3 3 3 3 3 3 3
1036,96,0,0,1
1036,97,0,1,1
1036,98,0,2,1
1036,99,0,3,1
1036,100,0,4,1
1036,101,0,5,1
1036,102,0,6,1
1036,103,0,7,1
1036,104..127,0,8 9 10 11 12 13 14 15,3 3 3 3 3 3 3 3
1037,64..103,0,8 9 10 11 12 13 14 15,3 3 3 3 3 3 3 3
1037,104,0,0,1
1037,105,0,1,1
1037,106,0,2,1
1037,107,0,3,1
1037,108,0,4,1
1037,109,0,5,1
1037,110,0,6,1
1037,111,0,7,1
1037,112..127,0,8 9 10 11 12 13 14 15,3 3 3 3 3 3 3 3
1038,64..111,0,8 9 10 11 12 13 14 15,3 3 3 3 3 3 3 3
1038,112,0,0,1
1038,113,0,1,1
1038,114,0,2,1
1038,115,0,3,1
1038,116,0,4,1
1038,117,0,5,1
1038,118,0,6,1
1038,119,0,7,1
1038,120..127,0,8 9 10 11 12 13 14 15,3 3 3 3 3 3 3 3
1039,64..119,0,8 9 10 11 12 13 14 15,3 3 3 3 3 3 3 3
1039,120,0,0,1
1039,121,0,1,1
1039,122,0,2,1
1039,123,0,3,1
1039,124,0,4,1
1039,125,0,5,1
1039,126,0,6,1
1039,127,0,7,1
1040..1047,0..127,0,12 13 14 15,3 3 3 3
1040,128,0,0,1
1040,129,0,1,1
1040,130,0,2,1
1040,131,0,3,1
1040,132,0,4,1
1040,133,0,5,1
1040,134,0,6,1
1040,135,0,7,1
1040,136..191,0,8 9 10 11 12 13 14 15,3 3 3 3 3 3 3 3
1040..1047,192..1023,0,12 13 14 15,3 3 3 3
1041,128..135,0,8 9 10 11 12 13 14 15,3 3 3 3 3 3 3 3
1041,136,0,0,1
1041,137,0,1,1
1041,138,0,2,1
1041,139,0,3,1
1041,140,0,4,1
1041,141,0,5,1
1041,142,0,6,1
1041,143,0,7,1
1041,144..191,0,8 9 10 11 12 13 14 15,3 3 3 3 3 3 3 3
1042,128..143,0,8 9 10 11 12 13 14 15,3 3 3 3 3 3 3 3
1042,144,0,0,1
1042,145,0,1,1
1042,146,0,2,1
1042,147,0,3,1
1042,148,0,4,1
1042,149,0,5,1
1042,150,0,6,1
1042,151,0,7,1
1042,152..191,0,8 9 10 11 12 13 14 15,3 3 3 3 3 3 3 3
1043,128..151,0,8 9 10 11 12 13 14 15,3 3 3 3 3 3 3 3
1043,152,0,0,1
1043,153,0,1,1
1043,154,0,2,1
1043,155,0,3,1
1043,156,0,4,1
1043,157,0,5,1
1043,158,0,6,1
1043,159,0,7,1
1043,160..191,0,8 9 10 11 12 13 14 15,3 3 3 3 3 3 3 3
1044,128..159,0,8 9 10 11 12 13 14 15,3 3 3 3 3 3 3 3
1044,160,0,0,1
1044,161,0,1,1
1044,162,0,2,1
1044,163,0,3,1
1044,164,0,4,1
1044,165,0,5,1
1044,166,0,6,1
1044,167,0,7,1
1044,168..191,0,8 9 10 11 12 13 14 15,3 3 3 3 3 3 3 3
1045,128..167,0,8 9 10 11 12 13 14 15,3 3 3 3 3 3 3 3
1045,168,0,0,1
1045,169,0,1,1
1045,170,0,2,1
1045,171,0,3,1
1045,172,0,4,1
1045,173,0,5,1
1045,174,0,6,1
1045,175,0,7,1
1045,176..191,0,8 9 10 11 12 13 14 15,3 3 3 3 3 3 3 3
1046,128..175,0,8 9 10 11 12 13 14 15,3 3 3 3 3 3 3 3
1046,176,0,0,1
1046,177,0,1,1
1046,178,0,2,1
1046,179,0,3,1
1046,180,0,4,1
1046,181,0,5,1
1046,182,0,6,1
1046,183,0,7,1
1046,184..191,0,8 9 10 11 12 13 14 15,3 3 3 3 3 3 3 3
1047,128..183,0,8 9 10 11 12 13 14 15,3 3 3 3 3 3 3 3
1047,184,0,0,1
1047,185,0,1,1
1047,186,0,2,1
1047,187,0,3,1
1047,188,0,4,1
1047,189,0,5,1
1047,190,0,6,1
1047,191,0,7,1
1048..1055,0..191,0,12 13 14 15,3 3 3 3
1048,192,0,0,1
1048,193,0,1,1
1048,194,0,2,1
1048,195,0,3,1
1048,196,0,4,1
1048,197,0,5,1
1048,198,0,6,1
1048,199,0,7,1
1048,200..255,0,8 9 10 11 12 13 14 15,3 3 3 3 3 3 3 3
1048..1055,256..1023,0,12 13 14 15,3 3 3 3
1049,192..199,0,8 9 10 11 12 13 14 15,3 3 3 3 3 3 3 3
1049,200,0,0,1
1049,201,0,1,1
1049,202,0,2,1
1049,203,0,3,1
1049,204,0,4,1
1049,205,0,5,1
1049,206,0,6,1
1049,207,0,7,1
1049,208..255,0,8 9 10 11 12 13 14 15,3 3 3 3 3 3 3 3
1050,192..207,0,8 9 10 11 12 13 14 15,3 3 3 3 3 3 3 3
1050,208,0,0,1
1050,209,0,1,1
1050,210,0,2,1
1050,211,0,3,1
1050,212,0,4,1
1050,213,0,5,1
1050,214,0,6,1
1050,215,0,7,1
1050,216..255,0,8 9 10 11 12 13 14 15,3 3 3 3 3 3 3 3
1051,192..215,0,8 9 10 11 12 13 14 15,3 3 3 3 3 3 3 3
1051,216,0,0,1
1051,217,0,1,1
1051,218,0,2,1
1051,219,0,3,1
1051,220,0,4,1
1051,221,0,5,1
1051,222,0,6,1
1051,223,0,7,1
1051,224..255,0,8 9 10 11 12 13 14 15,3 3 3 3 3 3 3 3
1052,192..223,0,8 9 10 11 12 13 14 15,3 3 3 3 3 3 3 3
1052,224,0,0,1
1052,225,0,1,1
1052,226,0,2,1
1052,227,0,3,1
1052,228,0,4,1
1052,229,0,5,1
1052,230,0,6,1
1052,231,0,7,1
1052,232..255,0,8 9 10 11 12 13 14 15,3 3 3 3 3 3 3 3
1053,192..231,0,8 9 10 11 12 13 14 15,3 3 3 3 3 3 3 3
1053,232,0,0,1
1053,233,0,1,1
1053,234,0,2,1
1053,235,0,3,1
1053,236,0,4,1
1053,237,0,5,1
1053,238,0,6,1
1053,239,0,7,1
1053,240..255,0,8 9 10 11 12 13 14 15,3 3 3 3 3 3 3 3
1054,192..239,0,8 9 10 11 12 13 14 15,3 3 3 3 3 3 3 3
1054,240,0,0,1
1054,241,0,1,1
1054,242,0,2,1
1054,243,0,3,1
1054,244,0,4,1
1054,245,0,5,1
1054,246,0,6,1
1054,247,0,7,1
1054,248..255,0,8 9 10 11 12 13 14 15,3 3 3 3 3 3 3 3
1055,192..247,0,8 9 10 11 12 13 14 15,3 3 3 3 3 3 3 3
1055,248,0,0,1
1055,249,0,1,1
1055,250,0,2,1
1055,251,0,3,1
1055,252,0,4,1
1055,253,0,5,1
1055,254,0,6,1
1055,255,0,7,1
1056..1063,0..255,0,12 13 14 15,3 3 3 3
1056,256,0,0,1
1056,257,0,1,1
1056,258,0,2,1
1056,259,0,3,1
1056,260,0,4,1
1056,261,0,5,1
1056,262,0,6,1
1056,263,0,7,1
1056,264..319,0,8 9 10 11 12 13 14 15,3 3 3 3 3 3 3 3
1056..1063,320..1023,0,12 13 14 15,3 3 3 3
1057,256..263,0,8 9 10 11 12 13 14 15,3 3 3 3 3 3 3 3
1057,264,0,0,1
1057,265,0,1,1
1057,266,0,2,1
1057,267,0,3,1
1057,268,0,4,1
1057,269,0,5,1
1057,270,0,6,1
1057,271,0,7,1
1057,272..319,0,8 9 10 11 12 13 14 15,3 3 3 3 3 3 3 3
1058,256..271,0,8 9 10 11 12 13 14 15,3 3 3 3 3 3 3 3
1058,272,0,0,1
1058,273,0,1,1
1058,274,0,2,1
1058,275,0,3,1
1058,276,0,4,1
1058,277,0,5,1
1058,278,0,6,1
1058,279,0,7,1
1058,280..319,0,8 9 10 11 12 13 14 15,3 3 3 3 3 3 3 3
1059,256..279,0,8 9 10 11 12 13 14 15,3 3 3 3 3 3 3 3
1059,280,0,0,1
1059,281,0,1,1
1059,282,0,2,1
1059,283,0,3,1
1059,284,0,4,1
1059,285,0,5,1
1059,286,0,6,1
1059,287,0,7,1
1059,288..319,0,8 9 10 11 12 13 14 15,3 3 3 3 3 3 3 3
1060,256..287,0,8 9 10 11 12 13 14 15,3 3 3 3 3 3 3 3
1060,288,0,0,1
1060,289,0,1,1
1060,290,0,2,1
1060,291,0,3,1
1060,292,0,4,1
1060,293,0,5,1
1060,294,0,6,1
1060,295,0,7,1
1060,296..319,0,8 9 10 11 12 13 14 15,3 3 3 3 3 3 3 3
1061,256..295,0,8 9 10 11 12 13 14 15,3 3 3 3 3 3 3 3
1061,296,0,0,1
1061,297,0,1,1
1061,298,0,2,1
1061,299,0,3,1
1061,300,0,4,1
1061,301,0,5,1
1061,302,0,6,1
1061,303,0,7,1
1061,304..319,0,8 9 10 11 12 13 14 15,3 3 3 3 3 3 3 3
1062,256..303,0,8 9 10 11 12 13 14 15,3 3 3 3 3 3 3 3
1062,304,0,0,1
1062,305,0,1,1
1062,306,0,2,1
1062,307,0,3,1
1062,308,0,4,1
1062,309,0,5,1
1062,310,0,6,1
1062,311,0,7,1
1062,312..319,0,8 9 10 11 12 13 14 15,3 3 3 3 3 3 3 3
1063,256..311,0,8 9 10 11 12 13 14 15,3 3 3 3 3 3 3 3
1063,312,0,0,1
1063,313,0,1,1
1063,314,0,2,1
1063,315,0,3,1
1063,316,0,4,1
1063,317,0,5,1
1063,318,0,6,1
1063,319,0,7,1
1064..1071,0..319,0,12 13 14 15,3 3 3 3
1064,320,0,0,1
1064,321,0,1,1
1064,322,0,2,1
1064,323,0,3,1
1064,324,0,4,1
1064,325,0,5,1
1064,326,0,6,1
1064,327,0,7,1
1064,328..383,0,8 9 10 11 12 13 14 15,3 3 3 3 3 3 3 3
1064..1071,384..1023,0,12 13 14 15,3 3 3 3
1065,320..327,0,8 9 10 11 12 13 14 15,3 3 3 3 3 3 3 3
1065,328,0,0,1
1065,329,0,1,1
1065,330,0,2,1
1065,331,0,3,1
1065,332,0,4,1
1065,333,0,5,1
1065,334,0,6,1
1065,335,0,7,1
1065,336..383,0,8 9 10 11 12 13 14 15,3 3 3 3 3 3 3 3
1066,320..335,0,8 9 10 11 12 13 14 15,3 3 3 3 3 3 3 3
1066,336,0,0,1
1066,337,0,1,1
1066,338,0,2,1
1066,339,0,3,1
1066,340,0,4,1
1066,341,0,5,1
1066,342,0,6,1
1066,343,0,7,1
1066,344..383,0,8 9 10 11 12 13 14 15,3 3 3 3 3 3 3 3
1067,320..343,0,8 9 10 11 12 13 14 15,3 3 3 3 3 3 3 3
1067,344,0,0,1
1067,345,0,1,1
1067,346,0,2,1
1067,347,0,3,1
1067,348,0,4,1
1067,349,0,5,1
1067,350,0,6,1
1067,351,0,7,1
1067,352..383,0,8 9 10 11 12 13 14 15,3 3 3 3 3 3 3 3
1068,320..351,0,8 9 10 11 12 13 14 15,3 3 3 3 3 3 3 3
1068,352,0,0,1
1068,353,0,1,1
1068,354,0,2,1
1068,355,0,3,1
1068,356,0,4,1
1068,357,0,5,1
1068,358,0,6,1
1068,359,0,7,1
1068,360..383,0,8 9 10 11 12 13 14 15,3 3 3 3 3 3 3 3
1069,320..359,0,8 9 10 11 12 13 14 15,3 3 3 3 3 3 3 3
1069,360,0,0,1
1069,361,0,1,1
1069,362,0,2,1
1069,363,0,3,1
1069,364,0,4,1
1069,365,0,5,1
1069,366,0,6,1
1069,367,0,7,1
1069,368..383,0,8 9 10 11 12 13 14 15,3 3 3 3 3 3 3 3
1070,320..367,0,8 9 10 11 12 13 14 15,3 3 3 3 3 3 3 3
1070,368,0,0,1
1070,369,0,1,1
1070,370,0,2,1
1070,371,0,3,1
1070,372,0,4,1
1070,373,0,5,1
1070,374,0,6,1
1070,375,0,7,1
1070,376..383,0,8 9 10 11 12 13 14 15,3 3 3 3 3 3 3 3
1071,320..375,0,8 9 10 11 12 13 14 15,3 3 3 3 3 3 3 3
1071,376,0,0,1
1071,377,0,1,1
1071,378,0,2,1
1071,379,0,3,1
1071,380,0,4,1
1071,381,0,5,1
1071,382,0,6,1
1071,383,0,7,1
1072..1079,0..383,0,12 13 14 15,3 3 3 3
1072,384,0,0,1
1072,385,0,1,1
1072,386,0,2,1
1072,387,0,3,1
1072,388,0,4,1
1072,389,0,5,1
1072,390,0,6,1
1072,391,0,7,1
1072,392..447,0,8 9 10 11 12 13 14 15,3 3 3 3 3 3 3 3
1072..1079,448..1023,0,12 13 14 15,3 3 3 3
1073,384..391,0,8 9 10 11 12 13 14 15,3 3 3 3 3 3 3 3
1073,392,0,0,1
1073,393,0,1,1
1073,394,0,2,1
1073,395,0,3,1
1073,396,0,4,1
1073,397,0,5,1
1073,398,0,6,1
1073,399,0,7,1
1073,400..447,0,8 9 10 11 12 13 14 15,3 3 3 3 3 3 3 3
1074,384..399,0,8 9 10 11 12 13 14 15,3 3 3 3 3 3 3 3
1074,400,0,0,1
1074,401,0,1,1
1074,402,0,2,1
1074,403,0,3,1
1074,404,0,4,1
1074,405,0,5,1
1074,406,0,6,1
1074,407,0,7,1
1074,408..447,0,8 9 10 11 12 13 14 15,3 3 3 3 3 3 3 3
1075,384..407,0,8 9 10 11 12 13 14 15,3 3 3 3 3 3 3 3
1075,408,0,0,1
1075,409,0,1,1
1075,410,0,2,1
1075,411,0,3,1
1075,412,0,4,1
1075,413,0,5,1
1075,414,0,6,1
1075,415,0,7,1
1075,416..447,0,8 9 10 11 12 13 14 15,3 3 3 3 3 3 3 3
1076,384..415,0,8 9 10 11 12 13 14 15,3 3 3 3 3 3 3 3
1076,416,0,0,1
1076,417,0,1,1
1076,418,0,2,1
1076,419,0,3,1
1076,420,0,4,1
1076,421,0,5,1
1076,422,0,6,1
1076,423,0,7,1
1076,424..447,0,8 9 10 11 12 13 14 15,3 3 3 3 3 3 3 3
1077,384..423,0,8 9 10 11 12 13 14 15,3 3 3 3 3 3 3 3
1077,424,0,0,1
1077,425,0,1,1
1077,426,0,2,1
1077,427,0,3,1
1077,428,0,4,1
1077,429,0,5,1
1077,430,0,6,1
1077,431,0,7,1
1077,432..447,0,8 9 10 11 12 13 14 15,3 3 3 3 3 3 3 3
1078,384..431,0,8 9 10 11 12 13 14 15,3 3 3 3 3 3 3 3
1078,432,0,0,1
1078,433,0,1,1
1078,434,0,2,1
1078,435,0,3,1
1078,436,0,4,1
1078,437,0,5,1
1078,438,0,6,1
1078,439,0,7,1
1078,440..447,0,8 9 10 11 12 13 14 15,3 3 3 3 3 3 3 3
1079,384..439,0,8 9 10 11 12 13 14 15,3 3 3 3 3 3 3 3
1079,440,0,0,1
1079,441,0,1,1
1079,442,0,2,1
1079,443,0,3,1
1079,444,0,4,1
1079,445,0,5,1
1079,446,0,6,1
1079,447,0,7,1
1080..1087,0..447,0,12 13 14 15,3 3 3 3
1080,448,0,0,1
1080,449,0,1,1
1080,450,0,2,1
1080,451,0,3,1
1080,452,0,4,1
1080,453,0,5,1
1080,454,0,6,1
1080,455,0,7,1
1080,456..511,0,8 9 10 11 12 13 14 15,3 3 3 3 3 3 3 3
1080..1087,512..1023,0,12 13 14 15,3 3 3 3
1081,448..455,0,8 9 10 11 12 13 14 15,3 3 3 3 3 3 3 3
1081,456,0,0,1
1081,457,0,1,1
1081,458,0,2,1
1081,459,0,3,1
1081,460,0,4,1
1081,461,0,5,1
1081,462,0,6,1
1081,463,0,7,1
1081,464..511,0,8 9 10 11 12 13 14 15,3 3 3 3 3 3 3 3
1082,448..463,0,8 9 10 11 12 13 14 15,3 3 3 3 3 3 3 3
1082,464,0,0,1
1082,465,0,1,1
1082,466,0,2,1
1082,467,0,3,1
1082,468,0,4,1
1082,469,0,5,1
1082,470,0,6,1
1082,471,0,7,1
1082,472..511,0,8 9 10 11 12 13 14 15,3 3 3 3 3 3 3 3
1083,448..471,0,8 9 10 11 12 13 14 15,3 3 3 3 3 3 3 3
1083,472,0,0,1
1083,473,0,1,1
1083,474,0,2,1
1083,475,0,3,1
1083,476,0,4,1
1083,477,0,5,1
1083,478,0,6,1
1083,479,0,7,1
1083,480..511,0,8 9 10 11 12 13 14 15,3 3 3 3 3 3 3 3
1084,448..479,0,8 9 10 11 12 13 14 15,3 3 3 3 3 3 3 3
1084,480,0,0,1
1084,481,0,1,1
1084,482,0,2,1
1084,483,0,3,1
1084,484,0,4,1
1084,485,0,5,1
1084,486,0,6,1
1084,487,0,7,1
1084,488..511,0,8 9 10 11 12 13 14 15,3 3 3 3 3 3 3 3
1085,448..487,0,8 9 10 11 12 13 14 15,3 3 3 3 3 3 3 3
1085,488,0,0,1
1085,489,0,1,1
1085,490,0,2,1
1085,491,0,3,1
1085,492,0,4,1
1085,493,0,5,1
1085,494,0,6,1
1085,495,0,7,1
1085,496..511,0,8 9 10 11 12 13 14 15,3 3 3 3 3 3 3 3
1086,448..495,0,8 9 10 11 12 13 14 15,3 3 3 3 3 3 3 3
1086,496,0,0,1
1086,497,0,1,1
1086,498,0,2,1
1086,499,0,3,1
1086,500,0,4,1
1086,501,0,5,1
1086,502,0,6,1
1086,503,0,7,1
1086,504..511,0,8 9 10 11 12 13 14 15,3 3 3 3 3 3 3 3
1087,448..503,0,8 9 10 11 12 13 14 15,3 3 3 3 3 3 3 3
1087,504,0,0,1
1087,505,0,1,1
1087,506,0,2,1
1087,507,0,3,1
1087,508,0,4,1
1087,509,0,5,1
1087,510,0,6,1
1087,511,0,7,1
1088..1095,0..511,0,12 13 14 15,3 3 3 3
1088,512,0,0,1
1088,513,0,1,1
1088,514,0,2,1
1088,515,0,3,1
1088,516,0,4,1
1088,517,0,5,1
1088,518,0,6,1
1088,519,0,7,1
1088,520..575,0,8 9 10 11 12 13 14 15,3 3 3 3 3 3 3 3
1088..1095,576..1023,0,12 13 14 15,3 3 3 3
1089,512..519,0,8 9 10 11 12 13 14 15,3 3 3 3 3 3 3 3
1089,520,0,0,1
1089,521,0,1,1
1089,522,0,2,1
1089,523,0,3,1
1089,524,0,4,1
1089,525,0,5,1
1089,526,0,6,1
1089,527,0,7,1
1089,528..575,0,8 9 10 11 12 13 14 15,3 3 3 3 3 3 3 3
1090,512..527,0,8 9 10 11 12 13 14 15,3 3 3 3 3 3 3 3
1090,528,0,0,1
1090,529,0,1,1
1090,530,0,2,1
1090,531,0,3,1
1090,532,0,4,1
1090,533,0,5,1
1090,534,0,6,1
1090,535,0,7,1
1090,536..575,0,8 9 10 11 12 13 14 15,3 3 3 3 3 3 3 3
1091,512..535,0,8 9 10 11 12 13 14 15,3 3 3 3 3 3 3 3
1091,536,0,0,1
1091,537,0,1,1
1091,538,0,2,1
1091,539,0,3,1
1091,540,0,4,1
1091,541,0,5,1
1091,542,0,6,1
1091,543,0,7,1
1091,544..575,0,8 9 10 11 12 13 14 15,3 3 3 3 3 3 3 3
1092,512..543,0,8 9 10 11 12 13 14 15,3 3 3 3 3 3 3 3
1092,544,0,0,1
1092,545,0,1,1
1092,546,0,2,1
1092,547,0,3,1
1092,548,0,4,1
1092,549,0,5,1
1092,550,0,6,1
1092,551,0,7,1
1092,552..575,0,8 9 10 11 12 13 14 15,3 3 3 3 3 3 3 3
1093,512..551,0,8 9 10 11 12 13 14 15,3 3 3 3 3 3 3 3
1093,552,0,0,1
1093,553,0,1,1
1093,554,0,2,1
1093,555,0,3,1
1093,556,0,4,1
1093,557,0,5,1
1093,558,0,6,1
1093,559,0,7,1
1093,560..575,0,8 9 10 11 12 13 14 15,3 3 3 3 3 3 3 3
1094,512..559,0,8 9 10 11 12 13 14 15,3 3 3 3 3 3 3 3
1094,560,0,0,1
1094,561,0,1,1
1094,562,0,2,1
1094,563,0,3,1
1094,564,0,4,1
1094,565,0,5,1
1094,566,0,6,1
1094,567,0,7,1
1094,568..575,0,8 9 10 11 12 13 14 15,3 3 3 3 3 3 3 3
1095,512..567,0,8 9 10 11 12 13 14 15,3 3 3 3 3 3 3 3
1095,568,0,0,1
1095,569,0,1,1
1095,570,0,2,1
1095,571,0,3,1
1095,572,0,4,1
1095,573,0,5,1
1095,574,0,6,1
1095,575,0,7,1
1096..1103,0..575,0,12 13 14 15,3 3 3 3
1096,576,0,0,1
1096,577,0,1,1
1096,578,0,2,1
1096,579,0,3,1
1096,580,0,4,1
1096,581,0,5,1
1096,582,0,6,1
1096,583,0,7,1
1096,584..639,0,8 9 10 11 12 13 14 15,3 3 3 3 3 3 3 3
1096..1103,640..1023,0,12 13 14 15,3 3 3 3
1097,576..583,0,8 9 10 11 12 13 14 15,3 3 3 3 3 3 3 3
1097,584,0,0,1
1097,585,0,1,1
1097,586,0,2,1
1097,587,0,3,1
1097,588,0,4,1
1097,589,0,5,1
1097,590,0,6,1
1097,591,0,7,1
1097,592..639,0,8 9 10 11 12 13 14 15,3 3 3 3 3 3 3 3
1098,576..591,0,8 9 10 11 12 13 14 15,3 3 3 3 3 3 3 3
1098,592,0,0,1
1098,593,0,1,1
1098,594,0,2,1
1098,595,0,3,1
1098,596,0,4,1
1098,597,0,5,1
1098,598,0,6,1
1098,599,0,7,1
1098,600..639,0,8 9 10 11 12 13 14 15,3 3 3 3 3 3 3 3
1099,576..599,0,8 9 10 11 12 13 14 15,3 3 3 3 3 3 3 3
1099,600,0,0,1
1099,601,0,1,1
1099,602,0,2,1
1099,603,0,3,1
1099,604,0,4,1
1099,605,0,5,1
1099,606,0,6,1
1099,607,0,7,1
1099,608..639,0,8 9 10 11 12 13 14 15,3 3 3 3 3 3 3 3
1100,576..607,0,8 9 10 11 12 13 14 15,3 3 3 3 3 3 3 3
1100,608,0,0,1
1100,609,0,1,1
1100,610,0,2,1
1100,611,0,3,1
1100,612,0,4,1
1100,613,0,5,1
1100,614,0,6,1
1100,615,0,7,1
1100,616..639,0,8 9 10 11 12 13 14 15,3 3 3 3 3 3 3 3
1101,576..615,0,8 9 10 11 12 13 14 15,3 3 3 3 3 3 3 3
1101,616,0,0,1
1101,617,0,1,1
1101,618,0,2,1
1101,619,0,3,1
1101,620,0,4,1
1101,621,0,5,1
1101,622,0,6,1
1101,623,0,7,1
1101,624..639,0,8 9 10 11 12 13 14 15,3 3 3 3 3 3 3 3
1102,576..623,0,8 9 10 11 12 13 14 15,3 3 3 3 3 3 3 3
1102,624,0,0,1
1102,625,0,1,1
1102,626,0,2,1
1102,627,0,3,1
1102,628,0,4,1
1102,629,0,5,1
1102,630,0,6,1
1102,631,0,7,1
1102,632..639,0,8 9 10 11 12 13 14 15,3 3 3 3 3 3 3 3
1103,576..631,0,8 9 10 11 12 13 14 15,3 3 3 3 3 3 3 3
1103,632,0,0,1
1103,633,0,1,1
1103,634,0,2,1
1103,635,0,3,1
1103,636,0,4,1
1103,637,0,5,1
1103,638,0,6,1
1103,639,0,7,1
1104..1111,0..639,0,12 13 14 15,3 3 3 3
1104,640,0,0,1
1104,641,0,1,1
1104,642,0,2,1
1104,643,0,3,1
1104,644,0,4,1
1104,645,0,5,1
1104,646,0,6,1
1104,647,0,7,1
1104,648..703,0,8 9 10 11 12 13 14 15,3 3 3 3 3 3 3 3
1104..1111,704..1023,0,12 13 14 15,3 3 3 3
1105,640..647,0,8 9 10 11 12 13 14 15,3 3 3 3 3 3 3 3
1105,648,0,0,1
1105,649,0,1,1
1105,650,0,2,1
1105,651,0,3,1
1105,652,0,4,1
1105,653,0,5,1
1105,654,0,6,1
1105,655,0,7,1
1105,656..703,0,8 9 10 11 12 13 14 15,3 3 3 3 3 3 3 3
1106,640..655,0,8 9 10 11 12 13 14 15,3 3 3 3 3 3 3 3
1106,656,0,0,1
1106,657,0,1,1
1106,658,0,2,1
1106,659,0,3,1
1106,660,0,4,1
1106,661,0,5,1
1106,662,0,6,1
1106,663,0,7,1
1106,664..703,0,8 9 10 11 12 13 14 15,3 3 3 3 3 3 3 3
1107,640..663,0,8 9 10 11 12 13 14 15,3 3 3 3 3 3 3 3
1107,664,0,0,1
1107,665,0,1,1
1107,666,0,2,1
1107,667,0,3,1
1107,668,0,4,1
1107,669,0,5,1
1107,670,0,6,1
1107,671,0,7,1
1107,672..703,0,8 9 10 11 12 13 14 15,3 3 3 3 3 3 3 3
1108,640..671,0,8 9 10 11 12 13 14 15,3 3 3 3 3 3 3 3
1108,672,0,0,1
1108,673,0,1,1
1108,674,0,2,1
1108,675,0,3,1
1108,676,0,4,1
1108,677,0,5,1
1108,678,0,6,1
1108,679,0,7,1
1108,680..703,0,8 9 10 11 12 13 14 15,3 3 3 3 3 3 3 3
1109,640..679,0,8 9 10 11 12 13 14 15,3 3 3 3 3 3 3 3
1109,680,0,0,1
1109,681,0,1,1
1109,682,0,2,1
1109,683,0,3,1
1109,684,0,4,1
1109,685,0,5,1
1109,686,0,6,1
1109,687,0,7,1
1109,688..703,0,8 9 10 11 12 13 14 15,3 3 3 3 3 3 3 3
1110,640..687,0,8 9 10 11 12 13 14 15,3 3 3 3 3 3 3 3
1110,688,0,0,1
1110,689,0,1,1
1110,690,0,2,1
1110,691,0,3,1
1110,692,0,4,1
1110,693,0,5,1
1110,694,0,6,1
1110,695,0,7,1
1110,696..703,0,8 9 10 11 12 13 14 15,3 3 3 3 3 3 3 3
1111,640..695,0,8 9 10 11 12 13 14 15,3 3 3 3 3 3 3 3
1111,696,0,0,1
1111,697,0,1,1
1111,698,0,2,1
1111,699,0,3,1
1111,700,0,4,1
1111,701,0,5,1
1111,702,0,6,1
1111,703,0,7,1
1112..1119,0..703,0,12 13 14 15,3 3 3 3
1112,704,0,0,1
1112,705,0,1,1
1112,706,0,2,1
1112,707,0,3,1
1112,708,0,4,1
1112,709,0,5,1
1112,710,0,6,1
1112,711,0,7,1
1112,712..767,0,8 9 10 11 12 13 14 15,3 3 3 3 3 3 3 3
1112..1119,768..1023,0,12 13 14 15,3 3 3 3
1113,704..711,0,8 9 10 11 12 13 14 15,3 3 3 3 3 3 3 3
1113,712,0,0,1
1113,713,0,1,1
1113,714,0,2,1
1113,715,0,3,1
1113,716,0,4,1
1113,717,0,5,1
1113,718,0,6,1
1113,719,0,7,1
1113,720..767,0,8 9 10 11 12 13 14 15,3 3 3 3 3 3 3 3
1114,704..719,0,8 9 10 11 12 13 14 15,3 3 3 3 3 3 3 3
1114,720,0,0,1
1114,721,0,1,1
1114,722,0,2,1
1114,723,0,3,1
1114,724,0,4,1
1114,725,0,5,1
1114,726,0,6,1
1114,727,0,7,1
1114,728..767,0,8 9 10 11 12 13 14 15,3 3 3 3 3 3 3 3
1115,704..727,0,8 9 10 11 12 13 14 15,3 3 3 3 3 3 3 3
1115,728,0,0,1
1115,729,0,1,1
1115,730,0,2,1
1115,731,0,3,1
1115,732,0,4,1
1115,733,0,5,1
1115,734,0,6,1
1115,735,0,7,1
1115,736..767,0,8 9 10 11 12 13 14 15,3 3 3 3 3 3 3 3
1116,704..735,0,8 9 10 11 12 13 14 15,3 3 3 3 3 3 3 3
1116,736,0,0,1
1116,737,0,1,1
1116,738,0,2,1
1116,739,0,3,1
1116,740,0,4,1
1116,741,0,5,1
1116,742,0,6,1
1116,743,0,7,1
1116,744..767,0,8 9 10 11 12 13 14 15,3 3 3 3 3 3 3 3
1117,704..743,0,8 9 10 11 12 13 14 15,3 3 3 3 3 3 3 3
1117,744,0,0,1
1117,745,0,1,1
1117,746,0,2,1
1117,747,0,3,1
1117,748,0,4,1
1117,749,0,5,1
1117,750,0,6,1
1117,751,0,7,1
1117,752..767,0,8 9 10 11 12 13 14 15,3 3 3 3 3 3 3 3
1118,704..751,0,8 9 10 11 12 13 14 15,3 3 3 3 3 3 3 3
1118,752,0,0,1
1118,753,0,1,1
1118,754,0,2,1
1118,755,0,3,1
1118,756,0,4,1
1118,757,0,5,1
1118,758,0,6,1
1118,759,0,7,1
1118,760..767,0,8 9 10 11 12 13 14 15,3 3 3 3 3 3 3 3
1119,704..759,0,8 9 10 11 12 13 14 15,3 3 3 3 3 3 3 3
1119,760,0,0,1
1119,761,0,1,1
1119,762,0,2,1
1119,763,0,3,1
1119,764,0,4,1
1119,765,0,5,1
1119,766,0,6,1
1119,767,0,7,1
1120..1127,0..767,0,12 13 14 15,3 3 3 3
1120,768,0,0,1
1120,769,0,1,1
1120,770,0,2,1
1120,771,0,3,1
1120,772,0,4,1
1120,773,0,5,1
1120,774,0,6,1
1120,775,0,7,1
1120,776..831,0,8 9 10 11 12 13 14 15,3 3 3 3 3 3 3 3
1120..1127,832..1023,0,12 13 14 15,3 3 3 3
1121,768..775,0,8 9 10 11 12 13 14 15,3 3 3 3 3 3 3 3
1121,776,0,0,1
1121,777,0,1,1
1121,778,0,2,1
1121,779,0,3,1
1121,780,0,4,1
1121,781,0,5,1
1121,782,0,6,1
1121,783,0,7,1
1121,784..831,0,8 9 10 11 12 13 14 15,3 3 3 3 3 3 3 3
1122,768..783,0,8 9 10 11 12 13 14 15,3 3 3 3 3 3 3 3
1122,784,0,0,1
1122,785,0,1,1
1122,786,0,2,1
1122,787,0,3,1
1122,788,0,4,1
1122,789,0,5,1
1122,790,0,6,1
1122,791,0,7,1
1122,792..831,0,8 9 10 11 12 13 14 15,3 3 3 3 3 3 3 3
1123,768..791,0,8 9 10 11 12 13 14 15,3 3 3 3 3 3 3 3
1123,792,0,0,1
1123,793,0,1,1
1123,794,0,2,1
1123,795,0,3,1
1123,796,0,4,1
1123,797,0,5,1
1123,798,0,6,1
1123,799,0,7,1
1123,800..831,0,8 9 10 11 12 13 14 15,3 3 3 3 3 3 3 3
1124,768..799,0,8 9 10 11 12 13 14 15,3 3 3 3 3 3 3 3
1124,800,0,0,1
1124,801,0,1,1
1124,802,0,2,1
1124,803,0,3,1
1124,804,0,4,1
1124,805,0,5,1
1124,806,0,6,1
1124,807,0,7,1
1124,808..831,0,8 9 10 11 12 13 14 15,3 3 3 3 3 3 3 3
1125,768..807,0,8 9 10 11 12 13 14 15,3 3 3 3 3 3 3 3
1125,808,0,0,1
1125,809,0,1,1
1125,810,0,2,1
1125,811,0,3,1
1125,812,0,4,1
1125,813,0,5,1
1125,814,0,6,1
1125,815,0,7,1
1125,816..831,0,8 9 10 11 12 13 14 15,3 3 3 3 3 3 3 3
1126,768..815,0,8 9 10 11 12 13 14 15,3 3 3 3 3 3 3 3
1126,816,0,0,1
1126,817,0,1,1
1126,818,0,2,1
1126,819,0,3,1
1126,820,0,4,1
1126,821,0,5,1
1126,822,0,6,1
1126,823,0,7,1
1126,824..831,0,8 9 10 11 12 13 14 15,3 3 3 3 3 3 3 3
1127,768..823,0,8 9 10 11 12 13 14 15,3 3 3 3 3 3 3 3
1127,824,0,0,1
1127,825,0,1,1
1127,826,0,2,1
1127,827,0,3,1
1127,828,0,4,1
1127,829,0,5,1
1127,830,0,6,1
1127,831,0,7,1
1128..1135,0..831,0,12 13 14 15,3 3 3 3
1128,832,0,0,1
1128,833,0,1,1
1128,834,0,2,1
1128,835,0,3,1
1128,836,0,4,1
1128,837,0,5,1
1128,838,0,6,1
1128,839,0,7,1
1128,840..895,0,8 9 10 11 12 13 14 15,3 3 3 3 3 3 3 3
1128..1135,896..1023,0,12 13 14 15,3 3 3 3
1129,832..839,0,8 9 10 11 12 13 14 15,3 3 3 3 3 3 3 3
1129,840,0,0,1
1129,841,0,1,1
1129,842,0,2,1
1129,843,0,3,1
1129,844,0,4,1
1129,845,0,5,1
1129,846,0,6,1
1129,847,0,7,1
1129,848..895,0,8 9 10 11 12 13 14 15,3 3 3 3 3 3 3 3
1130,832..847,0,8 9 10 11 12 13 14 15,3 3 3 3 3 3 3 3
1130,848,0,0,1
1130,849,0,1,1
1130,850,0,2,1
1130,851,0,3,1
1130,852,0,4,1
1130,853,0,5,1
1130,854,0,6,1
1130,855,0,7,1
1130,856..895,0,8 9 10 11 12 13 14 15,3 3 3 3 3 3 3 3
1131,832..855,0,8 9 10 11 12 13 14 15,3 3 3 3 3 3 3 3
1131,856,0,0,1
1131,857,0,1,1
1131,858,0,2,1
1131,859,0,3,1
1131,860,0,4,1
1131,861,0,5,1
1131,862,0,6,1
1131,863,0,7,1
1131,864..895,0,8 9 10 11 12 13 14 15,3 3 3 3 3 3 3 3
1132,832..863,0,8 9 10 11 12 13 14 15,3 3 3 3 3 3 3 3
1132,864,0,0,1
1132,865,0,1,1
1132,866,0,2,1
1132,867,0,3,1
1132,868,0,4,1
1132,869,0,5,1
1132,870,0,6,1
1132,871,0,7,1
1132,872..895,0,8 9 10 11 12 13 14 15,3 3 3 3 3 3 3 3
1133,832..871,0,8 9 10 11 12 13 14 15,3 3 3 3 3 3 3 3
1133,872,0,0,1
1133,873,0,1,1
1133,874,0,2,1
1133,875,0,3,1
1133,876,0,4,1
1133,877,0,5,1
1133,878,0,6,1
1133,879,0,7,1
1133,880..895,0,8 9 10 11 12 13 14 15,3 3 3 3 3 3 3 3
1134,832..879,0,8 9 10 11 12 13 14 15,3 3 3 3 3 3 3 3
1134,880,0,0,1
1134,881,0,1,1
1134,882,0,2,1
1134,883,0,3,1
1134,884,0,4,1
1134,885,0,5,1
1134,886,0,6,1
1134,887,0,7,1
1134,888..895,0,8 9 10 11 12 13 14 15,3 3 3 3 3 3 3 3
1135,832..887,0,8 9 10 11 12 13 14 15,3 3 3 3 3 3 3 3
1135,888,0,0,1
1135,889,0,1,1
1135,890,0,2,1
1135,891,0,3,1
1135,892,0,4,1
1135,893,0,5,1
1135,894,0,6,1
1135,895,0,7,1
1136..1143,0..895,0,12 13 14 15,3 3 3 3
1136,896,0,0,1
1136,897,0,1,1
1136,898,0,2,1
1136,899,0,3,1
1136,900,0,4,1
1136,901,0,5,1
1136,902,0,6,1
1136,903,0,7,1
1136,904..959,0,8 9 10 11 12 13 14 15,3 3 3 3 3 3 3 3
1136..1143,960..1023,0,12 13 14 15,3 3 3 3
1137,896..903,0,8 9 10 11 12 13 14 15,3 3 3 3 3 3 3 3
1137,904,0,0,1
1137,905,0,1,1
1137,906,0,2,1
1137,907,0,3,1
1137,908,0,4,1
1137,909,0,5,1
1137,910,0,6,1
1137,911,0,7,1
1137,912..959,0,8 9 10 11 12 13 14 15,3 3 3 3 3 3 3 3
1138,896..911,0,8 9 10 11 12 13 14 15,3 3 3 3 3 3 3 3
1138,912,0,0,1
1138,913,0,1,1
1138,914,0,2,1
1138,915,0,3,1
1138,916,0,4,1
1138,917,0,5,1
1138,918,0,6,1
1138,919,0,7,1
1138,920..959,0,8 9 10 11 12 13 14 15,3 3 3 3 3 3 3 3
1139,896..919,0,8 9 10 11 12 13 14 15,3 3 3 3 3 3 3 3
1139,920,0,0,1
1139,921,0,1,1
1139,922,0,2,1
1139,923,0,3,1
1139,924,0,4,1
1139,925,0,5,1
1139,926,0,6,1
1139,927,0,7,1
1139,928..959,0,8 9 10 11 12 13 14 15,3 3 3 3 3 3 3 3
1140,896..927,0,8 9 10 11 12 13 14 15,3 3 3 3 3 3 3 3
1140,928,0,0,1
1140,929,0,1,1
1140,930,0,2,1
1140,931,0,3,1
1140,932,0,4,1
1140,933,0,5,1
1140,934,0,6,1
1140,935,0,7,1
1140,936..959,0,8 9 10 11 12 13 14 15,3 3 3 3 3 3 3 3
1141,896..935,0,8 9 10 11 12 13 14 15,3 3 3 3 3 3 3 3
1141,936,0,0,1
1141,937,0,1,1
1141,938,0,2,1
1141,939,0,3,1
1141,940,0,4,1
1141,941,0,5,1
1141,942,0,6,1
1141,943,0,7,1
1141,944..959,0,8 9 10 11 12 13 14 15,3 3 3 3 3 3 3 3
1142,896..943,0,8 9 10 11 12 13 14 15,3 3 3 3 3 3 3 3
1142,944,0,0,1
1142,945,0,1,1
1142,946,0,2,1
1142,947,0,3,1
1142,948,0,4,1
1142,949,0,5,1
1142,950,0,6,1
1142,951,0,7,1
1142,952..959,0,8 9 10 11 12 13 14 15,3 3 3 3 3 3 3 3
1143,896..951,0,8 9 10 11 12 13 14 15,3 3 3 3 3 3 3 3
1143,952,0,0,1
1143,953,0,1,1
1143,954,0,2,1
1143,955,0,3,1
1143,956,0,4,1
1143,957,0,5,1
1143,958,0,6,1
1143,959,0,7,1
1144..1151,0..959,0,12 13 14 15,3 3 3 3
1144,960,0,0,1
1144,961,0,1,1
1144,962,0,2,1
1144,963,0,3,1
1144,964,0,4,1
1144,965,0,5,1
1144,966,0,6,1
1144,967,0,7,1
1144,968..1023,0,8 9 10 11 12 13 14 15,3 3 3 3 3 3 3 3
1145,960..967,0,8 9 10 11 12 13 14 15,3 3 3 3 3 3 3 3
1145,968,0,0,1
1145,969,0,1,1
1145,970,0,2,1
1145,971,0,3,1
1145,972,0,4,1
1145,973,0,5,1
1145,974,0,6,1
1145,975,0,7,1
1145,976..1023,0,8 9 10 11 12 13 14 15,3 3 3 3 3 3 3 3
1146,960..975,0,8 9 10 11 12 13 14 15,3 3 3 3 3 3 3 3
1146,976,0,0,1
1146,977,0,1,1
1146,978,0,2,1
1146,979,0,3,1
1146,980,0,4,1
1146,981,0,5,1
1146,982,0,6,1
1146,983,0,7,1
1146,984..1023,0,8 9 10 11 12 13 14 15,3 3 3 3 3 3 3 3
1147,960..983,0,8 9 10 11 12 13 14 15,3 3 3 3 3 3 3 3
1147,984,0,0,1
1147,985,0,1,1
1147,986,0,2,1
1147,987,0,3,1
1147,988,0,4,1
1147,989,0,5,1
1147,990,0,6,1
1147,991,0,7,1
1147,992..1023,0,8 9 10 11 12 13 14 15,3 3 3 3 3 3 3 3
1148,960..991,0,8 9 10 11 12 13 14 15,3 3 3 3 3 3 3 3
1148,992,0,0,1
1148,993,0,1,1
1148,994,0,2,1
1148,995,0,3,1
1148,996,0,4,1
1148,997,0,5,1
1148,998,0,6,1
1148,999,0,7,1
1148,1000..1023,0,8 9 10 11 12 13 14 15,3 3 3 3 3 3 3 3
1149,960..999,0,8 9 10 11 12 13 14 15,3 3 3 3 3 3 3 3
1149,1000,0,0,1
1149,1001,0,1,1
1149,1002,0,2,1
1149,1003,0,3,1
1149,1004,0,4,1
1149,1005,0,5,1
1149,1006,0,6,1
1149,1007,0,7,1
1149,1008..1023,0,8 9 10 11 12 13 14 15,3 3 3 3 3 3 3 3
1150,960..1007,0,8 9 10 11 12 13 14 15,3 3 3 3 3 3 3 3
1150,1008,0,0,1
1150,1009,0,1,1
1150,1010,0,2,1
1150,1011,0,3,1
1150,1012,0,4,1
1150,1013,0,5,1
1150,1014,0,6,1
1150,1015,0,7,1
1150,1016..1023,0,8 9 10 11 12 13 14 15,3 3 3 3 3 3 3 3
1151,960..1015,0,8 9 10 11 12 13 14 15,3 3 3 3 3 3 3 3
1151,1016,0,0,1
1151,1017,0,1,1
1151,1018,0,2,1
1151,1019,0,3,1
1151,1020,0,4,1
1151,1021,0,5,1
1151,1022,0,6,1
1151,1023,0,7,1
1152,0,1,0,1
1152,1,1,1,1
1152,2,1,2,1
1152,3,1,3,1
1152,4,1,4,1
1152,5,1,5,1
1152,6,1,6,1
1152,7,1,7,1
1152,8..63,1,8 9 10 11 12 13 14 15,3 3 3 3 3 3 3 3
1152..1159,64..1023,1,12 13 14 15,3 3 3 3
1153,0..7,1,8 9 10 11 12 13 14 15,3 3 3 3 3 3 3 3
1153,8,1,0,1
1153,9,1,1,1
1153,10,1,2,1
1153,11,1,3,1
1153,12,1,4,1
1153,13,1,5,1
1153,14,1,6,1
1153,15,1,7,1
1153,16..63,1,8 9 10 11 12 13 14 15,3 3 3 3 3 3 3 3
1154,0..15,1,8 9 10 11 12 13 14 15,3 3 3 3 3 3 3 3
1154,16,1,0,1
1154,17,1,1,1
1154,18,1,2,1
1154,19,1,3,1
1154,20,1,4,1
1154,21,1,5,1
1154,22,1,6,1
1154,23,1,7,1
1154,24..63,1,8 9 10 11 12 13 14 15,3 3 3 3 3 3 3 3
1155,0..23,1,8 9 10 11 12 13 14 15,3 3 3 3 3 3 3 3
1155,24,1,0,1
1155,25,1,1,1
1155,26,1,2,1
1155,27,1,3,1
1155,28,1,4,1
1155,29,1,5,1
1155,30,1,6,1
1155,31,1,7,1
1155,32..63,1,8 9 10 11 12 13 14 15,3 3 3 3 3 3 3 3
1156,0..31,1,8 9 10 11 12 13 14 15,3 3 3 3 3 3 3 3
1156,32,1,0,1
1156,33,1,1,1
1156,34,1,2,1
1156,35,1,3,1
1156,36,1,4,1
1156,37,1,5,1
1156,38,1,6,1
1156,39,1,7,1
1156,40..63,1,8 9 10 11 12 13 14 15,3 3 3 3 3 3 3 3
1157,0..39,1,8 9 10 11 12 13 14 15,3 3 3 3 3 3 3 3
1157,40,1,0,1
1157,41,1,1,1
1157,42,1,2,1
1157,43,1,3,1
1157,44,1,4,1
1157,45,1,5,1
1157,46,1,6,1
1157,47,1,7,1
1157,48..63,1,8 9 10 11 12 13 14 15,3 3 3 3 3 3 3 3
1158,0..47,1,8 9 10 11 12 13 14 15,3 3 3 3 3 3 3 3
1158,48,1,0,1
1158,49,1,1,1
1158,50,1,2,1
1158,51,1,3,1
1158,52,1,4,1
1158,53,1,5,1
1158,54,1,6,1
1158,55,1,7,1
1158,56..63,1,8 9 10 11 12 13 14 15,3 3 3 3 3 3 3 3
1159,0..55,1,8 9 10 11 12 13 14 15,3 3 3 3 3 3 3 3
1159,56,1,0,1
1159,57,1,1,1
1159,58,1,2,1
1159,59,1,3,1
1159,60,1,4,1
1159,61,1,5,1
1159,62,1,6,1
1159,63,1,7,1
1160..1167,0..63,1,12 13 14 15,3 3 3 3
1160,64,1,0,1
1160,65,1,1,1
1160,66,1,2,1
1160,67,1,3,1
1160,68,1,4,1
1160,69,1,5,1
1160,70,1,6,1
1160,71,1,7,1
1160,72..127,1,8 9 10 11 12 13 14 15,3 3 3 3 3 3 3 3
1160..1167,128..1023,1,12 13 14 15,3 3 3 3
1161,64..71,1,8 9 10 11 12 13 14 15,3 3 3 3 3 3 3 3
1161,72,1,0,1
1161,73,1,1,1
1161,74,1,2,1
1161,75,1,3,1
1161,76,1,4,1
1161,77,1,5,1
1161,78,1,6,1
1161,79,1,7,1
1161,80..127,1,8 9 10 11 12 13 14 15,3 3 3 3 3 3 3 3
1162,64..79,1,8 9 10 11 12 13 14 15,3 3 3 3 3 3 3 3
1162,80,1,0,1
1162,81,1,1,1
1162,82,1,2,1
1162,83,1,3,1
1162,84,1,4,1
1162,85,1,5,1
1162,86,1,6,1
1162,87,1,7,1
1162,88..127,1,8 9 10 11 12 13 14 15,3 3 3 3 3 3 3 3
1163,64..87,1,8 9 10 11 12 13 14 15,3 3 3 3 3 3 3 3
1163,88,1,0,1
1163,89,1,1,1
1163,90,1,2,1
1163,91,1,3,1
1163,92,1,4,1
1163,93,1,5,1
1163,94,1,6,1
1163,95,1,7,1
1163,96..127,1,8 9 10 11 12 13 14 15,3 3 3 3 3 3 3 3
1164,64..95,1,8 9 10 11 12 13 14 15,3 3 3 3 3 3 3 3
1164,96,1,0,1
1164,97,1,1,1
1164,98,1,2,1
1164,99,1,3,1
1164,100,1,4,1
1164,101,1,5,1
1164,102,1,6,1
1164,103,1,7,1
1164,104..127,1,8 9 10 11 12 13 14 15,3 3 3 3 3 3 3 3
1165,64..103,1,8 9 10 11 12 13 14 15,3 3 3 3 3 3 3 3
1165,104,1,0,1
1165,105,1,1,1
1165,106,1,2,1
1165,107,1,3,1
1165,108,1,4,1
1165,109,1,5,1
1165,110,1,6,1
1165,111,1,7,1
1165,112..127,1,8 9 10 11 12 13 14 15,3 3 3 3 3 3 3 3
1166,64..111,1,8 9 10 11 12 13 14 15,3 3 3 3 3 3 3 3
1166,112,1,0,1
1166,113,1,1,1
1166,114,1,2,1
1166,115,1,3,1
1166,116,1,4,1
1166,117,1,5,1
1166,118,1,6,1
1166,119,1,7,1
1166,120..127,1,8 9 10 11 12 13 14 15,3 3 3 3 3 3 3 3
1167,64..119,1,8 9 10 11 12 13 14 15,3 3 3 3 3 3 3 3
1167,120,1,0,1
1167,121,1,1,1
1167,122,1,2,1
1167,123,1,3,1
1167,124,1,4,1
1167,125,1,5,1
1167,126,1,6,1
1167,127,1,7,1
1168..1175,0..127,1,12 13 14 15,3 3 3 3
1168,128,1,0,1
1168,129,1,1,1
1168,130,1,2,1
1168,131,1,3,1
1168,132,1,4,1
1168,133,1,5,1
1168,134,1,6,1
1168,135,1,7,1
1168,136..191,1,8 9 10 11 12 13 14 15,3 3 3 3 3 3 3 3
1168..1175,192..1023,1,12 13 14 15,3 3 3 3
1169,128..135,1,8 9 10 11 12 13 14 15,3 3 3 3 3 3 3 3
1169,136,1,0,1
1169,137,1,1,1
1169,138,1,2,1
1169,139,1,3,1
1169,140,1,4,1
1169,141,1,5,1
1169,142,1,6,1
1169,143,1,7,1
1169,144..191,1,8 9 10 11 12 13 14 15,3 3 3 3 3 3 3 3
1170,128..143,1,8 9 10 11 12 13 14 15,3 3 3 3 3 3 3 3
1170,144,1,0,1
1170,145,1,1,1
1170,146,1,2,1
1170,147,1,3,1
1170,148,1,4,1
1170,149,1,5,1
1170,150,1,6,1
1170,151,1,7,1
1170,152..191,1,8 9 10 11 12 13 14 15,3 3 3 3 3 3 3 3
1171,128..151,1,8 9 10 11 12 13 14 15,3 3 3 3 3 3 3 3
1171,152,1,0,1
1171,153,1,1,1
1171,154,1,2,1
1171,155,1,3,1
1171,156,1,4,1
1171,157,1,5,1
1171,158,1,6,1
1171,159,1,7,1
1171,160..191,1,8 9 10 11 12 13 14 15,3 3 3 3 3 3 3 3
1172,128..159,1,8 9 10 11 12 13 14 15,3 3 3 3 3 3 3 3
1172,160,1,0,1
1172,161,1,1,1
1172,162,1,2,1
1172,163,1,3,1
1172,164,1,4,1
1172,165,1,5,1
1172,166,1,6,1
1172,167,1,7,1
1172,168..191,1,8 9 10 11 12 13 14 15,3 3 3 3 3 3 3 3
1173,128..167,1,8 9 10 11 12 13 14 15,3 3 3 3 3 3 3 3
1173,168,1,0,1
1173,169,1,1,1
1173,170,1,2,1
1173,171,1,3,1
1173,172,1,4,1
1173,173,1,5,1
1173,174,1,6,1
1173,175,1,7,1
1173,176..191,1,8 9 10 11 12 13 14 15,3 3 3 3 3 3 3 3
1174,128..175,1,8 9 10 11 12 13 14 15,3 3 3 3 3 3 3 3
1174,176,1,0,1
1174,177,1,1,1
1174,178,1,2,1
1174,179,1,3,1
1174,180,1,4,1
1174,181,1,5,1
1174,182,1,6,1
1174,183,1,7,1
1174,184..191,1,8 9 10 11 12 13 14 15,3 3 3 3 3 3 3 3
1175,128..183,1,8 9 10 11 12 13 14 15,3 3 3 3 3 3 3 3
1175,184,1,0,1
1175,185,1,1,1
1175,186,1,2,1
1175,187,1,3,1
1175,188,1,4,1
1175,189,1,5,1
1175,190,1,6,1
1175,191,1,7,1
1176..1183,0..191,1,12 13 14 15,3 3 3 3
1176,192,1,0,1
1176,193,1,1,1
1176,194,1,2,1
1176,195,1,3,1
1176,196,1,4,1
1176,197,1,5,1
1176,198,1,6,1
1176,199,1,7,1
1176,200..255,1,8 9 10 11 12 13 14 15,3 3 3 3 3 3 3 3
1176..1183,256..1023,1,12 13 14 15,3 3 3 3
1177,192..199,1,8 9 10 11 12 13 14 15,3 3 3 3 3 3 3 3
1177,200,1,0,1
1177,201,1,1,1
1177,202,1,2,1
1177,203,1,3,1
1177,204,1,4,1
1177,205,1,5,1
1177,206,1,6,1
1177,207,1,7,1
1177,208..255,1,8 9 10 11 12 13 14 15,3 3 3 3 3 3 3 3
1178,192..207,1,8 9 10 11 12 13 14 15,3 3 3 3 3 3 3 3
1178,208,1,0,1
1178,209,1,1,1
1178,210,1,2,1
1178,211,1,3,1
1178,212,1,4,1
1178,213,1,5,1
1178,214,1,6,1
1178,215,1,7,1
1178,216..255,1,8 9 10 11 12 13 14 15,3 3 3 3 3 3 3 3
1179,192..215,1,8 9 10 11 12 13 14 15,3 3 3 3 3 3 3 3
1179,216,1,0,1
1179,217,1,1,1
1179,218,1,2,1
1179,219,1,3,1
1179,220,1,4,1
1179,221,1,5,1
1179,222,1,6,1
1179,223,1,7,1
1179,224..255,1,8 9 10 11 12 13 14 15,3 3 3 3 3 3 3 3
1180,192..223,1,8 9 10 11 12 13 14 15,3 3 3 3 3 3 3 3
1180,224,1,0,1
1180,225,1,1,1
1180,226,1,2,1
1180,227,1,3,1
1180,228,1,4,1
1180,229,1,5,1
1180,230,1,6,1
1180,231,1,7,1
1180,232..255,1,8 9 10 11 12 13 14 15,3 3 3 3 3 3 3 3
1181,192..231,1,8 9 10 11 12 13 14 15,3 3 3 3 3 3 3 3
1181,232,1,0,1
1181,233,1,1,1
1181,234,1,2,1
1181,235,1,3,1
1181,236,1,4,1
1181,237,1,5,1
1181,238,1,6,1
1181,239,1,7,1
1181,240..255,1,8 9 10 11 12 13 14 15,3 3 3 3 3 3 3 3
1182,192..239,1,8 9 10 11 12 13 14 15,3 3 3 3 3 3 3 3
1182,240,1,0,1
1182,241,1,1,1
1182,242,1,2,1
1182,243,1,3,1
1182,244,1,4,1
1182,245,1,5,1
1182,246,1,6,1
1182,247,1,7,1
1182,248..255,1,8 9 10 11 12 13 14 15,3 3 3 3 3 3 3 3
1183,192..247,1,8 9 10 11 12 13 14 15,3 3 3 3 3 3 3 3
1183,248,1,0,1
1183,249,1,1,1
1183,250,1,2,1
1183,251,1,3,1
1183,252,1,4,1
1183,253,1,5,1
1183,254,1,6,1
1183,255,1,7,1
1184..1191,0..255,1,12 13 14 15,3 3 3 3
1184,256,1,0,1
1184,257,1,1,1
1184,258,1,2,1
1184,259,1,3,1
1184,260,1,4,1
1184,261,1,5,1
1184,262,1,6,1
1184,263,1,7,1
1184,264..319,1,8 9 10 11 12 13 14 15,3 3 3 3 3 3 3 3
1184..1191,320..1023,1,12 13 14 15,3 3 3 3
1185,256..263,1,8 9 10 11 12 13 14 15,3 3 3 3 3 3 3 3
1185,264,1,0,1
1185,265,1,1,1
1185,266,1,2,1
1185,267,1,3,1
1185,268,1,4,1
1185,269,1,5,1
1185,270,1,6,1
1185,271,1,7,1
1185,272..319,1,8 9 10 11 12 13 14 15,3 3 3 3 3 3 3 3
1186,256..271,1,8 9 10 11 12 13 14 15,3 3 3 3 3 3 3 3
1186,272,1,0,1
1186,273,1,1,1
1186,274,1,2,1
1186,275,1,3,1
1186,276,1,4,1
1186,277,1,5,1
1186,278,1,6,1
1186,279,1,7,1
1186,280..319,1,8 9 10 11 12 13 14 15,3 3 3 3 3 3 3 3
1187,256..279,1,8 9 10 11 12 13 14 15,3 3 3 3 3 3 3 3
1187,280,1,0,1
1187,281,1,1,1
1187,282,1,2,1
1187,283,1,3,1
1187,284,1,4,1
1187,285,1,5,1
1187,286,1,6,1
1187,287,1,7,1
1187,288..319,1,8 9 10 11 12 13 14 15,3 3 3 3 3 3 3 3
1188,256..287,1,8 9 10 11 12 13 14 15,3 3 3 3 3 3 3 3
1188,288,1,0,1
1188,289,1,1,1
1188,290,1,2,1
1188,291,1,3,1
1188,292,1,4,1
1188,293,1,5,1
1188,294,1,6,1
1188,295,1,7,1
1188,296..319,1,8 9 10 11 12 13 14 15,3 3 3 3 3 3 3 3
1189,256..295,1,8 9 10 11 12 13 14 15,3 3 3 3 3 3 3 3
1189,296,1,0,1
1189,297,1,1,1
1189,298,1,2,1
1189,299,1,3,1
1189,300,1,4,1
1189,301,1,5,1
1189,302,1,6,1
1189,303,1,7,1
1189,304..319,1,8 9 10 11 12 13 14 15,3 3 3 3 3 3 3 3
1190,256..303,1,8 9 10 11 12 13 14 15,3 3 3 3 3 3 3 3
1190,304,1,0,1
1190,305,1,1,1
1190,306,1,2,1
1190,307,1,3,1
1190,308,1,4,1
1190,309,1,5,1
1190,310,1,6,1
1190,311,1,7,1
1190,312..319,1,8 9 10 11 12 13 14 15,3 3 3 3 3 3 3 3
1191,256..311,1,8 9 10 11 12 13 14 15,3 3 3 3 3 3 3 3
1191,312,1,0,1
1191,313,1,1,1
1191,314,1,2,1
1191,315,1,3,1
1191,316,1,4,1
1191,317,1,5,1
1191,318,1,6,1
1191,319,1,7,1
1192..1199,0..319,1,12 13 14 15,3 3 3 3
1192,320,1,0,1
1192,321,1,1,1
1192,322,1,2,1
1192,323,1,3,1
1192,324,1,4,1
1192,325,1,5,1
1192,326,1,6,1
1192,327,1,7,1
1192,328..383,1,8 9 10 11 12 13 14 15,3 3 3 3 3 3 3 3
1192..1199,384..1023,1,12 13 14 15,3 3 3 3
1193,320..327,1,8 9 10 11 12 13 14 15,3 3 3 3 3 3 3 3
1193,328,1,0,1
1193,329,1,1,1
1193,330,1,2,1
1193,331,1,3,1
1193,332,1,4,1
1193,333,1,5,1
1193,334,1,6,1
1193,335,1,7,1
1193,336..383,1,8 9 10 11 12 13 14 15,3 3 3 3 3 3 3 3
1194,320..335,1,8 9 10 11 12 13 14 15,3 3 3 3 3 3 3 3
1194,336,1,0,1
1194,337,1,1,1
1194,338,1,2,1
1194,339,1,3,1
1194,340,1,4,1
1194,341,1,5,1
1194,342,1,6,1
1194,343,1,7,1
1194,344..383,1,8 9 10 11 12 13 14 15,3 3 3 3 3 3 3 3
1195,320..343,1,8 9 10 11 12 13 14 15,3 3 3 3 3 3 3 3
1195,344,1,0,1
1195,345,1,1,1
1195,346,1,2,1
1195,347,1,3,1
1195,348,1,4,1
1195,349,1,5,1
1195,350,1,6,1
1195,351,1,7,1
1195,352..383,1,8 9 10 11 12 13 14 15,3 3 3 3 3 3 3 3
1196,320..351,1,8 9 10 11 12 13 14 15,3 3 3 3 3 3 3 3
1196,352,1,0,1
1196,353,1,1,1
1196,354,1,2,1
1196,355,1,3,1
1196,356,1,4,1
1196,357,1,5,1
1196,358,1,6,1
1196,359,1,7,1
1196,360..383,1,8 9 10 11 12 13 14 15,3 3 3 3 3 3 3 3
1197,320..359,1,8 9 10 11 12 13 14 15,3 3 3 3 3 3 3 3
1197,360,1,0,1
1197,361,1,1,1
1197,362,1,2,1
1197,363,1,3,1
1197,364,1,4,1
1197,365,1,5,1
1197,366,1,6,1
1197,367,1,7,1
1197,368..383,1,8 9 10 11 12 13 14 15,3 3 3 3 3 3 3 3
1198,320..367,1,8 9 10 11 12 13 14 15,3 3 3 3 3 3 3 3
1198,368,1,0,1
1198,369,1,1,1
1198,370,1,2,1
1198,371,1,3,1
1198,372,1,4,1
1198,373,1,5,1
1198,374,1,6,1
1198,375,1,7,1
1198,376..383,1,8 9 10 11 12 13 14 15,3 3 3 3 3 3 3 3
1199,320..375,1,8 9 10 11 12 13 14 15,3 3 3 3 3 3 3 3
1199,376,1,0,1
1199,377,1,1,1
1199,378,1,2,1
1199,379,1,3,1
1199,380,1,4,1
1199,381,1,5,1
1199,382,1,6,1
1199,383,1,7,1
1200..1207,0..383,1,12 13 14 15,3 3 3 3
1200,384,1,0,1
1200,385,1,1,1
1200,386,1,2,1
1200,387,1,3,1
1200,388,1,4,1
1200,389,1,5,1
1200,390,1,6,1
1200,391,1,7,1
1200,392..447,1,8 9 10 11 12 13 14 15,3 3 3 3 3 3 3 3
1200..1207,448..1023,1,12 13 14 15,3 3 3 3
1201,384..391,1,8 9 10 11 12 13 14 15,3 3 3 3 3 3 3 3
1201,392,1,0,1
1201,393,1,1,1
1201,394,1,2,1
1201,395,1,3,1
1201,396,1,4,1
1201,397,1,5,1
1201,398,1,6,1
1201,399,1,7,1
1201,400..447,1,8 9 10 11 12 13 14 15,3 3 3 3 3 3 3 3
1202,384..399,1,8 9 10 11 12 13 14 15,3 3 3 3 3 3 3 3
1202,400,1,0,1
1202,401,1,1,1
1202,402,1,2,1
1202,403,1,3,1
1202,404,1,4,1
1202,405,1,5,1
1202,406,1,6,1
1202,407,1,7,1
1202,408..447,1,8 9 10 11 12 13 14 15,3 3 3 3 3 3 3 3
1203,384..407,1,8 9 10 11 12 13 14 15,3 3 3 3 3 3 3 3
1203,408,1,0,1
1203,409,1,1,1
1203,410,1,2,1
1203,411,1,3,1
1203,412,1,4,1
1203,413,1,5,1
1203,414,1,6,1
1203,415,1,7,1
1203,416..447,1,8 9 10 11 12 13 14 15,3 3 3 3 3 3 3 3
1204,384..415,1,8 9 10 11 12 13 14 15,3 3 3 3 3 3 3 3
1204,416,1,0,1
1204,417,1,1,1
1204,418,1,2,1
1204,419,1,3,1
1204,420,1,4,1
1204,421,1,5,1
1204,422,1,6,1
1204,423,1,7,1
1204,424..447,1,8 9 10 11 12 13 14 15,3 3 3 3 3 3 3 3
1205,384..423,1,8 9 10 11 12 13 14 15,3 3 3 3 3 3 3 3
1205,424,1,0,1
1205,425,1,1,1
1205,426,1,2,1
1205,427,1,3,1
1205,428,1,4,1
1205,429,1,5,1
1205,430,1,6,1
1205,431,1,7,1
1205,432..447,1,8 9 10 11 12 13 14 15,3 3 3 3 3 3 3 3
1206,384..431,1,8 9 10 11 12 13 14 15,3 3 3 3 3 3 3 3
1206,432,1,0,1
1206,433,1,1,1
1206,434,1,2,1
1206,435,1,3,1
1206,436,1,4,1
1206,437,1,5,1
1206,438,1,6,1
1206,439,1,7,1
1206,440..447,1,8 9 10 11 12 13 14 15,3 3 3 3 3 3 3 3
1207,384..439,1,8 9 10 11 12 13 14 15,3 3 3 3 3 3 3 3
1207,440,1,0,1
1207,441,1,1,1
1207,442,1,2,1
1207,443,1,3,1
1207,444,1,4,1
1207,445,1,5,1
1207,446,1,6,1
1207,447,1,7,1
1208..1215,0..447,1,12 13 14 15,3 3 3 3
1208,448,1,0,1
1208,449,1,1,1
1208,450,1,2,1
1208,451,1,3,1
1208,452,1,4,1
1208,453,1,5,1
1208,454,1,6,1
1208,455,1,7,1
1208,456..511,1,8 9 10 11 12 13 14 15,3 3 3 3 3 3 3 3
1208..1215,512..1023,1,12 13 14 15,3 3 3 3
1209,448..455,1,8 9 10 11 12 13 14 15,3 3 3 3 3 3 3 3
1209,456,1,0,1
1209,457,1,1,1
1209,458,1,2,1
1209,459,1,3,1
1209,460,1,4,1
1209,461,1,5,1
1209,462,1,6,1
1209,463,1,7,1
1209,464..511,1,8 9 10 11 12 13 14 15,3 3 3 3 3 3 3 3
1210,448..463,1,8 9 10 11 12 13 14 15,3 3 3 3 3 3 3 3
1210,464,1,0,1
1210,465,1,1,1
1210,466,1,2,1
1210,467,1,3,1
1210,468,1,4,1
1210,469,1,5,1
1210,470,1,6,1
1210,471,1,7,1
1210,472..511,1,8 9 10 11 12 13 14 15,3 3 3 3 3 3 3 3
1211,448..471,1,8 9 10 11 12 13 14 15,3 3 3 3 3 3 3 3
1211,472,1,0,1
1211,473,1,1,1
1211,474,1,2,1
1211,475,1,3,1
1211,476,1,4,1
1211,477,1,5,1
1211,478,1,6,1
1211,479,1,7,1
1211,480..511,1,8 9 10 11 12 13 14 15,3 3 3 3 3 3 3 3
1212,448..479,1,8 9 10 11 12 13 14 15,3 3 3 3 3 3 3 3
1212,480,1,0,1
1212,481,1,1,1
1212,482,1,2,1
1212,483,1,3,1
1212,484,1,4,1
1212,485,1,5,1
1212,486,1,6,1
1212,487,1,7,1
1212,488..511,1,8 9 10 11 12 13 14 15,3 3 3 3 3 3 3 3
1213,448..487,1,8 9 10 11 12 13 14 15,3 3 3 3 3 3 3 3
1213,488,1,0,1
1213,489,1,1,1
1213,490,1,2,1
1213,491,1,3,1
1213,492,1,4,1
1213,493,1,5,1
1213,494,1,6,1
1213,495,1,7,1
1213,496..511,1,8 9 10 11 12 13 14 15,3 3 3 3 3 3 3 3
1214,448..495,1,8 9 10 11 12 13 14 15,3 3 3 3 3 3 3 3
1214,496,1,0,1
1214,497,1,1,1
1214,498,1,2,1
1214,499,1,3,1
1214,500,1,4,1
1214,501,1,5,1
1214,502,1,6,1
1214,503,1,7,1
1214,504..511,1,8 9 10 11 12 13 14 15,3 3 3 3 3 3 3 3
1215,448..503,1,8 9 10 11 12 13 14 15,3 3 3 3 3 3 3 3
1215,504,1,0,1
1215,505,1,1,1
1215,506,1,2,1
1215,507,1,3,1
1215,508,1,4,1
1215,509,1,5,1
1215,510,1,6,1
1215,511,1,7,1
1216..1223,0..511,1,12 13 14 15,3 3 3 3
1216,512,1,0,1
1216,513,1,1,1
1216,514,1,2,1
1216,515,1,3,1
1216,516,1,4,1
1216,517,1,5,1
1216,518,1,6,1
1216,519,1,7,1
1216,520..575,1,8 9 10 11 12 13 14 15,3 3 3 3 3 3 3 3
1216..1223,576..1023,1,12 13 14 15,3 3 3 3
1217,512..519,1,8 9 10 11 12 13 14 15,3 3 3 3 3 3 3 3
1217,520,1,0,1
1217,521,1,1,1
1217,522,1,2,1
1217,523,1,3,1
1217,524,1,4,1
1217,525,1,5,1
1217,526,1,6,1
1217,527,1,7,1
1217,528..575,1,8 9 10 11 12 13 14 15,3 3 3 3 3 3 3 3
1218,512..527,1,8 9 10 11 12 13 14 15,3 3 3 3 3 3 3 3
1218,528,1,0,1
1218,529,1,1,1
1218,530,1,2,1
1218,531,1,3,1
1218,532,1,4,1
1218,533,1,5,1
1218,534,1,6,1
1218,535,1,7,1
1218,536..575,1,8 9 10 11 12 13 14 15,3 3 3 3 3 3 3 3
1219,512..535,1,8 9 10 11 12 13 14 15,3 3 3 3 3 3 3 3
1219,536,1,0,1
1219,537,1,1,1
1219,538,1,2,1
1219,539,1,3,1
1219,540,1,4,1
1219,541,1,5,1
1219,542,1,6,1
1219,543,1,7,1
1219,544..575,1,8 9 10 11 12 13 14 15,3 3 3 3 3 3 3 3
1220,512..543,1,8 9 10 11 12 13 14 15,3 3 3 3 3 3 3 3
1220,544,1,0,1
1220,545,1,1,1
1220,546,1,2,1
1220,547,1,3,1
1220,548,1,4,1
1220,549,1,5,1
1220,550,1,6,1
1220,551,1,7,1
1220,552..575,1,8 9 10 11 12 13 14 15,3 3 3 3 3 3 3 3
1221,512..551,1,8 9 10 11 12 13 14 15,3 3 3 3 3 3 3 3
1221,552,1,0,1
1221,553,1,1,1
1221,554,1,2,1
1221,555,1,3,1
1221,556,1,4,1
1221,557,1,5,1
1221,558,1,6,1
1221,559,1,7,1
1221,560..575,1,8 9 10 11 12 13 14 15,3 3 3 3 3 3 3 3
1222,512..559,1,8 9 10 11 12 13 14 15,3 3 3 3 3 3 3 3
1222,560,1,0,1
1222,561,1,1,1
1222,562,1,2,1
1222,563,1,3,1
1222,564,1,4,1
1222,565,1,5,1
1222,566,1,6,1
1222,567,1,7,1
1222,568..575,1,8 9 10 11 12 13 14 15,3 3 3 3 3 3 3 3
1223,512..567,1,8 9 10 11 12 13 14 15,3 3 3 3 3 3 3 3
1223,568,1,0,1
1223,569,1,1,1
1223,570,1,2,1
1223,571,1,3,1
1223,572,1,4,1
1223,573,1,5,1
1223,574,1,6,1
1223,575,1,7,1
1224..1231,0..575,1,12 13 14 15,3 3 3 3
1224,576,1,0,1
1224,577,1,1,1
1224,578,1,2,1
1224,579,1,3,1
1224,580,1,4,1
1224,581,1,5,1
1224,582,1,6,1
1224,583,1,7,1
1224,584..639,1,8 9 10 11 12 13 14 15,3 3 3 3 3 3 3 3
1224..1231,640..1023,1,12 13 14 15,3 3 3 3
1225,576..583,1,8 9 10 11 12 13 14 15,3 3 3 3 3 3 3 3
1225,584,1,0,1
1225,585,1,1,1
1225,586,1,2,1
1225,587,1,3,1
1225,588,1,4,1
1225,589,1,5,1
1225,590,1,6,1
1225,591,1,7,1
1225,592..639,1,8 9 10 11 12 13 14 15,3 3 3 3 3 3 3 3
1226,576..591,1,8 9 10 11 12 13 14 15,3 3 3 3 3 3 3 3
1226,592,1,0,1
1226,593,1,1,1
1226,594,1,2,1
1226,595,1,3,1
1226,596,1,4,1
1226,597,1,5,1
1226,598,1,6,1
1226,599,1,7,1
1226,600..639,1,8 9 10 11 12 13 14 15,3 3 3 3 3 3 3 3
1227,576..599,1,8 9 10 11 12 13 14 15,3 3 3 3 3 3 3 3
1227,600,1,0,1
1227,601,1,1,1
1227,602,1,2,1
1227,603,1,3,1
1227,604,1,4,1
1227,605,1,5,1
1227,606,1,6,1
1227,607,1,7,1
1227,608..639,1,8 9 10 11 12 13 14 15,3 3 3 3 3 3 3 3
1228,576..607,1,8 9 10 11 12 13 14 15,3 3 3 3 3 3 3 3
1228,608,1,0,1
1228,609,1,1,1
1228,610,1,2,1
1228,611,1,3,1
1228,612,1,4,1
1228,613,1,5,1
1228,614,1,6,1
1228,615,1,7,1
1228,616..639,1,8 9 10 11 12 13 14 15,3 3 3 3 3 3 3 3
1229,576..615,1,8 9 10 11 12 13 14 15,3 3 3 3 3 3 3 3
1229,616,1,0,1
1229,617,1,1,1
1229,618,1,2,1
1229,619,1,3,1
1229,620,1,4,1
1229,621,1,5,1
1229,622,1,6,1
1229,623,1,7,1
1229,624..639,1,8 9 10 11 12 13 14 15,3 3 3 3 3 3 3 3
1230,576..623,1,8 9 10 11 12 13 14 15,3 3 3 3 3 3 3 3
1230,624,1,0,1
1230,625,1,1,1
1230,626,1,2,1
1230,627,1,3,1
1230,628,1,4,1
1230,629,1,5,1
1230,630,1,6,1
1230,631,1,7,1
1230,632..639,1,8 9 10 11 12 13 14 15,3 3 3 3 3 3 3 3
1231,576..631,1,8 9 10 11 12 13 14 15,3 3 3 3 3 3 3 3
1231,632,1,0,1
1231,633,1,1,1
1231,634,1,2,1
1231,635,1,3,1
1231,636,1,4,1
1231,637,1,5,1
1231,638,1,6,1
1231,639,1,7,1
1232..1239,0..639,1,12 13 14 15,3 3 3 3
1232,640,1,0,1
1232,641,1,1,1
1232,642,1,2,1
1232,643,1,3,1
1232,644,1,4,1
1232,645,1,5,1
1232,646,1,6,1
1232,647,1,7,1
1232,648..703,1,8 9 10 11 12 13 14 15,3 3 3 3 3 3 3 3
1232..1239,704..1023,1,12 13 14 15,3 3 3 3
1233,640..647,1,8 9 10 11 12 13 14 15,3 3 3 3 3 3 3 3
1233,648,1,0,1
1233,649,1,1,1
1233,650,1,2,1
1233,651,1,3,1
1233,652,1,4,1
1233,653,1,5,1
1233,654,1,6,1
1233,655,1,7,1
1233,656..703,1,8 9 10 11 12 13 14 15,3 3 3 3 3 3 3 3
1234,640..655,1,8 9 10 11 12 13 14 15,3 3 3 3 3 3 3 3
1234,656,1,0,1
1234,657,1,1,1
1234,658,1,2,1
1234,659,1,3,1
1234,660,1,4,1
1234,661,1,5,1
1234,662,1,6,1
1234,663,1,7,1
1234,664..703,1,8 9 10 11 12 13 14 15,3 3 3 3 3 3 3 3
1235,640..663,1,8 9 10 11 12 13 14 15,3 3 3 3 3 3 3 3
1235,664,1,0,1
1235,665,1,1,1
1235,666,1,2,1
1235,667,1,3,1
1235,668,1,4,1
1235,669,1,5,1
1235,670,1,6,1
1235,671,1,7,1
1235,672..703,1,8 9 10 11 12 13 14 15,3 3 3 3 3 3 3 3
1236,640..671,1,8 9 10 11 12 13 14 15,3 3 3 3 3 3 3 3
1236,672,1,0,1
1236,673,1,1,1
1236,674,1,2,1
1236,675,1,3,1
1236,676,1,4,1
1236,677,1,5,1
1236,678,1,6,1
1236,679,1,7,1
1236,680..703,1,8 9 10 11 12 13 14 15,3 3 3 3 3 3 3 3
1237,640..679,1,8 9 10 11 12 13 14 15,3 3 3 3 3 3 3 3
1237,680,1,0,1
1237,681,1,1,1
1237,682,1,2,1
1237,683,1,3,1
1237,684,1,4,1
1237,685,1,5,1
1237,686,1,6,1
1237,687,1,7,1
1237,688..703,1,8 9 10 11 12 13 14 15,3 3 3 3 3 3 3 3
1238,640..687,1,8 9 10 11 12 13 14 15,3 3 3 3 3 3 3 3
1238,688,1,0,1
1238,689,1,1,1
1238,690,1,2,1
1238,691,1,3,1
1238,692,1,4,1
1238,693,1,5,1
1238,694,1,6,1
1238,695,1,7,1
1238,696..703,1,8 9 10 11 12 13 14 15,3 3 3 3 3 3 3 3
1239,640..695,1,8 9 10 11 12 13 14 15,3 3 3 3 3 3 3 3
1239,696,1,0,1
1239,697,1,1,1
1239,698,1,2,1
1239,699,1,3,1
1239,700,1,4,1
1239,701,1,5,1
1239,702,1,6,1
1239,703,1,7,1
1240..1247,0..703,1,12 13 14 15,3 3 3 3
1240,704,1,0,1
1240,705,1,1,1
1240,706,1,2,1
1240,707,1,3,1
1240,708,1,4,1
1240,709,1,5,1
1240,710,1,6,1
1240,711,1,7,1
1240,712..767,1,8 9 10 11 12 13 14 15,3 3 3 3 3 3 3 3
1240..1247,768..1023,1,12 13 14 15,3 3 3 3
1241,704..711,1,8 9 10 11 12 13 14 15,3 3 3 3 3 3 3 3
1241,712,1,0,1
1241,713,1,1,1
1241,714,1,2,1
1241,715,1,3,1
1241,716,1,4,1
1241,717,1,5,1
1241,718,1,6,1
1241,719,1,7,1
1241,720..767,1,8 9 10 11 12 13 14 15,3 3 3 3 3 3 3 3
1242,704..719,1,8 9 10 11 12 13 14 15,3 3 3 3 3 3 3 3
1242,720,1,0,1
1242,721,1,1,1
1242,722,1,2,1
1242,723,1,3,1
1242,724,1,4,1
1242,725,1,5,1
1242,726,1,6,1
1242,727,1,7,1
1242,728..767,1,8 9 10 11 12 13 14 15,3 3 3 3 3 3 3 3
1243,704..727,1,8 9 10 11 12 13 14 15,3 3 3 3 3 3 3 3
1243,728,1,0,1
1243,729,1,1,1
1243,730,1,2,1
1243,731,1,3,1
1243,732,1,4,1
1243,733,1,5,1
1243,734,1,6,1
1243,735,1,7,1
1243,736..767,1,8 9 10 11 12 13 14 15,3 3 3 3 3 3 3 3
1244,704..735,1,8 9 10 11 12 13 14 15,3 3 3 3 3 3 3 3
1244,736,1,0,1
1244,737,1,1,1
1244,738,1,2,1
1244,739,1,3,1
1244,740,1,4,1
1244,741,1,5,1
1244,742,1,6,1
1244,743,1,7,1
1244,744..767,1,8 9 10 11 12 13 14 15,3 3 3 3 3 3 3 3
1245,704..743,1,8 9 10 11 12 13 14 15,3 3 3 3 3 3 3 3
1245,744,1,0,1
1245,745,1,1,1
1245,746,1,2,1
1245,747,1,3,1
1245,748,1,4,1
1245,749,1,5,1
1245,750,1,6,1
1245,751,1,7,1
1245,752..767,1,8 9 10 11 12 13 14 15,3 3 3 3 3 3 3 3
1246,704..751,1,8 9 10 11 12 13 14 15,3 3 3 3 3 3 3 3
1246,752,1,0,1
1246,753,1,1,1
1246,754,1,2,1
1246,755,1,3,1
1246,756,1,4,1
1246,757,1,5,1
1246,758,1,6,1
1246,759,1,7,1
1246,760..767,1,8 9 10 11 12 13 14 15,3 3 3 3 3 3 3 3
1247,704..759,1,8 9 10 11 12 13 14 15,3 3 3 3 3 3 3 3
1247,760,1,0,1
1247,761,1,1,1
1247,762,1,2,1
1247,763,1,3,1
1247,764,1,4,1
1247,765,1,5,1
1247,766,1,6,1
1247,767,1,7,1
1248..1255,0..767,1,12 13 14 15,3 3 3 3
1248,768,1,0,1
1248,769,1,1,1
1248,770,1,2,1
1248,771,1,3,1
1248,772,1,4,1
1248,773,1,5,1
1248,774,1,6,1
1248,775,1,7,1
1248,776..831,1,8 9 10 11 12 13 14 15,3 3 3 3 3 3 3 3
1248..1255,832..1023,1,12 13 14 15,3 3 3 3
1249,768..775,1,8 9 10 11 12 13 14 15,3 3 3 3 3 3 3 3
1249,776,1,0,1
1249,777,1,1,1
1249,778,1,2,1
1249,779,1,3,1
1249,780,1,4,1
1249,781,1,5,1
1249,782,1,6,1
1249,783,1,7,1
1249,784..831,1,8 9 10 11 12 13 14 15,3 3 3 3 3 3 3 3
1250,768..783,1,8 9 10 11 12 13 14 15,3 3 3 3 3 3 3 3
1250,784,1,0,1
1250,785,1,1,1
1250,786,1,2,1
1250,787,1,3,1
1250,788,1,4,1
1250,789,1,5,1
1250,790,1,6,1
1250,791,1,7,1
1250,792..831,1,8 9 10 11 12 13 14 15,3 3 3 3 3 3 3 3
1251,768..791,1,8 9 10 11 12 13 14 15,3 3 3 3 3 3 3 3
1251,792,1,0,1
1251,793,1,1,1
1251,794,1,2,1
1251,795,1,3,1
1251,796,1,4,1
1251,797,1,5,1
1251,798,1,6,1
1251,799,1,7,1
1251,800..831,1,8 9 10 11 12 13 14 15,3 3 3 3 3 3 3 3
1252,768..799,1,8 9 10 11 12 13 14 15,3 3 3 3 3 3 3 3
1252,800,1,0,1
1252,801,1,1,1
1252,802,1,2,1
1252,803,1,3,1
1252,804,1,4,1
1252,805,1,5,1
1252,806,1,6,1
1252,807,1,7,1
1252,808..831,1,8 9 10 11 12 13 14 15,3 3 3 3 3 3 3 3
1253,768..807,1,8 9 10 11 12 13 14 15,3 3 3 3 3 3 3 3
1253,808,1,0,1
1253,809,1,1,1
1253,810,1,2,1
1253,811,1,3,1
1253,812,1,4,1
1253,813,1,5,1
1253,814,1,6,1
1253,815,1,7,1
1253,816..831,1,8 9 10 11 12 13 14 15,3 3 3 3 3 3 3 3
1254,768..815,1,8 9 10 11 12 13 14 15,3 3 3 3 3 3 3 3
1254,816,1,0,1
1254,817,1,1,1
1254,818,1,2,1
1254,819,1,3,1
1254,820,1,4,1
1254,821,1,5,1
1254,822,1,6,1
1254,823,1,7,1
1254,824..831,1,8 9 10 11 12 13 14 15,3 3 3 3 3 3 3 3
1255,768..823,1,8 9 10 11 12 13 14 15,3 3 3 3 3 3 3 3
1255,824,1,0,1
1255,825,1,1,1
1255,826,1,2,1
1255,827,1,3,1
1255,828,1,4,1
1255,829,1,5,1
1255,830,1,6,1
1255,831,1,7,1
1256..1263,0..831,1,12 13 14 15,3 3 3 3
1256,832,1,0,1
1256,833,1,1,1
1256,834,1,2,1
1256,835,1,3,1
1256,836,1,4,1
1256,837,1,5,1
1256,838,1,6,1
1256,839,1,7,1
1256,840..895,1,8 9 10 11 12 13 14 15,3 3 3 3 3 3 3 3
1256..1263,896..1023,1,12 13 14 15,3 3 3 3
1257,832..839,1,8 9 10 11 12 13 14 15,3 3 3 3 3 3 3 3
1257,840,1,0,1
1257,841,1,1,1
1257,842,1,2,1
1257,843,1,3,1
1257,844,1,4,1
1257,845,1,5,1
1257,846,1,6,1
1257,847,1,7,1
1257,848..895,1,8 9 10 11 12 13 14 15,3 3 3 3 3 3 3 3
1258,832..847,1,8 9 10 11 12 13 14 15,3 3 3 3 3 3 3 3
1258,848,1,0,1
1258,849,1,1,1
1258,850,1,2,1
1258,851,1,3,1
1258,852,1,4,1
1258,853,1,5,1
1258,854,1,6,1
1258,855,1,7,1
1258,856..895,1,8 9 10 11 12 13 14 15,3 3 3 3 3 3 3 3
1259,832..855,1,8 9 10 11 12 13 14 15,3 3 3 3 3 3 3 3
1259,856,1,0,1
1259,857,1,1,1
1259,858,1,2,1
1259,859,1,3,1
1259,860,1,4,1
1259,861,1,5,1
1259,862,1,6,1
1259,863,1,7,1
1259,864..895,1,8 9 10 11 12 13 14 15,3 3 3 3 3 3 3 3
1260,832..863,1,8 9 10 11 12 13 14 15,3 3 3 3 3 3 3 3
1260,864,1,0,1
1260,865,1,1,1
1260,866,1,2,1
1260,867,1,3,1
1260,868,1,4,1
1260,869,1,5,1
1260,870,1,6,1
1260,871,1,7,1
1260,872..895,1,8 9 10 11 12 13 14 15,3 3 3 3 3 3 3 3
1261,832..871,1,8 9 10 11 12 13 14 15,3 3 3 3 3 3 3 3
1261,872,1,0,1
1261,873,1,1,1
1261,874,1,2,1
1261,875,1,3,1
1261,876,1,4,1
1261,877,1,5,1
1261,878,1,6,1
1261,879,1,7,1
1261,880..895,1,8 9 10 11 12 13 14 15,3 3 3 3 3 3 3 3
1262,832..879,1,8 9 10 11 12 13 14 15,3 3 3 3 3 3 3 3
1262,880,1,0,1
1262,881,1,1,1
1262,882,1,2,1
1262,883,1,3,1
1262,884,1,4,1
1262,885,1,5,1
1262,886,1,6,1
1262,887,1,7,1
1262,888..895,1,8 9 10 11 12 13 14 15,3 3 3 3 3 3 3 3
1263,832..887,1,8 9 10 11 12 13 14 15,3 3 3 3 3 3 3 3
1263,888,1,0,1
1263,889,1,1,1
1263,890,1,2,1
1263,891,1,3,1
1263,892,1,4,1
1263,893,1,5,1
1263,894,1,6,1
1263,895,1,7,1
1264..1271,0..895,1,12 13 14 15,3 3 3 3
1264,896,1,0,1
1264,897,1,1,1
1264,898,1,2,1
1264,899,1,3,1
1264,900,1,4,1
1264,901,1,5,1
1264,902,1,6,1
1264,903,1,7,1
1264,904..959,1,8 9 10 11 12 13 14 15,3 3 3 3 3 3 3 3
1264..1271,960..1023,1,12 13 14 15,3 3 3 3
1265,896..903,1,8 9 10 11 12 13 14 15,3 3 3 3 3 3 3 3
1265,904,1,0,1
1265,905,1,1,1
1265,906,1,2,1
1265,907,1,3,1
1265,908,1,4,1
1265,909,1,5,1
1265,910,1,6,1
1265,911,1,7,1
1265,912..959,1,8 9 10 11 12 13 14 15,3 3 3 3 3 3 3 3
1266,896..911,1,8 9 10 11 12 13 14 15,3 3 3 3 3 3 3 3
1266,912,1,0,1
1266,913,1,1,1
1266,914,1,2,1
1266,915,1,3,1
1266,916,1,4,1
1266,917,1,5,1
1266,918,1,6,1
1266,919,1,7,1
1266,920..959,1,8 9 10 11 12 13 14 15,3 3 3 3 3 3 3 3
1267,896..919,1,8 9 10 11 12 13 14 15,3 3 3 3 3 3 3 3
1267,920,1,0,1
1267,921,1,1,1
1267,922,1,2,1
1267,923,1,3,1
1267,924,1,4,1
1267,925,1,5,1
1267,926,1,6,1
1267,927,1,7,1
1267,928..959,1,8 9 10 11 12 13 14 15,3 3 3 3 3 3 3 3
1268,896..927,1,8 9 10 11 12 13 14 15,3 3 3 3 3 3 3 3
1268,928,1,0,1
1268,929,1,1,1
1268,930,1,2,1
1268,931,1,3,1
1268,932,1,4,1
1268,933,1,5,1
1268,934,1,6,1
1268,935,1,7,1
1268,936..959,1,8 9 10 11 12 13 14 15,3 3 3 3 3 3 3 3
1269,896..935,1,8 9 10 11 12 13 14 15,3 3 3 3 3 3 3 3
1269,936,1,0,1
1269,937,1,1,1
1269,938,1,2,1
1269,939,1,3,1
1269,940,1,4,1
1269,941,1,5,1
1269,942,1,6,1
1269,943,1,7,1
1269,944..959,1,8 9 10 11 12 13 14 15,3 3 3 3 3 3 3 3
1270,896..943,1,8 9 10 11 12 13 14 15,3 3 3 3 3 3 3 3
1270,944,1,0,1
1270,945,1,1,1
1270,946,1,2,1
1270,947,1,3,1
1270,948,1,4,1
1270,949,1,5,1
1270,950,1,6,1
1270,951,1,7,1
1270,952..959,1,8 9 10 11 12 13 14 15,3 3 3 3 3 3 3 3
1271,896..951,1,8 9 10 11 12 13 14 15,3 3 3 3 3 3 3 3
1271,952,1,0,1
1271,953,1,1,1
1271,954,1,2,1
1271,955,1,3,1
1271,956,1,4,1
1271,957,1,5,1
1271,958,1,6,1
1271,959,1,7,1
1272..1279,0..959,1,12 13 14 15,3 3 3 3
1272,960,1,0,1
1272,961,1,1,1
1272,962,1,2,1
1272,963,1,3,1
1272,964,1,4,1
1272,965,1,5,1
1272,966,1,6,1
1272,967,1,7,1
1272,968..1023,1,8 9 10 11 12 13 14 15,3 3 3 3 3 3 3 3
1273,960..967,1,8 9 10 11 12 13 14 15,3 3 3 3 3 3 3 3
1273,968,1,0,1
1273,969,1,1,1
1273,970,1,2,1
1273,971,1,3,1
1273,972,1,4,1
1273,973,1,5,1
1273,974,1,6,1
1273,975,1,7,1
1273,976..1023,1,8 9 10 11 12 13 14 15,3 3 3 3 3 3 3 3
1274,960..975,1,8 9 10 11 12 13 14 15,3 3 3 3 3 3 3 3
1274,976,1,0,1
1274,977,1,1,1
1274,978,1,2,1
1274,979,1,3,1
1274,980,1,4,1
1274,981,1,5,1
1274,982,1,6,1
1274,983,1,7,1
1274,984..1023,1,8 9 10 11 12 13 14 15,3 3 3 3 3 3 3 3
1275,960..983,1,8 9 10 11 12 13 14 15,3 3 3 3 3 3 3 3
1275,984,1,0,1
1275,985,1,1,1
1275,986,1,2,1
1275,987,1,3,1
1275,988,1,4,1
1275,989,1,5,1
1275,990,1,6,1
1275,991,1,7,1
1275,992..1023,1,8 9 10 11 12 13 14 15,3 3 3 3 3 3 3 3
1276,960..991,1,8 9 10 11 12 13 14 15,3 3 3 3 3 3 3 3
1276,992,1,0,1
1276,993,1,1,1
1276,994,1,2,1
1276,995,1,3,1
1276,996,1,4,1
1276,997,1,5,1
1276,998,1,6,1
1276,999,1,7,1
1276,1000..1023,1,8 9 10 11 12 13 14 15,3 3 3 3 3 3 3 3
1277,960..999,1,8 9 10 11 12 13 14 15,3 3 3 3 3 3 3 3
1277,1000,1,0,1
1277,1001,1,1,1
1277,1002,1,2,1
1277,1003,1,3,1
1277,1004,1,4,1
1277,1005,1,5,1
1277,1006,1,6,1
1277,1007,1,7,1
1277,1008..1023,1,8 9 10 11 12 13 14 15,3 3 3 3 3 3 3 3
1278,960..1007,1,8 9 10 11 12 13 14 15,3 3 3 3 3 3 3 3
1278,1008,1,0,1
1278,1009,1,1,1
1278,1010,1,2,1
1278,1011,1,3,1
1278,1012,1,4,1
1278,1013,1,5,1
1278,1014,1,6,1
1278,1015,1,7,1
1278,1016..1023,1,8 9 10 11 12 13 14 15,3 3 3 3 3 3 3 3
1279,960..1015,1,8 9 10 11 12 13 14 15,3 3 3 3 3 3 3 3
1279,1016,1,0,1
1279,1017,1,1,1
1279,1018,1,2,1
1279,1019,1,3,1
1279,1020,1,4,1
1279,1021,1,5,1
1279,1022,1,6,1
1279,1023,1,7,1
1280,0,2,0,1
1280,1,2,1,1
1280,2,2,2,1
1280,3,2,3,1
1280,4,2,4,1
1280,5,2,5,1
1280,6,2,6,1
1280,7,2,7,1
1280,8..63,2,8 9 10 11 12 13 14 15,3 3 3 3 3 3 3 3
1280..1287,64..1023,2,12 13 14 15,3 3 3 3
1281,0..7,2,8 9 10 11 12 13 14 15,3 3 3 3 3 3 3 3
1281,8,2,0,1
1281,9,2,1,1
1281,10,2,2,1
1281,11,2,3,1
1281,12,2,4,1
1281,13,2,5,1
1281,14,2,6,1
1281,15,2,7,1
1281,16..63,2,8 9 10 11 12 13 14 15,3 3 3 3 3 3 3 3
1282,0..15,2,8 9 10 11 12 13 14 15,3 3 3 3 3 3 3 3
1282,16,2,0,1
1282,17,2,1,1
1282,18,2,2,1
1282,19,2,3,1
1282,20,2,4,1
1282,21,2,5,1
1282,22,2,6,1
1282,23,2,7,1
1282,24..63,2,8 9 10 11 12 13 14 15,3 3 3 3 3 3 3 3
1283,0..23,2,8 9 10 11 12 13 14 15,3 3 3 3 3 3 3 3
1283,24,2,0,1
1283,25,2,1,1
1283,26,2,2,1
1283,27,2,3,1
1283,28,2,4,1
1283,29,2,5,1
1283,30,2,6,1
1283,31,2,7,1
1283,32..63,2,8 9 10 11 12 13 14 15,3 3 3 3 3 3 3 3
1284,0..31,2,8 9 10 11 12 13 14 15,3 3 3 3 3 3 3 3
1284,32,2,0,1
1284,33,2,1,1
1284,34,2,2,1
1284,35,2,3,1
1284,36,2,4,1
1284,37,2,5,1
1284,38,2,6,1
1284,39,2,7,1
1284,40..63,2,8 9 10 11 12 13 14 15,3 3 3 3 3 3 3 3
1285,0..39,2,8 9 10 11 12 13 14 15,3 3 3 3 3 3 3 3
1285,40,2,0,1
1285,41,2,1,1
1285,42,2,2,1
1285,43,2,3,1
1285,44,2,4,1
1285,45,2,5,1
1285,46,2,6,1
1285,47,2,7,1
1285,48..63,2,8 9 10 11 12 13 14 15,3 3 3 3 3 3 3 3
1286,0..47,2,8 9 10 11 12 13 14 15,3 3 3 3 3 3 3 3
1286,48,2,0,1
1286,49,2,1,1
1286,50,2,2,1
1286,51,2,3,1
1286,52,2,4,1
1286,53,2,5,1
1286,54,2,6,1
1286,55,2,7,1
1286,56..63,2,8 9 10 11 12 13 14 15,3 3 3 3 3 3 3 3
1287,0..55,2,8 9 10 11 12 13 14 15,3 3 3 3 3 3 3 3
1287,56,2,0,1
1287,57,2,1,1
1287,58,2,2,1
1287,59,2,3,1
1287,60,2,4,1
1287,61,2,5,1
1287,62,2,6,1
1287,63,2,7,1
1288..1295,0..63,2,12 13 14 15,3 3 3 3
1288,64,2,0,1
1288,65,2,1,1
1288,66,2,2,1
1288,67,2,3,1
1288,68,2,4,1
1288,69,2,5,1
1288,70,2,6,1
1288,71,2,7,1
1288,72..127,2,8 9 10 11 12 13 14 15,3 3 3 3 3 3 3 3
1288..1295,128..1023,2,12 13 14 15,3 3 3 3
1289,64..71,2,8 9 10 11 12 13 14 15,3 3 3 3 3 3 3 3
1289,72,2,0,1
1289,73,2,1,1
1289,74,2,2,1
1289,75,2,3,1
1289,76,2,4,1
1289,77,2,5,1
1289,78,2,6,1
1289,79,2,7,1
1289,80..127,2,8 9 10 11 12 13 14 15,3 3 3 3 3 3 3 3
1290,64..79,2,8 9 10 11 12 13 14 15,3 3 3 3 3 3 3 3
1290,80,2,0,1
1290,81,2,1,1
1290,82,2,2,1
1290,83,2,3,1
1290,84,2,4,1
1290,85,2,5,1
1290,86,2,6,1
1290,87,2,7,1
1290,88..127,2,8 9 10 11 12 13 14 15,3 3 3 3 3 3 3 3
1291,64..87,2,8 9 10 11 12 13 14 15,3 3 3 3 3 3 3 3
1291,88,2,0,1
1291,89,2,1,1
1291,90,2,2,1
1291,91,2,3,1
1291,92,2,4,1
1291,93,2,5,1
1291,94,2,6,1
1291,95,2,7,1
1291,96..127,2,8 9 10 11 12 13 14 15,3 3 3 3 3 3 3 3
1292,64..95,2,8 9 10 11 12 13 14 15,3 3 3 3 3 3 3 3
1292,96,2,0,1
1292,97,2,1,1
1292,98,2,2,1
1292,99,2,3,1
1292,100,2,4,1
1292,101,2,5,1
1292,102,2,6,1
1292,103,2,7,1
1292,104..127,2,8 9 10 11 12 13 14 15,3 3 3 3 3 3 3 3
1293,64..103,2,8 9 10 11 12 13 14 15,3 3 3 3 3 3 3 3
1293,104,2,0,1
1293,105,2,1,1
1293,106,2,2,1
1293,107,2,3,1
1293,108,2,4,1
1293,109,2,5,1
1293,110,2,6,1
1293,111,2,7,1
1293,112..127,2,8 9 10 11 12 13 14 15,3 3 3 3 3 3 3 3
1294,64..111,2,8 9 10 11 12 13 14 15,3 3 3 3 3 3 3 3
1294,112,2,0,1
1294,113,2,1,1
1294,114,2,2,1
1294,115,2,3,1
1294,116,2,4,1
1294,117,2,5,1
1294,118,2,6,1
1294,119,2,7,1
1294,120..127,2,8 9 10 11 12 13 14 15,3 3 3 3 3 3 3 3
1295,64..119,2,8 9 10 11 12 13 14 15,3 3 3 3 3 3 3 3
1295,120,2,0,1
1295,121,2,1,1
1295,122,2,2,1
1295,123,2,3,1
1295,124,2,4,1
1295,125,2,5,1
1295,126,2,6,1
1295,127,2,7,1
1296..1303,0..127,2,12 13 14 15,3 3 3 3
1296,128,2,0,1
1296,129,2,1,1
1296,130,2,2,1
1296,131,2,3,1
1296,132,2,4,1
1296,133,2,5,1
1296,134,2,6,1
1296,135,2,7,1
1296,136..191,2,8 9 10 11 12 13 14 15,3 3 3 3 3 3 3 3
1296..1303,192..1023,2,12 13 14 15,3 3 3 3
1297,128..135,2,8 9 10 11 12 13 14 15,3 3 3 3 3 3 3 3
1297,136,2,0,1
1297,137,2,1,1
1297,138,2,2,1
1297,139,2,3,1
1297,140,2,4,1
1297,141,2,5,1
1297,142,2,6,1
1297,143,2,7,1
1297,144..191,2,8 9 10 11 12 13 14 15,3 3 3 3 3 3 3 3
1298,128..143,2,8 9 10 11 12 13 14 15,3 3 3 3 3 3 3 3
1298,144,2,0,1
1298,145,2,1,1
1298,146,2,2,1
1298,147,2,3,1
1298,148,2,4,1
1298,149,2,5,1
1298,150,2,6,1
1298,151,2,7,1
1298,152..191,2,8 9 10 11 12 13 14 15,3 3 3 3 3 3 3 3
1299,128..151,2,8 9 10 11 12 13 14 15,3 3 3 3 3 3 3 3
1299,152,2,0,1
1299,153,2,1,1
1299,154,2,2,1
1299,155,2,3,1
1299,156,2,4,1
1299,157,2,5,1
1299,158,2,6,1
1299,159,2,7,1
1299,160..191,2,8 9 10 11 12 13 14 15,3 3 3 3 3 3 3 3
1300,128..159,2,8 9 10 11 12 13 14 15,3 3 3 3 3 3 3 3
1300,160,2,0,1
1300,161,2,1,1
1300,162,2,2,1
1300,163,2,3,1
1300,164,2,4,1
1300,165,2,5,1
1300,166,2,6,1
1300,167,2,7,1
1300,168..191,2,8 9 10 11 12 13 14 15,3 3 3 3 3 3 3 3
1301,128..167,2,8 9 10 11 12 13 14 15,3 3 3 3 3 3 3 3
1301,168,2,0,1
1301,169,2,1,1
1301,170,2,2,1
1301,171,2,3,1
1301,172,2,4,1
1301,173,2,5,1
1301,174,2,6,1
1301,175,2,7,1
1301,176..191,2,8 9 10 11 12 13 14 15,3 3 3 3 3 3 3 3
1302,128..175,2,8 9 10 11 12 13 14 15,3 3 3 3 3 3 3 3
1302,176,2,0,1
1302,177,2,1,1
1302,178,2,2,1
1302,179,2,3,1
1302,180,2,4,1
1302,181,2,5,1
1302,182,2,6,1
1302,183,2,7,1
1302,184..191,2,8 9 10 11 12 13 14 15,3 3 3 3 3 3 3 3
1303,128..183,2,8 9 10 11 12 13 14 15,3 3 3 3 3 3 3 3
1303,184,2,0,1
1303,185,2,1,1
1303,186,2,2,1
1303,187,2,3,1
1303,188,2,4,1
1303,189,2,5,1
1303,190,2,6,1
1303,191,2,7,1
1304..1311,0..191,2,12 13 14 15,3 3 3 3
1304,192,2,0,1
1304,193,2,1,1
1304,194,2,2,1
1304,195,2,3,1
1304,196,2,4,1
1304,197,2,5,1
1304,198,2,6,1
1304,199,2,7,1
1304,200..255,2,8 9 10 11 12 13 14 15,3 3 3 3 3 3 3 3
1304..1311,256..1023,2,12 13 14 15,3 3 3 3
1305,192..199,2,8 9 10 11 12 13 14 15,3 3 3 3 3 3 3 3
1305,200,2,0,1
1305,201,2,1,1
1305,202,2,2,1
1305,203,2,3,1
1305,204,2,4,1
1305,205,2,5,1
1305,206,2,6,1
1305,207,2,7,1
1305,208..255,2,8 9 10 11 12 13 14 15,3 3 3 3 3 3 3 3
1306,192..207,2,8 9 10 11 12 13 14 15,3 3 3 3 3 3 3 3
1306,208,2,0,1
1306,209,2,1,1
1306,210,2,2,1
1306,211,2,3,1
1306,212,2,4,1
1306,213,2,5,1
1306,214,2,6,1
1306,215,2,7,1
1306,216..255,2,8 9 10 11 12 13 14 15,3 3 3 3 3 3 3 3
1307,192..215,2,8 9 10 11 12 13 14 15,3 3 3 3 3 3 3 3
1307,216,2,0,1
1307,217,2,1,1
1307,218,2,2,1
1307,219,2,3,1
1307,220,2,4,1
1307,221,2,5,1
1307,222,2,6,1
1307,223,2,7,1
1307,224..255,2,8 9 10 11 12 13 14 15,3 3 3 3 3 3 3 3
1308,192..223,2,8 9 10 11 12 13 14 15,3 3 3 3 3 3 3 3
1308,224,2,0,1
1308,225,2,1,1
1308,226,2,2,1
1308,227,2,3,1
1308,228,2,4,1
1308,229,2,5,1
1308,230,2,6,1
1308,231,2,7,1
1308,232..255,2,8 9 10 11 12 13 14 15,3 3 3 3 3 3 3 3
1309,192..231,2,8 9 10 11 12 13 14 15,3 3 3 3 3 3 3 3
1309,232,2,0,1
1309,233,2,1,1
1309,234,2,2,1
1309,235,2,3,1
1309,236,2,4,1
1309,237,2,5,1
1309,238,2,6,1
1309,239,2,7,1
1309,240..255,2,8 9 10 11 12 13 14 15,3 3 3 3 3 3 3 3
1310,192..239,2,8 9 10 11 12 13 14 15,3 3 3 3 3 3 3 3
1310,240,2,0,1
1310,241,2,1,1
1310,242,2,2,1
1310,243,2,3,1
1310,244,2,4,1
1310,245,2,5,1
1310,246,2,6,1
1310,247,2,7,1
1310,248..255,2,8 9 10 11 12 13 14 15,3 3 3 3 3 3 3 3
1311,192..247,2,8 9 10 11 12 13 14 15,3 3 3 3 3 3 3 3
1311,248,2,0,1
1311,249,2,1,1
1311,250,2,2,1
1311,251,2,3,1
1311,252,2,4,1
1311,253,2,5,1
1311,254,2,6,1
1311,255,2,7,1
1312..1319,0..255,2,12 13 14 15,3 3 3 3
1312,256,2,0,1
1312,257,2,1,1
1312,258,2,2,1
1312,259,2,3,1
1312,260,2,4,1
1312,261,2,5,1
1312,262,2,6,1
1312,263,2,7,1
1312,264..319,2,8 9 10 11 12 13 14 15,3 3 3 3 3 3 3 3
1312..1319,320..1023,2,12 13 14 15,3 3 3 3
1313,256..263,2,8 9 10 11 12 13 14 15,3 3 3 3 3 3 3 3
1313,264,2,0,1
1313,265,2,1,1
1313,266,2,2,1
1313,267,2,3,1
1313,268,2,4,1
1313,269,2,5,1
1313,270,2,6,1
1313,271,2,7,1
1313,272..319,2,8 9 10 11 12 13 14 15,3 3 3 3 3 3 3 3
1314,256..271,2,8 9 10 11 12 13 14 15,3 3 3 3 3 3 3 3
1314,272,2,0,1
1314,273,2,1,1
1314,274,2,2,1
1314,275,2,3,1
1314,276,2,4,1
1314,277,2,5,1
1314,278,2,6,1
1314,279,2,7,1
1314,280..319,2,8 9 10 11 12 13 14 15,3 3 3 3 3 3 3 3
1315,256..279,2,8 9 10 11 12 13 14 15,3 3 3 3 3 3 3 3
1315,280,2,0,1
1315,281,2,1,1
1315,282,2,2,1
1315,283,2,3,1
1315,284,2,4,1
1315,285,2,5,1
1315,286,2,6,1
1315,287,2,7,1
1315,288..319,2,8 9 10 11 12 13 14 15,3 3 3 3 3 3 3 3
1316,256..287,2,8 9 10 11 12 13 14 15,3 3 3 3 3 3 3 3
1316,288,2,0,1
1316,289,2,1,1
1316,290,2,2,1
1316,291,2,3,1
1316,292,2,4,1
1316,293,2,5,1
1316,294,2,6,1
1316,295,2,7,1
1316,296..319,2,8 9 10 11 12 13 14 15,3 3 3 3 3 3 3 3
1317,256..295,2,8 9 10 11 12 13 14 15,3 3 3 3 3 3 3 3
1317,296,2,0,1
1317,297,2,1,1
1317,298,2,2,1
1317,299,2,3,1
1317,300,2,4,1
1317,301,2,5,1
1317,302,2,6,1
1317,303,2,7,1
1317,304..319,2,8 9 10 11 12 13 14 15,3 3 3 3 3 3 3 3
1318,256..303,2,8 9 10 11 12 13 14 15,3 3 3 3 3 3 3 3
1318,304,2,0,1
1318,305,2,1,1
1318,306,2,2,1
1318,307,2,3,1
1318,308,2,4,1
1318,309,2,5,1
1318,310,2,6,1
1318,311,2,7,1
1318,312..319,2,8 9 10 11 12 13 14 15,3 3 3 3 3 3 3 3
1319,256..311,2,8 9 10 11 12 13 14 15,3 3 3 3 3 3 3 3
1319,312,2,0,1
1319,313,2,1,1
1319,314,2,2,1
1319,315,2,3,1
1319,316,2,4,1
1319,317,2,5,1
1319,318,2,6,1
1319,319,2,7,1
1320..1327,0..319,2,12 13 14 15,3 3 3 3
1320,320,2,0,1
1320,321,2,1,1
1320,322,2,2,1
1320,323,2,3,1
1320,324,2,4,1
1320,325,2,5,1
1320,326,2,6,1
1320,327,2,7,1
1320,328..383,2,8 9 10 11 12 13 14 15,3 3 3 3 3 3 3 3
1320..1327,384..1023,2,12 13 14 15,3 3 3 3
1321,320..327,2,8 9 10 11 12 13 14 15,3 3 3 3 3 3 3 3
1321,328,2,0,1
1321,329,2,1,1
1321,330,2,2,1
1321,331,2,3,1
1321,332,2,4,1
1321,333,2,5,1
1321,334,2,6,1
1321,335,2,7,1
1321,336..383,2,8 9 10 11 12 13 14 15,3 3 3 3 3 3 3 3
1322,320..335,2,8 9 10 11 12 13 14 15,3 3 3 3 3 3 3 3
1322,336,2,0,1
1322,337,2,1,1
1322,338,2,2,1
1322,339,2,3,1
1322,340,2,4,1
1322,341,2,5,1
1322,342,2,6,1
1322,343,2,7,1
1322,344..383,2,8 9 10 11 12 13 14 15,3 3 3 3 3 3 3 3
1323,320..343,2,8 9 10 11 12 13 14 15,3 3 3 3 3 3 3 3
1323,344,2,0,1
1323,345,2,1,1
1323,346,2,2,1
1323,347,2,3,1
1323,348,2,4,1
1323,349,2,5,1
1323,350,2,6,1
1323,351,2,7,1
1323,352..383,2,8 9 10 11 12 13 14 15,3 3 3 3 3 3 3 3
1324,320..351,2,8 9 10 11 12 13 14 15,3 3 3 3 3 3 3 3
1324,352,2,0,1
1324,353,2,1,1
1324,354,2,2,1
1324,355,2,3,1
1324,356,2,4,1
1324,357,2,5,1
1324,358,2,6,1
1324,359,2,7,1
1324,360..383,2,8 9 10 11 12 13 14 15,3 3 3 3 3 3 3 3
1325,320..359,2,8 9 10 11 12 13 14 15,3 3 3 3 3 3 3 3
1325,360,2,0,1
1325,361,2,1,1
1325,362,2,2,1
1325,363,2,3,1
1325,364,2,4,1
1325,365,2,5,1
1325,366,2,6,1
1325,367,2,7,1
1325,368..383,2,8 9 10 11 12 13 14 15,3 3 3 3 3 3 3 3
1326,320..367,2,8 9 10 11 12 13 14 15,3 3 3 3 3 3 3 3
1326,368,2,0,1
1326,369,2,1,1
1326,370,2,2,1
1326,371,2,3,1
1326,372,2,4,1
1326,373,2,5,1
1326,374,2,6,1
1326,375,2,7,1
1326,376..383,2,8 9 10 11 12 13 14 15,3 3 3 3 3 3 3 3
1327,320..375,2,8 9 10 11 12 13 14 15,3 3 3 3 3 3 3 3
1327,376,2,0,1
1327,377,2,1,1
1327,378,2,2,1
1327,379,2,3,1
1327,380,2,4,1
1327,381,2,5,1
1327,382,2,6,1
1327,383,2,7,1
1328..1335,0..383,2,12 13 14 15,3 3 3 3
1328,384,2,0,1
1328,385,2,1,1
1328,386,2,2,1
1328,387,2,3,1
1328,388,2,4,1
1328,389,2,5,1
1328,390,2,6,1
1328,391,2,7,1
1328,392..447,2,8 9 10 11 12 13 14 15,3 3 3 3 3 3 3 3
1328..1335,448..1023,2,12 13 14 15,3 3 3 3
1329,384..391,2,8 9 10 11 12 13 14 15,3 3 3 3 3 3 3 3
1329,392,2,0,1
1329,393,2,1,1
1329,394,2,2,1
1329,395,2,3,1
1329,396,2,4,1
1329,397,2,5,1
1329,398,2,6,1
1329,399,2,7,1
1329,400..447,2,8 9 10 11 12 13 14 15,3 3 3 3 3 3 3 3
1330,384..399,2,8 9 10 11 12 13 14 15,3 3 3 3 3 3 3 3
1330,400,2,0,1
1330,401,2,1,1
1330,402,2,2,1
1330,403,2,3,1
1330,404,2,4,1
1330,405,2,5,1
1330,406,2,6,1
1330,407,2,7,1
1330,408..447,2,8 9 10 11 12 13 14 15,3 3 3 3 3 3 3 3
1331,384..407,2,8 9 10 11 12 13 14 15,3 3 3 3 3 3 3 3
1331,408,2,0,1
1331,409,2,1,1
1331,410,2,2,1
1331,411,2,3,1
1331,412,2,4,1
1331,413,2,5,1
1331,414,2,6,1
1331,415,2,7,1
1331,416..447,2,8 9 10 11 12 13 14 15,3 3 3 3 3 3 3 3
1332,384..415,2,8 9 10 11 12 13 14 15,3 3 3 3 3 3 3 3
1332,416,2,0,1
1332,417,2,1,1
1332,418,2,2,1
1332,419,2,3,1
1332,420,2,4,1
1332,421,2,5,1
1332,422,2,6,1
1332,423,2,7,1
1332,424..447,2,8 9 10 11 12 13 14 15,3 3 3 3 3 3 3 3
1333,384..423,2,8 9 10 11 12 13 14 15,3 3 3 3 3 3 3 3
1333,424,2,0,1
1333,425,2,1,1
1333,426,2,2,1
1333,427,2,3,1
1333,428,2,4,1
1333,429,2,5,1
1333,430,2,6,1
1333,431,2,7,1
1333,432..447,2,8 9 10 11 12 13 14 15,3 3 3 3 3 3 3 3
1334,384..431,2,8 9 10 11 12 13 14 15,3 3 3 3 3 3 3 3
1334,432,2,0,1
1334,433,2,1,1
1334,434,2,2,1
1334,435,2,3,1
1334,436,2,4,1
1334,437,2,5,1
1334,438,2,6,1
1334,439,2,7,1
1334,440..447,2,8 9 10 11 12 13 14 15,3 3 3 3 3 3 3 3
1335,384..439,2,8 9 10 11 12 13 14 15,3 3 3 3 3 3 3 3
1335,440,2,0,1
1335,441,2,1,1
1335,442,2,2,1
1335,443,2,3,1
1335,444,2,4,1
1335,445,2,5,1
1335,446,2,6,1
1335,447,2,7,1
1336..1343,0..447,2,12 13 14 15,3 3 3 3
1336,448,2,0,1
1336,449,2,1,1
1336,450,2,2,1
1336,451,2,3,1
1336,452,2,4,1
1336,453,2,5,1
1336,454,2,6,1
1336,455,2,7,1
1336,456..511,2,8 9 10 11 12 13 14 15,3 3 3 3 3 3 3 3
1336..1343,512..1023,2,12 13 14 15,3 3 3 3
1337,448..455,2,8 9 10 11 12 13 14 15,3 3 3 3 3 3 3 3
1337,456,2,0,1
1337,457,2,1,1
1337,458,2,2,1
1337,459,2,3,1
1337,460,2,4,1
1337,461,2,5,1
1337,462,2,6,1
1337,463,2,7,1
1337,464..511,2,8 9 10 11 12 13 14 15,3 3 3 3 3 3 3 3
1338,448..463,2,8 9 10 11 12 13 14 15,3 3 3 3 3 3 3 3
1338,464,2,0,1
1338,465,2,1,1
1338,466,2,2,1
1338,467,2,3,1
1338,468,2,4,1
1338,469,2,5,1
1338,470,2,6,1
1338,471,2,7,1
1338,472..511,2,8 9 10 11 12 13 14 15,3 3 3 3 3 3 3 3
1339,448..471,2,8 9 10 11 12 13 14 15,3 3 3 3 3 3 3 3
1339,472,2,0,1
1339,473,2,1,1
1339,474,2,2,1
1339,475,2,3,1
1339,476,2,4,1
1339,477,2,5,1
1339,478,2,6,1
1339,479,2,7,1
1339,480..511,2,8 9 10 11 12 13 14 15,3 3 3 3 3 3 3 3
1340,448..479,2,8 9 10 11 12 13 14 15,3 3 3 3 3 3 3 3
1340,480,2,0,1
1340,481,2,1,1
1340,482,2,2,1
1340,483,2,3,1
1340,484,2,4,1
1340,485,2,5,1
1340,486,2,6,1
1340,487,2,7,1
1340,488..511,2,8 9 10 11 12 13 14 15,3 3 3 3 3 3 3 3
1341,448..487,2,8 9 10 11 12 13 14 15,3 3 3 3 3 3 3 3
1341,488,2,0,1
1341,489,2,1,1
1341,490,2,2,1
1341,491,2,3,1
1341,492,2,4,1
1341,493,2,5,1
1341,494,2,6,1
1341,495,2,7,1
1341,496..511,2,8 9 10 11 12 13 14 15,3 3 3 3 3 3 3 3
1342,448..495,2,8 9 10 11 12 13 14 15,3 3 3 3 3 3 3 3
1342,496,2,0,1
1342,497,2,1,1
1342,498,2,2,1
1342,499,2,3,1
1342,500,2,4,1
1342,501,2,5,1
1342,502,2,6,1
1342,503,2,7,1
1342,504..511,2,8 9 10 11 12 13 14 15,3 3 3 3 3 3 3 3
1343,448..503,2,8 9 10 11 12 13 14 15,3 3 3 3 3 3 3 3
1343,504,2,0,1
1343,505,2,1,1
1343,506,2,2,1
1343,507,2,3,1
1343,508,2,4,1
1343,509,2,5,1
1343,510,2,6,1
1343,511,2,7,1
1344..1351,0..511,2,12 13 14 15,3 3 3 3
1344,512,2,0,1
1344,513,2,1,1
1344,514,2,2,1
1344,515,2,3,1
1344,516,2,4,1
1344,517,2,5,1
1344,518,2,6,1
1344,519,2,7,1
1344,520..575,2,8 9 10 11 12 13 14 15,3 3 3 3 3 3 3 3
1344..1351,576..1023,2,12 13 14 15,3 3 3 3
1345,512..519,2,8 9 10 11 12 13 14 15,3 3 3 3 3 3 3 3
1345,520,2,0,1
1345,521,2,1,1
1345,522,2,2,1
1345,523,2,3,1
1345,524,2,4,1
1345,525,2,5,1
1345,526,2,6,1
1345,527,2,7,1
1345,528..575,2,8 9 10 11 12 13 14 15,3 3 3 3 3 3 3 3
1346,512..527,2,8 9 10 11 12 13 14 15,3 3 3 3 3 3 3 3
1346,528,2,0,1
1346,529,2,1,1
1346,530,2,2,1
1346,531,2,3,1
1346,532,2,4,1
1346,533,2,5,1
1346,534,2,6,1
1346,535,2,7,1
1346,536..575,2,8 9 10 11 12 13 14 15,3 3 3 3 3 3 3 3
1347,512..535,2,8 9 10 11 12 13 14 15,3 3 3 3 3 3 3 3
1347,536,2,0,1
1347,537,2,1,1
1347,538,2,2,1
1347,539,2,3,1
1347,540,2,4,1
1347,541,2,5,1
1347,542,2,6,1
1347,543,2,7,1
1347,544..575,2,8 9 10 11 12 13 14 15,3 3 3 3 3 3 3 3
1348,512..543,2,8 9 10 11 12 13 14 15,3 3 3 3 3 3 3 3
1348,544,2,0,1
1348,545,2,1,1
1348,546,2,2,1
1348,547,2,3,1
1348,548,2,4,1
1348,549,2,5,1
1348,550,2,6,1
1348,551,2,7,1
1348,552..575,2,8 9 10 11 12 13 14 15,3 3 3 3 3 3 3 3
1349,512..551,2,8 9 10 11 12 13 14 15,3 3 3 3 3 3 3 3
1349,552,2,0,1
1349,553,2,1,1
1349,554,2,2,1
1349,555,2,3,1
1349,556,2,4,1
1349,557,2,5,1
1349,558,2,6,1
1349,559,2,7,1
1349,560..575,2,8 9 10 11 12 13 14 15,3 3 3 3 3 3 3 3
1350,512..559,2,8 9 10 11 12 13 14 15,3 3 3 3 3 3 3 3
1350,560,2,0,1
1350,561,2,1,1
1350,562,2,2,1
1350,563,2,3,1
1350,564,2,4,1
1350,565,2,5,1
1350,566,2,6,1
1350,567,2,7,1
1350,568..575,2,8 9 10 11 12 13 14 15,3 3 3 3 3 3 3 3
1351,512..567,2,8 9 10 11 12 13 14 15,3 3 3 3 3 3 3 3
1351,568,2,0,1
1351,569,2,1,1
1351,570,2,2,1
1351,571,2,3,1
1351,572,2,4,1
1351,573,2,5,1
1351,574,2,6,1
1351,575,2,7,1
1352..1359,0..575,2,12 13 14 15,3 3 3 3
1352,576,2,0,1
1352,577,2,1,1
1352,578,2,2,1
1352,579,2,3,1
1352,580,2,4,1
1352,581,2,5,1
1352,582,2,6,1
1352,583,2,7,1
1352,584..639,2,8 9 10 11 12 13 14 15,3 3 3 3 3 3 3 3
1352..1359,640..1023,2,12 13 14 15,3 3 3 3
1353,576..583,2,8 9 10 11 12 13 14 15,3 3 3 3 3 3 3 3
1353,584,2,0,1
1353,585,2,1,1
1353,586,2,2,1
1353,587,2,3,1
1353,588,2,4,1
1353,589,2,5,1
1353,590,2,6,1
1353,591,2,7,1
1353,592..639,2,8 9 10 11 12 13 14 15,3 3 3 3 3 3 3 3
1354,576..591,2,8 9 10 11 12 13 14 15,3 3 3 3 3 3 3 3
1354,592,2,0,1
1354,593,2,1,1
1354,594,2,2,1
1354,595,2,3,1
1354,596,2,4,1
1354,597,2,5,1
1354,598,2,6,1
1354,599,2,7,1
1354,600..639,2,8 9 10 11 12 13 14 15,3 3 3 3 3 3 3 3
1355,576..599,2,8 9 10 11 12 13 14 15,3 3 3 3 3 3 3 3
1355,600,2,0,1
1355,601,2,1,1
1355,602,2,2,1
1355,603,2,3,1
1355,604,2,4,1
1355,605,2,5,1
1355,606,2,6,1
1355,607,2,7,1
1355,608..639,2,8 9 10 11 12 13 14 15,3 3 3 3 3 3 3 3
1356,576..607,2,8 9 10 11 12 13 14 15,3 3 3 3 3 3 3 3
1356,608,2,0,1
1356,609,2,1,1
1356,610,2,2,1
1356,611,2,3,1
1356,612,2,4,1
1356,613,2,5,1
1356,614,2,6,1
1356,615,2,7,1
1356,616..639,2,8 9 10 11 12 13 14 15,3 3 3 3 3 3 3 3
1357,576..615,2,8 9 10 11 12 13 14 15,3 3 3 3 3 3 3 3
1357,616,2,0,1
1357,617,2,1,1
1357,618,2,2,1
1357,619,2,3,1
1357,620,2,4,1
1357,621,2,5,1
1357,622,2,6,1
1357,623,2,7,1
1357,624..639,2,8 9 10 11 12 13 14 15,3 3 3 3 3 3 3 3
1358,576..623,2,8 9 10 11 12 13 14 15,3 3 3 3 3 3 3 3
1358,624,2,0,1
1358,625,2,1,1
1358,626,2,2,1
1358,627,2,3,1
1358,628,2,4,1
1358,629,2,5,1
1358,630,2,6,1
1358,631,2,7,1
1358,632..639,2,8 9 10 11 12 13 14 15,3 3 3 3 3 3 3 3
1359,576..631,2,8 9 10 11 12 13 14 15,3 3 3 3 3 3 3 3
1359,632,2,0,1
1359,633,2,1,1
1359,634,2,2,1
1359,635,2,3,1
1359,636,2,4,1
1359,637,2,5,1
1359,638,2,6,1
1359,639,2,7,1
1360..1367,0..639,2,12 13 14 15,3 3 3 3
1360,640,2,0,1
1360,641,2,1,1
1360,642,2,2,1
1360,643,2,3,1
1360,644,2,4,1
1360,645,2,5,1
1360,646,2,6,1
1360,647,2,7,1
1360,648..703,2,8 9 10 11 12 13 14 15,3 3 3 3 3 3 3 3
1360..1367,704..1023,2,12 13 14 15,3 3 3 3
1361,640..647,2,8 9 10 11 12 13 14 15,3 3 3 3 3 3 3 3
1361,648,2,0,1
1361,649,2,1,1
1361,650,2,2,1
1361,651,2,3,1
1361,652,2,4,1
1361,653,2,5,1
1361,654,2,6,1
1361,655,2,7,1
1361,656..703,2,8 9 10 11 12 13 14 15,3 3 3 3 3 3 3 3
1362,640..655,2,8 9 10 11 12 13 14 15,3 3 3 3 3 3 3 3
1362,656,2,0,1
1362,657,2,1,1
1362,658,2,2,1
1362,659,2,3,1
1362,660,2,4,1
1362,661,2,5,1
1362,662,2,6,1
1362,663,2,7,1
1362,664..703,2,8 9 10 11 12 13 14 15,3 3 3 3 3 3 3 3
1363,640..663,2,8 9 10 11 12 13 14 15,3 3 3 3 3 3 3 3
1363,664,2,0,1
1363,665,2,1,1
1363,666,2,2,1
1363,667,2,3,1
1363,668,2,4,1
1363,669,2,5,1
1363,670,2,6,1
1363,671,2,7,1
1363,672..703,2,8 9 10 11 12 13 14 15,3 3 3 3 3 3 3 3
1364,640..671,2,8 9 10 11 12 13 14 15,3 3 3 3 3 3 3 3
1364,672,2,0,1
1364,673,2,1,1
1364,674,2,2,1
1364,675,2,3,1
1364,676,2,4,1
1364,677,2,5,1
1364,678,2,6,1
1364,679,2,7,1
1364,680..703,2,8 9 10 11 12 13 14 15,3 3 3 3 3 3 3 3
1365,640..679,2,8 9 10 11 12 13 14 15,3 3 3 3 3 3 3 3
1365,680,2,0,1
1365,681,2,1,1
1365,682,2,2,1
1365,683,2,3,1
1365,684,2,4,1
1365,685,2,5,1
1365,686,2,6,1
1365,687,2,7,1
1365,688..703,2,8 9 10 11 12 13 14 15,3 3 3 3 3 3 3 3
1366,640..687,2,8 9 10 11 12 13 14 15,3 3 3 3 3 3 3 3
1366,688,2,0,1
1366,689,2,1,1
1366,690,2,2,1
1366,691,2,3,1
1366,692,2,4,1
1366,693,2,5,1
1366,694,2,6,1
1366,695,2,7,1
1366,696..703,2,8 9 10 11 12 13 14 15,3 3 3 3 3 3 3 3
1367,640..695,2,8 9 10 11 12 13 14 15,3 3 3 3 3 3 3 3
1367,696,2,0,1
1367,697,2,1,1
1367,698,2,2,1
1367,699,2,3,1
1367,700,2,4,1
1367,701,2,5,1
1367,702,2,6,1
1367,703,2,7,1
1368..1375,0..703,2,12 13 14 15,3 3 3 3
1368,704,2,0,1
1368,705,2,1,1
1368,706,2,2,1
1368,707,2,3,1
1368,708,2,4,1
1368,709,2,5,1
1368,710,2,6,1
1368,711,2,7,1
1368,712..767,2,8 9 10 11 12 13 14 15,3 3 3 3 3 3 3 3
1368..1375,768..1023,2,12 13 14 15,3 3 3 3
1369,704..711,2,8 9 10 11 12 13 14 15,3 3 3 3 3 3 3 3
1369,712,2,0,1
1369,713,2,1,1
1369,714,2,2,1
1369,715,2,3,1
1369,716,2,4,1
1369,717,2,5,1
1369,718,2,6,1
1369,719,2,7,1
1369,720..767,2,8 9 10 11 12 13 14 15,3 3 3 3 3 3 3 3
1370,704..719,2,8 9 10 11 12 13 14 15,3 3 3 3 3 3 3 3
1370,720,2,0,1
1370,721,2,1,1
1370,722,2,2,1
1370,723,2,3,1
1370,724,2,4,1
1370,725,2,5,1
1370,726,2,6,1
1370,727,2,7,1
1370,728..767,2,8 9 10 11 12 13 14 15,3 3 3 3 3 3 3 3
1371,704..727,2,8 9 10 11 12 13 14 15,3 3 3 3 3 3 3 3
1371,728,2,0,1
1371,729,2,1,1
1371,730,2,2,1
1371,731,2,3,1
1371,732,2,4,1
1371,733,2,5,1
1371,734,2,6,1
1371,735,2,7,1
1371,736..767,2,8 9 10 11 12 13 14 15,3 3 3 3 3 3 3 3
1372,704..735,2,8 9 10 11 12 13 14 15,3 3 3 3 3 3 3 3
1372,736,2,0,1
1372,737,2,1,1
1372,738,2,2,1
1372,739,2,3,1
1372,740,2,4,1
1372,741,2,5,1
1372,742,2,6,1
1372,743,2,7,1
1372,744..767,2,8 9 10 11 12 13 14 15,3 3 3 3 3 3 3 3
1373,704..743,2,8 9 10 11 12 13 14 15,3 3 3 3 3 3 3 3
1373,744,2,0,1
1373,745,2,1,1
1373,746,2,2,1
1373,747,2,3,1
1373,748,2,4,1
1373,749,2,5,1
1373,750,2,6,1
1373,751,2,7,1
1373,752..767,2,8 9 10 11 12 13 14 15,3 3 3 3 3 3 3 3
1374,704..751,2,8 9 10 11 12 13 14 15,3 3 3 3 3 3 3 3
1374,752,2,0,1
1374,753,2,1,1
1374,754,2,2,1
1374,755,2,3,1
1374,756,2,4,1
1374,757,2,5,1
1374,758,2,6,1
1374,759,2,7,1
1374,760..767,2,8 9 10 11 12 13 14 15,3 3 3 3 3 3 3 3
1375,704..759,2,8 9 10 11 12 13 14 15,3 3 3 3 3 3 3 3
1375,760,2,0,1
1375,761,2,1,1
1375,762,2,2,1
1375,763,2,3,1
1375,764,2,4,1
1375,765,2,5,1
1375,766,2,6,1
1375,767,2,7,1
1376..1383,0..767,2,12 13 14 15,3 3 3 3
1376,768,2,0,1
1376,769,2,1,1
1376,770,2,2,1
1376,771,2,3,1
1376,772,2,4,1
1376,773,2,5,1
1376,774,2,6,1
1376,775,2,7,1
1376,776..831,2,8 9 10 11 12 13 14 15,3 3 3 3 3 3 3 3
1376..1383,832..1023,2,12 13 14 15,3 3 3 3
1377,768..775,2,8 9 10 11 12 13 14 15,3 3 3 3 3 3 3 3
1377,776,2,0,1
1377,777,2,1,1
1377,778,2,2,1
1377,779,2,3,1
1377,780,2,4,1
1377,781,2,5,1
1377,782,2,6,1
1377,783,2,7,1
1377,784..831,2,8 9 10 11 12 13 14 15,3 3 3 3 3 3 3 3
1378,768..783,2,8 9 10 11 12 13 14 15,3 3 3 3 3 3 3 3
1378,784,2,0,1
1378,785,2,1,1
1378,786,2,2,1
1378,787,2,3,1
1378,788,2,4,1
1378,789,2,5,1
1378,790,2,6,1
1378,791,2,7,1
1378,792..831,2,8 9 10 11 12 13 14 15,3 3 3 3 3 3 3 3
1379,768..791,2,8 9 10 11 12 13 14 15,3 3 3 3 3 3 3 3
1379,792,2,0,1
1379,793,2,1,1
1379,794,2,2,1
1379,795,2,3,1
1379,796,2,4,1
1379,797,2,5,1
1379,798,2,6,1
1379,799,2,7,1
1379,800..831,2,8 9 10 11 12 13 14 15,3 3 3 3 3 3 3 3
1380,768..799,2,8 9 10 11 12 13 14 15,3 3 3 3 3 3 3 3
1380,800,2,0,1
1380,801,2,1,1
1380,802,2,2,1
1380,803,2,3,1
1380,804,2,4,1
1380,805,2,5,1
1380,806,2,6,1
1380,807,2,7,1
1380,808..831,2,8 9 10 11 12 13 14 15,3 3 3 3 3 3 3 3
1381,768..807,2,8 9 10 11 12 13 14 15,3 3 3 3 3 3 3 3
1381,808,2,0,1
1381,809,2,1,1
1381,810,2,2,1
1381,811,2,3,1
1381,812,2,4,1
1381,813,2,5,1
1381,814,2,6,1
1381,815,2,7,1
1381,816..831,2,8 9 10 11 12 13 14 15,3 3 3 3 3 3 3 3
1382,768..815,2,8 9 10 11 12 13 14 15,3 3 3 3 3 3 3 3
1382,816,2,0,1
1382,817,2,1,1
1382,818,2,2,1
1382,819,2,3,1
1382,820,2,4,1
1382,821,2,5,1
1382,822,2,6,1
1382,823,2,7,1
1382,824..831,2,8 9 10 11 12 13 14 15,3 3 3 3 3 3 3 3
1383,768..823,2,8 9 10 11 12 13 14 15,3 3 3 3 3 3 3 3
1383,824,2,0,1
1383,825,2,1,1
1383,826,2,2,1
1383,827,2,3,1
1383,828,2,4,1
1383,829,2,5,1
1383,830,2,6,1
1383,831,2,7,1
1384..1391,0..831,2,12 13 14 15,3 3 3 3
1384,832,2,0,1
1384,833,2,1,1
1384,834,2,2,1
1384,835,2,3,1
1384,836,2,4,1
1384,837,2,5,1
1384,838,2,6,1
1384,839,2,7,1
1384,840..895,2,8 9 10 11 12 13 14 15,3 3 3 3 3 3 3 3
1384..1391,896..1023,2,12 13 14 15,3 3 3 3
1385,832..839,2,8 9 10 11 12 13 14 15,3 3 3 3 3 3 3 3
1385,840,2,0,1
1385,841,2,1,1
1385,842,2,2,1
1385,843,2,3,1
1385,844,2,4,1
1385,845,2,5,1
1385,846,2,6,1
1385,847,2,7,1
1385,848..895,2,8 9 10 11 12 13 14 15,3 3 3 3 3 3 3 3
1386,832..847,2,8 9 10 11 12 13 14 15,3 3 3 3 3 3 3 3
1386,848,2,0,1
1386,849,2,1,1
1386,850,2,2,1
1386,851,2,3,1
1386,852,2,4,1
1386,853,2,5,1
1386,854,2,6,1
1386,855,2,7,1
1386,856..895,2,8 9 10 11 12 13 14 15,3 3 3 3 3 3 3 3
1387,832..855,2,8 9 10 11 12 13 14 15,3 3 3 3 3 3 3 3
1387,856,2,0,1
1387,857,2,1,1
1387,858,2,2,1
1387,859,2,3,1
1387,860,2,4,1
1387,861,2,5,1
1387,862,2,6,1
1387,863,2,7,1
1387,864..895,2,8 9 10 11 12 13 14 15,3 3 3 3 3 3 3 3
1388,832..863,2,8 9 10 11 12 13 14 15,3 3 3 3 3 3 3 3
1388,864,2,0,1
1388,865,2,1,1
1388,866,2,2,1
1388,867,2,3,1
1388,868,2,4,1
1388,869,2,5,1
1388,870,2,6,1
1388,871,2,7,1
1388,872..895,2,8 9 10 11 12 13 14 15,3 3 3 3 3 3 3 3
1389,832..871,2,8 9 10 11 12 13 14 15,3 3 3 3 3 3 3 3
1389,872,2,0,1
1389,873,2,1,1
1389,874,2,2,1
1389,875,2,3,1
1389,876,2,4,1
1389,877,2,5,1
1389,878,2,6,1
1389,879,2,7,1
1389,880..895,2,8 9 10 11 12 13 14 15,3 3 3 3 3 3 3 3
1390,832..879,2,8 9 10 11 12 13 14 15,3 3 3 3 3 3 3 3
1390,880,2,0,1
1390,881,2,1,1
1390,882,2,2,1
1390,883,2,3,1
1390,884,2,4,1
1390,885,2,5,1
1390,886,2,6,1
1390,887,2,7,1
1390,888..895,2,8 9 10 11 12 13 14 15,3 3 3 3 3 3 3 3
1391,832..887,2,8 9 10 11 12 13 14 15,3 3 3 3 3 3 3 3
1391,888,2,0,1
1391,889,2,1,1
1391,890,2,2,1
1391,891,2,3,1
1391,892,2,4,1
1391,893,2,5,1
1391,894,2,6,1
1391,895,2,7,1
1392..1399,0..895,2,12 13 14 15,3 3 3 3
1392,896,2,0,1
1392,897,2,1,1
1392,898,2,2,1
1392,899,2,3,1
1392,900,2,4,1
1392,901,2,5,1
1392,902,2,6,1
1392,903,2,7,1
1392,904..959,2,8 9 10 11 12 13 14 15,3 3 3 3 3 3 3 3
1392..1399,960..1023,2,12 13 14 15,3 3 3 3
1393,896..903,2,8 9 10 11 12 13 14 15,3 3 3 3 3 3 3 3
1393,904,2,0,1
1393,905,2,1,1
1393,906,2,2,1
1393,907,2,3,1
1393,908,2,4,1
1393,909,2,5,1
1393,910,2,6,1
1393,911,2,7,1
1393,912..959,2,8 9 10 11 12 13 14 15,3 3 3 3 3 3 3 3
1394,896..911,2,8 9 10 11 12 13 14 15,3 3 3 3 3 3 3 3
1394,912,2,0,1
1394,913,2,1,1
1394,914,2,2,1
1394,915,2,3,1
1394,916,2,4,1
1394,917,2,5,1
1394,918,2,6,1
1394,919,2,7,1
1394,920..959,2,8 9 10 11 12 13 14 15,3 3 3 3 3 3 3 3
1395,896..919,2,8 9 10 11 12 13 14 15,3 3 3 3 3 3 3 3
1395,920,2,0,1
1395,921,2,1,1
1395,922,2,2,1
1395,923,2,3,1
1395,924,2,4,1
1395,925,2,5,1
1395,926,2,6,1
1395,927,2,7,1
1395,928..959,2,8 9 10 11 12 13 14 15,3 3 3 3 3 3 3 3
1396,896..927,2,8 9 10 11 12 13 14 15,3 3 3 3 3 3 3 3
1396,928,2,0,1
1396,929,2,1,1
1396,930,2,2,1
1396,931,2,3,1
1396,932,2,4,1
1396,933,2,5,1
1396,934,2,6,1
1396,935,2,7,1
1396,936..959,2,8 9 10 11 12 13 14 15,3 3 3 3 3 3 3 3
1397,896..935,2,8 9 10 11 12 13 14 15,3 3 3 3 3 3 3 3
1397,936,2,0,1
1397,937,2,1,1
1397,938,2,2,1
1397,939,2,3,1
1397,940,2,4,1
1397,941,2,5,1
1397,942,2,6,1
1397,943,2,7,1
1397,944..959,2,8 9 10 11 12 13 14 15,3 3 3 3 3 3 3 3
1398,896..943,2,8 9 10 11 12 13 14 15,3 3 3 3 3 3 3 3
1398,944,2,0,1
1398,945,2,1,1
1398,946,2,2,1
1398,947,2,3,1
1398,948,2,4,1
1398,949,2,5,1
1398,950,2,6,1
1398,951,2,7,1
1398,952..959,2,8 9 10 11 12 13 14 15,3 3 3 3 3 3 3 3
1399,896..951,2,8 9 10 11 12 13 14 15,3 3 3 3 3 3 3 3
1399,952,2,0,1
1399,953,2,1,1
1399,954,2,2,1
1399,955,2,3,1
1399,956,2,4,1
1399,957,2,5,1
1399,958,2,6,1
1399,959,2,7,1
1400..1407,0..959,2,12 13 14 15,3 3 3 3
1400,960,2,0,1
1400,961,2,1,1
1400,962,2,2,1
1400,963,2,3,1
1400,964,2,4,1
1400,965,2,5,1
1400,966,2,6,1
1400,967,2,7,1
1400,968..1023,2,8 9 10 11 12 13 14 15,3 3 3 3 3 3 3 3
1401,960..967,2,8 9 10 11 12 13 14 15,3 3 3 3 3 3 3 3
1401,968,2,0,1
1401,969,2,1,1
1401,970,2,2,1
1401,971,2,3,1
1401,972,2,4,1
1401,973,2,5,1
1401,974,2,6,1
1401,975,2,7,1
1401,976..1023,2,8 9 10 11 12 13 14 15,3 3 3 3 3 3 3 3
1402,960..975,2,8 9 10 11 12 13 14 15,3 3 3 3 3 3 3 3
1402,976,2,0,1
1402,977,2,1,1
1402,978,2,2,1
1402,979,2,3,1
1402,980,2,4,1
1402,981,2,5,1
1402,982,2,6,1
1402,983,2,7,1
1402,984..1023,2,8 9 10 11 12 13 14 15,3 3 3 3 3 3 3 3
1403,960..983,2,8 9 10 11 12 13 14 15,3 3 3 3 3 3 3 3
1403,984,2,0,1
1403,985,2,1,1
1403,986,2,2,1
1403,987,2,3,1
1403,988,2,4,1
1403,989,2,5,1
1403,990,2,6,1
1403,991,2,7,1
1403,992..1023,2,8 9 10 11 12 13 14 15,3 3 3 3 3 3 3 3
1404,960..991,2,8 9 10 11 12 13 14 15,3 3 3 3 3 3 3 3
1404,992,2,0,1
1404,993,2,1,1
1404,994,2,2,1
1404,995,2,3,1
1404,996,2,4,1
1404,997,2,5,1
1404,998,2,6,1
1404,999,2,7,1
1404,1000..1023,2,8 9 10 11 12 13 14 15,3 3 3 3 3 3 3 3
1405,960..999,2,8 9 10 11 12 13 14 15,3 3 3 3 3 3 3 3
1405,1000,2,0,1
1405,1001,2,1,1
1405,1002,2,2,1
1405,1003,2,3,1
1405,1004,2,4,1
1405,1005,2,5,1
1405,1006,2,6,1
1405,1007,2,7,1
1405,1008..1023,2,8 9 10 11 12 13 14 15,3 3 3 3 3 3 3 3
1406,960..1007,2,8 9 10 11 12 13 14 15,3 3 3 3 3 3 3 3
1406,1008,2,0,1
1406,1009,2,1,1
1406,1010,2,2,1
1406,1011,2,3,1
1406,1012,2,4,1
1406,1013,2,5,1
1406,1014,2,6,1
1406,1015,2,7,1
1406,1016..1023,2,8 9 10 11 12 13 14 15,3 3 3 3 3 3 3 3
1407,960..1015,2,8 9 10 11 12 13 14 15,3 3 3 3 3 3 3 3
1407,1016,2,0,1
1407,1017,2,1,1
1407,1018,2,2,1
1407,1019,2,3,1
1407,1020,2,4,1
1407,1021,2,5,1
1407,1022,2,6,1
1407,1023,2,7,1
1408,0,3,0,1
1408,1,3,1,1
1408,2,3,2,1
1408,3,3,3,1
1408,4,3,4,1
1408,5,3,5,1
1408,6,3,6,1
1408,7,3,7,1
1408,8..63,3,8 9 10 11 12 13 14 15,3 3 3 3 3 3 3 3
1408..1415,64..1023,3,12 13 14 15,3 3 3 3
1409,0..7,3,8 9 10 11 12 13 14 15,3 3 3 3 3 3 3 3
1409,8,3,0,1
1409,9,3,1,1
1409,10,3,2,1
1409,11,3,3,1
1409,12,3,4,1
1409,13,3,5,1
1409,14,3,6,1
1409,15,3,7,1
1409,16..63,3,8 9 10 11 12 13 14 15,3 3 3 3 3 3 3 3
1410,0..15,3,8 9 10 11 12 13 14 15,3 3 3 3 3 3 3 3
1410,16,3,0,1
1410,17,3,1,1
1410,18,3,2,1
1410,19,3,3,1
1410,20,3,4,1
1410,21,3,5,1
1410,22,3,6,1
1410,23,3,7,1
1410,24..63,3,8 9 10 11 12 13 14 15,3 3 3 3 3 3 3 3
1411,0..23,3,8 9 10 11 12 13 14 15,3 3 3 3 3 3 3 3
1411,24,3,0,1
1411,25,3,1,1
1411,26,3,2,1
1411,27,3,3,1
1411,28,3,4,1
1411,29,3,5,1
1411,30,3,6,1
1411,31,3,7,1
1411,32..63,3,8 9 10 11 12 13 14 15,3 3 3 3 3 3 3 3
1412,0..31,3,8 9 10 11 12 13 14 15,3 3 3 3 3 3 3 3
1412,32,3,0,1
1412,33,3,1,1
1412,34,3,2,1
1412,35,3,3,1
1412,36,3,4,1
1412,37,3,5,1
1412,38,3,6,1
1412,39,3,7,1
1412,40..63,3,8 9 10 11 12 13 14 15,3 3 3 3 3 3 3 3
1413,0..39,3,8 9 10 11 12 13 14 15,3 3 3 3 3 3 3 3
1413,40,3,0,1
1413,41,3,1,1
1413,42,3,2,1
1413,43,3,3,1
1413,44,3,4,1
1413,45,3,5,1
1413,46,3,6,1
1413,47,3,7,1
1413,48..63,3,8 9 10 11 12 13 14 15,3 3 3 3 3 3 3 3
1414,0..47,3,8 9 10 11 12 13 14 15,3 3 3 3 3 3 3 3
1414,48,3,0,1
1414,49,3,1,1
1414,50,3,2,1
1414,51,3,3,1
1414,52,3,4,1
1414,53,3,5,1
1414,54,3,6,1
1414,55,3,7,1
1414,56..63,3,8 9 10 11 12 13 14 15,3 3 3 3 3 3 3 3
1415,0..55,3,8 9 10 11 12 13 14 15,3 3 3 3 3 3 3 3
1415,56,3,0,1
1415,57,3,1,1
1415,58,3,2,1
1415,59,3,3,1
1415,60,3,4,1
1415,61,3,5,1
1415,62,3,6,1
1415,63,3,7,1
1416..1423,0..63,3,12 13 14 15,3 3 3 3
1416,64,3,0,1
1416,65,3,1,1
1416,66,3,2,1
1416,67,3,3,1
1416,68,3,4,1
1416,69,3,5,1
1416,70,3,6,1
1416,71,3,7,1
1416,72..127,3,8 9 10 11 12 13 14 15,3 3 3 3 3 3 3 3
1416..1423,128..1023,3,12 13 14 15,3 3 3 3
1417,64..71,3,8 9 10 11 12 13 14 15,3 3 3 3 3 3 3 3
1417,72,3,0,1
1417,73,3,1,1
1417,74,3,2,1
1417,75,3,3,1
1417,76,3,4,1
1417,77,3,5,1
1417,78,3,6,1
1417,79,3,7,1
1417,80..127,3,8 9 10 11 12 13 14 15,3 3 3 3 3 3 3 3
1418,64..79,3,8 9 10 11 12 13 14 15,3 3 3 3 3 3 3 3
1418,80,3,0,1
1418,81,3,1,1
1418,82,3,2,1
1418,83,3,3,1
1418,84,3,4,1
1418,85,3,5,1
1418,86,3,6,1
1418,87,3,7,1
1418,88..127,3,8 9 10 11 12 13 14 15,3 3 3 3 3 3 3 3
1419,64..87,3,8 9 10 11 12 13 14 15,3 3 3 3 3 3 3 3
1419,88,3,0,1
1419,89,3,1,1
1419,90,3,2,1
1419,91,3,3,1
1419,92,3,4,1
1419,93,3,5,1
1419,94,3,6,1
1419,95,3,7,1
1419,96..127,3,8 9 10 11 12 13 14 15,3 3 3 3 3 3 3 3
1420,64..95,3,8 9 10 11 12 13 14 15,3 3 3 3 3 3 3 3
1420,96,3,0,1
1420,97,3,1,1
1420,98,3,2,1
1420,99,3,3,1
1420,100,3,4,1
1420,101,3,5,1
1420,102,3,6,1
1420,103,3,7,1
1420,104..127,3,8 9 10 11 12 13 14 15,3 3 3 3 3 3 3 3
1421,64..103,3,8 9 10 11 12 13 14 15,3 3 3 3 3 3 3 3
1421,104,3,0,1
1421,105,3,1,1
1421,106,3,2,1
1421,107,3,3,1
1421,108,3,4,1
1421,109,3,5,1
1421,110,3,6,1
1421,111,3,7,1
1421,112..127,3,8 9 10 11 12 13 14 15,3 3 3 3 3 3 3 3
1422,64..111,3,8 9 10 11 12 13 14 15,3 3 3 3 3 3 3 3
1422,112,3,0,1
1422,113,3,1,1
1422,114,3,2,1
1422,115,3,3,1
1422,116,3,4,1
1422,117,3,5,1
1422,118,3,6,1
1422,119,3,7,1
1422,120..127,3,8 9 10 11 12 13 14 15,3 3 3 3 3 3 3 3
1423,64..119,3,8 9 10 11 12 13 14 15,3 3 3 3 3 3 3 3
1423,120,3,0,1
1423,121,3,1,1
1423,122,3,2,1
1423,123,3,3,1
1423,124,3,4,1
1423,125,3,5,1
1423,126,3,6,1
1423,127,3,7,1
1424..1431,0..127,3,12 13 14 15,3 3 3 3
1424,128,3,0,1
1424,129,3,1,1
1424,130,3,2,1
1424,131,3,3,1
1424,132,3,4,1
1424,133,3,5,1
1424,134,3,6,1
1424,135,3,7,1
1424,136..191,3,8 9 10 11 12 13 14 15,3 3 3 3 3 3 3 3
1424..1431,192..1023,3,12 13 14 15,3 3 3 3
1425,128..135,3,8 9 10 11 12 13 14 15,3 3 3 3 3 3 3 3
1425,136,3,0,1
1425,137,3,1,1
1425,138,3,2,1
1425,139,3,3,1
1425,140,3,4,1
1425,141,3,5,1
1425,142,3,6,1
1425,143,3,7,1
1425,144..191,3,8 9 10 11 12 13 14 15,3 3 3 3 3 3 3 3
1426,128..143,3,8 9 10 11 12 13 14 15,3 3 3 3 3 3 3 3
1426,144,3,0,1
1426,145,3,1,1
1426,146,3,2,1
1426,147,3,3,1
1426,148,3,4,1
1426,149,3,5,1
1426,150,3,6,1
1426,151,3,7,1
1426,152..191,3,8 9 10 11 12 13 14 15,3 3 3 3 3 3 3 3
1427,128..151,3,8 9 10 11 12 13 14 15,3 3 3 3 3 3 3 3
1427,152,3,0,1
1427,153,3,1,1
1427,154,3,2,1
1427,155,3,3,1
1427,156,3,4,1
1427,157,3,5,1
1427,158,3,6,1
1427,159,3,7,1
1427,160..191,3,8 9 10 11 12 13 14 15,3 3 3 3 3 3 3 3
1428,128..159,3,8 9 10 11 12 13 14 15,3 3 3 3 3 3 3 3
1428,160,3,0,1
1428,161,3,1,1
1428,162,3,2,1
1428,163,3,3,1
1428,164,3,4,1
1428,165,3,5,1
1428,166,3,6,1
1428,167,3,7,1
1428,168..191,3,8 9 10 11 12 13 14 15,3 3 3 3 3 3 3 3
1429,128..167,3,8 9 10 11 12 13 14 15,3 3 3 3 3 3 3 3
1429,168,3,0,1
1429,169,3,1,1
1429,170,3,2,1
1429,171,3,3,1
1429,172,3,4,1
1429,173,3,5,1
1429,174,3,6,1
1429,175,3,7,1
1429,176..191,3,8 9 10 11 12 13 14 15,3 3 3 3 3 3 3 3
1430,128..175,3,8 9 10 11 12 13 14 15,3 3 3 3 3 3 3 3
1430,176,3,0,1
1430,177,3,1,1
1430,178,3,2,1
1430,179,3,3,1
1430,180,3,4,1
1430,181,3,5,1
1430,182,3,6,1
1430,183,3,7,1
1430,184..191,3,8 9 10 11 12 13 14 15,3 3 3 3 3 3 3 3
1431,128..183,3,8 9 10 11 12 13 14 15,3 3 3 3 3 3 3 3
1431,184,3,0,1
1431,185,3,1,1
1431,186,3,2,1
1431,187,3,3,1
1431,188,3,4,1
1431,189,3,5,1
1431,190,3,6,1
1431,191,3,7,1
1432..1439,0..191,3,12 13 14 15,3 3 3 3
1432,192,3,0,1
1432,193,3,1,1
1432,194,3,2,1
1432,195,3,3,1
1432,196,3,4,1
1432,197,3,5,1
1432,198,3,6,1
1432,199,3,7,1
1432,200..255,3,8 9 10 11 12 13 14 15,3 3 3 3 3 3 3 3
1432..1439,256..1023,3,12 13 14 15,3 3 3 3
1433,192..199,3,8 9 10 11 12 13 14 15,3 3 3 3 3 3 3 3
1433,200,3,0,1
1433,201,3,1,1
1433,202,3,2,1
1433,203,3,3,1
1433,204,3,4,1
1433,205,3,5,1
1433,206,3,6,1
1433,207,3,7,1
1433,208..255,3,8 9 10 11 12 13 14 15,3 3 3 3 3 3 3 3
1434,192..207,3,8 9 10 11 12 13 14 15,3 3 3 3 3 3 3 3
1434,208,3,0,1
1434,209,3,1,1
1434,210,3,2,1
1434,211,3,3,1
1434,212,3,4,1
1434,213,3,5,1
1434,214,3,6,1
1434,215,3,7,1
1434,216..255,3,8 9 10 11 12 13 14 15,3 3 3 3 3 3 3 3
1435,192..215,3,8 9 10 11 12 13 14 15,3 3 3 3 3 3 3 3
1435,216,3,0,1
1435,217,3,1,1
1435,218,3,2,1
1435,219,3,3,1
1435,220,3,4,1
1435,221,3,5,1
1435,222,3,6,1
1435,223,3,7,1
1435,224..255,3,8 9 10 11 12 13 14 15,3 3 3 3 3 3 3 3
1436,192..223,3,8 9 10 11 12 13 14 15,3 3 3 3 3 3 3 3
1436,224,3,0,1
1436,225,3,1,1
1436,226,3,2,1
1436,227,3,3,1
1436,228,3,4,1
1436,229,3,5,1
1436,230,3,6,1
1436,231,3,7,1
1436,232..255,3,8 9 10 11 12 13 14 15,3 3 3 3 3 3 3 3
1437,192..231,3,8 9 10 11 12 13 14 15,3 3 3 3 3 3 3 3
1437,232,3,0,1
1437,233,3,1,1
1437,234,3,2,1
1437,235,3,3,1
1437,236,3,4,1
1437,237,3,5,1
1437,238,3,6,1
1437,239,3,7,1
1437,240..255,3,8 9 10 11 12 13 14 15,3 3 3 3 3 3 3 3
1438,192..239,3,8 9 10 11 12 13 14 15,3 3 3 3 3 3 3 3
1438,240,3,0,1
1438,241,3,1,1
1438,242,3,2,1
1438,243,3,3,1
1438,244,3,4,1
1438,245,3,5,1
1438,246,3,6,1
1438,247,3,7,1
1438,248..255,3,8 9 10 11 12 13 14 15,3 3 3 3 3 3 3 3
1439,192..247,3,8 9 10 11 12 13 14 15,3 3 3 3 3 3 3 3
1439,248,3,0,1
1439,249,3,1,1
1439,250,3,2,1
1439,251,3,3,1
1439,252,3,4,1
1439,253,3,5,1
1439,254,3,6,1
1439,255,3,7,1
1440..1447,0..255,3,12 13 14 15,3 3 3 3
1440,256,3,0,1
1440,257,3,1,1
1440,258,3,2,1
1440,259,3,3,1
1440,260,3,4,1
1440,261,3,5,1
1440,262,3,6,1
1440,263,3,7,1
1440,264..319,3,8 9 10 11 12 13 14 15,3 3 3 3 3 3 3 3
1440..1447,320..1023,3,12 13 14 15,3 3 3 3
1441,256..263,3,8 9 10 11 12 13 14 15,3 3 3 3 3 3 3 3
1441,264,3,0,1
1441,265,3,1,1
1441,266,3,2,1
1441,267,3,3,1
1441,268,3,4,1
1441,269,3,5,1
1441,270,3,6,1
1441,271,3,7,1
1441,272..319,3,8 9 10 11 12 13 14 15,3 3 3 3 3 3 3 3
1442,256..271,3,8 9 10 11 12 13 14 15,3 3 3 3 3 3 3 3
1442,272,3,0,1
1442,273,3,1,1
1442,274,3,2,1
1442,275,3,3,1
1442,276,3,4,1
1442,277,3,5,1
1442,278,3,6,1
1442,279,3,7,1
1442,280..319,3,8 9 10 11 12 13 14 15,3 3 3 3 3 3 3 3
1443,256..279,3,8 9 10 11 12 13 14 15,3 3 3 3 3 3 3 3
1443,280,3,0,1
1443,281,3,1,1
1443,282,3,2,1
1443,283,3,3,1
1443,284,3,4,1
1443,285,3,5,1
1443,286,3,6,1
1443,287,3,7,1
1443,288..319,3,8 9 10 11 12 13 14 15,3 3 3 3 3 3 3 3
1444,256..287,3,8 9 10 11 12 13 14 15,3 3 3 3 3 3 3 3
1444,288,3,0,1
1444,289,3,1,1
1444,290,3,2,1
1444,291,3,3,1
1444,292,3,4,1
1444,293,3,5,1
1444,294,3,6,1
1444,295,3,7,1
1444,296..319,3,8 9 10 11 12 13 14 15,3 3 3 3 3 3 3 3
1445,256..295,3,8 9 10 11 12 13 14 15,3 3 3 3 3 3 3 3
1445,296,3,0,1
1445,297,3,1,1
1445,298,3,2,1
1445,299,3,3,1
1445,300,3,4,1
1445,301,3,5,1
1445,302,3,6,1
1445,303,3,7,1
1445,304..319,3,8 9 10 11 12 13 14 15,3 3 3 3 3 3 3 3
1446,256..303,3,8 9 10 11 12 13 14 15,3 3 3 3 3 3 3 3
1446,304,3,0,1
1446,305,3,1,1
1446,306,3,2,1
1446,307,3,3,1
1446,308,3,4,1
1446,309,3,5,1
1446,310,3,6,1
1446,311,3,7,1
1446,312..319,3,8 9 10 11 12 13 14 15,3 3 3 3 3 3 3 3
1447,256..311,3,8 9 10 11 12 13 14 15,3 3 3 3 3 3 3 3
1447,312,3,0,1
1447,313,3,1,1
1447,314,3,2,1
1447,315,3,3,1
1447,316,3,4,1
1447,317,3,5,1
1447,318,3,6,1
1447,319,3,7,1
1448..1455,0..319,3,12 13 14 15,3 3 3 3
1448,320,3,0,1
1448,321,3,1,1
1448,322,3,2,1
1448,323,3,3,1
1448,324,3,4,1
1448,325,3,5,1
1448,326,3,6,1
1448,327,3,7,1
1448,328..383,3,8 9 10 11 12 13 14 15,3 3 3 3 3 3 3 3
1448..1455,384..1023,3,12 13 14 15,3 3 3 3
1449,320..327,3,8 9 10 11 12 13 14 15,3 3 3 3 3 3 3 3
1449,328,3,0,1
1449,329,3,1,1
1449,330,3,2,1
1449,331,3,3,1
1449,332,3,4,1
1449,333,3,5,1
1449,334,3,6,1
1449,335,3,7,1
1449,336..383,3,8 9 10 11 12 13 14 15,3 3 3 3 3 3 3 3
1450,320..335,3,8 9 10 11 12 13 14 15,3 3 3 3 3 3 3 3
1450,336,3,0,1
1450,337,3,1,1
1450,338,3,2,1
1450,339,3,3,1
1450,340,3,4,1
1450,341,3,5,1
1450,342,3,6,1
1450,343,3,7,1
1450,344..383,3,8 9 10 11 12 13 14 15,3 3 3 3 3 3 3 3
1451,320..343,3,8 9 10 11 12 13 14 15,3 3 3 3 3 3 3 3
1451,344,3,0,1
1451,345,3,1,1
1451,346,3,2,1
1451,347,3,3,1
1451,348,3,4,1
1451,349,3,5,1
1451,350,3,6,1
1451,351,3,7,1
1451,352..383,3,8 9 10 11 12 13 14 15,3 3 3 3 3 3 3 3
1452,320..351,3,8 9 10 11 12 13 14 15,3 3 3 3 3 3 3 3
1452,352,3,0,1
1452,353,3,1,1
1452,354,3,2,1
1452,355,3,3,1
1452,356,3,4,1
1452,357,3,5,1
1452,358,3,6,1
1452,359,3,7,1
1452,360..383,3,8 9 10 11 12 13 14 15,3 3 3 3 3 3 3 3
1453,320..359,3,8 9 10 11 12 13 14 15,3 3 3 3 3 3 3 3
1453,360,3,0,1
1453,361,3,1,1
1453,362,3,2,1
1453,363,3,3,1
1453,364,3,4,1
1453,365,3,5,1
1453,366,3,6,1
1453,367,3,7,1
1453,368..383,3,8 9 10 11 12 13 14 15,3 3 3 3 3 3 3 3
1454,320..367,3,8 9 10 11 12 13 14 15,3 3 3 3 3 3 3 3
1454,368,3,0,1
1454,369,3,1,1
1454,370,3,2,1
1454,371,3,3,1
1454,372,3,4,1
1454,373,3,5,1
1454,374,3,6,1
1454,375,3,7,1
1454,376..383,3,8 9 10 11 12 13 14 15,3 3 3 3 3 3 3 3
1455,320..375,3,8 9 10 11 12 13 14 15,3 3 3 3 3 3 3 3
1455,376,3,0,1
1455,377,3,1,1
1455,378,3,2,1
1455,379,3,3,1
1455,380,3,4,1
1455,381,3,5,1
1455,382,3,6,1
1455,383,3,7,1
1456..1463,0..383,3,12 13 14 15,3 3 3 3
1456,384,3,0,1
1456,385,3,1,1
1456,386,3,2,1
1456,387,3,3,1
1456,388,3,4,1
1456,389,3,5,1
1456,390,3,6,1
1456,391,3,7,1
1456,392..447,3,8 9 10 11 12 13 14 15,3 3 3 3 3 3 3 3
1456..1463,448..1023,3,12 13 14 15,3 3 3 3
1457,384..391,3,8 9 10 11 12 13 14 15,3 3 3 3 3 3 3 3
1457,392,3,0,1
1457,393,3,1,1
1457,394,3,2,1
1457,395,3,3,1
1457,396,3,4,1
1457,397,3,5,1
1457,398,3,6,1
1457,399,3,7,1
1457,400..447,3,8 9 10 11 12 13 14 15,3 3 3 3 3 3 3 3
1458,384..399,3,8 9 10 11 12 13 14 15,3 3 3 3 3 3 3 3
1458,400,3,0,1
1458,401,3,1,1
1458,402,3,2,1
1458,403,3,3,1
1458,404,3,4,1
1458,405,3,5,1
1458,406,3,6,1
1458,407,3,7,1
1458,408..447,3,8 9 10 11 12 13 14 15,3 3 3 3 3 3 3 3
1459,384..407,3,8 9 10 11 12 13 14 15,3 3 3 3 3 3 3 3
1459,408,3,0,1
1459,409,3,1,1
1459,410,3,2,1
1459,411,3,3,1
1459,412,3,4,1
1459,413,3,5,1
1459,414,3,6,1
1459,415,3,7,1
1459,416..447,3,8 9 10 11 12 13 14 15,3 3 3 3 3 3 3 3
1460,384..415,3,8 9 10 11 12 13 14 15,3 3 3 3 3 3 3 3
1460,416,3,0,1
1460,417,3,1,1
1460,418,3,2,1
1460,419,3,3,1
1460,420,3,4,1
1460,421,3,5,1
1460,422,3,6,1
1460,423,3,7,1
1460,424..447,3,8 9 10 11 12 13 14 15,3 3 3 3 3 3 3 3
1461,384..423,3,8 9 10 11 12 13 14 15,3 3 3 3 3 3 3 3
1461,424,3,0,1
1461,425,3,1,1
1461,426,3,2,1
1461,427,3,3,1
1461,428,3,4,1
1461,429,3,5,1
1461,430,3,6,1
1461,431,3,7,1
1461,432..447,3,8 9 10 11 12 13 14 15,3 3 3 3 3 3 3 3
1462,384..431,3,8 9 10 11 12 13 14 15,3 3 3 3 3 3 3 3
1462,432,3,0,1
1462,433,3,1,1
1462,434,3,2,1
1462,435,3,3,1
1462,436,3,4,1
1462,437,3,5,1
1462,438,3,6,1
1462,439,3,7,1
1462,440..447,3,8 9 10 11 12 13 14 15,3 3 3 3 3 3 3 3
1463,384..439,3,8 9 10 11 12 13 14 15,3 3 3 3 3 3 3 3
1463,440,3,0,1
1463,441,3,1,1
1463,442,3,2,1
1463,443,3,3,1
1463,444,3,4,1
1463,445,3,5,1
1463,446,3,6,1
1463,447,3,7,1
1464..1471,0..447,3,12 13 14 15,3 3 3 3
1464,448,3,0,1
1464,449,3,1,1
1464,450,3,2,1
1464,451,3,3,1
1464,452,3,4,1
1464,453,3,5,1
1464,454,3,6,1
1464,455,3,7,1
1464,456..511,3,8 9 10 11 12 13 14 15,3 3 3 3 3 3 3 3
1464..1471,512..1023,3,12 13 14 15,3 3 3 3
1465,448..455,3,8 9 10 11 12 13 14 15,3 3 3 3 3 3 3 3
1465,456,3,0,1
1465,457,3,1,1
1465,458,3,2,1
1465,459,3,3,1
1465,460,3,4,1
1465,461,3,5,1
1465,462,3,6,1
1465,463,3,7,1
1465,464..511,3,8 9 10 11 12 13 14 15,3 3 3 3 3 3 3 3
1466,448..463,3,8 9 10 11 12 13 14 15,3 3 3 3 3 3 3 3
1466,464,3,0,1
1466,465,3,1,1
1466,466,3,2,1
1466,467,3,3,1
1466,468,3,4,1
1466,469,3,5,1
1466,470,3,6,1
1466,471,3,7,1
1466,472..511,3,8 9 10 11 12 13 14 15,3 3 3 3 3 3 3 3
1467,448..471,3,8 9 10 11 12 13 14 15,3 3 3 3 3 3 3 3
1467,472,3,0,1
1467,473,3,1,1
1467,474,3,2,1
1467,475,3,3,1
1467,476,3,4,1
1467,477,3,5,1
1467,478,3,6,1
1467,479,3,7,1
1467,480..511,3,8 9 10 11 12 13 14 15,3 3 3 3 3 3 3 3
1468,448..479,3,8 9 10 11 12 13 14 15,3 3 3 3 3 3 3 3
1468,480,3,0,1
1468,481,3,1,1
1468,482,3,2,1
1468,483,3,3,1
1468,484,3,4,1
1468,485,3,5,1
1468,486,3,6,1
1468,487,3,7,1
1468,488..511,3,8 9 10 11 12 13 14 15,3 3 3 3 3 3 3 3
1469,448..487,3,8 9 10 11 12 13 14 15,3 3 3 3 3 3 3 3
1469,488,3,0,1
1469,489,3,1,1
1469,490,3,2,1
1469,491,3,3,1
1469,492,3,4,1
1469,493,3,5,1
1469,494,3,6,1
1469,495,3,7,1
1469,496..511,3,8 9 10 11 12 13 14 15,3 3 3 3 3 3 3 3
1470,448..495,3,8 9 10 11 12 13 14 15,3 3 3 3 3 3 3 3
1470,496,3,0,1
1470,497,3,1,1
1470,498,3,2,1
1470,499,3,3,1
1470,500,3,4,1
1470,501,3,5,1
1470,502,3,6,1
1470,503,3,7,1
1470,504..511,3,8 9 10 11 12 13 14 15,3 3 3 3 3 3 3 3
1471,448..503,3,8 9 10 11 12 13 14 15,3 3 3 3 3 3 3 3
1471,504,3,0,1
1471,505,3,1,1
1471,506,3,2,1
1471,507,3,3,1
1471,508,3,4,1
1471,509,3,5,1
1471,510,3,6,1
1471,511,3,7,1
1472..1479,0..511,3,12 13 14 15,3 3 3 3
1472,512,3,0,1
1472,513,3,1,1
1472,514,3,2,1
1472,515,3,3,1
1472,516,3,4,1
1472,517,3,5,1
1472,518,3,6,1
1472,519,3,7,1
1472,520..575,3,8 9 10 11 12 13 14 15,3 3 3 3 3 3 3 3
1472..1479,576..1023,3,12 13 14 15,3 3 3 3
1473,512..519,3,8 9 10 11 12 13 14 15,3 3 3 3 3 3 3 3
1473,520,3,0,1
1473,521,3,1,1
1473,522,3,2,1
1473,523,3,3,1
1473,524,3,4,1
1473,525,3,5,1
1473,526,3,6,1
1473,527,3,7,1
1473,528..575,3,8 9 10 11 12 13 14 15,3 3 3 3 3 3 3 3
1474,512..527,3,8 9 10 11 12 13 14 15,3 3 3 3 3 3 3 3
1474,528,3,0,1
1474,529,3,1,1
1474,530,3,2,1
1474,531,3,3,1
1474,532,3,4,1
1474,533,3,5,1
1474,534,3,6,1
1474,535,3,7,1
1474,536..575,3,8 9 10 11 12 13 14 15,3 3 3 3 3 3 3 3
1475,512..535,3,8 9 10 11 12 13 14 15,3 3 3 3 3 3 3 3
1475,536,3,0,1
1475,537,3,1,1
1475,538,3,2,1
1475,539,3,3,1
1475,540,3,4,1
1475,541,3,5,1
1475,542,3,6,1
1475,543,3,7,1
1475,544..575,3,8 9 10 11 12 13 14 15,3 3 3 3 3 3 3 3
1476,512..543,3,8 9 10 11 12 13 14 15,3 3 3 3 3 3 3 3
1476,544,3,0,1
1476,545,3,1,1
1476,546,3,2,1
1476,547,3,3,1
1476,548,3,4,1
1476,549,3,5,1
1476,550,3,6,1
1476,551,3,7,1
1476,552..575,3,8 9 10 11 12 13 14 15,3 3 3 3 3 3 3 3
1477,512..551,3,8 9 10 11 12 13 14 15,3 3 3 3 3 3 3 3
1477,552,3,0,1
1477,553,3,1,1
1477,554,3,2,1
1477,555,3,3,1
1477,556,3,4,1
1477,557,3,5,1
1477,558,3,6,1
1477,559,3,7,1
1477,560..575,3,8 9 10 11 12 13 14 15,3 3 3 3 3 3 3 3
1478,512..559,3,8 9 10 11 12 13 14 15,3 3 3 3 3 3 3 3
1478,560,3,0,1
1478,561,3,1,1
1478,562,3,2,1
1478,563,3,3,1
1478,564,3,4,1
1478,565,3,5,1
1478,566,3,6,1
1478,567,3,7,1
1478,568..575,3,8 9 10 11 12 13 14 15,3 3 3 3 3 3 3 3
1479,512..567,3,8 9 10 11 12 13 14 15,3 3 3 3 3 3 3 3
1479,568,3,0,1
1479,569,3,1,1
1479,570,3,2,1
1479,571,3,3,1
1479,572,3,4,1
1479,573,3,5,1
1479,574,3,6,1
1479,575,3,7,1
1480..1487,0..575,3,12 13 14 15,3 3 3 3
1480,576,3,0,1
1480,577,3,1,1
1480,578,3,2,1
1480,579,3,3,1
1480,580,3,4,1
1480,581,3,5,1
1480,582,3,6,1
1480,583,3,7,1
1480,584..639,3,8 9 10 11 12 13 14 15,3 3 3 3 3 3 3 3
1480..1487,640..1023,3,12 13 14 15,3 3 3 3
1481,576..583,3,8 9 10 11 12 13 14 15,3 3 3 3 3 3 3 3
1481,584,3,0,1
1481,585,3,1,1
1481,586,3,2,1
1481,587,3,3,1
1481,588,3,4,1
1481,589,3,5,1
1481,590,3,6,1
1481,591,3,7,1
1481,592..639,3,8 9 10 11 12 13 14 15,3 3 3 3 3 3 3 3
1482,576..591,3,8 9 10 11 12 13 14 15,3 3 3 3 3 3 3 3
1482,592,3,0,1
1482,593,3,1,1
1482,594,3,2,1
1482,595,3,3,1
1482,596,3,4,1
1482,597,3,5,1
1482,598,3,6,1
1482,599,3,7,1
1482,600..639,3,8 9 10 11 12 13 14 15,3 3 3 3 3 3 3 3
1483,576..599,3,8 9 10 11 12 13 14 15,3 3 3 3 3 3 3 3
1483,600,3,0,1
1483,601,3,1,1
1483,602,3,2,1
1483,603,3,3,1
1483,604,3,4,1
1483,605,3,5,1
1483,606,3,6,1
1483,607,3,7,1
1483,608..639,3,8 9 10 11 12 13 14 15,3 3 3 3 3 3 3 3
1484,576..607,3,8 9 10 11 12 13 14 15,3 3 3 3 3 3 3 3
1484,608,3,0,1
1484,609,3,1,1
1484,610,3,2,1
1484,611,3,3,1
1484,612,3,4,1
1484,613,3,5,1
1484,614,3,6,1
1484,615,3,7,1
1484,616..639,3,8 9 10 11 12 13 14 15,3 3 3 3 3 3 3 3
1485,576..615,3,8 9 10 11 12 13 14 15,3 3 3 3 3 3 3 3
1485,616,3,0,1
1485,617,3,1,1
1485,618,3,2,1
1485,619,3,3,1
1485,620,3,4,1
1485,621,3,5,1
1485,622,3,6,1
1485,623,3,7,1
1485,624..639,3,8 9 10 11 12 13 14 15,3 3 3 3 3 3 3 3
1486,576..623,3,8 9 10 11 12 13 14 15,3 3 3 3 3 3 3 3
1486,624,3,0,1
1486,625,3,1,1
1486,626,3,2,1
1486,627,3,3,1
1486,628,3,4,1
1486,629,3,5,1
1486,630,3,6,1
1486,631,3,7,1
1486,632..639,3,8 9 10 11 12 13 14 15,3 3 3 3 3 3 3 3
1487,576..631,3,8 9 10 11 12 13 14 15,3 3 3 3 3 3 3 3
1487,632,3,0,1
1487,633,3,1,1
1487,634,3,2,1
1487,635,3,3,1
1487,636,3,4,1
1487,637,3,5,1
1487,638,3,6,1
1487,639,3,7,1
1488..1495,0..639,3,12 13 14 15,3 3 3 3
1488,640,3,0,1
1488,641,3,1,1
1488,642,3,2,1
1488,643,3,3,1
1488,644,3,4,1
1488,645,3,5,1
1488,646,3,6,1
1488,647,3,7,1
1488,648..703,3,8 9 10 11 12 13 14 15,3 3 3 3 3 3 3 3
1488..1495,704..1023,3,12 13 14 15,3 3 3 3
1489,640..647,3,8 9 10 11 12 13 14 15,3 3 3 3 3 3 3 3
1489,648,3,0,1
1489,649,3,1,1
1489,650,3,2,1
1489,651,3,3,1
1489,652,3,4,1
1489,653,3,5,1
1489,654,3,6,1
1489,655,3,7,1
1489,656..703,3,8 9 10 11 12 13 14 15,3 3 3 3 3 3 3 3
1490,640..655,3,8 9 10 11 12 13 14 15,3 3 3 3 3 3 3 3
1490,656,3,0,1
1490,657,3,1,1
1490,658,3,2,1
1490,659,3,3,1
1490,660,3,4,1
1490,661,3,5,1
1490,662,3,6,1
1490,663,3,7,1
1490,664..703,3,8 9 10 11 12 13 14 15,3 3 3 3 3 3 3 3
1491,640..663,3,8 9 10 11 12 13 14 15,3 3 3 3 3 3 3 3
1491,664,3,0,1
1491,665,3,1,1
1491,666,3,2,1
1491,667,3,3,1
1491,668,3,4,1
1491,669,3,5,1
1491,670,3,6,1
1491,671,3,7,1
1491,672..703,3,8 9 10 11 12 13 14 15,3 3 3 3 3 3 3 3
1492,640..671,3,8 9 10 11 12 13 14 15,3 3 3 3 3 3 3 3
1492,672,3,0,1
1492,673,3,1,1
1492,674,3,2,1
1492,675,3,3,1
1492,676,3,4,1
1492,677,3,5,1
1492,678,3,6,1
1492,679,3,7,1
1492,680..703,3,8 9 10 11 12 13 14 15,3 3 3 3 3 3 3 3
1493,640..679,3,8 9 10 11 12 13 14 15,3 3 3 3 3 3 3 3
1493,680,3,0,1
1493,681,3,1,1
1493,682,3,2,1
1493,683,3,3,1
1493,684,3,4,1
1493,685,3,5,1
1493,686,3,6,1
1493,687,3,7,1
1493,688..703,3,8 9 10 11 12 13 14 15,3 3 3 3 3 3 3 3
1494,640..687,3,8 9 10 11 12 13 14 15,3 3 3 3 3 3 3 3
1494,688,3,0,1
1494,689,3,1,1
1494,690,3,2,1
1494,691,3,3,1
1494,692,3,4,1
1494,693,3,5,1
1494,694,3,6,1
1494,695,3,7,1
1494,696..703,3,8 9 10 11 12 13 14 15,3 3 3 3 3 3 3 3
1495,640..695,3,8 9 10 11 12 13 14 15,3 3 3 3 3 3 3 3
1495,696,3,0,1
1495,697,3,1,1
1495,698,3,2,1
1495,699,3,3,1
1495,700,3,4,1
1495,701,3,5,1
1495,702,3,6,1
1495,703,3,7,1
1496..1503,0..703,3,12 13 14 15,3 3 3 3
1496,704,3,0,1
1496,705,3,1,1
1496,706,3,2,1
1496,707,3,3,1
1496,708,3,4,1
1496,709,3,5,1
1496,710,3,6,1
1496,711,3,7,1
1496,712..767,3,8 9 10 11 12 13 14 15,3 3 3 3 3 3 3 3
1496..1503,768..1023,3,12 13 14 15,3 3 3 3
1497,704..711,3,8 9 10 11 12 13 14 15,3 3 3 3 3 3 3 3
1497,712,3,0,1
1497,713,3,1,1
1497,714,3,2,1
1497,715,3,3,1
1497,716,3,4,1
1497,717,3,5,1
1497,718,3,6,1
1497,719,3,7,1
1497,720..767,3,8 9 10 11 12 13 14 15,3 3 3 3 3 3 3 3
1498,704..719,3,8 9 10 11 12 13 14 15,3 3 3 3 3 3 3 3
1498,720,3,0,1
1498,721,3,1,1
1498,722,3,2,1
1498,723,3,3,1
1498,724,3,4,1
1498,725,3,5,1
1498,726,3,6,1
1498,727,3,7,1
1498,728..767,3,8 9 10 11 12 13 14 15,3 3 3 3 3 3 3 3
1499,704..727,3,8 9 10 11 12 13 14 15,3 3 3 3 3 3 3 3
1499,728,3,0,1
1499,729,3,1,1
1499,730,3,2,1
1499,731,3,3,1
1499,732,3,4,1
1499,733,3,5,1
1499,734,3,6,1
1499,735,3,7,1
1499,736..767,3,8 9 10 11 12 13 14 15,3 3 3 3 3 3 3 3
1500,704..735,3,8 9 10 11 12 13 14 15,3 3 3 3 3 3 3 3
1500,736,3,0,1
1500,737,3,1,1
1500,738,3,2,1
1500,739,3,3,1
1500,740,3,4,1
1500,741,3,5,1
1500,742,3,6,1
1500,743,3,7,1
1500,744..767,3,8 9 10 11 12 13 14 15,3 3 3 3 3 3 3 3
1501,704..743,3,8 9 10 11 12 13 14 15,3 3 3 3 3 3 3 3
1501,744,3,0,1
1501,745,3,1,1
1501,746,3,2,1
1501,747,3,3,1
1501,748,3,4,1
1501,749,3,5,1
1501,750,3,6,1
1501,751,3,7,1
1501,752..767,3,8 9 10 11 12 13 14 15,3 3 3 3 3 3 3 3
1502,704..751,3,8 9 10 11 12 13 14 15,3 3 3 3 3 3 3 3
1502,752,3,0,1
1502,753,3,1,1
1502,754,3,2,1
1502,755,3,3,1
1502,756,3,4,1
1502,757,3,5,1
1502,758,3,6,1
1502,759,3,7,1
1502,760..767,3,8 9 10 11 12 13 14 15,3 3 3 3 3 3 3 3
1503,704..759,3,8 9 10 11 12 13 14 15,3 3 3 3 3 3 3 3
1503,760,3,0,1
1503,761,3,1,1
1503,762,3,2,1
1503,763,3,3,1
1503,764,3,4,1
1503,765,3,5,1
1503,766,3,6,1
1503,767,3,7,1
1504..1511,0..767,3,12 13 14 15,3 3 3 3
1504,768,3,0,1
1504,769,3,1,1
1504,770,3,2,1
1504,771,3,3,1
1504,772,3,4,1
1504,773,3,5,1
1504,774,3,6,1
1504,775,3,7,1
1504,776..831,3,8 9 10 11 12 13 14 15,3 3 3 3 3 3 3 3
1504..1511,832..1023,3,12 13 14 15,3 3 3 3
1505,768..775,3,8 9 10 11 12 13 14 15,3 3 3 3 3 3 3 3
1505,776,3,0,1
1505,777,3,1,1
1505,778,3,2,1
1505,779,3,3,1
1505,780,3,4,1
1505,781,3,5,1
1505,782,3,6,1
1505,783,3,7,1
1505,784..831,3,8 9 10 11 12 13 14 15,3 3 3 3 3 3 3 3
1506,768..783,3,8 9 10 11 12 13 14 15,3 3 3 3 3 3 3 3
1506,784,3,0,1
1506,785,3,1,1
1506,786,3,2,1
1506,787,3,3,1
1506,788,3,4,1
1506,789,3,5,1
1506,790,3,6,1
1506,791,3,7,1
1506,792..831,3,8 9 10 11 12 13 14 15,3 3 3 3 3 3 3 3
1507,768..791,3,8 9 10 11 12 13 14 15,3 3 3 3 3 3 3 3
1507,792,3,0,1
1507,793,3,1,1
1507,794,3,2,1
1507,795,3,3,1
1507,796,3,4,1
1507,797,3,5,1
1507,798,3,6,1
1507,799,3,7,1
1507,800..831,3,8 9 10 11 12 13 14 15,3 3 3 3 3 3 3 3
1508,768..799,3,8 9 10 11 12 13 14 15,3 3 3 3 3 3 3 3
1508,800,3,0,1
1508,801,3,1,1
1508,802,3,2,1
1508,803,3,3,1
1508,804,3,4,1
1508,805,3,5,1
1508,806,3,6,1
1508,807,3,7,1
1508,808..831,3,8 9 10 11 12 13 14 15,3 3 3 3 3 3 3 3
1509,768..807,3,8 9 10 11 12 13 14 15,3 3 3 3 3 3 3 3
1509,808,3,0,1
1509,809,3,1,1
1509,810,3,2,1
1509,811,3,3,1
1509,812,3,4,1
1509,813,3,5,1
1509,814,3,6,1
1509,815,3,7,1
1509,816..831,3,8 9 10 11 12 13 14 15,3 3 3 3 3 3 3 3
1510,768..815,3,8 9 10 11 12 13 14 15,3 3 3 3 3 3 3 3
1510,816,3,0,1
1510,817,3,1,1
1510,818,3,2,1
1510,819,3,3,1
1510,820,3,4,1
1510,821,3,5,1
1510,822,3,6,1
1510,823,3,7,1
1510,824..831,3,8 9 10 11 12 13 14 15,3 3 3 3 3 3 3 3
1511,768..823,3,8 9 10 11 12 13 14 15,3 3 3 3 3 3 3 3
1511,824,3,0,1
1511,825,3,1,1
1511,826,3,2,1
1511,827,3,3,1
1511,828,3,4,1
1511,829,3,5,1
1511,830,3,6,1
1511,831,3,7,1
1512..1519,0..831,3,12 13 14 15,3 3 3 3
1512,832,3,0,1
1512,833,3,1,1
1512,834,3,2,1
1512,835,3,3,1
1512,836,3,4,1
1512,837,3,5,1
1512,838,3,6,1
1512,839,3,7,1
1512,840..895,3,8 9 10 11 12 13 14 15,3 3 3 3 3 3 3 3
1512..1519,896..1023,3,12 13 14 15,3 3 3 3
1513,832..839,3,8 9 10 11 12 13 14 15,3 3 3 3 3 3 3 3
1513,840,3,0,1
1513,841,3,1,1
1513,842,3,2,1
1513,843,3,3,1
1513,844,3,4,1
1513,845,3,5,1
1513,846,3,6,1
1513,847,3,7,1
1513,848..895,3,8 9 10 11 12 13 14 15,3 3 3 3 3 3 3 3
1514,832..847,3,8 9 10 11 12 13 14 15,3 3 3 3 3 3 3 3
1514,848,3,0,1
1514,849,3,1,1
1514,850,3,2,1
1514,851,3,3,1
1514,852,3,4,1
1514,853,3,5,1
1514,854,3,6,1
1514,855,3,7,1
1514,856..895,3,8 9 10 11 12 13 14 15,3 3 3 3 3 3 3 3
1515,832..855,3,8 9 10 11 12 13 14 15,3 3 3 3 3 3 3 3
1515,856,3,0,1
1515,857,3,1,1
1515,858,3,2,1
1515,859,3,3,1
1515,860,3,4,1
1515,861,3,5,1
1515,862,3,6,1
1515,863,3,7,1
1515,864..895,3,8 9 10 11 12 13 14 15,3 3 3 3 3 3 3 3
1516,832..863,3,8 9 10 11 12 13 14 15,3 3 3 3 3 3 3 3
1516,864,3,0,1
1516,865,3,1,1
1516,866,3,2,1
1516,867,3,3,1
1516,868,3,4,1
1516,869,3,5,1
1516,870,3,6,1
1516,871,3,7,1
1516,872..895,3,8 9 10 11 12 13 14 15,3 3 3 3 3 3 3 3
1517,832..871,3,8 9 10 11 12 13 14 15,3 3 3 3 3 3 3 3
1517,872,3,0,1
1517,873,3,1,1
1517,874,3,2,1
1517,875,3,3,1
1517,876,3,4,1
1517,877,3,5,1
1517,878,3,6,1
1517,879,3,7,1
1517,880..895,3,8 9 10 11 12 13 14 15,3 3 3 3 3 3 3 3
1518,832..879,3,8 9 10 11 12 13 14 15,3 3 3 3 3 3 3 3
1518,880,3,0,1
1518,881,3,1,1
1518,882,3,2,1
1518,883,3,3,1
1518,884,3,4,1
1518,885,3,5,1
1518,886,3,6,1
1518,887,3,7,1
1518,888..895,3,8 9 10 11 12 13 14 15,3 3 3 3 3 3 3 3
1519,832..887,3,8 9 10 11 12 13 14 15,3 3 3 3 3 3 3 3
1519,888,3,0,1
1519,889,3,1,1
1519,890,3,2,1
1519,891,3,3,1
1519,892,3,4,1
1519,893,3,5,1
1519,894,3,6,1
1519,895,3,7,1
1520..1527,0..895,3,12 13 14 15,3 3 3 3
1520,896,3,0,1
1520,897,3,1,1
1520,898,3,2,1
1520,899,3,3,1
1520,900,3,4,1
1520,901,3,5,1
1520,902,3,6,1
1520,903,3,7,1
1520,904..959,3,8 9 10 11 12 13 14 15,3 3 3 3 3 3 3 3
1520..1527,960..1023,3,12 13 14 15,3 3 3 3
1521,896..903,3,8 9 10 11 12 13 14 15,3 3 3 3 3 3 3 3
1521,904,3,0,1
1521,905,3,1,1
1521,906,3,2,1
1521,907,3,3,1
1521,908,3,4,1
1521,909,3,5,1
1521,910,3,6,1
1521,911,3,7,1
1521,912..959,3,8 9 10 11 12 13 14 15,3 3 3 3 3 3 3 3
1522,896..911,3,8 9 10 11 12 13 14 15,3 3 3 3 3 3 3 3
1522,912,3,0,1
1522,913,3,1,1
1522,914,3,2,1
1522,915,3,3,1
1522,916,3,4,1
1522,917,3,5,1
1522,918,3,6,1
1522,919,3,7,1
1522,920..959,3,8 9 10 11 12 13 14 15,3 3 3 3 3 3 3 3
1523,896..919,3,8 9 10 11 12 13 14 15,3 3 3 3 3 3 3 3
1523,920,3,0,1
1523,921,3,1,1
1523,922,3,2,1
1523,923,3,3,1
1523,924,3,4,1
1523,925,3,5,1
1523,926,3,6,1
1523,927,3,7,1
1523,928..959,3,8 9 10 11 12 13 14 15,3 3 3 3 3 3 3 3
1524,896..927,3,8 9 10 11 12 13 14 15,3 3 3 3 3 3 3 3
1524,928,3,0,1
1524,929,3,1,1
1524,930,3,2,1
1524,931,3,3,1
1524,932,3,4,1
1524,933,3,5,1
1524,934,3,6,1
1524,935,3,7,1
1524,936..959,3,8 9 10 11 12 13 14 15,3 3 3 3 3 3 3 3
1525,896..935,3,8 9 10 11 12 13 14 15,3 3 3 3 3 3 3 3
1525,936,3,0,1
1525,937,3,1,1
1525,938,3,2,1
1525,939,3,3,1
1525,940,3,4,1
1525,941,3,5,1
1525,942,3,6,1
1525,943,3,7,1
1525,944..959,3,8 9 10 11 12 13 14 15,3 3 3 3 3 3 3 3
1526,896..943,3,8 9 10 11 12 13 14 15,3 3 3 3 3 3 3 3
1526,944,3,0,1
1526,945,3,1,1
1526,946,3,2,1
1526,947,3,3,1
1526,948,3,4,1
1526,949,3,5,1
1526,950,3,6,1
1526,951,3,7,1
1526,952..959,3,8 9 10 11 12 13 14 15,3 3 3 3 3 3 3 3
1527,896..951,3,8 9 10 11 12 13 14 15,3 3 3 3 3 3 3 3
1527,952,3,0,1
1527,953,3,1,1
1527,954,3,2,1
1527,955,3,3,1
1527,956,3,4,1
1527,957,3,5,1
1527,958,3,6,1
1527,959,3,7,1
1528..1535,0..959,3,12 13 14 15,3 3 3 3
1528,960,3,0,1
1528,961,3,1,1
1528,962,3,2,1
1528,963,3,3,1
1528,964,3,4,1
1528,965,3,5,1
1528,966,3,6,1
1528,967,3,7,1
1528,968..1023,3,8 9 10 11 12 13 14 15,3 3 3 3 3 3 3 3
1529,960..967,3,8 9 10 11 12 13 14 15,3 3 3 3 3 3 3 3
1529,968,3,0,1
1529,969,3,1,1
1529,970,3,2,1
1529,971,3,3,1
1529,972,3,4,1
1529,973,3,5,1
1529,974,3,6,1
1529,975,3,7,1
1529,976..1023,3,8 9 10 11 12 13 14 15,3 3 3 3 3 3 3 3
1530,960..975,3,8 9 10 11 12 13 14 15,3 3 3 3 3 3 3 3
1530,976,3,0,1
1530,977,3,1,1
1530,978,3,2,1
1530,979,3,3,1
1530,980,3,4,1
1530,981,3,5,1
1530,982,3,6,1
1530,983,3,7,1
1530,984..1023,3,8 9 10 11 12 13 14 15,3 3 3 3 3 3 3 3
1531,960..983,3,8 9 10 11 12 13 14 15,3 3 3 3 3 3 3 3
1531,984,3,0,1
1531,985,3,1,1
1531,986,3,2,1
1531,987,3,3,1
1531,988,3,4,1
1531,989,3,5,1
1531,990,3,6,1
1531,991,3,7,1
1531,992..1023,3,8 9 10 11 12 13 14 15,3 3 3 3 3 3 3 3
1532,960..991,3,8 9 10 11 12 13 14 15,3 3 3 3 3 3 3 3
1532,992,3,0,1
1532,993,3,1,1
1532,994,3,2,1
1532,995,3,3,1
1532,996,3,4,1
1532,997,3,5,1
1532,998,3,6,1
1532,999,3,7,1
1532,1000..1023,3,8 9 10 11 12 13 14 15,3 3 3 3 3 3 3 3
1533,960..999,3,8 9 10 11 12 13 14 15,3 3 3 3 3 3 3 3
1533,1000,3,0,1
1533,1001,3,1,1
1533,1002,3,2,1
1533,1003,3,3,1
1533,1004,3,4,1
1533,1005,3,5,1
1533,1006,3,6,1
1533,1007,3,7,1
1533,1008..1023,3,8 9 10 11 12 13 14 15,3 3 3 3 3 3 3 3
1534,960..1007,3,8 9 10 11 12 13 14 15,3 3 3 3 3 3 3 3
1534,1008,3,0,1
1534,1009,3,1,1
1534,1010,3,2,1
1534,1011,3,3,1
1534,1012,3,4,1
1534,1013,3,5,1
1534,1014,3,6,1
1534,1015,3,7,1
1534,1016..1023,3,8 9 10 11 12 13 14 15,3 3 3 3 3 3 3 3
1535,960..1015,3,8 9 10 11 12 13 14 15,3 3 3 3 3 3 3 3
1535,1016,3,0,1
1535,1017,3,1,1
1535,1018,3,2,1
1535,1019,3,3,1
1535,1020,3,4,1
1535,1021,3,5,1
1535,1022,3,6,1
1535,1023,3,7,1
1536,0,4,0,1
1536,1,4,1,1
1536,2,4,2,1
1536,3,4,3,1
1536,4,4,4,1
1536,5,4,5,1
1536,6,4,6,1
1536,7,4,7,1
1536,8..63,4,8 9 10 11 12 13 14 15,3 3 3 3 3 3 3 3
1536..1543,64..1023,4,12 13 14 15,3 3 3 3
1537,0..7,4,8 9 10 11 12 13 14 15,3 3 3 3 3 3 3 3
1537,8,4,0,1
1537,9,4,1,1
1537,10,4,2,1
1537,11,4,3,1
1537,12,4,4,1
1537,13,4,5,1
1537,14,4,6,1
1537,15,4,7,1
1537,16..63,4,8 9 10 11 12 13 14 15,3 3 3 3 3 3 3 3
1538,0..15,4,8 9 10 11 12 13 14 15,3 3 3 3 3 3 3 3
1538,16,4,0,1
1538,17,4,1,1
1538,18,4,2,1
1538,19,4,3,1
1538,20,4,4,1
1538,21,4,5,1
1538,22,4,6,1
1538,23,4,7,1
1538,24..63,4,8 9 10 11 12 13 14 15,3 3 3 3 3 3 3 3
1539,0..23,4,8 9 10 11 12 13 14 15,3 3 3 3 3 3 3 3
1539,24,4,0,1
1539,25,4,1,1
1539,26,4,2,1
1539,27,4,3,1
1539,28,4,4,1
1539,29,4,5,1
1539,30,4,6,1
1539,31,4,7,1
1539,32..63,4,8 9 10 11 12 13 14 15,3 3 3 3 3 3 3 3
1540,0..31,4,8 9 10 11 12 13 14 15,3 3 3 3 3 3 3 3
1540,32,4,0,1
1540,33,4,1,1
1540,34,4,2,1
1540,35,4,3,1
1540,36,4,4,1
1540,37,4,5,1
1540,38,4,6,1
1540,39,4,7,1
1540,40..63,4,8 9 10 11 12 13 14 15,3 3 3 3 3 3 3 3
1541,0..39,4,8 9 10 11 12 13 14 15,3 3 3 3 3 3 3 3
1541,40,4,0,1
1541,41,4,1,1
1541,42,4,2,1
1541,43,4,3,1
1541,44,4,4,1
1541,45,4,5,1
1541,46,4,6,1
1541,47,4,7,1
1541,48..63,4,8 9 10 11 12 13 14 15,3 3 3 3 3 3 3 3
1542,0..47,4,8 9 10 11 12 13 14 15,3 3 3 3 3 3 3 3
1542,48,4,0,1
1542,49,4,1,1
1542,50,4,2,1
1542,51,4,3,1
1542,52,4,4,1
1542,53,4,5,1
1542,54,4,6,1
1542,55,4,7,1
1542,56..63,4,8 9 10 11 12 13 14 15,3 3 3 3 3 3 3 3
1543,0..55,4,8 9 10 11 12 13 14 15,3 3 3 3 3 3 3 3
1543,56,4,0,1
1543,57,4,1,1
1543,58,4,2,1
1543,59,4,3,1
1543,60,4,4,1
1543,61,4,5,1
1543,62,4,6,1
1543,63,4,7,1
1544..1551,0..63,4,12 13 14 15,3 3 3 3
1544,64,4,0,1
1544,65,4,1,1
1544,66,4,2,1
1544,67,4,3,1
1544,68,4,4,1
1544,69,4,5,1
1544,70,4,6,1
1544,71,4,7,1
1544,72..127,4,8 9 10 11 12 13 14 15,3 3 3 3 3 3 3 3
1544..1551,128..1023,4,12 13 14 15,3 3 3 3
1545,64..71,4,8 9 10 11 12 13 14 15,3 3 3 3 3 3 3 3
1545,72,4,0,1
1545,73,4,1,1
1545,74,4,2,1
1545,75,4,3,1
1545,76,4,4,1
1545,77,4,5,1
1545,78,4,6,1
1545,79,4,7,1
1545,80..127,4,8 9 10 11 12 13 14 15,3 3 3 3 3 3 3 3
1546,64..79,4,8 9 10 11 12 13 14 15,3 3 3 3 3 3 3 3
1546,80,4,0,1
1546,81,4,1,1
1546,82,4,2,1
1546,83,4,3,1
1546,84,4,4,1
1546,85,4,5,1
1546,86,4,6,1
1546,87,4,7,1
1546,88..127,4,8 9 10 11 12 13 14 15,3 3 3 3 3 3 3 3
1547,64..87,4,8 9 10 11 12 13 14 15,3 3 3 3 3 3 3 3
1547,88,4,0,1
1547,89,4,1,1
1547,90,4,2,1
1547,91,4,3,1
1547,92,4,4,1
1547,93,4,5,1
1547,94,4,6,1
1547,95,4,7,1
1547,96..127,4,8 9 10 11 12 13 14 15,3 3 3 3 3 3 3 3
1548,64..95,4,8 9 10 11 12 13 14 15,3 3 3 3 3 3 3 3
1548,96,4,0,1
1548,97,4,1,1
1548,98,4,2,1
1548,99,4,3,1
1548,100,4,4,1
1548,101,4,5,1
1548,102,4,6,1
1548,103,4,7,1
1548,104..127,4,8 9 10 11 12 13 14 15,3 3 3 3 3 3 3 3
1549,64..103,4,8 9 10 11 12 13 14 15,3 3 3 3 3 3 3 3
1549,104,4,0,1
1549,105,4,1,1
1549,106,4,2,1
1549,107,4,3,1
1549,108,4,4,1
1549,109,4,5,1
1549,110,4,6,1
1549,111,4,7,1
1549,112..127,4,8 9 10 11 12 13 14 15,3 3 3 3 3 3 3 3
1550,64..111,4,8 9 10 11 12 13 14 15,3 3 3 3 3 3 3 3
1550,112,4,0,1
1550,113,4,1,1
1550,114,4,2,1
1550,115,4,3,1
1550,116,4,4,1
1550,117,4,5,1
1550,118,4,6,1
1550,119,4,7,1
1550,120..127,4,8 9 10 11 12 13 14 15,3 3 3 3 3 3 3 3
1551,64..119,4,8 9 10 11 12 13 14 15,3 3 3 3 3 3 3 3
1551,120,4,0,1
1551,121,4,1,1
1551,122,4,2,1
1551,123,4,3,1
1551,124,4,4,1
1551,125,4,5,1
1551,126,4,6,1
1551,127,4,7,1
1552..1559,0..127,4,12 13 14 15,3 3 3 3
1552,128,4,0,1
1552,129,4,1,1
1552,130,4,2,1
1552,131,4,3,1
1552,132,4,4,1
1552,133,4,5,1
1552,134,4,6,1
1552,135,4,7,1
1552,136..191,4,8 9 10 11 12 13 14 15,3 3 3 3 3 3 3 3
1552..1559,192..1023,4,12 13 14 15,3 3 3 3
1553,128..135,4,8 9 10 11 12 13 14 15,3 3 3 3 3 3 3 3
1553,136,4,0,1
1553,137,4,1,1
1553,138,4,2,1
1553,139,4,3,1
1553,140,4,4,1
1553,141,4,5,1
1553,142,4,6,1
1553,143,4,7,1
1553,144..191,4,8 9 10 11 12 13 14 15,3 3 3 3 3 3 3 3
1554,128..143,4,8 9 10 11 12 13 14 15,3 3 3 3 3 3 3 3
1554,144,4,0,1
1554,145,4,1,1
1554,146,4,2,1
1554,147,4,3,1
1554,148,4,4,1
1554,149,4,5,1
1554,150,4,6,1
1554,151,4,7,1
1554,152..191,4,8 9 10 11 12 13 14 15,3 3 3 3 3 3 3 3
1555,128..151,4,8 9 10 11 12 13 14 15,3 3 3 3 3 3 3 3
1555,152,4,0,1
1555,153,4,1,1
1555,154,4,2,1
1555,155,4,3,1
1555,156,4,4,1
1555,157,4,5,1
1555,158,4,6,1
1555,159,4,7,1
1555,160..191,4,8 9 10 11 12 13 14 15,3 3 3 3 3 3 3 3
1556,128..159,4,8 9 10 11 12 13 14 15,3 3 3 3 3 3 3 3
1556,160,4,0,1
1556,161,4,1,1
1556,162,4,2,1
1556,163,4,3,1
1556,164,4,4,1
1556,165,4,5,1
1556,166,4,6,1
1556,167,4,7,1
1556,168..191,4,8 9 10 11 12 13 14 15,3 3 3 3 3 3 3 3
1557,128..167,4,8 9 10 11 12 13 14 15,3 3 3 3 3 3 3 3
1557,168,4,0,1
1557,169,4,1,1
1557,170,4,2,1
1557,171,4,3,1
1557,172,4,4,1
1557,173,4,5,1
1557,174,4,6,1
1557,175,4,7,1
1557,176..191,4,8 9 10 11 12 13 14 15,3 3 3 3 3 3 3 3
1558,128..175,4,8 9 10 11 12 13 14 15,3 3 3 3 3 3 3 3
1558,176,4,0,1
1558,177,4,1,1
1558,178,4,2,1
1558,179,4,3,1
1558,180,4,4,1
1558,181,4,5,1
1558,182,4,6,1
1558,183,4,7,1
1558,184..191,4,8 9 10 11 12 13 14 15,3 3 3 3 3 3 3 3
1559,128..183,4,8 9 10 11 12 13 14 15,3 3 3 3 3 3 3 3
1559,184,4,0,1
1559,185,4,1,1
1559,186,4,2,1
1559,187,4,3,1
1559,188,4,4,1
1559,189,4,5,1
1559,190,4,6,1
1559,191,4,7,1
1560..1567,0..191,4,12 13 14 15,3 3 3 3
1560,192,4,0,1
1560,193,4,1,1
1560,194,4,2,1
1560,195,4,3,1
1560,196,4,4,1
1560,197,4,5,1
1560,198,4,6,1
1560,199,4,7,1
1560,200..255,4,8 9 10 11 12 13 14 15,3 3 3 3 3 3 3 3
1560..1567,256..1023,4,12 13 14 15,3 3 3 3
1561,192..199,4,8 9 10 11 12 13 14 15,3 3 3 3 3 3 3 3
1561,200,4,0,1
1561,201,4,1,1
1561,202,4,2,1
1561,203,4,3,1
1561,204,4,4,1
1561,205,4,5,1
1561,206,4,6,1
1561,207,4,7,1
1561,208..255,4,8 9 10 11 12 13 14 15,3 3 3 3 3 3 3 3
1562,192..207,4,8 9 10 11 12 13 14 15,3 3 3 3 3 3 3 3
1562,208,4,0,1
1562,209,4,1,1
1562,210,4,2,1
1562,211,4,3,1
1562,212,4,4,1
1562,213,4,5,1
1562,214,4,6,1
1562,215,4,7,1
1562,216..255,4,8 9 10 11 12 13 14 15,3 3 3 3 3 3 3 3
1563,192..215,4,8 9 10 11 12 13 14 15,3 3 3 3 3 3 3 3
1563,216,4,0,1
1563,217,4,1,1
1563,218,4,2,1
1563,219,4,3,1
1563,220,4,4,1
1563,221,4,5,1
1563,222,4,6,1
1563,223,4,7,1
1563,224..255,4,8 9 10 11 12 13 14 15,3 3 3 3 3 3 3 3
1564,192..223,4,8 9 10 11 12 13 14 15,3 3 3 3 3 3 3 3
1564,224,4,0,1
1564,225,4,1,1
1564,226,4,2,1
1564,227,4,3,1
1564,228,4,4,1
1564,229,4,5,1
1564,230,4,6,1
1564,231,4,7,1
1564,232..255,4,8 9 10 11 12 13 14 15,3 3 3 3 3 3 3 3
1565,192..231,4,8 9 10 11 12 13 14 15,3 3 3 3 3 3 3 3
1565,232,4,0,1
1565,233,4,1,1
1565,234,4,2,1
1565,235,4,3,1
1565,236,4,4,1
1565,237,4,5,1
1565,238,4,6,1
1565,239,4,7,1
1565,240..255,4,8 9 10 11 12 13 14 15,3 3 3 3 3 3 3 3
1566,192..239,4,8 9 10 11 12 13 14 15,3 3 3 3 3 3 3 3
1566,240,4,0,1
1566,241,4,1,1
1566,242,4,2,1
1566,243,4,3,1
1566,244,4,4,1
1566,245,4,5,1
1566,246,4,6,1
1566,247,4,7,1
1566,248..255,4,8 9 10 11 12 13 14 15,3 3 3 3 3 3 3 3
1567,192..247,4,8 9 10 11 12 13 14 15,3 3 3 3 3 3 3 3
1567,248,4,0,1
1567,249,4,1,1
1567,250,4,2,1
1567,251,4,3,1
1567,252,4,4,1
1567,253,4,5,1
1567,254,4,6,1
1567,255,4,7,1
1568..1575,0..255,4,12 13 14 15,3 3 3 3
1568,256,4,0,1
1568,257,4,1,1
1568,258,4,2,1
1568,259,4,3,1
1568,260,4,4,1
1568,261,4,5,1
1568,262,4,6,1
1568,263,4,7,1
1568,264..319,4,8 9 10 11 12 13 14 15,3 3 3 3 3 3 3 3
1568..1575,320..1023,4,12 13 14 15,3 3 3 3
1569,256..263,4,8 9 10 11 12 13 14 15,3 3 3 3 3 3 3 3
1569,264,4,0,1
1569,265,4,1,1
1569,266,4,2,1
1569,267,4,3,1
1569,268,4,4,1
1569,269,4,5,1
1569,270,4,6,1
1569,271,4,7,1
1569,272..319,4,8 9 10 11 12 13 14 15,3 3 3 3 3 3 3 3
1570,256..271,4,8 9 10 11 12 13 14 15,3 3 3 3 3 3 3 3
1570,272,4,0,1
1570,273,4,1,1
1570,274,4,2,1
1570,275,4,3,1
1570,276,4,4,1
1570,277,4,5,1
1570,278,4,6,1
1570,279,4,7,1
1570,280..319,4,8 9 10 11 12 13 14 15,3 3 3 3 3 3 3 3
1571,256..279,4,8 9 10 11 12 13 14 15,3 3 3 3 3 3 3 3
1571,280,4,0,1
1571,281,4,1,1
1571,282,4,2,1
1571,283,4,3,1
1571,284,4,4,1
1571,285,4,5,1
1571,286,4,6,1
1571,287,4,7,1
1571,288..319,4,8 9 10 11 12 13 14 15,3 3 3 3 3 3 3 3
1572,256..287,4,8 9 10 11 12 13 14 15,3 3 3 3 3 3 3 3
1572,288,4,0,1
1572,289,4,1,1
1572,290,4,2,1
1572,291,4,3,1
1572,292,4,4,1
1572,293,4,5,1
1572,294,4,6,1
1572,295,4,7,1
1572,296..319,4,8 9 10 11 12 13 14 15,3 3 3 3 3 3 3 3
1573,256..295,4,8 9 10 11 12 13 14 15,3 3 3 3 3 3 3 3
1573,296,4,0,1
1573,297,4,1,1
1573,298,4,2,1
1573,299,4,3,1
1573,300,4,4,1
1573,301,4,5,1
1573,302,4,6,1
1573,303,4,7,1
1573,304..319,4,8 9 10 11 12 13 14 15,3 3 3 3 3 3 3 3
1574,256..303,4,8 9 10 11 12 13 14 15,3 3 3 3 3 3 3 3
1574,304,4,0,1
1574,305,4,1,1
1574,306,4,2,1
1574,307,4,3,1
1574,308,4,4,1
1574,309,4,5,1
1574,310,4,6,1
1574,311,4,7,1
1574,312..319,4,8 9 10 11 12 13 14 15,3 3 3 3 3 3 3 3
1575,256..311,4,8 9 10 11 12 13 14 15,3 3 3 3 3 3 3 3
1575,312,4,0,1
1575,313,4,1,1
1575,314,4,2,1
1575,315,4,3,1
1575,316,4,4,1
1575,317,4,5,1
1575,318,4,6,1
1575,319,4,7,1
1576..1583,0..319,4,12 13 14 15,3 3 3 3
1576,320,4,0,1
1576,321,4,1,1
1576,322,4,2,1
1576,323,4,3,1
1576,324,4,4,1
1576,325,4,5,1
1576,326,4,6,1
1576,327,4,7,1
1576,328..383,4,8 9 10 11 12 13 14 15,3 3 3 3 3 3 3 3
1576..1583,384..1023,4,12 13 14 15,3 3 3 3
1577,320..327,4,8 9 10 11 12 13 14 15,3 3 3 3 3 3 3 3
1577,328,4,0,1
1577,329,4,1,1
1577,330,4,2,1
1577,331,4,3,1
1577,332,4,4,1
1577,333,4,5,1
1577,334,4,6,1
1577,335,4,7,1
1577,336..383,4,8 9 10 11 12 13 14 15,3 3 3 3 3 3 3 3
1578,320..335,4,8 9 10 11 12 13 14 15,3 3 3 3 3 3 3 3
1578,336,4,0,1
1578,337,4,1,1
1578,338,4,2,1
1578,339,4,3,1
1578,340,4,4,1
1578,341,4,5,1
1578,342,4,6,1
1578,343,4,7,1
1578,344..383,4,8 9 10 11 12 13 14 15,3 3 3 3 3 3 3 3
1579,320..343,4,8 9 10 11 12 13 14 15,3 3 3 3 3 3 3 3
1579,344,4,0,1
1579,345,4,1,1
1579,346,4,2,1
1579,347,4,3,1
1579,348,4,4,1
1579,349,4,5,1
1579,350,4,6,1
1579,351,4,7,1
1579,352..383,4,8 9 10 11 12 13 14 15,3 3 3 3 3 3 3 3
1580,320..351,4,8 9 10 11 12 13 14 15,3 3 3 3 3 3 3 3
1580,352,4,0,1
1580,353,4,1,1
1580,354,4,2,1
1580,355,4,3,1
1580,356,4,4,1
1580,357,4,5,1
1580,358,4,6,1
1580,359,4,7,1
1580,360..383,4,8 9 10 11 12 13 14 15,3 3 3 3 3 3 3 3
1581,320..359,4,8 9 10 11 12 13 14 15,3 3 3 3 3 3 3 3
1581,360,4,0,1
1581,361,4,1,1
1581,362,4,2,1
1581,363,4,3,1
1581,364,4,4,1
1581,365,4,5,1
1581,366,4,6,1
1581,367,4,7,1
1581,368..383,4,8 9 10 11 12 13 14 15,3 3 3 3 3 3 3 3
1582,320..367,4,8 9 10 11 12 13 14 15,3 3 3 3 3 3 3 3
1582,368,4,0,1
1582,369,4,1,1
1582,370,4,2,1
1582,371,4,3,1
1582,372,4,4,1
1582,373,4,5,1
1582,374,4,6,1
1582,375,4,7,1
1582,376..383,4,8 9 10 11 12 13 14 15,3 3 3 3 3 3 3 3
1583,320..375,4,8 9 10 11 12 13 14 15,3 3 3 3 3 3 3 3
1583,376,4,0,1
1583,377,4,1,1
1583,378,4,2,1
1583,379,4,3,1
1583,380,4,4,1
1583,381,4,5,1
1583,382,4,6,1
1583,383,4,7,1
1584..1591,0..383,4,12 13 14 15,3 3 3 3
1584,384,4,0,1
1584,385,4,1,1
1584,386,4,2,1
1584,387,4,3,1
1584,388,4,4,1
1584,389,4,5,1
1584,390,4,6,1
1584,391,4,7,1
1584,392..447,4,8 9 10 11 12 13 14 15,3 3 3 3 3 3 3 3
1584..1591,448..1023,4,12 13 14 15,3 3 3 3
1585,384..391,4,8 9 10 11 12 13 14 15,3 3 3 3 3 3 3 3
1585,392,4,0,1
1585,393,4,1,1
1585,394,4,2,1
1585,395,4,3,1
1585,396,4,4,1
1585,397,4,5,1
1585,398,4,6,1
1585,399,4,7,1
1585,400..447,4,8 9 10 11 12 13 14 15,3 3 3 3 3 3 3 3
1586,384..399,4,8 9 10 11 12 13 14 15,3 3 3 3 3 3 3 3
1586,400,4,0,1
1586,401,4,1,1
1586,402,4,2,1
1586,403,4,3,1
1586,404,4,4,1
1586,405,4,5,1
1586,406,4,6,1
1586,407,4,7,1
1586,408..447,4,8 9 10 11 12 13 14 15,3 3 3 3 3 3 3 3
1587,384..407,4,8 9 10 11 12 13 14 15,3 3 3 3 3 3 3 3
1587,408,4,0,1
1587,409,4,1,1
1587,410,4,2,1
1587,411,4,3,1
1587,412,4,4,1
1587,413,4,5,1
1587,414,4,6,1
1587,415,4,7,1
1587,416..447,4,8 9 10 11 12 13 14 15,3 3 3 3 3 3 3 3
1588,384..415,4,8 9 10 11 12 13 14 15,3 3 3 3 3 3 3 3
1588,416,4,0,1
1588,417,4,1,1
1588,418,4,2,1
1588,419,4,3,1
1588,420,4,4,1
1588,421,4,5,1
1588,422,4,6,1
1588,423,4,7,1
1588,424..447,4,8 9 10 11 12 13 14 15,3 3 3 3 3 3 3 3
1589,384..423,4,8 9 10 11 12 13 14 15,3 3 3 3 3 3 3 3
1589,424,4,0,1
1589,425,4,1,1
1589,426,4,2,1
1589,427,4,3,1
1589,428,4,4,1
1589,429,4,5,1
1589,430,4,6,1
1589,431,4,7,1
1589,432..447,4,8 9 10 11 12 13 14 15,3 3 3 3 3 3 3 3
1590,384..431,4,8 9 10 11 12 13 14 15,3 3 3 3 3 3 3 3
1590,432,4,0,1
1590,433,4,1,1
1590,434,4,2,1
1590,435,4,3,1
1590,436,4,4,1
1590,437,4,5,1
1590,438,4,6,1
1590,439,4,7,1
1590,440..447,4,8 9 10 11 12 13 14 15,3 3 3 3 3 3 3 3
1591,384..439,4,8 9 10 11 12 13 14 15,3 3 3 3 3 3 3 3
1591,440,4,0,1
1591,441,4,1,1
1591,442,4,2,1
1591,443,4,3,1
1591,444,4,4,1
1591,445,4,5,1
1591,446,4,6,1
1591,447,4,7,1
1592..1599,0..447,4,12 13 14 15,3 3 3 3
1592,448,4,0,1
1592,449,4,1,1
1592,450,4,2,1
1592,451,4,3,1
1592,452,4,4,1
1592,453,4,5,1
1592,454,4,6,1
1592,455,4,7,1
1592,456..511,4,8 9 10 11 12 13 14 15,3 3 3 3 3 3 3 3
1592..1599,512..1023,4,12 13 14 15,3 3 3 3
1593,448..455,4,8 9 10 11 12 13 14 15,3 3 3 3 3 3 3 3
1593,456,4,0,1
1593,457,4,1,1
1593,458,4,2,1
1593,459,4,3,1
1593,460,4,4,1
1593,461,4,5,1
1593,462,4,6,1
1593,463,4,7,1
1593,464..511,4,8 9 10 11 12 13 14 15,3 3 3 3 3 3 3 3
1594,448..463,4,8 9 10 11 12 13 14 15,3 3 3 3 3 3 3 3
1594,464,4,0,1
1594,465,4,1,1
1594,466,4,2,1
1594,467,4,3,1
1594,468,4,4,1
1594,469,4,5,1
1594,470,4,6,1
1594,471,4,7,1
1594,472..511,4,8 9 10 11 12 13 14 15,3 3 3 3 3 3 3 3
1595,448..471,4,8 9 10 11 12 13 14 15,3 3 3 3 3 3 3 3
1595,472,4,0,1
1595,473,4,1,1
1595,474,4,2,1
1595,475,4,3,1
1595,476,4,4,1
1595,477,4,5,1
1595,478,4,6,1
1595,479,4,7,1
1595,480..511,4,8 9 10 11 12 13 14 15,3 3 3 3 3 3 3 3
1596,448..479,4,8 9 10 11 12 13 14 15,3 3 3 3 3 3 3 3
1596,480,4,0,1
1596,481,4,1,1
1596,482,4,2,1
1596,483,4,3,1
1596,484,4,4,1
1596,485,4,5,1
1596,486,4,6,1
1596,487,4,7,1
1596,488..511,4,8 9 10 11 12 13 14 15,3 3 3 3 3 3 3 3
1597,448..487,4,8 9 10 11 12 13 14 15,3 3 3 3 3 3 3 3
1597,488,4,0,1
1597,489,4,1,1
1597,490,4,2,1
1597,491,4,3,1
1597,492,4,4,1
1597,493,4,5,1
1597,494,4,6,1
1597,495,4,7,1
1597,496..511,4,8 9 10 11 12 13 14 15,3 3 3 3 3 3 3 3
1598,448..495,4,8 9 10 11 12 13 14 15,3 3 3 3 3 3 3 3
1598,496,4,0,1
1598,497,4,1,1
1598,498,4,2,1
1598,499,4,3,1
1598,500,4,4,1
1598,501,4,5,1
1598,502,4,6,1
1598,503,4,7,1
1598,504..511,4,8 9 10 11 12 13 14 15,3 3 3 3 3 3 3 3
1599,448..503,4,8 9 10 11 12 13 14 15,3 3 3 3 3 3 3 3
1599,504,4,0,1
1599,505,4,1,1
1599,506,4,2,1
1599,507,4,3,1
1599,508,4,4,1
1599,509,4,5,1
1599,510,4,6,1
1599,511,4,7,1
1600..1607,0..511,4,12 13 14 15,3 3 3 3
1600,512,4,0,1
1600,513,4,1,1
1600,514,4,2,1
1600,515,4,3,1
1600,516,4,4,1
1600,517,4,5,1
1600,518,4,6,1
1600,519,4,7,1
1600,520..575,4,8 9 10 11 12 13 14 15,3 3 3 3 3 3 3 3
1600..1607,576..1023,4,12 13 14 15,3 3 3 3
1601,512..519,4,8 9 10 11 12 13 14 15,3 3 3 3 3 3 3 3
1601,520,4,0,1
1601,521,4,1,1
1601,522,4,2,1
1601,523,4,3,1
1601,524,4,4,1
1601,525,4,5,1
1601,526,4,6,1
1601,527,4,7,1
1601,528..575,4,8 9 10 11 12 13 14 15,3 3 3 3 3 3 3 3
1602,512..527,4,8 9 10 11 12 13 14 15,3 3 3 3 3 3 3 3
1602,528,4,0,1
1602,529,4,1,1
1602,530,4,2,1
1602,531,4,3,1
1602,532,4,4,1
1602,533,4,5,1
1602,534,4,6,1
1602,535,4,7,1
1602,536..575,4,8 9 10 11 12 13 14 15,3 3 3 3 3 3 3 3
1603,512..535,4,8 9 10 11 12 13 14 15,3 3 3 3 3 3 3 3
1603,536,4,0,1
1603,537,4,1,1
1603,538,4,2,1
1603,539,4,3,1
1603,540,4,4,1
1603,541,4,5,1
1603,542,4,6,1
1603,543,4,7,1
1603,544..575,4,8 9 10 11 12 13 14 15,3 3 3 3 3 3 3 3
1604,512..543,4,8 9 10 11 12 13 14 15,3 3 3 3 3 3 3 3
1604,544,4,0,1
1604,545,4,1,1
1604,546,4,2,1
1604,547,4,3,1
1604,548,4,4,1
1604,549,4,5,1
1604,550,4,6,1
1604,551,4,7,1
1604,552..575,4,8 9 10 11 12 13 14 15,3 3 3 3 3 3 3 3
1605,512..551,4,8 9 10 11 12 13 14 15,3 3 3 3 3 3 3 3
1605,552,4,0,1
1605,553,4,1,1
1605,554,4,2,1
1605,555,4,3,1
1605,556,4,4,1
1605,557,4,5,1
1605,558,4,6,1
1605,559,4,7,1
1605,560..575,4,8 9 10 11 12 13 14 15,3 3 3 3 3 3 3 3
1606,512..559,4,8 9 10 11 12 13 14 15,3 3 3 3 3 3 3 3
1606,560,4,0,1
1606,561,4,1,1
1606,562,4,2,1
1606,563,4,3,1
1606,564,4,4,1
1606,565,4,5,1
1606,566,4,6,1
1606,567,4,7,1
1606,568..575,4,8 9 10 11 12 13 14 15,3 3 3 3 3 3 3 3
1607,512..567,4,8 9 10 11 12 13 14 15,3 3 3 3 3 3 3 3
1607,568,4,0,1
1607,569,4,1,1
1607,570,4,2,1
1607,571,4,3,1
1607,572,4,4,1
1607,573,4,5,1
1607,574,4,6,1
1607,575,4,7,1
1608..1615,0..575,4,12 13 14 15,3 3 3 3
1608,576,4,0,1
1608,577,4,1,1
1608,578,4,2,1
1608,579,4,3,1
1608,580,4,4,1
1608,581,4,5,1
1608,582,4,6,1
1608,583,4,7,1
1608,584..639,4,8 9 10 11 12 13 14 15,3 3 3 3 3 3 3 3
1608..1615,640..1023,4,12 13 14 15,3 3 3 3
1609,576..583,4,8 9 10 11 12 13 14 15,3 3 3 3 3 3 3 3
1609,584,4,0,1
1609,585,4,1,1
1609,586,4,2,1
1609,587,4,3,1
1609,588,4,4,1
1609,589,4,5,1
1609,590,4,6,1
1609,591,4,7,1
1609,592..639,4,8 9 10 11 12 13 14 15,3 3 3 3 3 3 3 3
1610,576..591,4,8 9 10 11 12 13 14 15,3 3 3 3 3 3 3 3
1610,592,4,0,1
1610,593,4,1,1
1610,594,4,2,1
1610,595,4,3,1
1610,596,4,4,1
1610,597,4,5,1
1610,598,4,6,1
1610,599,4,7,1
1610,600..639,4,8 9 10 11 12 13 14 15,3 3 3 3 3 3 3 3
1611,576..599,4,8 9 10 11 12 13 14 15,3 3 3 3 3 3 3 3
1611,600,4,0,1
1611,601,4,1,1
1611,602,4,2,1
1611,603,4,3,1
1611,604,4,4,1
1611,605,4,5,1
1611,606,4,6,1
1611,607,4,7,1
1611,608..639,4,8 9 10 11 12 13 14 15,3 3 3 3 3 3 3 3
1612,576..607,4,8 9 10 11 12 13 14 15,3 3 3 3 3 3 3 3
1612,608,4,0,1
1612,609,4,1,1
1612,610,4,2,1
1612,611,4,3,1
1612,612,4,4,1
1612,613,4,5,1
1612,614,4,6,1
1612,615,4,7,1
1612,616..639,4,8 9 10 11 12 13 14 15,3 3 3 3 3 3 3 3
1613,576..615,4,8 9 10 11 12 13 14 15,3 3 3 3 3 3 3 3
1613,616,4,0,1
1613,617,4,1,1
1613,618,4,2,1
1613,619,4,3,1
1613,620,4,4,1
1613,621,4,5,1
1613,622,4,6,1
1613,623,4,7,1
1613,624..639,4,8 9 10 11 12 13 14 15,3 3 3 3 3 3 3 3
1614,576..623,4,8 9 10 11 12 13 14 15,3 3 3 3 3 3 3 3
1614,624,4,0,1
1614,625,4,1,1
1614,626,4,2,1
1614,627,4,3,1
1614,628,4,4,1
1614,629,4,5,1
1614,630,4,6,1
1614,631,4,7,1
1614,632..639,4,8 9 10 11 12 13 14 15,3 3 3 3 3 3 3 3
1615,576..631,4,8 9 10 11 12 13 14 15,3 3 3 3 3 3 3 3
1615,632,4,0,1
1615,633,4,1,1
1615,634,4,2,1
1615,635,4,3,1
1615,636,4,4,1
1615,637,4,5,1
1615,638,4,6,1
1615,639,4,7,1
1616..1623,0..639,4,12 13 14 15,3 3 3 3
1616,640,4,0,1
1616,641,4,1,1
1616,642,4,2,1
1616,643,4,3,1
1616,644,4,4,1
1616,645,4,5,1
1616,646,4,6,1
1616,647,4,7,1
1616,648..703,4,8 9 10 11 12 13 14 15,3 3 3 3 3 3 3 3
1616..1623,704..1023,4,12 13 14 15,3 3 3 3
1617,640..647,4,8 9 10 11 12 13 14 15,3 3 3 3 3 3 3 3
1617,648,4,0,1
1617,649,4,1,1
1617,650,4,2,1
1617,651,4,3,1
1617,652,4,4,1
1617,653,4,5,1
1617,654,4,6,1
1617,655,4,7,1
1617,656..703,4,8 9 10 11 12 13 14 15,3 3 3 3 3 3 3 3
1618,640..655,4,8 9 10 11 12 13 14 15,3 3 3 3 3 3 3 3
1618,656,4,0,1
1618,657,4,1,1
1618,658,4,2,1
1618,659,4,3,1
1618,660,4,4,1
1618,661,4,5,1
1618,662,4,6,1
1618,663,4,7,1
1618,664..703,4,8 9 10 11 12 13 14 15,3 3 3 3 3 3 3 3
1619,640..663,4,8 9 10 11 12 13 14 15,3 3 3 3 3 3 3 3
1619,664,4,0,1
1619,665,4,1,1
1619,666,4,2,1
1619,667,4,3,1
1619,668,4,4,1
1619,669,4,5,1
1619,670,4,6,1
1619,671,4,7,1
1619,672..703,4,8 9 10 11 12 13 14 15,3 3 3 3 3 3 3 3
1620,640..671,4,8 9 10 11 12 13 14 15,3 3 3 3 3 3 3 3
1620,672,4,0,1
1620,673,4,1,1
1620,674,4,2,1
1620,675,4,3,1
1620,676,4,4,1
1620,677,4,5,1
1620,678,4,6,1
1620,679,4,7,1
1620,680..703,4,8 9 10 11 12 13 14 15,3 3 3 3 3 3 3 3
1621,640..679,4,8 9 10 11 12 13 14 15,3 3 3 3 3 3 3 3
1621,680,4,0,1
1621,681,4,1,1
1621,682,4,2,1
1621,683,4,3,1
1621,684,4,4,1
1621,685,4,5,1
1621,686,4,6,1
1621,687,4,7,1
1621,688..703,4,8 9 10 11 12 13 14 15,3 3 3 3 3 3 3 3
1622,640..687,4,8 9 10 11 12 13 14 15,3 3 3 3 3 3 3 3
1622,688,4,0,1
1622,689,4,1,1
1622,690,4,2,1
1622,691,4,3,1
1622,692,4,4,1
1622,693,4,5,1
1622,694,4,6,1
1622,695,4,7,1
1622,696..703,4,8 9 10 11 12 13 14 15,3 3 3 3 3 3 3 3
1623,640..695,4,8 9 10 11 12 13 14 15,3 3 3 3 3 3 3 3
1623,696,4,0,1
1623,697,4,1,1
1623,698,4,2,1
1623,699,4,3,1
1623,700,4,4,1
1623,701,4,5,1
1623,702,4,6,1
1623,703,4,7,1
1624..1631,0..703,4,12 13 14 15,3 3 3 3
1624,704,4,0,1
1624,705,4,1,1
1624,706,4,2,1
1624,707,4,3,1
1624,708,4,4,1
1624,709,4,5,1
1624,710,4,6,1
1624,711,4,7,1
1624,712..767,4,8 9 10 11 12 13 14 15,3 3 3 3 3 3 3 3
1624..1631,768..1023,4,12 13 14 15,3 3 3 3
1625,704..711,4,8 9 10 11 12 13 14 15,3 3 3 3 3 3 3 3
1625,712,4,0,1
1625,713,4,1,1
1625,714,4,2,1
1625,715,4,3,1
1625,716,4,4,1
1625,717,4,5,1
1625,718,4,6,1
1625,719,4,7,1
1625,720..767,4,8 9 10 11 12 13 14 15,3 3 3 3 3 3 3 3
1626,704..719,4,8 9 10 11 12 13 14 15,3 3 3 3 3 3 3 3
1626,720,4,0,1
1626,721,4,1,1
1626,722,4,2,1
1626,723,4,3,1
1626,724,4,4,1
1626,725,4,5,1
1626,726,4,6,1
1626,727,4,7,1
1626,728..767,4,8 9 10 11 12 13 14 15,3 3 3 3 3 3 3 3
1627,704..727,4,8 9 10 11 12 13 14 15,3 3 3 3 3 3 3 3
1627,728,4,0,1
1627,729,4,1,1
1627,730,4,2,1
1627,731,4,3,1
1627,732,4,4,1
1627,733,4,5,1
1627,734,4,6,1
1627,735,4,7,1
1627,736..767,4,8 9 10 11 12 13 14 15,3 3 3 3 3 3 3 3
1628,704..735,4,8 9 10 11 12 13 14 15,3 3 3 3 3 3 3 3
1628,736,4,0,1
1628,737,4,1,1
1628,738,4,2,1
1628,739,4,3,1
1628,740,4,4,1
1628,741,4,5,1
1628,742,4,6,1
1628,743,4,7,1
1628,744..767,4,8 9 10 11 12 13 14 15,3 3 3 3 3 3 3 3
1629,704..743,4,8 9 10 11 12 13 14 15,3 3 3 3 3 3 3 3
1629,744,4,0,1
1629,745,4,1,1
1629,746,4,2,1
1629,747,4,3,1
1629,748,4,4,1
1629,749,4,5,1
1629,750,4,6,1
1629,751,4,7,1
1629,752..767,4,8 9 10 11 12 13 14 15,3 3 3 3 3 3 3 3
1630,704..751,4,8 9 10 11 12 13 14 15,3 3 3 3 3 3 3 3
1630,752,4,0,1
1630,753,4,1,1
1630,754,4,2,1
1630,755,4,3,1
1630,756,4,4,1
1630,757,4,5,1
1630,758,4,6,1
1630,759,4,7,1
1630,760..767,4,8 9 10 11 12 13 14 15,3 3 3 3 3 3 3 3
1631,704..759,4,8 9 10 11 12 13 14 15,3 3 3 3 3 3 3 3
1631,760,4,0,1
1631,761,4,1,1
1631,762,4,2,1
1631,763,4,3,1
1631,764,4,4,1
1631,765,4,5,1
1631,766,4,6,1
1631,767,4,7,1
1632..1639,0..767,4,12 13 14 15,3 3 3 3
1632,768,4,0,1
1632,769,4,1,1
1632,770,4,2,1
1632,771,4,3,1
1632,772,4,4,1
1632,773,4,5,1
1632,774,4,6,1
1632,775,4,7,1
1632,776..831,4,8 9 10 11 12 13 14 15,3 3 3 3 3 3 3 3
1632..1639,832..1023,4,12 13 14 15,3 3 3 3
1633,768..775,4,8 9 10 11 12 13 14 15,3 3 3 3 3 3 3 3
1633,776,4,0,1
1633,777,4,1,1
1633,778,4,2,1
1633,779,4,3,1
1633,780,4,4,1
1633,781,4,5,1
1633,782,4,6,1
1633,783,4,7,1
1633,784..831,4,8 9 10 11 12 13 14 15,3 3 3 3 3 3 3 3
1634,768..783,4,8 9 10 11 12 13 14 15,3 3 3 3 3 3 3 3
1634,784,4,0,1
1634,785,4,1,1
1634,786,4,2,1
1634,787,4,3,1
1634,788,4,4,1
1634,789,4,5,1
1634,790,4,6,1
1634,791,4,7,1
1634,792..831,4,8 9 10 11 12 13 14 15,3 3 3 3 3 3 3 3
1635,768..791,4,8 9 10 11 12 13 14 15,3 3 3 3 3 3 3 3
1635,792,4,0,1
1635,793,4,1,1
1635,794,4,2,1
1635,795,4,3,1
1635,796,4,4,1
1635,797,4,5,1
1635,798,4,6,1
1635,799,4,7,1
1635,800..831,4,8 9 10 11 12 13 14 15,3 3 3 3 3 3 3 3
1636,768..799,4,8 9 10 11 12 13 14 15,3 3 3 3 3 3 3 3
1636,800,4,0,1
1636,801,4,1,1
1636,802,4,2,1
1636,803,4,3,1
1636,804,4,4,1
1636,805,4,5,1
1636,806,4,6,1
1636,807,4,7,1
1636,808..831,4,8 9 10 11 12 13 14 15,3 3 3 3 3 3 3 3
1637,768..807,4,8 9 10 11 12 13 14 15,3 3 3 3 3 3 3 3
1637,808,4,0,1
1637,809,4,1,1
1637,810,4,2,1
1637,811,4,3,1
1637,812,4,4,1
1637,813,4,5,1
1637,814,4,6,1
1637,815,4,7,1
1637,816..831,4,8 9 10 11 12 13 14 15,3 3 3 3 3 3 3 3
1638,768..815,4,8 9 10 11 12 13 14 15,3 3 3 3 3 3 3 3
1638,816,4,0,1
1638,817,4,1,1
1638,818,4,2,1
1638,819,4,3,1
1638,820,4,4,1
1638,821,4,5,1
1638,822,4,6,1
1638,823,4,7,1
1638,824..831,4,8 9 10 11 12 13 14 15,3 3 3 3 3 3 3 3
1639,768..823,4,8 9 10 11 12 13 14 15,3 3 3 3 3 3 3 3
1639,824,4,0,1
1639,825,4,1,1
1639,826,4,2,1
1639,827,4,3,1
1639,828,4,4,1
1639,829,4,5,1
1639,830,4,6,1
1639,831,4,7,1
1640..1647,0..831,4,12 13 14 15,3 3 3 3
1640,832,4,0,1
1640,833,4,1,1
1640,834,4,2,1
1640,835,4,3,1
1640,836,4,4,1
1640,837,4,5,1
1640,838,4,6,1
1640,839,4,7,1
1640,840..895,4,8 9 10 11 12 13 14 15,3 3 3 3 3 3 3 3
1640..1647,896..1023,4,12 13 14 15,3 3 3 3
1641,832..839,4,8 9 10 11 12 13 14 15,3 3 3 3 3 3 3 3
1641,840,4,0,1
1641,841,4,1,1
1641,842,4,2,1
1641,843,4,3,1
1641,844,4,4,1
1641,845,4,5,1
1641,846,4,6,1
1641,847,4,7,1
1641,848..895,4,8 9 10 11 12 13 14 15,3 3 3 3 3 3 3 3
1642,832..847,4,8 9 10 11 12 13 14 15,3 3 3 3 3 3 3 3
1642,848,4,0,1
1642,849,4,1,1
1642,850,4,2,1
1642,851,4,3,1
1642,852,4,4,1
1642,853,4,5,1
1642,854,4,6,1
1642,855,4,7,1
1642,856..895,4,8 9 10 11 12 13 14 15,3 3 3 3 3 3 3 3
1643,832..855,4,8 9 10 11 12 13 14 15,3 3 3 3 3 3 3 3
1643,856,4,0,1
1643,857,4,1,1
1643,858,4,2,1
1643,859,4,3,1
1643,860,4,4,1
1643,861,4,5,1
1643,862,4,6,1
1643,863,4,7,1
1643,864..895,4,8 9 10 11 12 13 14 15,3 3 3 3 3 3 3 3
1644,832..863,4,8 9 10 11 12 13 14 15,3 3 3 3 3 3 3 3
1644,864,4,0,1
1644,865,4,1,1
1644,866,4,2,1
1644,867,4,3,1
1644,868,4,4,1
1644,869,4,5,1
1644,870,4,6,1
1644,871,4,7,1
1644,872..895,4,8 9 10 11 12 13 14 15,3 3 3 3 3 3 3 3
1645,832..871,4,8 9 10 11 12 13 14 15,3 3 3 3 3 3 3 3
1645,872,4,0,1
1645,873,4,1,1
1645,874,4,2,1
1645,875,4,3,1
1645,876,4,4,1
1645,877,4,5,1
1645,878,4,6,1
1645,879,4,7,1
1645,880..895,4,8 9 10 11 12 13 14 15,3 3 3 3 3 3 3 3
1646,832..879,4,8 9 10 11 12 13 14 15,3 3 3 3 3 3 3 3
1646,880,4,0,1
1646,881,4,1,1
1646,882,4,2,1
1646,883,4,3,1
1646,884,4,4,1
1646,885,4,5,1
1646,886,4,6,1
1646,887,4,7,1
1646,888..895,4,8 9 10 11 12 13 14 15,3 3 3 3 3 3 3 3
1647,832..887,4,8 9 10 11 12 13 14 15,3 3 3 3 3 3 3 3
1647,888,4,0,1
1647,889,4,1,1
1647,890,4,2,1
1647,891,4,3,1
1647,892,4,4,1
1647,893,4,5,1
1647,894,4,6,1
1647,895,4,7,1
1648..1655,0..895,4,12 13 14 15,3 3 3 3
1648,896,4,0,1
1648,897,4,1,1
1648,898,4,2,1
1648,899,4,3,1
1648,900,4,4,1
1648,901,4,5,1
1648,902,4,6,1
1648,903,4,7,1
1648,904..959,4,8 9 10 11 12 13 14 15,3 3 3 3 3 3 3 3
1648..1655,960..1023,4,12 13 14 15,3 3 3 3
1649,896..903,4,8 9 10 11 12 13 14 15,3 3 3 3 3 3 3 3
1649,904,4,0,1
1649,905,4,1,1
1649,906,4,2,1
1649,907,4,3,1
1649,908,4,4,1
1649,909,4,5,1
1649,910,4,6,1
1649,911,4,7,1
1649,912..959,4,8 9 10 11 12 13 14 15,3 3 3 3 3 3 3 3
1650,896..911,4,8 9 10 11 12 13 14 15,3 3 3 3 3 3 3 3
1650,912,4,0,1
1650,913,4,1,1
1650,914,4,2,1
1650,915,4,3,1
1650,916,4,4,1
1650,917,4,5,1
1650,918,4,6,1
1650,919,4,7,1
1650,920..959,4,8 9 10 11 12 13 14 15,3 3 3 3 3 3 3 3
1651,896..919,4,8 9 10 11 12 13 14 15,3 3 3 3 3 3 3 3
1651,920,4,0,1
1651,921,4,1,1
1651,922,4,2,1
1651,923,4,3,1
1651,924,4,4,1
1651,925,4,5,1
1651,926,4,6,1
1651,927,4,7,1
1651,928..959,4,8 9 10 11 12 13 14 15,3 3 3 3 3 3 3 3
1652,896..927,4,8 9 10 11 12 13 14 15,3 3 3 3 3 3 3 3
1652,928,4,0,1
1652,929,4,1,1
1652,930,4,2,1
1652,931,4,3,1
1652,932,4,4,1
1652,933,4,5,1
1652,934,4,6,1
1652,935,4,7,1
1652,936..959,4,8 9 10 11 12 13 14 15,3 3 3 3 3 3 3 3
1653,896..935,4,8 9 10 11 12 13 14 15,3 3 3 3 3 3 3 3
1653,936,4,0,1
1653,937,4,1,1
1653,938,4,2,1
1653,939,4,3,1
1653,940,4,4,1
1653,941,4,5,1
1653,942,4,6,1
1653,943,4,7,1
1653,944..959,4,8 9 10 11 12 13 14 15,3 3 3 3 3 3 3 3
1654,896..943,4,8 9 10 11 12 13 14 15,3 3 3 3 3 3 3 3
1654,944,4,0,1
1654,945,4,1,1
1654,946,4,2,1
1654,947,4,3,1
1654,948,4,4,1
1654,949,4,5,1
1654,950,4,6,1
1654,951,4,7,1
1654,952..959,4,8 9 10 11 12 13 14 15,3 3 3 3 3 3 3 3
1655,896..951,4,8 9 10 11 12 13 14 15,3 3 3 3 3 3 3 3
1655,952,4,0,1
1655,953,4,1,1
1655,954,4,2,1
1655,955,4,3,1
1655,956,4,4,1
1655,957,4,5,1
1655,958,4,6,1
1655,959,4,7,1
1656..1663,0..959,4,12 13 14 15,3 3 3 3
1656,960,4,0,1
1656,961,4,1,1
1656,962,4,2,1
1656,963,4,3,1
1656,964,4,4,1
1656,965,4,5,1
1656,966,4,6,1
1656,967,4,7,1
1656,968..1023,4,8 9 10 11 12 13 14 15,3 3 3 3 3 3 3 3
1657,960..967,4,8 9 10 11 12 13 14 15,3 3 3 3 3 3 3 3
1657,968,4,0,1
1657,969,4,1,1
1657,970,4,2,1
1657,971,4,3,1
1657,972,4,4,1
1657,973,4,5,1
1657,974,4,6,1
1657,975,4,7,1
1657,976..1023,4,8 9 10 11 12 13 14 15,3 3 3 3 3 3 3 3
1658,960..975,4,8 9 10 11 12 13 14 15,3 3 3 3 3 3 3 3
1658,976,4,0,1
1658,977,4,1,1
1658,978,4,2,1
1658,979,4,3,1
1658,980,4,4,1
1658,981,4,5,1
1658,982,4,6,1
1658,983,4,7,1
1658,984..1023,4,8 9 10 11 12 13 14 15,3 3 3 3 3 3 3 3
1659,960..983,4,8 9 10 11 12 13 14 15,3 3 3 3 3 3 3 3
1659,984,4,0,1
1659,985,4,1,1
1659,986,4,2,1
1659,987,4,3,1
1659,988,4,4,1
1659,989,4,5,1
1659,990,4,6,1
1659,991,4,7,1
1659,992..1023,4,8 9 10 11 12 13 14 15,3 3 3 3 3 3 3 3
1660,960..991,4,8 9 10 11 12 13 14 15,3 3 3 3 3 3 3 3
1660,992,4,0,1
1660,993,4,1,1
1660,994,4,2,1
1660,995,4,3,1
1660,996,4,4,1
1660,997,4,5,1
1660,998,4,6,1
1660,999,4,7,1
1660,1000..1023,4,8 9 10 11 12 13 14 15,3 3 3 3 3 3 3 3
1661,960..999,4,8 9 10 11 12 13 14 15,3 3 3 3 3 3 3 3
1661,1000,4,0,1
1661,1001,4,1,1
1661,1002,4,2,1
1661,1003,4,3,1
1661,1004,4,4,1
1661,1005,4,5,1
1661,1006,4,6,1
1661,1007,4,7,1
1661,1008..1023,4,8 9 10 11 12 13 14 15,3 3 3 3 3 3 3 3
1662,960..1007,4,8 9 10 11 12 13 14 15,3 3 3 3 3 3 3 3
1662,1008,4,0,1
1662,1009,4,1,1
1662,1010,4,2,1
1662,1011,4,3,1
1662,1012,4,4,1
1662,1013,4,5,1
1662,1014,4,6,1
1662,1015,4,7,1
1662,1016..1023,4,8 9 10 11 12 13 14 15,3 3 3 3 3 3 3 3
1663,960..1015,4,8 9 10 11 12 13 14 15,3 3 3 3 3 3 3 3
1663,1016,4,0,1
1663,1017,4,1,1
1663,1018,4,2,1
1663,1019,4,3,1
1663,1020,4,4,1
1663,1021,4,5,1
1663,1022,4,6,1
1663,1023,4,7,1
1664,0,5,0,1
1664,1,5,1,1
1664,2,5,2,1
1664,3,5,3,1
1664,4,5,4,1
1664,5,5,5,1
1664,6,5,6,1
1664,7,5,7,1
1664,8..63,5,8 9 10 11 12 13 14 15,3 3 3 3 3 3 3 3
1664..1671,64..1023,5,12 13 14 15,3 3 3 3
1665,0..7,5,8 9 10 11 12 13 14 15,3 3 3 3 3 3 3 3
1665,8,5,0,1
1665,9,5,1,1
1665,10,5,2,1
1665,11,5,3,1
1665,12,5,4,1
1665,13,5,5,1
1665,14,5,6,1
1665,15,5,7,1
1665,16..63,5,8 9 10 11 12 13 14 15,3 3 3 3 3 3 3 3
1666,0..15,5,8 9 10 11 12 13 14 15,3 3 3 3 3 3 3 3
1666,16,5,0,1
1666,17,5,1,1
1666,18,5,2,1
1666,19,5,3,1
1666,20,5,4,1
1666,21,5,5,1
1666,22,5,6,1
1666,23,5,7,1
1666,24..63,5,8 9 10 11 12 13 14 15,3 3 3 3 3 3 3 3
1667,0..23,5,8 9 10 11 12 13 14 15,3 3 3 3 3 3 3 3
1667,24,5,0,1
1667,25,5,1,1
1667,26,5,2,1
1667,27,5,3,1
1667,28,5,4,1
1667,29,5,5,1
1667,30,5,6,1
1667,31,5,7,1
1667,32..63,5,8 9 10 11 12 13 14 15,3 3 3 3 3 3 3 3
1668,0..31,5,8 9 10 11 12 13 14 15,3 3 3 3 3 3 3 3
1668,32,5,0,1
1668,33,5,1,1
1668,34,5,2,1
1668,35,5,3,1
1668,36,5,4,1
1668,37,5,5,1
1668,38,5,6,1
1668,39,5,7,1
1668,40..63,5,8 9 10 11 12 13 14 15,3 3 3 3 3 3 3 3
1669,0..39,5,8 9 10 11 12 13 14 15,3 3 3 3 3 3 3 3
1669,40,5,0,1
1669,41,5,1,1
1669,42,5,2,1
1669,43,5,3,1
1669,44,5,4,1
1669,45,5,5,1
1669,46,5,6,1
1669,47,5,7,1
1669,48..63,5,8 9 10 11 12 13 14 15,3 3 3 3 3 3 3 3
1670,0..47,5,8 9 10 11 12 13 14 15,3 3 3 3 3 3 3 3
1670,48,5,0,1
1670,49,5,1,1
1670,50,5,2,1
1670,51,5,3,1
1670,52,5,4,1
1670,53,5,5,1
1670,54,5,6,1
1670,55,5,7,1
1670,56..63,5,8 9 10 11 12 13 14 15,3 3 3 3 3 3 3 3
1671,0..55,5,8 9 10 11 12 13 14 15,3 3 3 3 3 3 3 3
1671,56,5,0,1
1671,57,5,1,1
1671,58,5,2,1
1671,59,5,3,1
1671,60,5,4,1
1671,61,5,5,1
1671,62,5,6,1
1671,63,5,7,1
1672..1679,0..63,5,12 13 14 15,3 3 3 3
1672,64,5,0,1
1672,65,5,1,1
1672,66,5,2,1
1672,67,5,3,1
1672,68,5,4,1
1672,69,5,5,1
1672,70,5,6,1
1672,71,5,7,1
1672,72..127,5,8 9 10 11 12 13 14 15,3 3 3 3 3 3 3 3
1672..1679,128..1023,5,12 13 14 15,3 3 3 3
1673,64..71,5,8 9 10 11 12 13 14 15,3 3 3 3 3 3 3 3
1673,72,5,0,1
1673,73,5,1,1
1673,74,5,2,1
1673,75,5,3,1
1673,76,5,4,1
1673,77,5,5,1
1673,78,5,6,1
1673,79,5,7,1
1673,80..127,5,8 9 10 11 12 13 14 15,3 3 3 3 3 3 3 3
1674,64..79,5,8 9 10 11 12 13 14 15,3 3 3 3 3 3 3 3
1674,80,5,0,1
1674,81,5,1,1
1674,82,5,2,1
1674,83,5,3,1
1674,84,5,4,1
1674,85,5,5,1
1674,86,5,6,1
1674,87,5,7,1
1674,88..127,5,8 9 10 11 12 13 14 15,3 3 3 3 3 3 3 3
1675,64..87,5,8 9 10 11 12 13 14 15,3 3 3 3 3 3 3 3
1675,88,5,0,1
1675,89,5,1,1
1675,90,5,2,1
1675,91,5,3,1
1675,92,5,4,1
1675,93,5,5,1
1675,94,5,6,1
1675,95,5,7,1
1675,96..127,5,8 9 10 11 12 13 14 15,3 3 3 3 3 3 3 3
1676,64..95,5,8 9 10 11 12 13 14 15,3 3 3 3 3 3 3 3
1676,96,5,0,1
1676,97,5,1,1
1676,98,5,2,1
1676,99,5,3,1
1676,100,5,4,1
1676,101,5,5,1
1676,102,5,6,1
1676,103,5,7,1
1676,104..127,5,8 9 10 11 12 13 14 15,3 3 3 3 3 3 3 3
1677,64..103,5,8 9 10 11 12 13 14 15,3 3 3 3 3 3 3 3
1677,104,5,0,1
1677,105,5,1,1
1677,106,5,2,1
1677,107,5,3,1
1677,108,5,4,1
1677,109,5,5,1
1677,110,5,6,1
1677,111,5,7,1
1677,112..127,5,8 9 10 11 12 13 14 15,3 3 3 3 3 3 3 3
1678,64..111,5,8 9 10 11 12 13 14 15,3 3 3 3 3 3 3 3
1678,112,5,0,1
1678,113,5,1,1
1678,114,5,2,1
1678,115,5,3,1
1678,116,5,4,1
1678,117,5,5,1
1678,118,5,6,1
1678,119,5,7,1
1678,120..127,5,8 9 10 11 12 13 14 15,3 3 3 3 3 3 3 3
1679,64..119,5,8 9 10 11 12 13 14 15,3 3 3 3 3 3 3 3
1679,120,5,0,1
1679,121,5,1,1
1679,122,5,2,1
1679,123,5,3,1
1679,124,5,4,1
1679,125,5,5,1
1679,126,5,6,1
1679,127,5,7,1
1680..1687,0..127,5,12 13 14 15,3 3 3 3
1680,128,5,0,1
1680,129,5,1,1
1680,130,5,2,1
1680,131,5,3,1
1680,132,5,4,1
1680,133,5,5,1
1680,134,5,6,1
1680,135,5,7,1
1680,136..191,5,8 9 10 11 12 13 14 15,3 3 3 3 3 3 3 3
1680..1687,192..1023,5,12 13 14 15,3 3 3 3
1681,128..135,5,8 9 10 11 12 13 14 15,3 3 3 3 3 3 3 3
1681,136,5,0,1
1681,137,5,1,1
1681,138,5,2,1
1681,139,5,3,1
1681,140,5,4,1
1681,141,5,5,1
1681,142,5,6,1
1681,143,5,7,1
1681,144..191,5,8 9 10 11 12 13 14 15,3 3 3 3 3 3 3 3
1682,128..143,5,8 9 10 11 12 13 14 15,3 3 3 3 3 3 3 3
1682,144,5,0,1
1682,145,5,1,1
1682,146,5,2,1
1682,147,5,3,1
1682,148,5,4,1
1682,149,5,5,1
1682,150,5,6,1
1682,151,5,7,1
1682,152..191,5,8 9 10 11 12 13 14 15,3 3 3 3 3 3 3 3
1683,128..151,5,8 9 10 11 12 13 14 15,3 3 3 3 3 3 3 3
1683,152,5,0,1
1683,153,5,1,1
1683,154,5,2,1
1683,155,5,3,1
1683,156,5,4,1
1683,157,5,5,1
1683,158,5,6,1
1683,159,5,7,1
1683,160..191,5,8 9 10 11 12 13 14 15,3 3 3 3 3 3 3 3
1684,128..159,5,8 9 10 11 12 13 14 15,3 3 3 3 3 3 3 3
1684,160,5,0,1
1684,161,5,1,1
1684,162,5,2,1
1684,163,5,3,1
1684,164,5,4,1
1684,165,5,5,1
1684,166,5,6,1
1684,167,5,7,1
1684,168..191,5,8 9 10 11 12 13 14 15,3 3 3 3 3 3 3 3
1685,128..167,5,8 9 10 11 12 13 14 15,3 3 3 3 3 3 3 3
1685,168,5,0,1
1685,169,5,1,1
1685,170,5,2,1
1685,171,5,3,1
1685,172,5,4,1
1685,173,5,5,1
1685,174,5,6,1
1685,175,5,7,1
1685,176..191,5,8 9 10 11 12 13 14 15,3 3 3 3 3 3 3 3
1686,128..175,5,8 9 10 11 12 13 14 15,3 3 3 3 3 3 3 3
1686,176,5,0,1
1686,177,5,1,1
1686,178,5,2,1
1686,179,5,3,1
1686,180,5,4,1
1686,181,5,5,1
1686,182,5,6,1
1686,183,5,7,1
1686,184..191,5,8 9 10 11 12 13 14 15,3 3 3 3 3 3 3 3
1687,128..183,5,8 9 10 11 12 13 14 15,3 3 3 3 3 3 3 3
1687,184,5,0,1
1687,185,5,1,1
1687,186,5,2,1
1687,187,5,3,1
1687,188,5,4,1
1687,189,5,5,1
1687,190,5,6,1
1687,191,5,7,1
1688..1695,0..191,5,12 13 14 15,3 3 3 3
1688,192,5,0,1
1688,193,5,1,1
1688,194,5,2,1
1688,195,5,3,1
1688,196,5,4,1
1688,197,5,5,1
1688,198,5,6,1
1688,199,5,7,1
1688,200..255,5,8 9 10 11 12 13 14 15,3 3 3 3 3 3 3 3
1688..1695,256..1023,5,12 13 14 15,3 3 3 3
1689,192..199,5,8 9 10 11 12 13 14 15,3 3 3 3 3 3 3 3
1689,200,5,0,1
1689,201,5,1,1
1689,202,5,2,1
1689,203,5,3,1
1689,204,5,4,1
1689,205,5,5,1
1689,206,5,6,1
1689,207,5,7,1
1689,208..255,5,8 9 10 11 12 13 14 15,3 3 3 3 3 3 3 3
1690,192..207,5,8 9 10 11 12 13 14 15,3 3 3 3 3 3 3 3
1690,208,5,0,1
1690,209,5,1,1
1690,210,5,2,1
1690,211,5,3,1
1690,212,5,4,1
1690,213,5,5,1
1690,214,5,6,1
1690,215,5,7,1
1690,216..255,5,8 9 10 11 12 13 14 15,3 3 3 3 3 3 3 3
1691,192..215,5,8 9 10 11 12 13 14 15,3 3 3 3 3 3 3 3
1691,216,5,0,1
1691,217,5,1,1
1691,218,5,2,1
1691,219,5,3,1
1691,220,5,4,1
1691,221,5,5,1
1691,222,5,6,1
1691,223,5,7,1
1691,224..255,5,8 9 10 11 12 13 14 15,3 3 3 3 3 3 3 3
1692,192..223,5,8 9 10 11 12 13 14 15,3 3 3 3 3 3 3 3
1692,224,5,0,1
1692,225,5,1,1
1692,226,5,2,1
1692,227,5,3,1
1692,228,5,4,1
1692,229,5,5,1
1692,230,5,6,1
1692,231,5,7,1
1692,232..255,5,8 9 10 11 12 13 14 15,3 3 3 3 3 3 3 3
1693,192..231,5,8 9 10 11 12 13 14 15,3 3 3 3 3 3 3 3
1693,232,5,0,1
1693,233,5,1,1
1693,234,5,2,1
1693,235,5,3,1
1693,236,5,4,1
1693,237,5,5,1
1693,238,5,6,1
1693,239,5,7,1
1693,240..255,5,8 9 10 11 12 13 14 15,3 3 3 3 3 3 3 3
1694,192..239,5,8 9 10 11 12 13 14 15,3 3 3 3 3 3 3 3
1694,240,5,0,1
1694,241,5,1,1
1694,242,5,2,1
1694,243,5,3,1
1694,244,5,4,1
1694,245,5,5,1
1694,246,5,6,1
1694,247,5,7,1
1694,248..255,5,8 9 10 11 12 13 14 15,3 3 3 3 3 3 3 3
1695,192..247,5,8 9 10 11 12 13 14 15,3 3 3 3 3 3 3 3
1695,248,5,0,1
1695,249,5,1,1
1695,250,5,2,1
1695,251,5,3,1
1695,252,5,4,1
1695,253,5,5,1
1695,254,5,6,1
1695,255,5,7,1
1696..1703,0..255,5,12 13 14 15,3 3 3 3
1696,256,5,0,1
1696,257,5,1,1
1696,258,5,2,1
1696,259,5,3,1
1696,260,5,4,1
1696,261,5,5,1
1696,262,5,6,1
1696,263,5,7,1
1696,264..319,5,8 9 10 11 12 13 14 15,3 3 3 3 3 3 3 3
1696..1703,320..1023,5,12 13 14 15,3 3 3 3
1697,256..263,5,8 9 10 11 12 13 14 15,3 3 3 3 3 3 3 3
1697,264,5,0,1
1697,265,5,1,1
1697,266,5,2,1
1697,267,5,3,1
1697,268,5,4,1
1697,269,5,5,1
1697,270,5,6,1
1697,271,5,7,1
1697,272..319,5,8 9 10 11 12 13 14 15,3 3 3 3 3 3 3 3
1698,256..271,5,8 9 10 11 12 13 14 15,3 3 3 3 3 3 3 3
1698,272,5,0,1
1698,273,5,1,1
1698,274,5,2,1
1698,275,5,3,1
1698,276,5,4,1
1698,277,5,5,1
1698,278,5,6,1
1698,279,5,7,1
1698,280..319,5,8 9 10 11 12 13 14 15,3 3 3 3 3 3 3 3
1699,256..279,5,8 9 10 11 12 13 14 15,3 3 3 3 3 3 3 3
1699,280,5,0,1
1699,281,5,1,1
1699,282,5,2,1
1699,283,5,3,1
1699,284,5,4,1
1699,285,5,5,1
1699,286,5,6,1
1699,287,5,7,1
1699,288..319,5,8 9 10 11 12 13 14 15,3 3 3 3 3 3 3 3
1700,256..287,5,8 9 10 11 12 13 14 15,3 3 3 3 3 3 3 3
1700,288,5,0,1
1700,289,5,1,1
1700,290,5,2,1
1700,291,5,3,1
1700,292,5,4,1
1700,293,5,5,1
1700,294,5,6,1
1700,295,5,7,1
1700,296..319,5,8 9 10 11 12 13 14 15,3 3 3 3 3 3 3 3
1701,256..295,5,8 9 10 11 12 13 14 15,3 3 3 3 3 3 3 3
1701,296,5,0,1
1701,297,5,1,1
1701,298,5,2,1
1701,299,5,3,1
1701,300,5,4,1
1701,301,5,5,1
1701,302,5,6,1
1701,303,5,7,1
1701,304..319,5,8 9 10 11 12 13 14 15,3 3 3 3 3 3 3 3
1702,256..303,5,8 9 10 11 12 13 14 15,3 3 3 3 3 3 3 3
1702,304,5,0,1
1702,305,5,1,1
1702,306,5,2,1
1702,307,5,3,1
1702,308,5,4,1
1702,309,5,5,1
1702,310,5,6,1
1702,311,5,7,1
1702,312..319,5,8 9 10 11 12 13 14 15,3 3 3 3 3 3 3 3
1703,256..311,5,8 9 10 11 12 13 14 15,3 3 3 3 3 3 3 3
1703,312,5,0,1
1703,313,5,1,1
1703,314,5,2,1
1703,315,5,3,1
1703,316,5,4,1
1703,317,5,5,1
1703,318,5,6,1
1703,319,5,7,1
1704..1711,0..319,5,12 13 14 15,3 3 3 3
1704,320,5,0,1
1704,321,5,1,1
1704,322,5,2,1
1704,323,5,3,1
1704,324,5,4,1
1704,325,5,5,1
1704,326,5,6,1
1704,327,5,7,1
1704,328..383,5,8 9 10 11 12 13 14 15,3 3 3 3 3 3 3 3
1704..1711,384..1023,5,12 13 14 15,3 3 3 3
1705,320..327,5,8 9 10 11 12 13 14 15,3 3 3 3 3 3 3 3
1705,328,5,0,1
1705,329,5,1,1
1705,330,5,2,1
1705,331,5,3,1
1705,332,5,4,1
1705,333,5,5,1
1705,334,5,6,1
1705,335,5,7,1
1705,336..383,5,8 9 10 11 12 13 14 15,3 3 3 3 3 3 3 3
1706,320..335,5,8 9 10 11 12 13 14 15,3 3 3 3 3 3 3 3
1706,336,5,0,1
1706,337,5,1,1
1706,338,5,2,1
1706,339,5,3,1
1706,340,5,4,1
1706,341,5,5,1
1706,342,5,6,1
1706,343,5,7,1
1706,344..383,5,8 9 10 11 12 13 14 15,3 3 3 3 3 3 3 3
1707,320..343,5,8 9 10 11 12 13 14 15,3 3 3 3 3 3 3 3
1707,344,5,0,1
1707,345,5,1,1
1707,346,5,2,1
1707,347,5,3,1
1707,348,5,4,1
1707,349,5,5,1
1707,350,5,6,1
1707,351,5,7,1
1707,352..383,5,8 9 10 11 12 13 14 15,3 3 3 3 3 3 3 3
1708,320..351,5,8 9 10 11 12 13 14 15,3 3 3 3 3 3 3 3
1708,352,5,0,1
1708,353,5,1,1
1708,354,5,2,1
1708,355,5,3,1
1708,356,5,4,1
1708,357,5,5,1
1708,358,5,6,1
1708,359,5,7,1
1708,360..383,5,8 9 10 11 12 13 14 15,3 3 3 3 3 3 3 3
1709,320..359,5,8 9 10 11 12 13 14 15,3 3 3 3 3 3 3 3
1709,360,5,0,1
1709,361,5,1,1
1709,362,5,2,1
1709,363,5,3,1
1709,364,5,4,1
1709,365,5,5,1
1709,366,5,6,1
1709,367,5,7,1
1709,368..383,5,8 9 10 11 12 13 14 15,3 3 3 3 3 3 3 3
1710,320..367,5,8 9 10 11 12 13 14 15,3 3 3 3 3 3 3 3
1710,368,5,0,1
1710,369,5,1,1
1710,370,5,2,1
1710,371,5,3,1
1710,372,5,4,1
1710,373,5,5,1
1710,374,5,6,1
1710,375,5,7,1
1710,376..383,5,8 9 10 11 12 13 14 15,3 3 3 3 3 3 3 3
1711,320..375,5,8 9 10 11 12 13 14 15,3 3 3 3 3 3 3 3
1711,376,5,0,1
1711,377,5,1,1
1711,378,5,2,1
1711,379,5,3,1
1711,380,5,4,1
1711,381,5,5,1
1711,382,5,6,1
1711,383,5,7,1
1712..1719,0..383,5,12 13 14 15,3 3 3 3
1712,384,5,0,1
1712,385,5,1,1
1712,386,5,2,1
1712,387,5,3,1
1712,388,5,4,1
1712,389,5,5,1
1712,390,5,6,1
1712,391,5,7,1
1712,392..447,5,8 9 10 11 12 13 14 15,3 3 3 3 3 3 3 3
1712..1719,448..1023,5,12 13 14 15,3 3 3 3
1713,384..391,5,8 9 10 11 12 13 14 15,3 3 3 3 3 3 3 3
1713,392,5,0,1
1713,393,5,1,1
1713,394,5,2,1
1713,395,5,3,1
1713,396,5,4,1
1713,397,5,5,1
1713,398,5,6,1
1713,399,5,7,1
1713,400..447,5,8 9 10 11 12 13 14 15,3 3 3 3 3 3 3 3
1714,384..399,5,8 9 10 11 12 13 14 15,3 3 3 3 3 3 3 3
1714,400,5,0,1
1714,401,5,1,1
1714,402,5,2,1
1714,403,5,3,1
1714,404,5,4,1
1714,405,5,5,1
1714,406,5,6,1
1714,407,5,7,1
1714,408..447,5,8 9 10 11 12 13 14 15,3 3 3 3 3 3 3 3
1715,384..407,5,8 9 10 11 12 13 14 15,3 3 3 3 3 3 3 3
1715,408,5,0,1
1715,409,5,1,1
1715,410,5,2,1
1715,411,5,3,1
1715,412,5,4,1
1715,413,5,5,1
1715,414,5,6,1
1715,415,5,7,1
1715,416..447,5,8 9 10 11 12 13 14 15,3 3 3 3 3 3 3 3
1716,384..415,5,8 9 10 11 12 13 14 15,3 3 3 3 3 3 3 3
1716,416,5,0,1
1716,417,5,1,1
1716,418,5,2,1
1716,419,5,3,1
1716,420,5,4,1
1716,421,5,5,1
1716,422,5,6,1
1716,423,5,7,1
1716,424..447,5,8 9 10 11 12 13 14 15,3 3 3 3 3 3 3 3
1717,384..423,5,8 9 10 11 12 13 14 15,3 3 3 3 3 3 3 3
1717,424,5,0,1
1717,425,5,1,1
1717,426,5,2,1
1717,427,5,3,1
1717,428,5,4,1
1717,429,5,5,1
1717,430,5,6,1
1717,431,5,7,1
1717,432..447,5,8 9 10 11 12 13 14 15,3 3 3 3 3 3 3 3
1718,384..431,5,8 9 10 11 12 13 14 15,3 3 3 3 3 3 3 3
1718,432,5,0,1
1718,433,5,1,1
1718,434,5,2,1
1718,435,5,3,1
1718,436,5,4,1
1718,437,5,5,1
1718,438,5,6,1
1718,439,5,7,1
1718,440..447,5,8 9 10 11 12 13 14 15,3 3 3 3 3 3 3 3
1719,384..439,5,8 9 10 11 12 13 14 15,3 3 3 3 3 3 3 3
1719,440,5,0,1
1719,441,5,1,1
1719,442,5,2,1
1719,443,5,3,1
1719,444,5,4,1
1719,445,5,5,1
1719,446,5,6,1
1719,447,5,7,1
1720..1727,0..447,5,12 13 14 15,3 3 3 3
1720,448,5,0,1
1720,449,5,1,1
1720,450,5,2,1
1720,451,5,3,1
1720,452,5,4,1
1720,453,5,5,1
1720,454,5,6,1
1720,455,5,7,1
1720,456..511,5,8 9 10 11 12 13 14 15,3 3 3 3 3 3 3 3
1720..1727,512..1023,5,12 13 14 15,3 3 3 3
1721,448..455,5,8 9 10 11 12 13 14 15,3 3 3 3 3 3 3 3
1721,456,5,0,1
1721,457,5,1,1
1721,458,5,2,1
1721,459,5,3,1
1721,460,5,4,1
1721,461,5,5,1
1721,462,5,6,1
1721,463,5,7,1
1721,464..511,5,8 9 10 11 12 13 14 15,3 3 3 3 3 3 3 3
1722,448..463,5,8 9 10 11 12 13 14 15,3 3 3 3 3 3 3 3
1722,464,5,0,1
1722,465,5,1,1
1722,466,5,2,1
1722,467,5,3,1
1722,468,5,4,1
1722,469,5,5,1
1722,470,5,6,1
1722,471,5,7,1
1722,472..511,5,8 9 10 11 12 13 14 15,3 3 3 3 3 3 3 3
1723,448..471,5,8 9 10 11 12 13 14 15,3 3 3 3 3 3 3 3
1723,472,5,0,1
1723,473,5,1,1
1723,474,5,2,1
1723,475,5,3,1
1723,476,5,4,1
1723,477,5,5,1
1723,478,5,6,1
1723,479,5,7,1
1723,480..511,5,8 9 10 11 12 13 14 15,3 3 3 3 3 3 3 3
1724,448..479,5,8 9 10 11 12 13 14 15,3 3 3 3 3 3 3 3
1724,480,5,0,1
1724,481,5,1,1
1724,482,5,2,1
1724,483,5,3,1
1724,484,5,4,1
1724,485,5,5,1
1724,486,5,6,1
1724,487,5,7,1
1724,488..511,5,8 9 10 11 12 13 14 15,3 3 3 3 3 3 3 3
1725,448..487,5,8 9 10 11 12 13 14 15,3 3 3 3 3 3 3 3
1725,488,5,0,1
1725,489,5,1,1
1725,490,5,2,1
1725,491,5,3,1
1725,492,5,4,1
1725,493,5,5,1
1725,494,5,6,1
1725,495,5,7,1
1725,496..511,5,8 9 10 11 12 13 14 15,3 3 3 3 3 3 3 3
1726,448..495,5,8 9 10 11 12 13 14 15,3 3 3 3 3 3 3 3
1726,496,5,0,1
1726,497,5,1,1
1726,498,5,2,1
1726,499,5,3,1
1726,500,5,4,1
1726,501,5,5,1
1726,502,5,6,1
1726,503,5,7,1
1726,504..511,5,8 9 10 11 12 13 14 15,3 3 3 3 3 3 3 3
1727,448..503,5,8 9 10 11 12 13 14 15,3 3 3 3 3 3 3 3
1727,504,5,0,1
1727,505,5,1,1
1727,506,5,2,1
1727,507,5,3,1
1727,508,5,4,1
1727,509,5,5,1
1727,510,5,6,1
1727,511,5,7,1
1728..1735,0..511,5,12 13 14 15,3 3 3 3
1728,512,5,0,1
1728,513,5,1,1
1728,514,5,2,1
1728,515,5,3,1
1728,516,5,4,1
1728,517,5,5,1
1728,518,5,6,1
1728,519,5,7,1
1728,520..575,5,8 9 10 11 12 13 14 15,3 3 3 3 3 3 3 3
1728..1735,576..1023,5,12 13 14 15,3 3 3 3
1729,512..519,5,8 9 10 11 12 13 14 15,3 3 3 3 3 3 3 3
1729,520,5,0,1
1729,521,5,1,1
1729,522,5,2,1
1729,523,5,3,1
1729,524,5,4,1
1729,525,5,5,1
1729,526,5,6,1
1729,527,5,7,1
1729,528..575,5,8 9 10 11 12 13 14 15,3 3 3 3 3 3 3 3
1730,512..527,5,8 9 10 11 12 13 14 15,3 3 3 3 3 3 3 3
1730,528,5,0,1
1730,529,5,1,1
1730,530,5,2,1
1730,531,5,3,1
1730,532,5,4,1
1730,533,5,5,1
1730,534,5,6,1
1730,535,5,7,1
1730,536..575,5,8 9 10 11 12 13 14 15,3 3 3 3 3 3 3 3
1731,512..535,5,8 9 10 11 12 13 14 15,3 3 3 3 3 3 3 3
1731,536,5,0,1
1731,537,5,1,1
1731,538,5,2,1
1731,539,5,3,1
1731,540,5,4,1
1731,541,5,5,1
1731,542,5,6,1
1731,543,5,7,1
1731,544..575,5,8 9 10 11 12 13 14 15,3 3 3 3 3 3 3 3
1732,512..543,5,8 9 10 11 12 13 14 15,3 3 3 3 3 3 3 3
1732,544,5,0,1
1732,545,5,1,1
1732,546,5,2,1
1732,547,5,3,1
1732,548,5,4,1
1732,549,5,5,1
1732,550,5,6,1
1732,551,5,7,1
1732,552..575,5,8 9 10 11 12 13 14 15,3 3 3 3 3 3 3 3
1733,512..551,5,8 9 10 11 12 13 14 15,3 3 3 3 3 3 3 3
1733,552,5,0,1
1733,553,5,1,1
1733,554,5,2,1
1733,555,5,3,1
1733,556,5,4,1
1733,557,5,5,1
1733,558,5,6,1
1733,559,5,7,1
1733,560..575,5,8 9 10 11 12 13 14 15,3 3 3 3 3 3 3 3
1734,512..559,5,8 9 10 11 12 13 14 15,3 3 3 3 3 3 3 3
1734,560,5,0,1
1734,561,5,1,1
1734,562,5,2,1
1734,563,5,3,1
1734,564,5,4,1
1734,565,5,5,1
1734,566,5,6,1
1734,567,5,7,1
1734,568..575,5,8 9 10 11 12 13 14 15,3 3 3 3 3 3 3 3
1735,512..567,5,8 9 10 11 12 13 14 15,3 3 3 3 3 3 3 3
1735,568,5,0,1
1735,569,5,1,1
1735,570,5,2,1
1735,571,5,3,1
1735,572,5,4,1
1735,573,5,5,1
1735,574,5,6,1
1735,575,5,7,1
1736..1743,0..575,5,12 13 14 15,3 3 3 3
1736,576,5,0,1
1736,577,5,1,1
1736,578,5,2,1
1736,579,5,3,1
1736,580,5,4,1
1736,581,5,5,1
1736,582,5,6,1
1736,583,5,7,1
1736,584..639,5,8 9 10 11 12 13 14 15,3 3 3 3 3 3 3 3
1736..1743,640..1023,5,12 13 14 15,3 3 3 3
1737,576..583,5,8 9 10 11 12 13 14 15,3 3 3 3 3 3 3 3
1737,584,5,0,1
1737,585,5,1,1
1737,586,5,2,1
1737,587,5,3,1
1737,588,5,4,1
1737,589,5,5,1
1737,590,5,6,1
1737,591,5,7,1
1737,592..639,5,8 9 10 11 12 13 14 15,3 3 3 3 3 3 3 3
1738,576..591,5,8 9 10 11 12 13 14 15,3 3 3 3 3 3 3 3
1738,592,5,0,1
1738,593,5,1,1
1738,594,5,2,1
1738,595,5,3,1
1738,596,5,4,1
1738,597,5,5,1
1738,598,5,6,1
1738,599,5,7,1
1738,600..639,5,8 9 10 11 12 13 14 15,3 3 3 3 3 3 3 3
1739,576..599,5,8 9 10 11 12 13 14 15,3 3 3 3 3 3 3 3
1739,600,5,0,1
1739,601,5,1,1
1739,602,5,2,1
1739,603,5,3,1
1739,604,5,4,1
1739,605,5,5,1
1739,606,5,6,1
1739,607,5,7,1
1739,608..639,5,8 9 10 11 12 13 14 15,3 3 3 3 3 3 3 3
1740,576..607,5,8 9 10 11 12 13 14 15,3 3 3 3 3 3 3 3
1740,608,5,0,1
1740,609,5,1,1
1740,610,5,2,1
1740,611,5,3,1
1740,612,5,4,1
1740,613,5,5,1
1740,614,5,6,1
1740,615,5,7,1
1740,616..639,5,8 9 10 11 12 13 14 15,3 3 3 3 3 3 3 3
1741,576..615,5,8 9 10 11 12 13 14 15,3 3 3 3 3 3 3 3
1741,616,5,0,1
1741,617,5,1,1
1741,618,5,2,1
1741,619,5,3,1
1741,620,5,4,1
1741,621,5,5,1
1741,622,5,6,1
1741,623,5,7,1
1741,624..639,5,8 9 10 11 12 13 14 15,3 3 3 3 3 3 3 3
1742,576..623,5,8 9 10 11 12 13 14 15,3 3 3 3 3 3 3 3
1742,624,5,0,1
1742,625,5,1,1
1742,626,5,2,1
1742,627,5,3,1
1742,628,5,4,1
1742,629,5,5,1
1742,630,5,6,1
1742,631,5,7,1
1742,632..639,5,8 9 10 11 12 13 14 15,3 3 3 3 3 3 3 3
1743,576..631,5,8 9 10 11 12 13 14 15,3 3 3 3 3 3 3 3
1743,632,5,0,1
1743,633,5,1,1
1743,634,5,2,1
1743,635,5,3,1
1743,636,5,4,1
1743,637,5,5,1
1743,638,5,6,1
1743,639,5,7,1
1744..1751,0..639,5,12 13 14 15,3 3 3 3
1744,640,5,0,1
1744,641,5,1,1
1744,642,5,2,1
1744,643,5,3,1
1744,644,5,4,1
1744,645,5,5,1
1744,646,5,6,1
1744,647,5,7,1
1744,648..703,5,8 9 10 11 12 13 14 15,3 3 3 3 3 3 3 3
1744..1751,704..1023,5,12 13 14 15,3 3 3 3
1745,640..647,5,8 9 10 11 12 13 14 15,3 3 3 3 3 3 3 3
1745,648,5,0,1
1745,649,5,1,1
1745,650,5,2,1
1745,651,5,3,1
1745,652,5,4,1
1745,653,5,5,1
1745,654,5,6,1
1745,655,5,7,1
1745,656..703,5,8 9 10 11 12 13 14 15,3 3 3 3 3 3 3 3
1746,640..655,5,8 9 10 11 12 13 14 15,3 3 3 3 3 3 3 3
1746,656,5,0,1
1746,657,5,1,1
1746,658,5,2,1
1746,659,5,3,1
1746,660,5,4,1
1746,661,5,5,1
1746,662,5,6,1
1746,663,5,7,1
1746,664..703,5,8 9 10 11 12 13 14 15,3 3 3 3 3 3 3 3
1747,640..663,5,8 9 10 11 12 13 14 15,3 3 3 3 3 3 3 3
1747,664,5,0,1
1747,665,5,1,1
1747,666,5,2,1
1747,667,5,3,1
1747,668,5,4,1
1747,669,5,5,1
1747,670,5,6,1
1747,671,5,7,1
1747,672..703,5,8 9 10 11 12 13 14 15,3 3 3 3 3 3 3 3
1748,640..671,5,8 9 10 11 12 13 14 15,3 3 3 3 3 3 3 3
1748,672,5,0,1
1748,673,5,1,1
1748,674,5,2,1
1748,675,5,3,1
1748,676,5,4,1
1748,677,5,5,1
1748,678,5,6,1
1748,679,5,7,1
1748,680..703,5,8 9 10 11 12 13 14 15,3 3 3 3 3 3 3 3
1749,640..679,5,8 9 10 11 12 13 14 15,3 3 3 3 3 3 3 3
1749,680,5,0,1
1749,681,5,1,1
1749,682,5,2,1
1749,683,5,3,1
1749,684,5,4,1
1749,685,5,5,1
1749,686,5,6,1
1749,687,5,7,1
1749,688..703,5,8 9 10 11 12 13 14 15,3 3 3 3 3 3 3 3
1750,640..687,5,8 9 10 11 12 13 14 15,3 3 3 3 3 3 3 3
1750,688,5,0,1
1750,689,5,1,1
1750,690,5,2,1
1750,691,5,3,1
1750,692,5,4,1
1750,693,5,5,1
1750,694,5,6,1
1750,695,5,7,1
1750,696..703,5,8 9 10 11 12 13 14 15,3 3 3 3 3 3 3 3
1751,640..695,5,8 9 10 11 12 13 14 15,3 3 3 3 3 3 3 3
1751,696,5,0,1
1751,697,5,1,1
1751,698,5,2,1
1751,699,5,3,1
1751,700,5,4,1
1751,701,5,5,1
1751,702,5,6,1
1751,703,5,7,1
1752..1759,0..703,5,12 13 14 15,3 3 3 3
1752,704,5,0,1
1752,705,5,1,1
1752,706,5,2,1
1752,707,5,3,1
1752,708,5,4,1
1752,709,5,5,1
1752,710,5,6,1
1752,711,5,7,1
1752,712..767,5,8 9 10 11 12 13 14 15,3 3 3 3 3 3 3 3
1752..1759,768..1023,5,12 13 14 15,3 3 3 3
1753,704..711,5,8 9 10 11 12 13 14 15,3 3 3 3 3 3 3 3
1753,712,5,0,1
1753,713,5,1,1
1753,714,5,2,1
1753,715,5,3,1
1753,716,5,4,1
1753,717,5,5,1
1753,718,5,6,1
1753,719,5,7,1
1753,720..767,5,8 9 10 11 12 13 14 15,3 3 3 3 3 3 3 3
1754,704..719,5,8 9 10 11 12 13 14 15,3 3 3 3 3 3 3 3
1754,720,5,0,1
1754,721,5,1,1
1754,722,5,2,1
1754,723,5,3,1
1754,724,5,4,1
1754,725,5,5,1
1754,726,5,6,1
1754,727,5,7,1
1754,728..767,5,8 9 10 11 12 13 14 15,3 3 3 3 3 3 3 3
1755,704..727,5,8 9 10 11 12 13 14 15,3 3 3 3 3 3 3 3
1755,728,5,0,1
1755,729,5,1,1
1755,730,5,2,1
1755,731,5,3,1
1755,732,5,4,1
1755,733,5,5,1
1755,734,5,6,1
1755,735,5,7,1
1755,736..767,5,8 9 10 11 12 13 14 15,3 3 3 3 3 3 3 3
1756,704..735,5,8 9 10 11 12 13 14 15,3 3 3 3 3 3 3 3
1756,736,5,0,1
1756,737,5,1,1
1756,738,5,2,1
1756,739,5,3,1
1756,740,5,4,1
1756,741,5,5,1
1756,742,5,6,1
1756,743,5,7,1
1756,744..767,5,8 9 10 11 12 13 14 15,3 3 3 3 3 3 3 3
1757,704..743,5,8 9 10 11 12 13 14 15,3 3 3 3 3 3 3 3
1757,744,5,0,1
1757,745,5,1,1
1757,746,5,2,1
1757,747,5,3,1
1757,748,5,4,1
1757,749,5,5,1
1757,750,5,6,1
1757,751,5,7,1
1757,752..767,5,8 9 10 11 12 13 14 15,3 3 3 3 3 3 3 3
1758,704..751,5,8 9 10 11 12 13 14 15,3 3 3 3 3 3 3 3
1758,752,5,0,1
1758,753,5,1,1
1758,754,5,2,1
1758,755,5,3,1
1758,756,5,4,1
1758,757,5,5,1
1758,758,5,6,1
1758,759,5,7,1
1758,760..767,5,8 9 10 11 12 13 14 15,3 3 3 3 3 3 3 3
1759,704..759,5,8 9 10 11 12 13 14 15,3 3 3 3 3 3 3 3
1759,760,5,0,1
1759,761,5,1,1
1759,762,5,2,1
1759,763,5,3,1
1759,764,5,4,1
1759,765,5,5,1
1759,766,5,6,1
1759,767,5,7,1
1760..1767,0..767,5,12 13 14 15,3 3 3 3
1760,768,5,0,1
1760,769,5,1,1
1760,770,5,2,1
1760,771,5,3,1
1760,772,5,4,1
1760,773,5,5,1
1760,774,5,6,1
1760,775,5,7,1
1760,776..831,5,8 9 10 11 12 13 14 15,3 3 3 3 3 3 3 3
1760..1767,832..1023,5,12 13 14 15,3 3 3 3
1761,768..775,5,8 9 10 11 12 13 14 15,3 3 3 3 3 3 3 3
1761,776,5,0,1
1761,777,5,1,1
1761,778,5,2,1
1761,779,5,3,1
1761,780,5,4,1
1761,781,5,5,1
1761,782,5,6,1
1761,783,5,7,1
1761,784..831,5,8 9 10 11 12 13 14 15,3 3 3 3 3 3 3 3
1762,768..783,5,8 9 10 11 12 13 14 15,3 3 3 3 3 3 3 3
1762,784,5,0,1
1762,785,5,1,1
1762,786,5,2,1
1762,787,5,3,1
1762,788,5,4,1
1762,789,5,5,1
1762,790,5,6,1
1762,791,5,7,1
1762,792..831,5,8 9 10 11 12 13 14 15,3 3 3 3 3 3 3 3
1763,768..791,5,8 9 10 11 12 13 14 15,3 3 3 3 3 3 3 3
1763,792,5,0,1
1763,793,5,1,1
1763,794,5,2,1
1763,795,5,3,1
1763,796,5,4,1
1763,797,5,5,1
1763,798,5,6,1
1763,799,5,7,1
1763,800..831,5,8 9 10 11 12 13 14 15,3 3 3 3 3 3 3 3
1764,768..799,5,8 9 10 11 12 13 14 15,3 3 3 3 3 3 3 3
1764,800,5,0,1
1764,801,5,1,1
1764,802,5,2,1
1764,803,5,3,1
1764,804,5,4,1
1764,805,5,5,1
1764,806,5,6,1
1764,807,5,7,1
1764,808..831,5,8 9 10 11 12 13 14 15,3 3 3 3 3 3 3 3
1765,768..807,5,8 9 10 11 12 13 14 15,3 3 3 3 3 3 3 3
1765,808,5,0,1
1765,809,5,1,1
1765,810,5,2,1
1765,811,5,3,1
1765,812,5,4,1
1765,813,5,5,1
1765,814,5,6,1
1765,815,5,7,1
1765,816..831,5,8 9 10 11 12 13 14 15,3 3 3 3 3 3 3 3
1766,768..815,5,8 9 10 11 12 13 14 15,3 3 3 3 3 3 3 3
1766,816,5,0,1
1766,817,5,1,1
1766,818,5,2,1
1766,819,5,3,1
1766,820,5,4,1
1766,821,5,5,1
1766,822,5,6,1
1766,823,5,7,1
1766,824..831,5,8 9 10 11 12 13 14 15,3 3 3 3 3 3 3 3
1767,768..823,5,8 9 10 11 12 13 14 15,3 3 3 3 3 3 3 3
1767,824,5,0,1
1767,825,5,1,1
1767,826,5,2,1
1767,827,5,3,1
1767,828,5,4,1
1767,829,5,5,1
1767,830,5,6,1
1767,831,5,7,1
1768..1775,0..831,5,12 13 14 15,3 3 3 3
1768,832,5,0,1
1768,833,5,1,1
1768,834,5,2,1
1768,835,5,3,1
1768,836,5,4,1
1768,837,5,5,1
1768,838,5,6,1
1768,839,5,7,1
1768,840..895,5,8 9 10 11 12 13 14 15,3 3 3 3 3 3 3 3
1768..1775,896..1023,5,12 13 14 15,3 3 3 3
1769,832..839,5,8 9 10 11 12 13 14 15,3 3 3 3 3 3 3 3
1769,840,5,0,1
1769,841,5,1,1
1769,842,5,2,1
1769,843,5,3,1
1769,844,5,4,1
1769,845,5,5,1
1769,846,5,6,1
1769,847,5,7,1
1769,848..895,5,8 9 10 11 12 13 14 15,3 3 3 3 3 3 3 3
1770,832..847,5,8 9 10 11 12 13 14 15,3 3 3 3 3 3 3 3
1770,848,5,0,1
1770,849,5,1,1
1770,850,5,2,1
1770,851,5,3,1
1770,852,5,4,1
1770,853,5,5,1
1770,854,5,6,1
1770,855,5,7,1
1770,856..895,5,8 9 10 11 12 13 14 15,3 3 3 3 3 3 3 3
1771,832..855,5,8 9 10 11 12 13 14 15,3 3 3 3 3 3 3 3
1771,856,5,0,1
1771,857,5,1,1
1771,858,5,2,1
1771,859,5,3,1
1771,860,5,4,1
1771,861,5,5,1
1771,862,5,6,1
1771,863,5,7,1
1771,864..895,5,8 9 10 11 12 13 14 15,3 3 3 3 3 3 3 3
1772,832..863,5,8 9 10 11 12 13 14 15,3 3 3 3 3 3 3 3
1772,864,5,0,1
1772,865,5,1,1
1772,866,5,2,1
1772,867,5,3,1
1772,868,5,4,1
1772,869,5,5,1
1772,870,5,6,1
1772,871,5,7,1
1772,872..895,5,8 9 10 11 12 13 14 15,3 3 3 3 3 3 3 3
1773,832..871,5,8 9 10 11 12 13 14 15,3 3 3 3 3 3 3 3
1773,872,5,0,1
1773,873,5,1,1
1773,874,5,2,1
1773,875,5,3,1
1773,876,5,4,1
1773,877,5,5,1
1773,878,5,6,1
1773,879,5,7,1
1773,880..895,5,8 9 10 11 12 13 14 15,3 3 3 3 3 3 3 3
1774,832..879,5,8 9 10 11 12 13 14 15,3 3 3 3 3 3 3 3
1774,880,5,0,1
1774,881,5,1,1
1774,882,5,2,1
1774,883,5,3,1
1774,884,5,4,1
1774,885,5,5,1
1774,886,5,6,1
1774,887,5,7,1
1774,888..895,5,8 9 10 11 12 13 14 15,3 3 3 3 3 3 3 3
1775,832..887,5,8 9 10 11 12 13 14 15,3 3 3 3 3 3 3 3
1775,888,5,0,1
1775,889,5,1,1
1775,890,5,2,1
1775,891,5,3,1
1775,892,5,4,1
1775,893,5,5,1
1775,894,5,6,1
1775,895,5,7,1
1776..1783,0..895,5,12 13 14 15,3 3 3 3
1776,896,5,0,1
1776,897,5,1,1
1776,898,5,2,1
1776,899,5,3,1
1776,900,5,4,1
1776,901,5,5,1
1776,902,5,6,1
1776,903,5,7,1
1776,904..959,5,8 9 10 11 12 13 14 15,3 3 3 3 3 3 3 3
1776..1783,960..1023,5,12 13 14 15,3 3 3 3
1777,896..903,5,8 9 10 11 12 13 14 15,3 3 3 3 3 3 3 3
1777,904,5,0,1
1777,905,5,1,1
1777,906,5,2,1
1777,907,5,3,1
1777,908,5,4,1
1777,909,5,5,1
1777,910,5,6,1
1777,911,5,7,1
1777,912..959,5,8 9 10 11 12 13 14 15,3 3 3 3 3 3 3 3
1778,896..911,5,8 9 10 11 12 13 14 15,3 3 3 3 3 3 3 3
1778,912,5,0,1
1778,913,5,1,1
1778,914,5,2,1
1778,915,5,3,1
1778,916,5,4,1
1778,917,5,5,1
1778,918,5,6,1
1778,919,5,7,1
1778,920..959,5,8 9 10 11 12 13 14 15,3 3 3 3 3 3 3 3
1779,896..919,5,8 9 10 11 12 13 14 15,3 3 3 3 3 3 3 3
1779,920,5,0,1
1779,921,5,1,1
1779,922,5,2,1
1779,923,5,3,1
1779,924,5,4,1
1779,925,5,5,1
1779,926,5,6,1
1779,927,5,7,1
1779,928..959,5,8 9 10 11 12 13 14 15,3 3 3 3 3 3 3 3
1780,896..927,5,8 9 10 11 12 13 14 15,3 3 3 3 3 3 3 3
1780,928,5,0,1
1780,929,5,1,1
1780,930,5,2,1
1780,931,5,3,1
1780,932,5,4,1
1780,933,5,5,1
1780,934,5,6,1
1780,935,5,7,1
1780,936..959,5,8 9 10 11 12 13 14 15,3 3 3 3 3 3 3 3
1781,896..935,5,8 9 10 11 12 13 14 15,3 3 3 3 3 3 3 3
1781,936,5,0,1
1781,937,5,1,1
1781,938,5,2,1
1781,939,5,3,1
1781,940,5,4,1
1781,941,5,5,1
1781,942,5,6,1
1781,943,5,7,1
1781,944..959,5,8 9 10 11 12 13 14 15,3 3 3 3 3 3 3 3
1782,896..943,5,8 9 10 11 12 13 14 15,3 3 3 3 3 3 3 3
1782,944,5,0,1
1782,945,5,1,1
1782,946,5,2,1
1782,947,5,3,1
1782,948,5,4,1
1782,949,5,5,1
1782,950,5,6,1
1782,951,5,7,1
1782,952..959,5,8 9 10 11 12 13 14 15,3 3 3 3 3 3 3 3
1783,896..951,5,8 9 10 11 12 13 14 15,3 3 3 3 3 3 3 3
1783,952,5,0,1
1783,953,5,1,1
1783,954,5,2,1
1783,955,5,3,1
1783,956,5,4,1
1783,957,5,5,1
1783,958,5,6,1
1783,959,5,7,1
1784..1791,0..959,5,12 13 14 15,3 3 3 3
1784,960,5,0,1
1784,961,5,1,1
1784,962,5,2,1
1784,963,5,3,1
1784,964,5,4,1
1784,965,5,5,1
1784,966,5,6,1
1784,967,5,7,1
1784,968..1023,5,8 9 10 11 12 13 14 15,3 3 3 3 3 3 3 3
1785,960..967,5,8 9 10 11 12 13 14 15,3 3 3 3 3 3 3 3
1785,968,5,0,1
1785,969,5,1,1
1785,970,5,2,1
1785,971,5,3,1
1785,972,5,4,1
1785,973,5,5,1
1785,974,5,6,1
1785,975,5,7,1
1785,976..1023,5,8 9 10 11 12 13 14 15,3 3 3 3 3 3 3 3
1786,960..975,5,8 9 10 11 12 13 14 15,3 3 3 3 3 3 3 3
1786,976,5,0,1
1786,977,5,1,1
1786,978,5,2,1
1786,979,5,3,1
1786,980,5,4,1
1786,981,5,5,1
1786,982,5,6,1
1786,983,5,7,1
1786,984..1023,5,8 9 10 11 12 13 14 15,3 3 3 3 3 3 3 3
1787,960..983,5,8 9 10 11 12 13 14 15,3 3 3 3 3 3 3 3
1787,984,5,0,1
1787,985,5,1,1
1787,986,5,2,1
1787,987,5,3,1
1787,988,5,4,1
1787,989,5,5,1
1787,990,5,6,1
1787,991,5,7,1
1787,992..1023,5,8 9 10 11 12 13 14 15,3 3 3 3 3 3 3 3
1788,960..991,5,8 9 10 11 12 13 14 15,3 3 3 3 3 3 3 3
1788,992,5,0,1
1788,993,5,1,1
1788,994,5,2,1
1788,995,5,3,1
1788,996,5,4,1
1788,997,5,5,1
1788,998,5,6,1
1788,999,5,7,1
1788,1000..1023,5,8 9 10 11 12 13 14 15,3 3 3 3 3 3 3 3
1789,960..999,5,8 9 10 11 12 13 14 15,3 3 3 3 3 3 3 3
1789,1000,5,0,1
1789,1001,5,1,1
1789,1002,5,2,1
1789,1003,5,3,1
1789,1004,5,4,1
1789,1005,5,5,1
1789,1006,5,6,1
1789,1007,5,7,1
1789,1008..1023,5,8 9 10 11 12 13 14 15,3 3 3 3 3 3 3 3
1790,960..1007,5,8 9 10 11 12 13 14 15,3 3 3 3 3 3 3 3
1790,1008,5,0,1
1790,1009,5,1,1
1790,1010,5,2,1
1790,1011,5,3,1
1790,1012,5,4,1
1790,1013,5,5,1
1790,1014,5,6,1
1790,1015,5,7,1
1790,1016..1023,5,8 9 10 11 12 13 14 15,3 3 3 3 3 3 3 3
1791,960..1015,5,8 9 10 11 12 13 14 15,3 3 3 3 3 3 3 3
1791,1016,5,0,1
1791,1017,5,1,1
1791,1018,5,2,1
1791,1019,5,3,1
1791,1020,5,4,1
1791,1021,5,5,1
1791,1022,5,6,1
1791,1023,5,7,1
1792,0,6,0,1
1792,1,6,1,1
1792,2,6,2,1
1792,3,6,3,1
1792,4,6,4,1
1792,5,6,5,1
1792,6,6,6,1
1792,7,6,7,1
1792,8..63,6,8 9 10 11 12 13 14 15,3 3 3 3 3 3 3 3
1792..1799,64..1023,6,12 13 14 15,3 3 3 3
1793,0..7,6,8 9 10 11 12 13 14 15,3 3 3 3 3 3 3 3
1793,8,6,0,1
1793,9,6,1,1
1793,10,6,2,1
1793,11,6,3,1
1793,12,6,4,1
1793,13,6,5,1
1793,14,6,6,1
1793,15,6,7,1
1793,16..63,6,8 9 10 11 12 13 14 15,3 3 3 3 3 3 3 3
1794,0..15,6,8 9 10 11 12 13 14 15,3 3 3 3 3 3 3 3
1794,16,6,0,1
1794,17,6,1,1
1794,18,6,2,1
1794,19,6,3,1
1794,20,6,4,1
1794,21,6,5,1
1794,22,6,6,1
1794,23,6,7,1
1794,24..63,6,8 9 10 11 12 13 14 15,3 3 3 3 3 3 3 3
1795,0..23,6,8 9 10 11 12 13 14 15,3 3 3 3 3 3 3 3
1795,24,6,0,1
1795,25,6,1,1
1795,26,6,2,1
1795,27,6,3,1
1795,28,6,4,1
1795,29,6,5,1
1795,30,6,6,1
1795,31,6,7,1
1795,32..63,6,8 9 10 11 12 13 14 15,3 3 3 3 3 3 3 3
1796,0..31,6,8 9 10 11 12 13 14 15,3 3 3 3 3 3 3 3
1796,32,6,0,1
1796,33,6,1,1
1796,34,6,2,1
1796,35,6,3,1
1796,36,6,4,1
1796,37,6,5,1
1796,38,6,6,1
1796,39,6,7,1
1796,40..63,6,8 9 10 11 12 13 14 15,3 3 3 3 3 3 3 3
1797,0..39,6,8 9 10 11 12 13 14 15,3 3 3 3 3 3 3 3
1797,40,6,0,1
1797,41,6,1,1
1797,42,6,2,1
1797,43,6,3,1
1797,44,6,4,1
1797,45,6,5,1
1797,46,6,6,1
1797,47,6,7,1
1797,48..63,6,8 9 10 11 12 13 14 15,3 3 3 3 3 3 3 3
1798,0..47,6,8 9 10 11 12 13 14 15,3 3 3 3 3 3 3 3
1798,48,6,0,1
1798,49,6,1,1
1798,50,6,2,1
1798,51,6,3,1
1798,52,6,4,1
1798,53,6,5,1
1798,54,6,6,1
1798,55,6,7,1
1798,56..63,6,8 9 10 11 12 13 14 15,3 3 3 3 3 3 3 3
1799,0..55,6,8 9 10 11 12 13 14 15,3 3 3 3 3 3 3 3
1799,56,6,0,1
1799,57,6,1,1
1799,58,6,2,1
1799,59,6,3,1
1799,60,6,4,1
1799,61,6,5,1
1799,62,6,6,1
1799,63,6,7,1
1800..1807,0..63,6,12 13 14 15,3 3 3 3
1800,64,6,0,1
1800,65,6,1,1
1800,66,6,2,1
1800,67,6,3,1
1800,68,6,4,1
1800,69,6,5,1
1800,70,6,6,1
1800,71,6,7,1
1800,72..127,6,8 9 10 11 12 13 14 15,3 3 3 3 3 3 3 3
1800..1807,128..1023,6,12 13 14 15,3 3 3 3
1801,64..71,6,8 9 10 11 12 13 14 15,3 3 3 3 3 3 3 3
1801,72,6,0,1
1801,73,6,1,1
1801,74,6,2,1
1801,75,6,3,1
1801,76,6,4,1
1801,77,6,5,1
1801,78,6,6,1
1801,79,6,7,1
1801,80..127,6,8 9 10 11 12 13 14 15,3 3 3 3 3 3 3 3
1802,64..79,6,8 9 10 11 12 13 14 15,3 3 3 3 3 3 3 3
1802,80,6,0,1
1802,81,6,1,1
1802,82,6,2,1
1802,83,6,3,1
1802,84,6,4,1
1802,85,6,5,1
1802,86,6,6,1
1802,87,6,7,1
1802,88..127,6,8 9 10 11 12 13 14 15,3 3 3 3 3 3 3 3
1803,64..87,6,8 9 10 11 12 13 14 15,3 3 3 3 3 3 3 3
1803,88,6,0,1
1803,89,6,1,1
1803,90,6,2,1
1803,91,6,3,1
1803,92,6,4,1
1803,93,6,5,1
1803,94,6,6,1
1803,95,6,7,1
1803,96..127,6,8 9 10 11 12 13 14 15,3 3 3 3 3 3 3 3
1804,64..95,6,8 9 10 11 12 13 14 15,3 3 3 3 3 3 3 3
1804,96,6,0,1
1804,97,6,1,1
1804,98,6,2,1
1804,99,6,3,1
1804,100,6,4,1
1804,101,6,5,1
1804,102,6,6,1
1804,103,6,7,1
1804,104..127,6,8 9 10 11 12 13 14 15,3 3 3 3 3 3 3 3
1805,64..103,6,8 9 10 11 12 13 14 15,3 3 3 3 3 3 3 3
1805,104,6,0,1
1805,105,6,1,1
1805,106,6,2,1
1805,107,6,3,1
1805,108,6,4,1
1805,109,6,5,1
1805,110,6,6,1
1805,111,6,7,1
1805,112..127,6,8 9 10 11 12 13 14 15,3 3 3 3 3 3 3 3
1806,64..111,6,8 9 10 11 12 13 14 15,3 3 3 3 3 3 3 3
1806,112,6,0,1
1806,113,6,1,1
1806,114,6,2,1
1806,115,6,3,1
1806,116,6,4,1
1806,117,6,5,1
1806,118,6,6,1
1806,119,6,7,1
1806,120..127,6,8 9 10 11 12 13 14 15,3 3 3 3 3 3 3 3
1807,64..119,6,8 9 10 11 12 13 14 15,3 3 3 3 3 3 3 3
1807,120,6,0,1
1807,121,6,1,1
1807,122,6,2,1
1807,123,6,3,1
1807,124,6,4,1
1807,125,6,5,1
1807,126,6,6,1
1807,127,6,7,1
1808..1815,0..127,6,12 13 14 15,3 3 3 3
1808,128,6,0,1
1808,129,6,1,1
1808,130,6,2,1
1808,131,6,3,1
1808,132,6,4,1
1808,133,6,5,1
1808,134,6,6,1
1808,135,6,7,1
1808,136..191,6,8 9 10 11 12 13 14 15,3 3 3 3 3 3 3 3
1808..1815,192..1023,6,12 13 14 15,3 3 3 3
1809,128..135,6,8 9 10 11 12 13 14 15,3 3 3 3 3 3 3 3
1809,136,6,0,1
1809,137,6,1,1
1809,138,6,2,1
1809,139,6,3,1
1809,140,6,4,1
1809,141,6,5,1
1809,142,6,6,1
1809,143,6,7,1
1809,144..191,6,8 9 10 11 12 13 14 15,3 3 3 3 3 3 3 3
1810,128..143,6,8 9 10 11 12 13 14 15,3 3 3 3 3 3 3 3
1810,144,6,0,1
1810,145,6,1,1
1810,146,6,2,1
1810,147,6,3,1
1810,148,6,4,1
1810,149,6,5,1
1810,150,6,6,1
1810,151,6,7,1
1810,152..191,6,8 9 10 11 12 13 14 15,3 3 3 3 3 3 3 3
1811,128..151,6,8 9 10 11 12 13 14 15,3 3 3 3 3 3 3 3
1811,152,6,0,1
1811,153,6,1,1
1811,154,6,2,1
1811,155,6,3,1
1811,156,6,4,1
1811,157,6,5,1
1811,158,6,6,1
1811,159,6,7,1
1811,160..191,6,8 9 10 11 12 13 14 15,3 3 3 3 3 3 3 3
1812,128..159,6,8 9 10 11 12 13 14 15,3 3 3 3 3 3 3 3
1812,160,6,0,1
1812,161,6,1,1
1812,162,6,2,1
1812,163,6,3,1
1812,164,6,4,1
1812,165,6,5,1
1812,166,6,6,1
1812,167,6,7,1
1812,168..191,6,8 9 10 11 12 13 14 15,3 3 3 3 3 3 3 3
1813,128..167,6,8 9 10 11 12 13 14 15,3 3 3 3 3 3 3 3
1813,168,6,0,1
1813,169,6,1,1
1813,170,6,2,1
1813,171,6,3,1
1813,172,6,4,1
1813,173,6,5,1
1813,174,6,6,1
1813,175,6,7,1
1813,176..191,6,8 9 10 11 12 13 14 15,3 3 3 3 3 3 3 3
1814,128..175,6,8 9 10 11 12 13 14 15,3 3 3 3 3 3 3 3
1814,176,6,0,1
1814,177,6,1,1
1814,178,6,2,1
1814,179,6,3,1
1814,180,6,4,1
1814,181,6,5,1
1814,182,6,6,1
1814,183,6,7,1
1814,184..191,6,8 9 10 11 12 13 14 15,3 3 3 3 3 3 3 3
1815,128..183,6,8 9 10 11 12 13 14 15,3 3 3 3 3 3 3 3
1815,184,6,0,1
1815,185,6,1,1
1815,186,6,2,1
1815,187,6,3,1
1815,188,6,4,1
1815,189,6,5,1
1815,190,6,6,1
1815,191,6,7,1
1816..1823,0..191,6,12 13 14 15,3 3 3 3
1816,192,6,0,1
1816,193,6,1,1
1816,194,6,2,1
1816,195,6,3,1
1816,196,6,4,1
1816,197,6,5,1
1816,198,6,6,1
1816,199,6,7,1
1816,200..255,6,8 9 10 11 12 13 14 15,3 3 3 3 3 3 3 3
1816..1823,256..1023,6,12 13 14 15,3 3 3 3
1817,192..199,6,8 9 10 11 12 13 14 15,3 3 3 3 3 3 3 3
1817,200,6,0,1
1817,201,6,1,1
1817,202,6,2,1
1817,203,6,3,1
1817,204,6,4,1
1817,205,6,5,1
1817,206,6,6,1
1817,207,6,7,1
1817,208..255,6,8 9 10 11 12 13 14 15,3 3 3 3 3 3 3 3
1818,192..207,6,8 9 10 11 12 13 14 15,3 3 3 3 3 3 3 3
1818,208,6,0,1
1818,209,6,1,1
1818,210,6,2,1
1818,211,6,3,1
1818,212,6,4,1
1818,213,6,5,1
1818,214,6,6,1
1818,215,6,7,1
1818,216..255,6,8 9 10 11 12 13 14 15,3 3 3 3 3 3 3 3
1819,192..215,6,8 9 10 11 12 13 14 15,3 3 3 3 3 3 3 3
1819,216,6,0,1
1819,217,6,1,1
1819,218,6,2,1
1819,219,6,3,1
1819,220,6,4,1
1819,221,6,5,1
1819,222,6,6,1
1819,223,6,7,1
1819,224..255,6,8 9 10 11 12 13 14 15,3 3 3 3 3 3 3 3
1820,192..223,6,8 9 10 11 12 13 14 15,3 3 3 3 3 3 3 3
1820,224,6,0,1
1820,225,6,1,1
1820,226,6,2,1
1820,227,6,3,1
1820,228,6,4,1
1820,229,6,5,1
1820,230,6,6,1
1820,231,6,7,1
1820,232..255,6,8 9 10 11 12 13 14 15,3 3 3 3 3 3 3 3
1821,192..231,6,8 9 10 11 12 13 14 15,3 3 3 3 3 3 3 3
1821,232,6,0,1
1821,233,6,1,1
1821,234,6,2,1
1821,235,6,3,1
1821,236,6,4,1
1821,237,6,5,1
1821,238,6,6,1
1821,239,6,7,1
1821,240..255,6,8 9 10 11 12 13 14 15,3 3 3 3 3 3 3 3
1822,192..239,6,8 9 10 11 12 13 14 15,3 3 3 3 3 3 3 3
1822,240,6,0,1
1822,241,6,1,1
1822,242,6,2,1
1822,243,6,3,1
1822,244,6,4,1
1822,245,6,5,1
1822,246,6,6,1
1822,247,6,7,1
1822,248..255,6,8 9 10 11 12 13 14 15,3 3 3 3 3 3 3 3
1823,192..247,6,8 9 10 11 12 13 14 15,3 3 3 3 3 3 3 3
1823,248,6,0,1
1823,249,6,1,1
1823,250,6,2,1
1823,251,6,3,1
1823,252,6,4,1
1823,253,6,5,1
1823,254,6,6,1
1823,255,6,7,1
1824..1831,0..255,6,12 13 14 15,3 3 3 3
1824,256,6,0,1
1824,257,6,1,1
1824,258,6,2,1
1824,259,6,3,1
1824,260,6,4,1
1824,261,6,5,1
1824,262,6,6,1
1824,263,6,7,1
1824,264..319,6,8 9 10 11 12 13 14 15,3 3 3 3 3 3 3 3
1824..1831,320..1023,6,12 13 14 15,3 3 3 3
1825,256..263,6,8 9 10 11 12 13 14 15,3 3 3 3 3 3 3 3
1825,264,6,0,1
1825,265,6,1,1
1825,266,6,2,1
1825,267,6,3,1
1825,268,6,4,1
1825,269,6,5,1
1825,270,6,6,1
1825,271,6,7,1
1825,272..319,6,8 9 10 11 12 13 14 15,3 3 3 3 3 3 3 3
1826,256..271,6,8 9 10 11 12 13 14 15,3 3 3 3 3 3 3 3
1826,272,6,0,1
1826,273,6,1,1
1826,274,6,2,1
1826,275,6,3,1
1826,276,6,4,1
1826,277,6,5,1
1826,278,6,6,1
1826,279,6,7,1
1826,280..319,6,8 9 10 11 12 13 14 15,3 3 3 3 3 3 3 3
1827,256..279,6,8 9 10 11 12 13 14 15,3 3 3 3 3 3 3 3
1827,280,6,0,1
1827,281,6,1,1
1827,282,6,2,1
1827,283,6,3,1
1827,284,6,4,1
1827,285,6,5,1
1827,286,6,6,1
1827,287,6,7,1
1827,288..319,6,8 9 10 11 12 13 14 15,3 3 3 3 3 3 3 3
1828,256..287,6,8 9 10 11 12 13 14 15,3 3 3 3 3 3 3 3
1828,288,6,0,1
1828,289,6,1,1
1828,290,6,2,1
1828,291,6,3,1
1828,292,6,4,1
1828,293,6,5,1
1828,294,6,6,1
1828,295,6,7,1
1828,296..319,6,8 9 10 11 12 13 14 15,3 3 3 3 3 3 3 3
1829,256..295,6,8 9 10 11 12 13 14 15,3 3 3 3 3 3 3 3
1829,296,6,0,1
1829,297,6,1,1
1829,298,6,2,1
1829,299,6,3,1
1829,300,6,4,1
1829,301,6,5,1
1829,302,6,6,1
1829,303,6,7,1
1829,304..319,6,8 9 10 11 12 13 14 15,3 3 3 3 3 3 3 3
1830,256..303,6,8 9 10 11 12 13 14 15,3 3 3 3 3 3 3 3
1830,304,6,0,1
1830,305,6,1,1
1830,306,6,2,1
1830,307,6,3,1
1830,308,6,4,1
1830,309,6,5,1
1830,310,6,6,1
1830,311,6,7,1
1830,312..319,6,8 9 10 11 12 13 14 15,3 3 3 3 3 3 3 3
1831,256..311,6,8 9 10 11 12 13 14 15,3 3 3 3 3 3 3 3
1831,312,6,0,1
1831,313,6,1,1
1831,314,6,2,1
1831,315,6,3,1
1831,316,6,4,1
1831,317,6,5,1
1831,318,6,6,1
1831,319,6,7,1
1832..1839,0..319,6,12 13 14 15,3 3 3 3
1832,320,6,0,1
1832,321,6,1,1
1832,322,6,2,1
1832,323,6,3,1
1832,324,6,4,1
1832,325,6,5,1
1832,326,6,6,1
1832,327,6,7,1
1832,328..383,6,8 9 10 11 12 13 14 15,3 3 3 3 3 3 3 3
1832..1839,384..1023,6,12 13 14 15,3 3 3 3
1833,320..327,6,8 9 10 11 12 13 14 15,3 3 3 3 3 3 3 3
1833,328,6,0,1
1833,329,6,1,1
1833,330,6,2,1
1833,331,6,3,1
1833,332,6,4,1
1833,333,6,5,1
1833,334,6,6,1
1833,335,6,7,1
1833,336..383,6,8 9 10 11 12 13 14 15,3 3 3 3 3 3 3 3
1834,320..335,6,8 9 10 11 12 13 14 15,3 3 3 3 3 3 3 3
1834,336,6,0,1
1834,337,6,1,1
1834,338,6,2,1
1834,339,6,3,1
1834,340,6,4,1
1834,341,6,5,1
1834,342,6,6,1
1834,343,6,7,1
1834,344..383,6,8 9 10 11 12 13 14 15,3 3 3 3 3 3 3 3
1835,320..343,6,8 9 10 11 12 13 14 15,3 3 3 3 3 3 3 3
1835,344,6,0,1
1835,345,6,1,1
1835,346,6,2,1
1835,347,6,3,1
1835,348,6,4,1
1835,349,6,5,1
1835,350,6,6,1
1835,351,6,7,1
1835,352..383,6,8 9 10 11 12 13 14 15,3 3 3 3 3 3 3 3
1836,320..351,6,8 9 10 11 12 13 14 15,3 3 3 3 3 3 3 3
1836,352,6,0,1
1836,353,6,1,1
1836,354,6,2,1
1836,355,6,3,1
1836,356,6,4,1
1836,357,6,5,1
1836,358,6,6,1
1836,359,6,7,1
1836,360..383,6,8 9 10 11 12 13 14 15,3 3 3 3 3 3 3 3
1837,320..359,6,8 9 10 11 12 13 14 15,3 3 3 3 3 3 3 3
1837,360,6,0,1
1837,361,6,1,1
1837,362,6,2,1
1837,363,6,3,1
1837,364,6,4,1
1837,365,6,5,1
1837,366,6,6,1
1837,367,6,7,1
1837,368..383,6,8 9 10 11 12 13 14 15,3 3 3 3 3 3 3 3
1838,320..367,6,8 9 10 11 12 13 14 15,3 3 3 3 3 3 3 3
1838,368,6,0,1
1838,369,6,1,1
1838,370,6,2,1
1838,371,6,3,1
1838,372,6,4,1
1838,373,6,5,1
1838,374,6,6,1
1838,375,6,7,1
1838,376..383,6,8 9 10 11 12 13 14 15,3 3 3 3 3 3 3 3
1839,320..375,6,8 9 10 11 12 13 14 15,3 3 3 3 3 3 3 3
1839,376,6,0,1
1839,377,6,1,1
1839,378,6,2,1
1839,379,6,3,1
1839,380,6,4,1
1839,381,6,5,1
1839,382,6,6,1
1839,383,6,7,1
1840..1847,0..383,6,12 13 14 15,3 3 3 3
1840,384,6,0,1
1840,385,6,1,1
1840,386,6,2,1
1840,387,6,3,1
1840,388,6,4,1
1840,389,6,5,1
1840,390,6,6,1
1840,391,6,7,1
1840,392..447,6,8 9 10 11 12 13 14 15,3 3 3 3 3 3 3 3
1840..1847,448..1023,6,12 13 14 15,3 3 3 3
1841,384..391,6,8 9 10 11 12 13 14 15,3 3 3 3 3 3 3 3
1841,392,6,0,1
1841,393,6,1,1
1841,394,6,2,1
1841,395,6,3,1
1841,396,6,4,1
1841,397,6,5,1
1841,398,6,6,1
1841,399,6,7,1
1841,400..447,6,8 9 10 11 12 13 14 15,3 3 3 3 3 3 3 3
1842,384..399,6,8 9 10 11 12 13 14 15,3 3 3 3 3 3 3 3
1842,400,6,0,1
1842,401,6,1,1
1842,402,6,2,1
1842,403,6,3,1
1842,404,6,4,1
1842,405,6,5,1
1842,406,6,6,1
1842,407,6,7,1
1842,408..447,6,8 9 10 11 12 13 14 15,3 3 3 3 3 3 3 3
1843,384..407,6,8 9 10 11 12 13 14 15,3 3 3 3 3 3 3 3
1843,408,6,0,1
1843,409,6,1,1
1843,410,6,2,1
1843,411,6,3,1
1843,412,6,4,1
1843,413,6,5,1
1843,414,6,6,1
1843,415,6,7,1
1843,416..447,6,8 9 10 11 12 13 14 15,3 3 3 3 3 3 3 3
1844,384..415,6,8 9 10 11 12 13 14 15,3 3 3 3 3 3 3 3
1844,416,6,0,1
1844,417,6,1,1
1844,418,6,2,1
1844,419,6,3,1
1844,420,6,4,1
1844,421,6,5,1
1844,422,6,6,1
1844,423,6,7,1
1844,424..447,6,8 9 10 11 12 13 14 15,3 3 3 3 3 3 3 3
1845,384..423,6,8 9 10 11 12 13 14 15,3 3 3 3 3 3 3 3
1845,424,6,0,1
1845,425,6,1,1
1845,426,6,2,1
1845,427,6,3,1
1845,428,6,4,1
1845,429,6,5,1
1845,430,6,6,1
1845,431,6,7,1
1845,432..447,6,8 9 10 11 12 13 14 15,3 3 3 3 3 3 3 3
1846,384..431,6,8 9 10 11 12 13 14 15,3 3 3 3 3 3 3 3
1846,432,6,0,1
1846,433,6,1,1
1846,434,6,2,1
1846,435,6,3,1
1846,436,6,4,1
1846,437,6,5,1
1846,438,6,6,1
1846,439,6,7,1
1846,440..447,6,8 9 10 11 12 13 14 15,3 3 3 3 3 3 3 3
1847,384..439,6,8 9 10 11 12 13 14 15,3 3 3 3 3 3 3 3
1847,440,6,0,1
1847,441,6,1,1
1847,442,6,2,1
1847,443,6,3,1
1847,444,6,4,1
1847,445,6,5,1
1847,446,6,6,1
1847,447,6,7,1
1848..1855,0..447,6,12 13 14 15,3 3 3 3
1848,448,6,0,1
1848,449,6,1,1
1848,450,6,2,1
1848,451,6,3,1
1848,452,6,4,1
1848,453,6,5,1
1848,454,6,6,1
1848,455,6,7,1
1848,456..511,6,8 9 10 11 12 13 14 15,3 3 3 3 3 3 3 3
1848..1855,512..1023,6,12 13 14 15,3 3 3 3
1849,448..455,6,8 9 10 11 12 13 14 15,3 3 3 3 3 3 3 3
1849,456,6,0,1
1849,457,6,1,1
1849,458,6,2,1
1849,459,6,3,1
1849,460,6,4,1
1849,461,6,5,1
1849,462,6,6,1
1849,463,6,7,1
1849,464..511,6,8 9 10 11 12 13 14 15,3 3 3 3 3 3 3 3
1850,448..463,6,8 9 10 11 12 13 14 15,3 3 3 3 3 3 3 3
1850,464,6,0,1
1850,465,6,1,1
1850,466,6,2,1
1850,467,6,3,1
1850,468,6,4,1
1850,469,6,5,1
1850,470,6,6,1
1850,471,6,7,1
1850,472..511,6,8 9 10 11 12 13 14 15,3 3 3 3 3 3 3 3
1851,448..471,6,8 9 10 11 12 13 14 15,3 3 3 3 3 3 3 3
1851,472,6,0,1
1851,473,6,1,1
1851,474,6,2,1
1851,475,6,3,1
1851,476,6,4,1
1851,477,6,5,1
1851,478,6,6,1
1851,479,6,7,1
1851,480..511,6,8 9 10 11 12 13 14 15,3 3 3 3 3 3 3 3
1852,448..479,6,8 9 10 11 12 13 14 15,3 3 3 3 3 3 3 3
1852,480,6,0,1
1852,481,6,1,1
1852,482,6,2,1
1852,483,6,3,1
1852,484,6,4,1
1852,485,6,5,1
1852,486,6,6,1
1852,487,6,7,1
1852,488..511,6,8 9 10 11 12 13 14 15,3 3 3 3 3 3 3 3
1853,448..487,6,8 9 10 11 12 13 14 15,3 3 3 3 3 3 3 3
1853,488,6,0,1
1853,489,6,1,1
1853,490,6,2,1
1853,491,6,3,1
1853,492,6,4,1
1853,493,6,5,1
1853,494,6,6,1
1853,495,6,7,1
1853,496..511,6,8 9 10 11 12 13 14 15,3 3 3 3 3 3 3 3
1854,448..495,6,8 9 10 11 12 13 14 15,3 3 3 3 3 3 3 3
1854,496,6,0,1
1854,497,6,1,1
1854,498,6,2,1
1854,499,6,3,1
1854,500,6,4,1
1854,501,6,5,1
1854,502,6,6,1
1854,503,6,7,1
1854,504..511,6,8 9 10 11 12 13 14 15,3 3 3 3 3 3 3 3
1855,448..503,6,8 9 10 11 12 13 14 15,3 3 3 3 3 3 3 3
1855,504,6,0,1
1855,505,6,1,1
1855,506,6,2,1
1855,507,6,3,1
1855,508,6,4,1
1855,509,6,5,1
1855,510,6,6,1
1855,511,6,7,1
1856..1863,0..511,6,12 13 14 15,3 3 3 3
1856,512,6,0,1
1856,513,6,1,1
1856,514,6,2,1
1856,515,6,3,1
1856,516,6,4,1
1856,517,6,5,1
1856,518,6,6,1
1856,519,6,7,1
1856,520..575,6,8 9 10 11 12 13 14 15,3 3 3 3 3 3 3 3
1856..1863,576..1023,6,12 13 14 15,3 3 3 3
1857,512..519,6,8 9 10 11 12 13 14 15,3 3 3 3 3 3 3 3
1857,520,6,0,1
1857,521,6,1,1
1857,522,6,2,1
1857,523,6,3,1
1857,524,6,4,1
1857,525,6,5,1
1857,526,6,6,1
1857,527,6,7,1
1857,528..575,6,8 9 10 11 12 13 14 15,3 3 3 3 3 3 3 3
1858,512..527,6,8 9 10 11 12 13 14 15,3 3 3 3 3 3 3 3
1858,528,6,0,1
1858,529,6,1,1
1858,530,6,2,1
1858,531,6,3,1
1858,532,6,4,1
1858,533,6,5,1
1858,534,6,6,1
1858,535,6,7,1
1858,536..575,6,8 9 10 11 12 13 14 15,3 3 3 3 3 3 3 3
1859,512..535,6,8 9 10 11 12 13 14 15,3 3 3 3 3 3 3 3
1859,536,6,0,1
1859,537,6,1,1
1859,538,6,2,1
1859,539,6,3,1
1859,540,6,4,1
1859,541,6,5,1
1859,542,6,6,1
1859,543,6,7,1
1859,544..575,6,8 9 10 11 12 13 14 15,3 3 3 3 3 3 3 3
1860,512..543,6,8 9 10 11 12 13 14 15,3 3 3 3 3 3 3 3
1860,544,6,0,1
1860,545,6,1,1
1860,546,6,2,1
1860,547,6,3,1
1860,548,6,4,1
1860,549,6,5,1
1860,550,6,6,1
1860,551,6,7,1
1860,552..575,6,8 9 10 11 12 13 14 15,3 3 3 3 3 3 3 3
1861,512..551,6,8 9 10 11 12 13 14 15,3 3 3 3 3 3 3 3
1861,552,6,0,1
1861,553,6,1,1
1861,554,6,2,1
1861,555,6,3,1
1861,556,6,4,1
1861,557,6,5,1
1861,558,6,6,1
1861,559,6,7,1
1861,560..575,6,8 9 10 11 12 13 14 15,3 3 3 3 3 3 3 3
1862,512..559,6,8 9 10 11 12 13 14 15,3 3 3 3 3 3 3 3
1862,560,6,0,1
1862,561,6,1,1
1862,562,6,2,1
1862,563,6,3,1
1862,564,6,4,1
1862,565,6,5,1
1862,566,6,6,1
1862,567,6,7,1
1862,568..575,6,8 9 10 11 12 13 14 15,3 3 3 3 3 3 3 3
1863,512..567,6,8 9 10 11 12 13 14 15,3 3 3 3 3 3 3 3
1863,568,6,0,1
1863,569,6,1,1
1863,570,6,2,1
1863,571,6,3,1
1863,572,6,4,1
1863,573,6,5,1
1863,574,6,6,1
1863,575,6,7,1
1864..1871,0..575,6,12 13 14 15,3 3 3 3
1864,576,6,0,1
1864,577,6,1,1
1864,578,6,2,1
1864,579,6,3,1
1864,580,6,4,1
1864,581,6,5,1
1864,582,6,6,1
1864,583,6,7,1
1864,584..639,6,8 9 10 11 12 13 14 15,3 3 3 3 3 3 3 3
1864..1871,640..1023,6,12 13 14 15,3 3 3 3
1865,576..583,6,8 9 10 11 12 13 14 15,3 3 3 3 3 3 3 3
1865,584,6,0,1
1865,585,6,1,1
1865,586,6,2,1
1865,587,6,3,1
1865,588,6,4,1
1865,589,6,5,1
1865,590,6,6,1
1865,591,6,7,1
1865,592..639,6,8 9 10 11 12 13 14 15,3 3 3 3 3 3 3 3
1866,576..591,6,8 9 10 11 12 13 14 15,3 3 3 3 3 3 3 3
1866,592,6,0,1
1866,593,6,1,1
1866,594,6,2,1
1866,595,6,3,1
1866,596,6,4,1
1866,597,6,5,1
1866,598,6,6,1
1866,599,6,7,1
1866,600..639,6,8 9 10 11 12 13 14 15,3 3 3 3 3 3 3 3
1867,576..599,6,8 9 10 11 12 13 14 15,3 3 3 3 3 3 3 3
1867,600,6,0,1
1867,601,6,1,1
1867,602,6,2,1
1867,603,6,3,1
1867,604,6,4,1
1867,605,6,5,1
1867,606,6,6,1
1867,607,6,7,1
1867,608..639,6,8 9 10 11 12 13 14 15,3 3 3 3 3 3 3 3
1868,576..607,6,8 9 10 11 12 13 14 15,3 3 3 3 3 3 3 3
1868,608,6,0,1
1868,609,6,1,1
1868,610,6,2,1
1868,611,6,3,1
1868,612,6,4,1
1868,613,6,5,1
1868,614,6,6,1
1868,615,6,7,1
1868,616..639,6,8 9 10 11 12 13 14 15,3 3 3 3 3 3 3 3
1869,576..615,6,8 9 10 11 12 13 14 15,3 3 3 3 3 3 3 3
1869,616,6,0,1
1869,617,6,1,1
1869,618,6,2,1
1869,619,6,3,1
1869,620,6,4,1
1869,621,6,5,1
1869,622,6,6,1
1869,623,6,7,1
1869,624..639,6,8 9 10 11 12 13 14 15,3 3 3 3 3 3 3 3
1870,576..623,6,8 9 10 11 12 13 14 15,3 3 3 3 3 3 3 3
1870,624,6,0,1
1870,625,6,1,1
1870,626,6,2,1
1870,627,6,3,1
1870,628,6,4,1
1870,629,6,5,1
1870,630,6,6,1
1870,631,6,7,1
1870,632..639,6,8 9 10 11 12 13 14 15,3 3 3 3 3 3 3 3
1871,576..631,6,8 9 10 11 12 13 14 15,3 3 3 3 3 3 3 3
1871,632,6,0,1
1871,633,6,1,1
1871,634,6,2,1
1871,635,6,3,1
1871,636,6,4,1
1871,637,6,5,1
1871,638,6,6,1
1871,639,6,7,1
1872..1879,0..639,6,12 13 14 15,3 3 3 3
1872,640,6,0,1
1872,641,6,1,1
1872,642,6,2,1
1872,643,6,3,1
1872,644,6,4,1
1872,645,6,5,1
1872,646,6,6,1
1872,647,6,7,1
1872,648..703,6,8 9 10 11 12 13 14 15,3 3 3 3 3 3 3 3
1872..1879,704..1023,6,12 13 14 15,3 3 3 3
1873,640..647,6,8 9 10 11 12 13 14 15,3 3 3 3 3 3 3 3
1873,648,6,0,1
1873,649,6,1,1
1873,650,6,2,1
1873,651,6,3,1
1873,652,6,4,1
1873,653,6,5,1
1873,654,6,6,1
1873,655,6,7,1
1873,656..703,6,8 9 10 11 12 13 14 15,3 3 3 3 3 3 3 3
1874,640..655,6,8 9 10 11 12 13 14 15,3 3 3 3 3 3 3 3
1874,656,6,0,1
1874,657,6,1,1
1874,658,6,2,1
1874,659,6,3,1
1874,660,6,4,1
1874,661,6,5,1
1874,662,6,6,1
1874,663,6,7,1
1874,664..703,6,8 9 10 11 12 13 14 15,3 3 3 3 3 3 3 3
1875,640..663,6,8 9 10 11 12 13 14 15,3 3 3 3 3 3 3 3
1875,664,6,0,1
1875,665,6,1,1
1875,666,6,2,1
1875,667,6,3,1
1875,668,6,4,1
1875,669,6,5,1
1875,670,6,6,1
1875,671,6,7,1
1875,672..703,6,8 9 10 11 12 13 14 15,3 3 3 3 3 3 3 3
1876,640..671,6,8 9 10 11 12 13 14 15,3 3 3 3 3 3 3 3
1876,672,6,0,1
1876,673,6,1,1
1876,674,6,2,1
1876,675,6,3,1
1876,676,6,4,1
1876,677,6,5,1
1876,678,6,6,1
1876,679,6,7,1
1876,680..703,6,8 9 10 11 12 13 14 15,3 3 3 3 3 3 3 3
1877,640..679,6,8 9 10 11 12 13 14 15,3 3 3 3 3 3 3 3
1877,680,6,0,1
1877,681,6,1,1
1877,682,6,2,1
1877,683,6,3,1
1877,684,6,4,1
1877,685,6,5,1
1877,686,6,6,1
1877,687,6,7,1
1877,688..703,6,8 9 10 11 12 13 14 15,3 3 3 3 3 3 3 3
1878,640..687,6,8 9 10 11 12 13 14 15,3 3 3 3 3 3 3 3
1878,688,6,0,1
1878,689,6,1,1
1878,690,6,2,1
1878,691,6,3,1
1878,692,6,4,1
1878,693,6,5,1
1878,694,6,6,1
1878,695,6,7,1
1878,696..703,6,8 9 10 11 12 13 14 15,3 3 3 3 3 3 3 3
1879,640..695,6,8 9 10 11 12 13 14 15,3 3 3 3 3 3 3 3
1879,696,6,0,1
1879,697,6,1,1
1879,698,6,2,1
1879,699,6,3,1
1879,700,6,4,1
1879,701,6,5,1
1879,702,6,6,1
1879,703,6,7,1
1880..1887,0..703,6,12 13 14 15,3 3 3 3
1880,704,6,0,1
1880,705,6,1,1
1880,706,6,2,1
1880,707,6,3,1
1880,708,6,4,1
1880,709,6,5,1
1880,710,6,6,1
1880,711,6,7,1
1880,712..767,6,8 9 10 11 12 13 14 15,3 3 3 3 3 3 3 3
1880..1887,768..1023,6,12 13 14 15,3 3 3 3
1881,704..711,6,8 9 10 11 12 13 14 15,3 3 3 3 3 3 3 3
1881,712,6,0,1
1881,713,6,1,1
1881,714,6,2,1
1881,715,6,3,1
1881,716,6,4,1
1881,717,6,5,1
1881,718,6,6,1
1881,719,6,7,1
1881,720..767,6,8 9 10 11 12 13 14 15,3 3 3 3 3 3 3 3
1882,704..719,6,8 9 10 11 12 13 14 15,3 3 3 3 3 3 3 3
1882,720,6,0,1
1882,721,6,1,1
1882,722,6,2,1
1882,723,6,3,1
1882,724,6,4,1
1882,725,6,5,1
1882,726,6,6,1
1882,727,6,7,1
1882,728..767,6,8 9 10 11 12 13 14 15,3 3 3 3 3 3 3 3
1883,704..727,6,8 9 10 11 12 13 14 15,3 3 3 3 3 3 3 3
1883,728,6,0,1
1883,729,6,1,1
1883,730,6,2,1
1883,731,6,3,1
1883,732,6,4,1
1883,733,6,5,1
1883,734,6,6,1
1883,735,6,7,1
1883,736..767,6,8 9 10 11 12 13 14 15,3 3 3 3 3 3 3 3
1884,704..735,6,8 9 10 11 12 13 14 15,3 3 3 3 3 3 3 3
1884,736,6,0,1
1884,737,6,1,1
1884,738,6,2,1
1884,739,6,3,1
1884,740,6,4,1
1884,741,6,5,1
1884,742,6,6,1
1884,743,6,7,1
1884,744..767,6,8 9 10 11 12 13 14 15,3 3 3 3 3 3 3 3
1885,704..743,6,8 9 10 11 12 13 14 15,3 3 3 3 3 3 3 3
1885,744,6,0,1
1885,745,6,1,1
1885,746,6,2,1
1885,747,6,3,1
1885,748,6,4,1
1885,749,6,5,1
1885,750,6,6,1
1885,751,6,7,1
1885,752..767,6,8 9 10 11 12 13 14 15,3 3 3 3 3 3 3 3
1886,704..751,6,8 9 10 11 12 13 14 15,3 3 3 3 3 3 3 3
1886,752,6,0,1
1886,753,6,1,1
1886,754,6,2,1
1886,755,6,3,1
1886,756,6,4,1
1886,757,6,5,1
1886,758,6,6,1
1886,759,6,7,1
1886,760..767,6,8 9 10 11 12 13 14 15,3 3 3 3 3 3 3 3
1887,704..759,6,8 9 10 11 12 13 14 15,3 3 3 3 3 3 3 3
1887,760,6,0,1
1887,761,6,1,1
1887,762,6,2,1
1887,763,6,3,1
1887,764,6,4,1
1887,765,6,5,1
1887,766,6,6,1
1887,767,6,7,1
1888..1895,0..767,6,12 13 14 15,3 3 3 3
1888,768,6,0,1
1888,769,6,1,1
1888,770,6,2,1
1888,771,6,3,1
1888,772,6,4,1
1888,773,6,5,1
1888,774,6,6,1
1888,775,6,7,1
1888,776..831,6,8 9 10 11 12 13 14 15,3 3 3 3 3 3 3 3
1888..1895,832..1023,6,12 13 14 15,3 3 3 3
1889,768..775,6,8 9 10 11 12 13 14 15,3 3 3 3 3 3 3 3
1889,776,6,0,1
1889,777,6,1,1
1889,778,6,2,1
1889,779,6,3,1
1889,780,6,4,1
1889,781,6,5,1
1889,782,6,6,1
1889,783,6,7,1
1889,784..831,6,8 9 10 11 12 13 14 15,3 3 3 3 3 3 3 3
1890,768..783,6,8 9 10 11 12 13 14 15,3 3 3 3 3 3 3 3
1890,784,6,0,1
1890,785,6,1,1
1890,786,6,2,1
1890,787,6,3,1
1890,788,6,4,1
1890,789,6,5,1
1890,790,6,6,1
1890,791,6,7,1
1890,792..831,6,8 9 10 11 12 13 14 15,3 3 3 3 3 3 3 3
1891,768..791,6,8 9 10 11 12 13 14 15,3 3 3 3 3 3 3 3
1891,792,6,0,1
1891,793,6,1,1
1891,794,6,2,1
1891,795,6,3,1
1891,796,6,4,1
1891,797,6,5,1
1891,798,6,6,1
1891,799,6,7,1
1891,800..831,6,8 9 10 11 12 13 14 15,3 3 3 3 3 3 3 3
1892,768..799,6,8 9 10 11 12 13 14 15,3 3 3 3 3 3 3 3
1892,800,6,0,1
1892,801,6,1,1
1892,802,6,2,1
1892,803,6,3,1
1892,804,6,4,1
1892,805,6,5,1
1892,806,6,6,1
1892,807,6,7,1
1892,808..831,6,8 9 10 11 12 13 14 15,3 3 3 3 3 3 3 3
1893,768..807,6,8 9 10 11 12 13 14 15,3 3 3 3 3 3 3 3
1893,808,6,0,1
1893,809,6,1,1
1893,810,6,2,1
1893,811,6,3,1
1893,812,6,4,1
1893,813,6,5,1
1893,814,6,6,1
1893,815,6,7,1
1893,816..831,6,8 9 10 11 12 13 14 15,3 3 3 3 3 3 3 3
1894,768..815,6,8 9 10 11 12 13 14 15,3 3 3 3 3 3 3 3
1894,816,6,0,1
1894,817,6,1,1
1894,818,6,2,1
1894,819,6,3,1
1894,820,6,4,1
1894,821,6,5,1
1894,822,6,6,1
1894,823,6,7,1
1894,824..831,6,8 9 10 11 12 13 14 15,3 3 3 3 3 3 3 3
1895,768..823,6,8 9 10 11 12 13 14 15,3 3 3 3 3 3 3 3
1895,824,6,0,1
1895,825,6,1,1
1895,826,6,2,1
1895,827,6,3,1
1895,828,6,4,1
1895,829,6,5,1
1895,830,6,6,1
1895,831,6,7,1
1896..1903,0..831,6,12 13 14 15,3 3 3 3
1896,832,6,0,1
1896,833,6,1,1
1896,834,6,2,1
1896,835,6,3,1
1896,836,6,4,1
1896,837,6,5,1
1896,838,6,6,1
1896,839,6,7,1
1896,840..895,6,8 9 10 11 12 13 14 15,3 3 3 3 3 3 3 3
1896..1903,896..1023,6,12 13 14 15,3 3 3 3
1897,832..839,6,8 9 10 11 12 13 14 15,3 3 3 3 3 3 3 3
1897,840,6,0,1
1897,841,6,1,1
1897,842,6,2,1
1897,843,6,3,1
1897,844,6,4,1
1897,845,6,5,1
1897,846,6,6,1
1897,847,6,7,1
1897,848..895,6,8 9 10 11 12 13 14 15,3 3 3 3 3 3 3 3
1898,832..847,6,8 9 10 11 12 13 14 15,3 3 3 3 3 3 3 3
1898,848,6,0,1
1898,849,6,1,1
1898,850,6,2,1
1898,851,6,3,1
1898,852,6,4,1
1898,853,6,5,1
1898,854,6,6,1
1898,855,6,7,1
1898,856..895,6,8 9 10 11 12 13 14 15,3 3 3 3 3 3 3 3
1899,832..855,6,8 9 10 11 12 13 14 15,3 3 3 3 3 3 3 3
1899,856,6,0,1
1899,857,6,1,1
1899,858,6,2,1
1899,859,6,3,1
1899,860,6,4,1
1899,861,6,5,1
1899,862,6,6,1
1899,863,6,7,1
1899,864..895,6,8 9 10 11 12 13 14 15,3 3 3 3 3 3 3 3
1900,832..863,6,8 9 10 11 12 13 14 15,3 3 3 3 3 3 3 3
1900,864,6,0,1
1900,865,6,1,1
1900,866,6,2,1
1900,867,6,3,1
1900,868,6,4,1
1900,869,6,5,1
1900,870,6,6,1
1900,871,6,7,1
1900,872..895,6,8 9 10 11 12 13 14 15,3 3 3 3 3 3 3 3
1901,832..871,6,8 9 10 11 12 13 14 15,3 3 3 3 3 3 3 3
1901,872,6,0,1
1901,873,6,1,1
1901,874,6,2,1
1901,875,6,3,1
1901,876,6,4,1
1901,877,6,5,1
1901,878,6,6,1
1901,879,6,7,1
1901,880..895,6,8 9 10 11 12 13 14 15,3 3 3 3 3 3 3 3
1902,832..879,6,8 9 10 11 12 13 14 15,3 3 3 3 3 3 3 3
1902,880,6,0,1
1902,881,6,1,1
1902,882,6,2,1
1902,883,6,3,1
1902,884,6,4,1
1902,885,6,5,1
1902,886,6,6,1
1902,887,6,7,1
1902,888..895,6,8 9 10 11 12 13 14 15,3 3 3 3 3 3 3 3
1903,832..887,6,8 9 10 11 12 13 14 15,3 3 3 3 3 3 3 3
1903,888,6,0,1
1903,889,6,1,1
1903,890,6,2,1
1903,891,6,3,1
1903,892,6,4,1
1903,893,6,5,1
1903,894,6,6,1
1903,895,6,7,1
1904..1911,0..895,6,12 13 14 15,3 3 3 3
1904,896,6,0,1
1904,897,6,1,1
1904,898,6,2,1
1904,899,6,3,1
1904,900,6,4,1
1904,901,6,5,1
1904,902,6,6,1
1904,903,6,7,1
1904,904..959,6,8 9 10 11 12 13 14 15,3 3 3 3 3 3 3 3
1904..1911,960..1023,6,12 13 14 15,3 3 3 3
1905,896..903,6,8 9 10 11 12 13 14 15,3 3 3 3 3 3 3 3
1905,904,6,0,1
1905,905,6,1,1
1905,906,6,2,1
1905,907,6,3,1
1905,908,6,4,1
1905,909,6,5,1
1905,910,6,6,1
1905,911,6,7,1
1905,912..959,6,8 9 10 11 12 13 14 15,3 3 3 3 3 3 3 3
1906,896..911,6,8 9 10 11 12 13 14 15,3 3 3 3 3 3 3 3
1906,912,6,0,1
1906,913,6,1,1
1906,914,6,2,1
1906,915,6,3,1
1906,916,6,4,1
1906,917,6,5,1
1906,918,6,6,1
1906,919,6,7,1
1906,920..959,6,8 9 10 11 12 13 14 15,3 3 3 3 3 3 3 3
1907,896..919,6,8 9 10 11 12 13 14 15,3 3 3 3 3 3 3 3
1907,920,6,0,1
1907,921,6,1,1
1907,922,6,2,1
1907,923,6,3,1
1907,924,6,4,1
1907,925,6,5,1
1907,926,6,6,1
1907,927,6,7,1
1907,928..959,6,8 9 10 11 12 13 14 15,3 3 3 3 3 3 3 3
1908,896..927,6,8 9 10 11 12 13 14 15,3 3 3 3 3 3 3 3
1908,928,6,0,1
1908,929,6,1,1
1908,930,6,2,1
1908,931,6,3,1
1908,932,6,4,1
1908,933,6,5,1
1908,934,6,6,1
1908,935,6,7,1
1908,936..959,6,8 9 10 11 12 13 14 15,3 3 3 3 3 3 3 3
1909,896..935,6,8 9 10 11 12 13 14 15,3 3 3 3 3 3 3 3
1909,936,6,0,1
1909,937,6,1,1
1909,938,6,2,1
1909,939,6,3,1
1909,940,6,4,1
1909,941,6,5,1
1909,942,6,6,1
1909,943,6,7,1
1909,944..959,6,8 9 10 11 12 13 14 15,3 3 3 3 3 3 3 3
1910,896..943,6,8 9 10 11 12 13 14 15,3 3 3 3 3 3 3 3
1910,944,6,0,1
1910,945,6,1,1
1910,946,6,2,1
1910,947,6,3,1
1910,948,6,4,1
1910,949,6,5,1
1910,950,6,6,1
1910,951,6,7,1
1910,952..959,6,8 9 10 11 12 13 14 15,3 3 3 3 3 3 3 3
1911,896..951,6,8 9 10 11 12 13 14 15,3 3 3 3 3 3 3 3
1911,952,6,0,1
1911,953,6,1,1
1911,954,6,2,1
1911,955,6,3,1
1911,956,6,4,1
1911,957,6,5,1
1911,958,6,6,1
1911,959,6,7,1
1912..1919,0..959,6,12 13 14 15,3 3 3 3
1912,960,6,0,1
1912,961,6,1,1
1912,962,6,2,1
1912,963,6,3,1
1912,964,6,4,1
1912,965,6,5,1
1912,966,6,6,1
1912,967,6,7,1
1912,968..1023,6,8 9 10 11 12 13 14 15,3 3 3 3 3 3 3 3
1913,960..967,6,8 9 10 11 12 13 14 15,3 3 3 3 3 3 3 3
1913,968,6,0,1
1913,969,6,1,1
1913,970,6,2,1
1913,971,6,3,1
1913,972,6,4,1
1913,973,6,5,1
1913,974,6,6,1
1913,975,6,7,1
1913,976..1023,6,8 9 10 11 12 13 14 15,3 3 3 3 3 3 3 3
1914,960..975,6,8 9 10 11 12 13 14 15,3 3 3 3 3 3 3 3
1914,976,6,0,1
1914,977,6,1,1
1914,978,6,2,1
1914,979,6,3,1
1914,980,6,4,1
1914,981,6,5,1
1914,982,6,6,1
1914,983,6,7,1
1914,984..1023,6,8 9 10 11 12 13 14 15,3 3 3 3 3 3 3 3
1915,960..983,6,8 9 10 11 12 13 14 15,3 3 3 3 3 3 3 3
1915,984,6,0,1
1915,985,6,1,1
1915,986,6,2,1
1915,987,6,3,1
1915,988,6,4,1
1915,989,6,5,1
1915,990,6,6,1
1915,991,6,7,1
1915,992..1023,6,8 9 10 11 12 13 14 15,3 3 3 3 3 3 3 3
1916,960..991,6,8 9 10 11 12 13 14 15,3 3 3 3 3 3 3 3
1916,992,6,0,1
1916,993,6,1,1
1916,994,6,2,1
1916,995,6,3,1
1916,996,6,4,1
1916,997,6,5,1
1916,998,6,6,1
1916,999,6,7,1
1916,1000..1023,6,8 9 10 11 12 13 14 15,3 3 3 3 3 3 3 3
1917,960..999,6,8 9 10 11 12 13 14 15,3 3 3 3 3 3 3 3
1917,1000,6,0,1
1917,1001,6,1,1
1917,1002,6,2,1
1917,1003,6,3,1
1917,1004,6,4,1
1917,1005,6,5,1
1917,1006,6,6,1
1917,1007,6,7,1
1917,1008..1023,6,8 9 10 11 12 13 14 15,3 3 3 3 3 3 3 3
1918,960..1007,6,8 9 10 11 12 13 14 15,3 3 3 3 3 3 3 3
1918,1008,6,0,1
1918,1009,6,1,1
1918,1010,6,2,1
1918,1011,6,3,1
1918,1012,6,4,1
1918,1013,6,5,1
1918,1014,6,6,1
1918,1015,6,7,1
1918,1016..1023,6,8 9 10 11 12 13 14 15,3 3 3 3 3 3 3 3
1919,960..1015,6,8 9 10 11 12 13 14 15,3 3 3 3 3 3 3 3
1919,1016,6,0,1
1919,1017,6,1,1
1919,1018,6,2,1
1919,1019,6,3,1
1919,1020,6,4,1
1919,1021,6,5,1
1919,1022,6,6,1
1919,1023,6,7,1
1920,0,7,0,1
1920,1,7,1,1
1920,2,7,2,1
1920,3,7,3,1
1920,4,7,4,1
1920,5,7,5,1
1920,6,7,6,1
1920,7,7,7,1
1920,8..63,7,8 9 10 11 12 13 14 15,3 3 3 3 3 3 3 3
1920..1927,64..1023,7,12 13 14 15,3 3 3 3
1921,0..7,7,8 9 10 11 12 13 14 15,3 3 3 3 3 3 3 3
1921,8,7,0,1
1921,9,7,1,1
1921,10,7,2,1
1921,11,7,3,1
1921,12,7,4,1
1921,13,7,5,1
1921,14,7,6,1
1921,15,7,7,1
1921,16..63,7,8 9 10 11 12 13 14 15,3 3 3 3 3 3 3 3
1922,0..15,7,8 9 10 11 12 13 14 15,3 3 3 3 3 3 3 3
1922,16,7,0,1
1922,17,7,1,1
1922,18,7,2,1
1922,19,7,3,1
1922,20,7,4,1
1922,21,7,5,1
1922,22,7,6,1
1922,23,7,7,1
1922,24..63,7,8 9 10 11 12 13 14 15,3 3 3 3 3 3 3 3
1923,0..23,7,8 9 10 11 12 13 14 15,3 3 3 3 3 3 3 3
1923,24,7,0,1
1923,25,7,1,1
1923,26,7,2,1
1923,27,7,3,1
1923,28,7,4,1
1923,29,7,5,1
1923,30,7,6,1
1923,31,7,7,1
1923,32..63,7,8 9 10 11 12 13 14 15,3 3 3 3 3 3 3 3
1924,0..31,7,8 9 10 11 12 13 14 15,3 3 3 3 3 3 3 3
1924,32,7,0,1
1924,33,7,1,1
1924,34,7,2,1
1924,35,7,3,1
1924,36,7,4,1
1924,37,7,5,1
1924,38,7,6,1
1924,39,7,7,1
1924,40..63,7,8 9 10 11 12 13 14 15,3 3 3 3 3 3 3 3
1925,0..39,7,8 9 10 11 12 13 14 15,3 3 3 3 3 3 3 3
1925,40,7,0,1
1925,41,7,1,1
1925,42,7,2,1
1925,43,7,3,1
1925,44,7,4,1
1925,45,7,5,1
1925,46,7,6,1
1925,47,7,7,1
1925,48..63,7,8 9 10 11 12 13 14 15,3 3 3 3 3 3 3 3
1926,0..47,7,8 9 10 11 12 13 14 15,3 3 3 3 3 3 3 3
1926,48,7,0,1
1926,49,7,1,1
1926,50,7,2,1
1926,51,7,3,1
1926,52,7,4,1
1926,53,7,5,1
1926,54,7,6,1
1926,55,7,7,1
1926,56..63,7,8 9 10 11 12 13 14 15,3 3 3 3 3 3 3 3
1927,0..55,7,8 9 10 11 12 13 14 15,3 3 3 3 3 3 3 3
1927,56,7,0,1
1927,57,7,1,1
1927,58,7,2,1
1927,59,7,3,1
1927,60,7,4,1
1927,61,7,5,1
1927,62,7,6,1
1927,63,7,7,1
1928..1935,0..63,7,12 13 14 15,3 3 3 3
1928,64,7,0,1
1928,65,7,1,1
1928,66,7,2,1
1928,67,7,3,1
1928,68,7,4,1
1928,69,7,5,1
1928,70,7,6,1
1928,71,7,7,1
1928,72..127,7,8 9 10 11 12 13 14 15,3 3 3 3 3 3 3 3
1928..1935,128..1023,7,12 13 14 15,3 3 3 3
1929,64..71,7,8 9 10 11 12 13 14 15,3 3 3 3 3 3 3 3
1929,72,7,0,1
1929,73,7,1,1
1929,74,7,2,1
1929,75,7,3,1
1929,76,7,4,1
1929,77,7,5,1
1929,78,7,6,1
1929,79,7,7,1
1929,80..127,7,8 9 10 11 12 13 14 15,3 3 3 3 3 3 3 3
1930,64..79,7,8 9 10 11 12 13 14 15,3 3 3 3 3 3 3 3
1930,80,7,0,1
1930,81,7,1,1
1930,82,7,2,1
1930,83,7,3,1
1930,84,7,4,1
1930,85,7,5,1
1930,86,7,6,1
1930,87,7,7,1
1930,88..127,7,8 9 10 11 12 13 14 15,3 3 3 3 3 3 3 3
1931,64..87,7,8 9 10 11 12 13 14 15,3 3 3 3 3 3 3 3
1931,88,7,0,1
1931,89,7,1,1
1931,90,7,2,1
1931,91,7,3,1
1931,92,7,4,1
1931,93,7,5,1
1931,94,7,6,1
1931,95,7,7,1
1931,96..127,7,8 9 10 11 12 13 14 15,3 3 3 3 3 3 3 3
1932,64..95,7,8 9 10 11 12 13 14 15,3 3 3 3 3 3 3 3
1932,96,7,0,1
1932,97,7,1,1
1932,98,7,2,1
1932,99,7,3,1
1932,100,7,4,1
1932,101,7,5,1
1932,102,7,6,1
1932,103,7,7,1
1932,104..127,7,8 9 10 11 12 13 14 15,3 3 3 3 3 3 3 3
1933,64..103,7,8 9 10 11 12 13 14 15,3 3 3 3 3 3 3 3
1933,104,7,0,1
1933,105,7,1,1
1933,106,7,2,1
1933,107,7,3,1
1933,108,7,4,1
1933,109,7,5,1
1933,110,7,6,1
1933,111,7,7,1
1933,112..127,7,8 9 10 11 12 13 14 15,3 3 3 3 3 3 3 3
1934,64..111,7,8 9 10 11 12 13 14 15,3 3 3 3 3 3 3 3
1934,112,7,0,1
1934,113,7,1,1
1934,114,7,2,1
1934,115,7,3,1
1934,116,7,4,1
1934,117,7,5,1
1934,118,7,6,1
1934,119,7,7,1
1934,120..127,7,8 9 10 11 12 13 14 15,3 3 3 3 3 3 3 3
1935,64..119,7,8 9 10 11 12 13 14 15,3 3 3 3 3 3 3 3
1935,120,7,0,1
1935,121,7,1,1
1935,122,7,2,1
1935,123,7,3,1
1935,124,7,4,1
1935,125,7,5,1
1935,126,7,6,1
1935,127,7,7,1
1936..1943,0..127,7,12 13 14 15,3 3 3 3
1936,128,7,0,1
1936,129,7,1,1
1936,130,7,2,1
1936,131,7,3,1
1936,132,7,4,1
1936,133,7,5,1
1936,134,7,6,1
1936,135,7,7,1
1936,136..191,7,8 9 10 11 12 13 14 15,3 3 3 3 3 3 3 3
1936..1943,192..1023,7,12 13 14 15,3 3 3 3
1937,128..135,7,8 9 10 11 12 13 14 15,3 3 3 3 3 3 3 3
1937,136,7,0,1
1937,137,7,1,1
1937,138,7,2,1
1937,139,7,3,1
1937,140,7,4,1
1937,141,7,5,1
1937,142,7,6,1
1937,143,7,7,1
1937,144..191,7,8 9 10 11 12 13 14 15,3 3 3 3 3 3 3 3
1938,128..143,7,8 9 10 11 12 13 14 15,3 3 3 3 3 3 3 3
1938,144,7,0,1
1938,145,7,1,1
1938,146,7,2,1
1938,147,7,3,1
1938,148,7,4,1
1938,149,7,5,1
1938,150,7,6,1
1938,151,7,7,1
1938,152..191,7,8 9 10 11 12 13 14 15,3 3 3 3 3 3 3 3
1939,128..151,7,8 9 10 11 12 13 14 15,3 3 3 3 3 3 3 3
1939,152,7,0,1
1939,153,7,1,1
1939,154,7,2,1
1939,155,7,3,1
1939,156,7,4,1
1939,157,7,5,1
1939,158,7,6,1
1939,159,7,7,1
1939,160..191,7,8 9 10 11 12 13 14 15,3 3 3 3 3 3 3 3
1940,128..159,7,8 9 10 11 12 13 14 15,3 3 3 3 3 3 3 3
1940,160,7,0,1
1940,161,7,1,1
1940,162,7,2,1
1940,163,7,3,1
1940,164,7,4,1
1940,165,7,5,1
1940,166,7,6,1
1940,167,7,7,1
1940,168..191,7,8 9 10 11 12 13 14 15,3 3 3 3 3 3 3 3
1941,128..167,7,8 9 10 11 12 13 14 15,3 3 3 3 3 3 3 3
1941,168,7,0,1
1941,169,7,1,1
1941,170,7,2,1
1941,171,7,3,1
1941,172,7,4,1
1941,173,7,5,1
1941,174,7,6,1
1941,175,7,7,1
1941,176..191,7,8 9 10 11 12 13 14 15,3 3 3 3 3 3 3 3
1942,128..175,7,8 9 10 11 12 13 14 15,3 3 3 3 3 3 3 3
1942,176,7,0,1
1942,177,7,1,1
1942,178,7,2,1
1942,179,7,3,1
1942,180,7,4,1
1942,181,7,5,1
1942,182,7,6,1
1942,183,7,7,1
1942,184..191,7,8 9 10 11 12 13 14 15,3 3 3 3 3 3 3 3
1943,128..183,7,8 9 10 11 12 13 14 15,3 3 3 3 3 3 3 3
1943,184,7,0,1
1943,185,7,1,1
1943,186,7,2,1
1943,187,7,3,1
1943,188,7,4,1
1943,189,7,5,1
1943,190,7,6,1
1943,191,7,7,1
1944..1951,0..191,7,12 13 14 15,3 3 3 3
1944,192,7,0,1
1944,193,7,1,1
1944,194,7,2,1
1944,195,7,3,1
1944,196,7,4,1
1944,197,7,5,1
1944,198,7,6,1
1944,199,7,7,1
1944,200..255,7,8 9 10 11 12 13 14 15,3 3 3 3 3 3 3 3
1944..1951,256..1023,7,12 13 14 15,3 3 3 3
1945,192..199,7,8 9 10 11 12 13 14 15,3 3 3 3 3 3 3 3
1945,200,7,0,1
1945,201,7,1,1
1945,202,7,2,1
1945,203,7,3,1
1945,204,7,4,1
1945,205,7,5,1
1945,206,7,6,1
1945,207,7,7,1
1945,208..255,7,8 9 10 11 12 13 14 15,3 3 3 3 3 3 3 3
1946,192..207,7,8 9 10 11 12 13 14 15,3 3 3 3 3 3 3 3
1946,208,7,0,1
1946,209,7,1,1
1946,210,7,2,1
1946,211,7,3,1
1946,212,7,4,1
1946,213,7,5,1
1946,214,7,6,1
1946,215,7,7,1
1946,216..255,7,8 9 10 11 12 13 14 15,3 3 3 3 3 3 3 3
1947,192..215,7,8 9 10 11 12 13 14 15,3 3 3 3 3 3 3 3
1947,216,7,0,1
1947,217,7,1,1
1947,218,7,2,1
1947,219,7,3,1
1947,220,7,4,1
1947,221,7,5,1
1947,222,7,6,1
1947,223,7,7,1
1947,224..255,7,8 9 10 11 12 13 14 15,3 3 3 3 3 3 3 3
1948,192..223,7,8 9 10 11 12 13 14 15,3 3 3 3 3 3 3 3
1948,224,7,0,1
1948,225,7,1,1
1948,226,7,2,1
1948,227,7,3,1
1948,228,7,4,1
1948,229,7,5,1
1948,230,7,6,1
1948,231,7,7,1
1948,232..255,7,8 9 10 11 12 13 14 15,3 3 3 3 3 3 3 3
1949,192..231,7,8 9 10 11 12 13 14 15,3 3 3 3 3 3 3 3
1949,232,7,0,1
1949,233,7,1,1
1949,234,7,2,1
1949,235,7,3,1
1949,236,7,4,1
1949,237,7,5,1
1949,238,7,6,1
1949,239,7,7,1
1949,240..255,7,8 9 10 11 12 13 14 15,3 3 3 3 3 3 3 3
1950,192..239,7,8 9 10 11 12 13 14 15,3 3 3 3 3 3 3 3
1950,240,7,0,1
1950,241,7,1,1
1950,242,7,2,1
1950,243,7,3,1
1950,244,7,4,1
1950,245,7,5,1
1950,246,7,6,1
1950,247,7,7,1
1950,248..255,7,8 9 10 11 12 13 14 15,3 3 3 3 3 3 3 3
1951,192..247,7,8 9 10 11 12 13 14 15,3 3 3 3 3 3 3 3
1951,248,7,0,1
1951,249,7,1,1
1951,250,7,2,1
1951,251,7,3,1
1951,252,7,4,1
1951,253,7,5,1
1951,254,7,6,1
1951,255,7,7,1
1952..1959,0..255,7,12 13 14 15,3 3 3 3
1952,256,7,0,1
1952,257,7,1,1
1952,258,7,2,1
1952,259,7,3,1
1952,260,7,4,1
1952,261,7,5,1
1952,262,7,6,1
1952,263,7,7,1
1952,264..319,7,8 9 10 11 12 13 14 15,3 3 3 3 3 3 3 3
1952..1959,320..1023,7,12 13 14 15,3 3 3 3
1953,256..263,7,8 9 10 11 12 13 14 15,3 3 3 3 3 3 3 3
1953,264,7,0,1
1953,265,7,1,1
1953,266,7,2,1
1953,267,7,3,1
1953,268,7,4,1
1953,269,7,5,1
1953,270,7,6,1
1953,271,7,7,1
1953,272..319,7,8 9 10 11 12 13 14 15,3 3 3 3 3 3 3 3
1954,256..271,7,8 9 10 11 12 13 14 15,3 3 3 3 3 3 3 3
1954,272,7,0,1
1954,273,7,1,1
1954,274,7,2,1
1954,275,7,3,1
1954,276,7,4,1
1954,277,7,5,1
1954,278,7,6,1
1954,279,7,7,1
1954,280..319,7,8 9 10 11 12 13 14 15,3 3 3 3 3 3 3 3
1955,256..279,7,8 9 10 11 12 13 14 15,3 3 3 3 3 3 3 3
1955,280,7,0,1
1955,281,7,1,1
1955,282,7,2,1
1955,283,7,3,1
1955,284,7,4,1
1955,285,7,5,1
1955,286,7,6,1
1955,287,7,7,1
1955,288..319,7,8 9 10 11 12 13 14 15,3 3 3 3 3 3 3 3
1956,256..287,7,8 9 10 11 12 13 14 15,3 3 3 3 3 3 3 3
1956,288,7,0,1
1956,289,7,1,1
1956,290,7,2,1
1956,291,7,3,1
1956,292,7,4,1
1956,293,7,5,1
1956,294,7,6,1
1956,295,7,7,1
1956,296..319,7,8 9 10 11 12 13 14 15,3 3 3 3 3 3 3 3
1957,256..295,7,8 9 10 11 12 13 14 15,3 3 3 3 3 3 3 3
1957,296,7,0,1
1957,297,7,1,1
1957,298,7,2,1
1957,299,7,3,1
1957,300,7,4,1
1957,301,7,5,1
1957,302,7,6,1
1957,303,7,7,1
1957,304..319,7,8 9 10 11 12 13 14 15,3 3 3 3 3 3 3 3
1958,256..303,7,8 9 10 11 12 13 14 15,3 3 3 3 3 3 3 3
1958,304,7,0,1
1958,305,7,1,1
1958,306,7,2,1
1958,307,7,3,1
1958,308,7,4,1
1958,309,7,5,1
1958,310,7,6,1
1958,311,7,7,1
1958,312..319,7,8 9 10 11 12 13 14 15,3 3 3 3 3 3 3 3
1959,256..311,7,8 9 10 11 12 13 14 15,3 3 3 3 3 3 3 3
1959,312,7,0,1
1959,313,7,1,1
1959,314,7,2,1
1959,315,7,3,1
1959,316,7,4,1
1959,317,7,5,1
1959,318,7,6,1
1959,319,7,7,1
1960..1967,0..319,7,12 13 14 15,3 3 3 3
1960,320,7,0,1
1960,321,7,1,1
1960,322,7,2,1
1960,323,7,3,1
1960,324,7,4,1
1960,325,7,5,1
1960,326,7,6,1
1960,327,7,7,1
1960,328..383,7,8 9 10 11 12 13 14 15,3 3 3 3 3 3 3 3
1960..1967,384..1023,7,12 13 14 15,3 3 3 3
1961,320..327,7,8 9 10 11 12 13 14 15,3 3 3 3 3 3 3 3
1961,328,7,0,1
1961,329,7,1,1
1961,330,7,2,1
1961,331,7,3,1
1961,332,7,4,1
1961,333,7,5,1
1961,334,7,6,1
1961,335,7,7,1
1961,336..383,7,8 9 10 11 12 13 14 15,3 3 3 3 3 3 3 3
1962,320..335,7,8 9 10 11 12 13 14 15,3 3 3 3 3 3 3 3
1962,336,7,0,1
1962,337,7,1,1
1962,338,7,2,1
1962,339,7,3,1
1962,340,7,4,1
1962,341,7,5,1
1962,342,7,6,1
1962,343,7,7,1
1962,344..383,7,8 9 10 11 12 13 14 15,3 3 3 3 3 3 3 3
1963,320..343,7,8 9 10 11 12 13 14 15,3 3 3 3 3 3 3 3
1963,344,7,0,1
1963,345,7,1,1
1963,346,7,2,1
1963,347,7,3,1
1963,348,7,4,1
1963,349,7,5,1
1963,350,7,6,1
1963,351,7,7,1
1963,352..383,7,8 9 10 11 12 13 14 15,3 3 3 3 3 3 3 3
1964,320..351,7,8 9 10 11 12 13 14 15,3 3 3 3 3 3 3 3
1964,352,7,0,1
1964,353,7,1,1
1964,354,7,2,1
1964,355,7,3,1
1964,356,7,4,1
1964,357,7,5,1
1964,358,7,6,1
1964,359,7,7,1
1964,360..383,7,8 9 10 11 12 13 14 15,3 3 3 3 3 3 3 3
1965,320..359,7,8 9 10 11 12 13 14 15,3 3 3 3 3 3 3 3
1965,360,7,0,1
1965,361,7,1,1
1965,362,7,2,1
1965,363,7,3,1
1965,364,7,4,1
1965,365,7,5,1
1965,366,7,6,1
1965,367,7,7,1
1965,368..383,7,8 9 10 11 12 13 14 15,3 3 3 3 3 3 3 3
1966,320..367,7,8 9 10 11 12 13 14 15,3 3 3 3 3 3 3 3
1966,368,7,0,1
1966,369,7,1,1
1966,370,7,2,1
1966,371,7,3,1
1966,372,7,4,1
1966,373,7,5,1
1966,374,7,6,1
1966,375,7,7,1
1966,376..383,7,8 9 10 11 12 13 14 15,3 3 3 3 3 3 3 3
1967,320..375,7,8 9 10 11 12 13 14 15,3 3 3 3 3 3 3 3
1967,376,7,0,1
1967,377,7,1,1
1967,378,7,2,1
1967,379,7,3,1
1967,380,7,4,1
1967,381,7,5,1
1967,382,7,6,1
1967,383,7,7,1
1968..1975,0..383,7,12 13 14 15,3 3 3 3
1968,384,7,0,1
1968,385,7,1,1
1968,386,7,2,1
1968,387,7,3,1
1968,388,7,4,1
1968,389,7,5,1
1968,390,7,6,1
1968,391,7,7,1
1968,392..447,7,8 9 10 11 12 13 14 15,3 3 3 3 3 3 3 3
1968..1975,448..1023,7,12 13 14 15,3 3 3 3
1969,384..391,7,8 9 10 11 12 13 14 15,3 3 3 3 3 3 3 3
1969,392,7,0,1
1969,393,7,1,1
1969,394,7,2,1
1969,395,7,3,1
1969,396,7,4,1
1969,397,7,5,1
1969,398,7,6,1
1969,399,7,7,1
1969,400..447,7,8 9 10 11 12 13 14 15,3 3 3 3 3 3 3 3
1970,384..399,7,8 9 10 11 12 13 14 15,3 3 3 3 3 3 3 3
1970,400,7,0,1
1970,401,7,1,1
1970,402,7,2,1
1970,403,7,3,1
1970,404,7,4,1
1970,405,7,5,1
1970,406,7,6,1
1970,407,7,7,1
1970,408..447,7,8 9 10 11 12 13 14 15,3 3 3 3 3 3 3 3
1971,384..407,7,8 9 10 11 12 13 14 15,3 3 3 3 3 3 3 3
1971,408,7,0,1
1971,409,7,1,1
1971,410,7,2,1
1971,411,7,3,1
1971,412,7,4,1
1971,413,7,5,1
1971,414,7,6,1
1971,415,7,7,1
1971,416..447,7,8 9 10 11 12 13 14 15,3 3 3 3 3 3 3 3
1972,384..415,7,8 9 10 11 12 13 14 15,3 3 3 3 3 3 3 3
1972,416,7,0,1
1972,417,7,1,1
1972,418,7,2,1
1972,419,7,3,1
1972,420,7,4,1
1972,421,7,5,1
1972,422,7,6,1
1972,423,7,7,1
1972,424..447,7,8 9 10 11 12 13 14 15,3 3 3 3 3 3 3 3
1973,384..423,7,8 9 10 11 12 13 14 15,3 3 3 3 3 3 3 3
1973,424,7,0,1
1973,425,7,1,1
1973,426,7,2,1
1973,427,7,3,1
1973,428,7,4,1
1973,429,7,5,1
1973,430,7,6,1
1973,431,7,7,1
1973,432..447,7,8 9 10 11 12 13 14 15,3 3 3 3 3 3 3 3
1974,384..431,7,8 9 10 11 12 13 14 15,3 3 3 3 3 3 3 3
1974,432,7,0,1
1974,433,7,1,1
1974,434,7,2,1
1974,435,7,3,1
1974,436,7,4,1
1974,437,7,5,1
1974,438,7,6,1
1974,439,7,7,1
1974,440..447,7,8 9 10 11 12 13 14 15,3 3 3 3 3 3 3 3
1975,384..439,7,8 9 10 11 12 13 14 15,3 3 3 3 3 3 3 3
1975,440,7,0,1
1975,441,7,1,1
1975,442,7,2,1
1975,443,7,3,1
1975,444,7,4,1
1975,445,7,5,1
1975,446,7,6,1
1975,447,7,7,1
1976..1983,0..447,7,12 13 14 15,3 3 3 3
1976,448,7,0,1
1976,449,7,1,1
1976,450,7,2,1
1976,451,7,3,1
1976,452,7,4,1
1976,453,7,5,1
1976,454,7,6,1
1976,455,7,7,1
1976,456..511,7,8 9 10 11 12 13 14 15,3 3 3 3 3 3 3 3
1976..1983,512..1023,7,12 13 14 15,3 3 3 3
1977,448..455,7,8 9 10 11 12 13 14 15,3 3 3 3 3 3 3 3
1977,456,7,0,1
1977,457,7,1,1
1977,458,7,2,1
1977,459,7,3,1
1977,460,7,4,1
1977,461,7,5,1
1977,462,7,6,1
1977,463,7,7,1
1977,464..511,7,8 9 10 11 12 13 14 15,3 3 3 3 3 3 3 3
1978,448..463,7,8 9 10 11 12 13 14 15,3 3 3 3 3 3 3 3
1978,464,7,0,1
1978,465,7,1,1
1978,466,7,2,1
1978,467,7,3,1
1978,468,7,4,1
1978,469,7,5,1
1978,470,7,6,1
1978,471,7,7,1
1978,472..511,7,8 9 10 11 12 13 14 15,3 3 3 3 3 3 3 3
1979,448..471,7,8 9 10 11 12 13 14 15,3 3 3 3 3 3 3 3
1979,472,7,0,1
1979,473,7,1,1
1979,474,7,2,1
1979,475,7,3,1
1979,476,7,4,1
1979,477,7,5,1
1979,478,7,6,1
1979,479,7,7,1
1979,480..511,7,8 9 10 11 12 13 14 15,3 3 3 3 3 3 3 3
1980,448..479,7,8 9 10 11 12 13 14 15,3 3 3 3 3 3 3 3
1980,480,7,0,1
1980,481,7,1,1
1980,482,7,2,1
1980,483,7,3,1
1980,484,7,4,1
1980,485,7,5,1
1980,486,7,6,1
1980,487,7,7,1
1980,488..511,7,8 9 10 11 12 13 14 15,3 3 3 3 3 3 3 3
1981,448..487,7,8 9 10 11 12 13 14 15,3 3 3 3 3 3 3 3
1981,488,7,0,1
1981,489,7,1,1
1981,490,7,2,1
1981,491,7,3,1
1981,492,7,4,1
1981,493,7,5,1
1981,494,7,6,1
1981,495,7,7,1
1981,496..511,7,8 9 10 11 12 13 14 15,3 3 3 3 3 3 3 3
1982,448..495,7,8 9 10 11 12 13 14 15,3 3 3 3 3 3 3 3
1982,496,7,0,1
1982,497,7,1,1
1982,498,7,2,1
1982,499,7,3,1
1982,500,7,4,1
1982,501,7,5,1
1982,502,7,6,1
1982,503,7,7,1
1982,504..511,7,8 9 10 11 12 13 14 15,3 3 3 3 3 3 3 3
1983,448..503,7,8 9 10 11 12 13 14 15,3 3 3 3 3 3 3 3
1983,504,7,0,1
1983,505,7,1,1
1983,506,7,2,1
1983,507,7,3,1
1983,508,7,4,1
1983,509,7,5,1
1983,510,7,6,1
1983,511,7,7,1
1984..1991,0..511,7,12 13 14 15,3 3 3 3
1984,512,7,0,1
1984,513,7,1,1
1984,514,7,2,1
1984,515,7,3,1
1984,516,7,4,1
1984,517,7,5,1
1984,518,7,6,1
1984,519,7,7,1
1984,520..575,7,8 9 10 11 12 13 14 15,3 3 3 3 3 3 3 3
1984..1991,576..1023,7,12 13 14 15,3 3 3 3
1985,512..519,7,8 9 10 11 12 13 14 15,3 3 3 3 3 3 3 3
1985,520,7,0,1
1985,521,7,1,1
1985,522,7,2,1
1985,523,7,3,1
1985,524,7,4,1
1985,525,7,5,1
1985,526,7,6,1
1985,527,7,7,1
1985,528..575,7,8 9 10 11 12 13 14 15,3 3 3 3 3 3 3 3
1986,512..527,7,8 9 10 11 12 13 14 15,3 3 3 3 3 3 3 3
1986,528,7,0,1
1986,529,7,1,1
1986,530,7,2,1
1986,531,7,3,1
1986,532,7,4,1
1986,533,7,5,1
1986,534,7,6,1
1986,535,7,7,1
1986,536..575,7,8 9 10 11 12 13 14 15,3 3 3 3 3 3 3 3
1987,512..535,7,8 9 10 11 12 13 14 15,3 3 3 3 3 3 3 3
1987,536,7,0,1
1987,537,7,1,1
1987,538,7,2,1
1987,539,7,3,1
1987,540,7,4,1
1987,541,7,5,1
1987,542,7,6,1
1987,543,7,7,1
1987,544..575,7,8 9 10 11 12 13 14 15,3 3 3 3 3 3 3 3
1988,512..543,7,8 9 10 11 12 13 14 15,3 3 3 3 3 3 3 3
1988,544,7,0,1
1988,545,7,1,1
1988,546,7,2,1
1988,547,7,3,1
1988,548,7,4,1
1988,549,7,5,1
1988,550,7,6,1
1988,551,7,7,1
1988,552..575,7,8 9 10 11 12 13 14 15,3 3 3 3 3 3 3 3
1989,512..551,7,8 9 10 11 12 13 14 15,3 3 3 3 3 3 3 3
1989,552,7,0,1
1989,553,7,1,1
1989,554,7,2,1
1989,555,7,3,1
1989,556,7,4,1
1989,557,7,5,1
1989,558,7,6,1
1989,559,7,7,1
1989,560..575,7,8 9 10 11 12 13 14 15,3 3 3 3 3 3 3 3
1990,512..559,7,8 9 10 11 12 13 14 15,3 3 3 3 3 3 3 3
1990,560,7,0,1
1990,561,7,1,1
1990,562,7,2,1
1990,563,7,3,1
1990,564,7,4,1
1990,565,7,5,1
1990,566,7,6,1
1990,567,7,7,1
1990,568..575,7,8 9 10 11 12 13 14 15,3 3 3 3 3 3 3 3
1991,512..567,7,8 9 10 11 12 13 14 15,3 3 3 3 3 3 3 3
1991,568,7,0,1
1991,569,7,1,1
1991,570,7,2,1
1991,571,7,3,1
1991,572,7,4,1
1991,573,7,5,1
1991,574,7,6,1
1991,575,7,7,1
1992..1999,0..575,7,12 13 14 15,3 3 3 3
1992,576,7,0,1
1992,577,7,1,1
1992,578,7,2,1
1992,579,7,3,1
1992,580,7,4,1
1992,581,7,5,1
1992,582,7,6,1
1992,583,7,7,1
1992,584..639,7,8 9 10 11 12 13 14 15,3 3 3 3 3 3 3 3
1992..1999,640..1023,7,12 13 14 15,3 3 3 3
1993,576..583,7,8 9 10 11 12 13 14 15,3 3 3 3 3 3 3 3
1993,584,7,0,1
1993,585,7,1,1
1993,586,7,2,1
1993,587,7,3,1
1993,588,7,4,1
1993,589,7,5,1
1993,590,7,6,1
1993,591,7,7,1
1993,592..639,7,8 9 10 11 12 13 14 15,3 3 3 3 3 3 3 3
1994,576..591,7,8 9 10 11 12 13 14 15,3 3 3 3 3 3 3 3
1994,592,7,0,1
1994,593,7,1,1
1994,594,7,2,1
1994,595,7,3,1
1994,596,7,4,1
1994,597,7,5,1
1994,598,7,6,1
1994,599,7,7,1
1994,600..639,7,8 9 10 11 12 13 14 15,3 3 3 3 3 3 3 3
1995,576..599,7,8 9 10 11 12 13 14 15,3 3 3 3 3 3 3 3
1995,600,7,0,1
1995,601,7,1,1
1995,602,7,2,1
1995,603,7,3,1
1995,604,7,4,1
1995,605,7,5,1
1995,606,7,6,1
1995,607,7,7,1
1995,608..639,7,8 9 10 11 12 13 14 15,3 3 3 3 3 3 3 3
1996,576..607,7,8 9 10 11 12 13 14 15,3 3 3 3 3 3 3 3
1996,608,7,0,1
1996,609,7,1,1
1996,610,7,2,1
1996,611,7,3,1
1996,612,7,4,1
1996,613,7,5,1
1996,614,7,6,1
1996,615,7,7,1
1996,616..639,7,8 9 10 11 12 13 14 15,3 3 3 3 3 3 3 3
1997,576..615,7,8 9 10 11 12 13 14 15,3 3 3 3 3 3 3 3
1997,616,7,0,1
1997,617,7,1,1
1997,618,7,2,1
1997,619,7,3,1
1997,620,7,4,1
1997,621,7,5,1
1997,622,7,6,1
1997,623,7,7,1
1997,624..639,7,8 9 10 11 12 13 14 15,3 3 3 3 3 3 3 3
1998,576..623,7,8 9 10 11 12 13 14 15,3 3 3 3 3 3 3 3
1998,624,7,0,1
1998,625,7,1,1
1998,626,7,2,1
1998,627,7,3,1
1998,628,7,4,1
1998,629,7,5,1
1998,630,7,6,1
1998,631,7,7,1
1998,632..639,7,8 9 10 11 12 13 14 15,3 3 3 3 3 3 3 3
1999,576..631,7,8 9 10 11 12 13 14 15,3 3 3 3 3 3 3 3
1999,632,7,0,1
1999,633,7,1,1
1999,634,7,2,1
1999,635,7,3,1
1999,636,7,4,1
1999,637,7,5,1
1999,638,7,6,1
1999,639,7,7,1
2000..2007,0..639,7,12 13 14 15,3 3 3 3
2000,640,7,0,1
2000,641,7,1,1
2000,642,7,2,1
2000,643,7,3,1
2000,644,7,4,1
2000,645,7,5,1
2000,646,7,6,1
2000,647,7,7,1
2000,648..703,7,8 9 10 11 12 13 14 15,3 3 3 3 3 3 3 3
2000..2007,704..1023,7,12 13 14 15,3 3 3 3
2001,640..647,7,8 9 10 11 12 13 14 15,3 3 3 3 3 3 3 3
2001,648,7,0,1
2001,649,7,1,1
2001,650,7,2,1
2001,651,7,3,1
2001,652,7,4,1
2001,653,7,5,1
2001,654,7,6,1
2001,655,7,7,1
2001,656..703,7,8 9 10 11 12 13 14 15,3 3 3 3 3 3 3 3
2002,640..655,7,8 9 10 11 12 13 14 15,3 3 3 3 3 3 3 3
2002,656,7,0,1
2002,657,7,1,1
2002,658,7,2,1
2002,659,7,3,1
2002,660,7,4,1
2002,661,7,5,1
2002,662,7,6,1
2002,663,7,7,1
2002,664..703,7,8 9 10 11 12 13 14 15,3 3 3 3 3 3 3 3
2003,640..663,7,8 9 10 11 12 13 14 15,3 3 3 3 3 3 3 3
2003,664,7,0,1
2003,665,7,1,1
2003,666,7,2,1
2003,667,7,3,1
2003,668,7,4,1
2003,669,7,5,1
2003,670,7,6,1
2003,671,7,7,1
2003,672..703,7,8 9 10 11 12 13 14 15,3 3 3 3 3 3 3 3
2004,640..671,7,8 9 10 11 12 13 14 15,3 3 3 3 3 3 3 3
2004,672,7,0,1
2004,673,7,1,1
2004,674,7,2,1
2004,675,7,3,1
2004,676,7,4,1
2004,677,7,5,1
2004,678,7,6,1
2004,679,7,7,1
2004,680..703,7,8 9 10 11 12 13 14 15,3 3 3 3 3 3 3 3
2005,640..679,7,8 9 10 11 12 13 14 15,3 3 3 3 3 3 3 3
2005,680,7,0,1
2005,681,7,1,1
2005,682,7,2,1
2005,683,7,3,1
2005,684,7,4,1
2005,685,7,5,1
2005,686,7,6,1
2005,687,7,7,1
2005,688..703,7,8 9 10 11 12 13 14 15,3 3 3 3 3 3 3 3
2006,640..687,7,8 9 10 11 12 13 14 15,3 3 3 3 3 3 3 3
2006,688,7,0,1
2006,689,7,1,1
2006,690,7,2,1
2006,691,7,3,1
2006,692,7,4,1
2006,693,7,5,1
2006,694,7,6,1
2006,695,7,7,1
2006,696..703,7,8 9 10 11 12 13 14 15,3 3 3 3 3 3 3 3
2007,640..695,7,8 9 10 11 12 13 14 15,3 3 3 3 3 3 3 3
2007,696,7,0,1
2007,697,7,1,1
2007,698,7,2,1
2007,699,7,3,1
2007,700,7,4,1
2007,701,7,5,1
2007,702,7,6,1
2007,703,7,7,1
2008..2015,0..703,7,12 13 14 15,3 3 3 3
2008,704,7,0,1
2008,705,7,1,1
2008,706,7,2,1
2008,707,7,3,1
2008,708,7,4,1
2008,709,7,5,1
2008,710,7,6,1
2008,711,7,7,1
2008,712..767,7,8 9 10 11 12 13 14 15,3 3 3 3 3 3 3 3
2008..2015,768..1023,7,12 13 14 15,3 3 3 3
2009,704..711,7,8 9 10 11 12 13 14 15,3 3 3 3 3 3 3 3
2009,712,7,0,1
2009,713,7,1,1
2009,714,7,2,1
2009,715,7,3,1
2009,716,7,4,1
2009,717,7,5,1
2009,718,7,6,1
2009,719,7,7,1
2009,720..767,7,8 9 10 11 12 13 14 15,3 3 3 3 3 3 3 3
2010,704..719,7,8 9 10 11 12 13 14 15,3 3 3 3 3 3 3 3
2010,720,7,0,1
2010,721,7,1,1
2010,722,7,2,1
2010,723,7,3,1
2010,724,7,4,1
2010,725,7,5,1
2010,726,7,6,1
2010,727,7,7,1
2010,728..767,7,8 9 10 11 12 13 14 15,3 3 3 3 3 3 3 3
2011,704..727,7,8 9 10 11 12 13 14 15,3 3 3 3 3 3 3 3
2011,728,7,0,1
2011,729,7,1,1
2011,730,7,2,1
2011,731,7,3,1
2011,732,7,4,1
2011,733,7,5,1
2011,734,7,6,1
2011,735,7,7,1
2011,736..767,7,8 9 10 11 12 13 14 15,3 3 3 3 3 3 3 3
2012,704..735,7,8 9 10 11 12 13 14 15,3 3 3 3 3 3 3 3
2012,736,7,0,1
2012,737,7,1,1
2012,738,7,2,1
2012,739,7,3,1
2012,740,7,4,1
2012,741,7,5,1
2012,742,7,6,1
2012,743,7,7,1
2012,744..767,7,8 9 10 11 12 13 14 15,3 3 3 3 3 3 3 3
2013,704..743,7,8 9 10 11 12 13 14 15,3 3 3 3 3 3 3 3
2013,744,7,0,1
2013,745,7,1,1
2013,746,7,2,1
2013,747,7,3,1
2013,748,7,4,1
2013,749,7,5,1
2013,750,7,6,1
2013,751,7,7,1
2013,752..767,7,8 9 10 11 12 13 14 15,3 3 3 3 3 3 3 3
2014,704..751,7,8 9 10 11 12 13 14 15,3 3 3 3 3 3 3 3
2014,752,7,0,1
2014,753,7,1,1
2014,754,7,2,1
2014,755,7,3,1
2014,756,7,4,1
2014,757,7,5,1
2014,758,7,6,1
2014,759,7,7,1
2014,760..767,7,8 9 10 11 12 13 14 15,3 3 3 3 3 3 3 3
2015,704..759,7,8 9 10 11 12 13 14 15,3 3 3 3 3 3 3 3
2015,760,7,0,1
2015,761,7,1,1
2015,762,7,2,1
2015,763,7,3,1
2015,764,7,4,1
2015,765,7,5,1
2015,766,7,6,1
2015,767,7,7,1
2016..2023,0..767,7,12 13 14 15,3 3 3 3
2016,768,7,0,1
2016,769,7,1,1
2016,770,7,2,1
2016,771,7,3,1
2016,772,7,4,1
2016,773,7,5,1
2016,774,7,6,1
2016,775,7,7,1
2016,776..831,7,8 9 10 11 12 13 14 15,3 3 3 3 3 3 3 3
2016..2023,832..1023,7,12 13 14 15,3 3 3 3
2017,768..775,7,8 9 10 11 12 13 14 15,3 3 3 3 3 3 3 3
2017,776,7,0,1
2017,777,7,1,1
2017,778,7,2,1
2017,779,7,3,1
2017,780,7,4,1
2017,781,7,5,1
2017,782,7,6,1
2017,783,7,7,1
2017,784..831,7,8 9 10 11 12 13 14 15,3 3 3 3 3 3 3 3
2018,768..783,7,8 9 10 11 12 13 14 15,3 3 3 3 3 3 3 3
2018,784,7,0,1
2018,785,7,1,1
2018,786,7,2,1
2018,787,7,3,1
2018,788,7,4,1
2018,789,7,5,1
2018,790,7,6,1
2018,791,7,7,1
2018,792..831,7,8 9 10 11 12 13 14 15,3 3 3 3 3 3 3 3
2019,768..791,7,8 9 10 11 12 13 14 15,3 3 3 3 3 3 3 3
2019,792,7,0,1
2019,793,7,1,1
2019,794,7,2,1
2019,795,7,3,1
2019,796,7,4,1
2019,797,7,5,1
2019,798,7,6,1
2019,799,7,7,1
2019,800..831,7,8 9 10 11 12 13 14 15,3 3 3 3 3 3 3 3
2020,768..799,7,8 9 10 11 12 13 14 15,3 3 3 3 3 3 3 3
2020,800,7,0,1
2020,801,7,1,1
2020,802,7,2,1
2020,803,7,3,1
2020,804,7,4,1
2020,805,7,5,1
2020,806,7,6,1
2020,807,7,7,1
2020,808..831,7,8 9 10 11 12 13 14 15,3 3 3 3 3 3 3 3
2021,768..807,7,8 9 10 11 12 13 14 15,3 3 3 3 3 3 3 3
2021,808,7,0,1
2021,809,7,1,1
2021,810,7,2,1
2021,811,7,3,1
2021,812,7,4,1
2021,813,7,5,1
2021,814,7,6,1
2021,815,7,7,1
2021,816..831,7,8 9 10 11 12 13 14 15,3 3 3 3 3 3 3 3
2022,768..815,7,8 9 10 11 12 13 14 15,3 3 3 3 3 3 3 3
2022,816,7,0,1
2022,817,7,1,1
2022,818,7,2,1
2022,819,7,3,1
2022,820,7,4,1
2022,821,7,5,1
2022,822,7,6,1
2022,823,7,7,1
2022,824..831,7,8 9 10 11 12 13 14 15,3 3 3 3 3 3 3 3
2023,768..823,7,8 9 10 11 12 13 14 15,3 3 3 3 3 3 3 3
2023,824,7,0,1
2023,825,7,1,1
2023,826,7,2,1
2023,827,7,3,1
2023,828,7,4,1
2023,829,7,5,1
2023,830,7,6,1
2023,831,7,7,1
2024..2031,0..831,7,12 13 14 15,3 3 3 3
2024,832,7,0,1
2024,833,7,1,1
2024,834,7,2,1
2024,835,7,3,1
2024,836,7,4,1
2024,837,7,5,1
2024,838,7,6,1
2024,839,7,7,1
2024,840..895,7,8 9 10 11 12 13 14 15,3 3 3 3 3 3 3 3
2024..2031,896..1023,7,12 13 14 15,3 3 3 3
2025,832..839,7,8 9 10 11 12 13 14 15,3 3 3 3 3 3 3 3
2025,840,7,0,1
2025,841,7,1,1
2025,842,7,2,1
2025,843,7,3,1
2025,844,7,4,1
2025,845,7,5,1
2025,846,7,6,1
2025,847,7,7,1
2025,848..895,7,8 9 10 11 12 13 14 15,3 3 3 3 3 3 3 3
2026,832..847,7,8 9 10 11 12 13 14 15,3 3 3 3 3 3 3 3
2026,848,7,0,1
2026,849,7,1,1
2026,850,7,2,1
2026,851,7,3,1
2026,852,7,4,1
2026,853,7,5,1
2026,854,7,6,1
2026,855,7,7,1
2026,856..895,7,8 9 10 11 12 13 14 15,3 3 3 3 3 3 3 3
2027,832..855,7,8 9 10 11 12 13 14 15,3 3 3 3 3 3 3 3
2027,856,7,0,1
2027,857,7,1,1
2027,858,7,2,1
2027,859,7,3,1
2027,860,7,4,1
2027,861,7,5,1
2027,862,7,6,1
2027,863,7,7,1
2027,864..895,7,8 9 10 11 12 13 14 15,3 3 3 3 3 3 3 3
2028,832..863,7,8 9 10 11 12 13 14 15,3 3 3 3 3 3 3 3
2028,864,7,0,1
2028,865,7,1,1
2028,866,7,2,1
2028,867,7,3,1
2028,868,7,4,1
2028,869,7,5,1
2028,870,7,6,1
2028,871,7,7,1
2028,872..895,7,8 9 10 11 12 13 14 15,3 3 3 3 3 3 3 3
2029,832..871,7,8 9 10 11 12 13 14 15,3 3 3 3 3 3 3 3
2029,872,7,0,1
2029,873,7,1,1
2029,874,7,2,1
2029,875,7,3,1
2029,876,7,4,1
2029,877,7,5,1
2029,878,7,6,1
2029,879,7,7,1
2029,880..895,7,8 9 10 11 12 13 14 15,3 3 3 3 3 3 3 3
2030,832..879,7,8 9 10 11 12 13 14 15,3 3 3 3 3 3 3 3
2030,880,7,0,1
2030,881,7,1,1
2030,882,7,2,1
2030,883,7,3,1
2030,884,7,4,1
2030,885,7,5,1
2030,886,7,6,1
2030,887,7,7,1
2030,888..895,7,8 9 10 11 12 13 14 15,3 3 3 3 3 3 3 3
2031,832..887,7,8 9 10 11 12 13 14 15,3 3 3 3 3 3 3 3
2031,888,7,0,1
2031,889,7,1,1
2031,890,7,2,1
2031,891,7,3,1
2031,892,7,4,1
2031,893,7,5,1
2031,894,7,6,1
2031,895,7,7,1
2032..2039,0..895,7,12 13 14 15,3 3 3 3
2032,896,7,0,1
2032,897,7,1,1
2032,898,7,2,1
2032,899,7,3,1
2032,900,7,4,1
2032,901,7,5,1
2032,902,7,6,1
2032,903,7,7,1
2032,904..959,7,8 9 10 11 12 13 14 15,3 3 3 3 3 3 3 3
2032..2039,960..1023,7,12 13 14 15,3 3 3 3
2033,896..903,7,8 9 10 11 12 13 14 15,3 3 3 3 3 3 3 3
2033,904,7,0,1
2033,905,7,1,1
2033,906,7,2,1
2033,907,7,3,1
2033,908,7,4,1
2033,909,7,5,1
2033,910,7,6,1
2033,911,7,7,1
2033,912..959,7,8 9 10 11 12 13 14 15,3 3 3 3 3 3 3 3
2034,896..911,7,8 9 10 11 12 13 14 15,3 3 3 3 3 3 3 3
2034,912,7,0,1
2034,913,7,1,1
2034,914,7,2,1
2034,915,7,3,1
2034,916,7,4,1
2034,917,7,5,1
2034,918,7,6,1
2034,919,7,7,1
2034,920..959,7,8 9 10 11 12 13 14 15,3 3 3 3 3 3 3 3
2035,896..919,7,8 9 10 11 12 13 14 15,3 3 3 3 3 3 3 3
2035,920,7,0,1
2035,921,7,1,1
2035,922,7,2,1
2035,923,7,3,1
2035,924,7,4,1
2035,925,7,5,1
2035,926,7,6,1
2035,927,7,7,1
2035,928..959,7,8 9 10 11 12 13 14 15,3 3 3 3 3 3 3 3
2036,896..927,7,8 9 10 11 12 13 14 15,3 3 3 3 3 3 3 3
2036,928,7,0,1
2036,929,7,1,1
2036,930,7,2,1
2036,931,7,3,1
2036,932,7,4,1
2036,933,7,5,1
2036,934,7,6,1
2036,935,7,7,1
2036,936..959,7,8 9 10 11 12 13 14 15,3 3 3 3 3 3 3 3
2037,896..935,7,8 9 10 11 12 13 14 15,3 3 3 3 3 3 3 3
2037,936,7,0,1
2037,937,7,1,1
2037,938,7,2,1
2037,939,7,3,1
2037,940,7,4,1
2037,941,7,5,1
2037,942,7,6,1
2037,943,7,7,1
2037,944..959,7,8 9 10 11 12 13 14 15,3 3 3 3 3 3 3 3
2038,896..943,7,8 9 10 11 12 13 14 15,3 3 3 3 3 3 3 3
2038,944,7,0,1
2038,945,7,1,1
2038,946,7,2,1
2038,947,7,3,1
2038,948,7,4,1
2038,949,7,5,1
2038,950,7,6,1
2038,951,7,7,1
2038,952..959,7,8 9 10 11 12 13 14 15,3 3 3 3 3 3 3 3
2039,896..951,7,8 9 10 11 12 13 14 15,3 3 3 3 3 3 3 3
2039,952,7,0,1
2039,953,7,1,1
2039,954,7,2,1
2039,955,7,3,1
2039,956,7,4,1
2039,957,7,5,1
2039,958,7,6,1
2039,959,7,7,1
2040..2047,0..959,7,12 13 14 15,3 3 3 3
2040,960,7,0,1
2040,961,7,1,1
2040,962,7,2,1
2040,963,7,3,1
2040,964,7,4,1
2040,965,7,5,1
2040,966,7,6,1
2040,967,7,7,1
2040,968..1023,7,8 9 10 11 12 13 14 15,3 3 3 3 3 3 3 3
2041,960..967,7,8 9 10 11 12 13 14 15,3 3 3 3 3 3 3 3
2041,968,7,0,1
2041,969,7,1,1
2041,970,7,2,1
2041,971,7,3,1
2041,972,7,4,1
2041,973,7,5,1
2041,974,7,6,1
2041,975,7,7,1
2041,976..1023,7,8 9 10 11 12 13 14 15,3 3 3 3 3 3 3 3
2042,960..975,7,8 9 10 11 12 13 14 15,3 3 3 3 3 3 3 3
2042,976,7,0,1
2042,977,7,1,1
2042,978,7,2,1
2042,979,7,3,1
2042,980,7,4,1
2042,981,7,5,1
2042,982,7,6,1
2042,983,7,7,1
2042,984..1023,7,8 9 10 11 12 13 14 15,3 3 3 3 3 3 3 3
2043,960..983,7,8 9 10 11 12 13 14 15,3 3 3 3 3 3 3 3
2043,984,7,0,1
2043,985,7,1,1
2043,986,7,2,1
2043,987,7,3,1
2043,988,7,4,1
2043,989,7,5,1
2043,990,7,6,1
2043,991,7,7,1
2043,992..1023,7,8 9 10 11 12 13 14 15,3 3 3 3 3 3 3 3
2044,960..991,7,8 9 10 11 12 13 14 15,3 3 3 3 3 3 3 3
2044,992,7,0,1
2044,993,7,1,1
2044,994,7,2,1
2044,995,7,3,1
2044,996,7,4,1
2044,997,7,5,1
2044,998,7,6,1
2044,999,7,7,1
2044,1000..1023,7,8 9 10 11 12 13 14 15,3 3 3 3 3 3 3 3
2045,960..999,7,8 9 10 11 12 13 14 15,3 3 3 3 3 3 3 3
2045,1000,7,0,1
2045,1001,7,1,1
2045,1002,7,2,1
2045,1003,7,3,1
2045,1004,7,4,1
2045,1005,7,5,1
2045,1006,7,6,1
2045,1007,7,7,1
2045,1008..1023,7,8 9 10 11 12 13 14 15,3 3 3 3 3 3 3 3
2046,960..1007,7,8 9 10 11 12 13 14 15,3 3 3 3 3 3 3 3
2046,1008,7,0,1
2046,1009,7,1,1
2046,1010,7,2,1
2046,1011,7,3,1
2046,1012,7,4,1
2046,1013,7,5,1
2046,1014,7,6,1
2046,1015,7,7,1
2046,1016..1023,7,8 9 10 11 12 13 14 15,3 3 3 3 3 3 3 3
2047,960..1015,7,8 9 10 11 12 13 14 15,3 3 3 3 3 3 3 3
2047,1016,7,0,1
2047,1017,7,1,1
2047,1018,7,2,1
2047,1019,7,3,1
2047,1020,7,4,1
2047,1021,7,5,1
2047,1022,7,6,1
2047,1023,7,7,1
2048..2049,0..7,0,0 1,2 2
2048..2049,8..15,0,2 3,2 2
2048..2049,16..23,0,4 5,2 2
2048..2049,24..31,0,6 7,2 2
2048..2049,32..39,0,8 9,2 2
2048..2049,40..47,0,10 11,2 2
2048..2049,48..55,0,12 13,2 2
2048..2049,56..63,0,14 15,2 2
2050..2051,64..71,0,0 1,2 2
2050..2051,72..79,0,2 3,2 2
2050..2051,80..87,0,4 5,2 2
2050..2051,88..95,0,6 7,2 2
2050..2051,96..103,0,8 9,2 2
2050..2051,104..111,0,10 11,2 2
2050..2051,112..119,0,12 13,2 2
2050..2051,120..127,0,14 15,2 2
2052..2053,128..135,0,0 1,2 2
2052..2053,136..143,0,2 3,2 2
2052..2053,144..151,0,4 5,2 2
2052..2053,152..159,0,6 7,2 2
2052..2053,160..167,0,8 9,2 2
2052..2053,168..175,0,10 11,2 2
2052..2053,176..183,0,12 13,2 2
2052..2053,184..191,0,14 15,2 2
2054..2055,192..199,0,0 1,2 2
2054..2055,200..207,0,2 3,2 2
2054..2055,208..215,0,4 5,2 2
2054..2055,216..223,0,6 7,2 2
2054..2055,224..231,0,8 9,2 2
2054..2055,232..239,0,10 11,2 2
2054..2055,240..247,0,12 13,2 2
2054..2055,248..255,0,14 15,2 2
2056..2057,256..263,0,0 1,2 2
2056..2057,264..271,0,2 3,2 2
2056..2057,272..279,0,4 5,2 2
2056..2057,280..287,0,6 7,2 2
2056..2057,288..295,0,8 9,2 2
2056..2057,296..303,0,10 11,2 2
2056..2057,304..311,0,12 13,2 2
2056..2057,312..319,0,14 15,2 2
2058..2059,320..327,0,0 1,2 2
2058..2059,328..335,0,2 3,2 2
2058..2059,336..343,0,4 5,2 2
2058..2059,344..351,0,6 7,2 2
2058..2059,352..359,0,8 9,2 2
2058..2059,360..367,0,10 11,2 2
2058..2059,368..375,0,12 13,2 2
2058..2059,376..383,0,14 15,2 2
2060..2061,384..391,0,0 1,2 2
2060..2061,392..399,0,2 3,2 2
2060..2061,400..407,0,4 5,2 2
2060..2061,408..415,0,6 7,2 2
2060..2061,416..423,0,8 9,2 2
2060..2061,424..431,0,10 11,2 2
2060..2061,432..439,0,12 13,2 2
2060..2061,440..447,0,14 15,2 2
2062..2063,448..455,0,0 1,2 2
2062..2063,456..463,0,2 3,2 2
2062..2063,464..471,0,4 5,2 2
2062..2063,472..479,0,6 7,2 2
2062..2063,480..487,0,8 9,2 2
2062..2063,488..495,0,10 11,2 2
2062..2063,496..503,0,12 13,2 2
2062..2063,504..511,0,14 15,2 2
2064..2065,512..519,0,0 1,2 2
2064..2065,520..527,0,2 3,2 2
2064..2065,528..535,0,4 5,2 2
2064..2065,536..543,0,6 7,2 2
2064..2065,544..551,0,8 9,2 2
2064..2065,552..559,0,10 11,2 2
2064..2065,560..567,0,12 13,2 2
2064..2065,568..575,0,14 15,2 2
2066..2067,576..583,0,0 1,2 2
2066..2067,584..591,0,2 3,2 2
2066..2067,592..599,0,4 5,2 2
2066..2067,600..607,0,6 7,2 2
2066..2067,608..615,0,8 9,2 2
2066..2067,616..623,0,10 11,2 2
2066..2067,624..631,0,12 13,2 2
2066..2067,632..639,0,14 15,2 2
2068..2069,640..647,0,0 1,2 2
2068..2069,648..655,0,2 3,2 2
2068..2069,656..663,0,4 5,2 2
2068..2069,664..671,0,6 7,2 2
2068..2069,672..679,0,8 9,2 2
2068..2069,680..687,0,10 11,2 2
2068..2069,688..695,0,12 13,2 2
2068..2069,696..703,0,14 15,2 2
2070..2071,704..711,0,0 1,2 2
2070..2071,712..719,0,2 3,2 2
2070..2071,720..727,0,4 5,2 2
2070..2071,728..735,0,6 7,2 2
2070..2071,736..743,0,8 9,2 2
2070..2071,744..751,0,10 11,2 2
2070..2071,752..759,0,12 13,2 2
2070..2071,760..767,0,14 15,2 2
2072..2073,768..775,0,0 1,2 2
2072..2073,776..783,0,2 3,2 2
2072..2073,784..791,0,4 5,2 2
2072..2073,792..799,0,6 7,2 2
2072..2073,800..807,0,8 9,2 2
2072..2073,808..815,0,10 11,2 2
2072..2073,816..823,0,12 13,2 2
2072..2073,824..831,0,14 15,2 2
2074..2075,832..839,0,0 1,2 2
2074..2075,840..847,0,2 3,2 2
2074..2075,848..855,0,4 5,2 2
2074..2075,856..863,0,6 7,2 2
2074..2075,864..871,0,8 9,2 2
2074..2075,872..879,0,10 11,2 2
2074..2075,880..887,0,12 13,2 2
2074..2075,888..895,0,14 15,2 2
2076..2077,896..903,0,0 1,2 2
2076..2077,904..911,0,2 3,2 2
2076..2077,912..919,0,4 5,2 2
2076..2077,920..927,0,6 7,2 2
2076..2077,928..935,0,8 9,2 2
2076..2077,936..943,0,10 11,2 2
2076..2077,944..951,0,12 13,2 2
2076..2077,952..959,0,14 15,2 2
2078..2079,960..967,0,0 1,2 2
2078..2079,968..975,0,2 3,2 2
2078..2079,976..983,0,4 5,2 2
2078..2079,984..991,0,6 7,2 2
2078..2079,992..999,0,8 9,2 2
2078..2079,1000..1007,0,10 11,2 2
2078..2079,1008..1015,0,12 13,2 2
2078..2079,1016..1023,0,14 15,2 2
2080..2081,0..7,1,0 1,2 2
2080..2081,8..15,1,2 3,2 2
2080..2081,16..23,1,4 5,2 2
2080..2081,24..31,1,6 7,2 2
2080..2081,32..39,1,8 9,2 2
2080..2081,40..47,1,10 11,2 2
2080..2081,48..55,1,12 13,2 2
2080..2081,56..63,1,14 15,2 2
2082..2083,64..71,1,0 1,2 2
2082..2083,72..79,1,2 3,2 2
2082..2083,80..87,1,4 5,2 2
2082..2083,88..95,1,6 7,2 2
2082..2083,96..103,1,8 9,2 2
2082..2083,104..111,1,10 11,2 2
2082..2083,112..119,1,12 13,2 2
2082..2083,120..127,1,14 15,2 2
2084..2085,128..135,1,0 1,2 2
2084..2085,136..143,1,2 3,2 2
2084..2085,144..151,1,4 5,2 2
2084..2085,152..159,1,6 7,2 2
2084..2085,160..167,1,8 9,2 2
2084..2085,168..175,1,10 11,2 2
2084..2085,176..183,1,12 13,2 2
2084..2085,184..191,1,14 15,2 2
2086..2087,192..199,1,0 1,2 2
2086..2087,200..207,1,2 3,2 2
2086..2087,208..215,1,4 5,2 2
2086..2087,216..223,1,6 7,2 2
2086..2087,224..231,1,8 9,2 2
2086..2087,232..239,1,10 11,2 2
2086..2087,240..247,1,12 13,2 2
2086..2087,248..255,1,14 15,2 2
2088..2089,256..263,1,0 1,2 2
2088..2089,264..271,1,2 3,2 2
2088..2089,272..279,1,4 5,2 2
2088..2089,280..287,1,6 7,2 2
2088..2089,288..295,1,8 9,2 2
2088..2089,296..303,1,10 11,2 2
2088..2089,304..311,1,12 13,2 2
2088..2089,312..319,1,14 15,2 2
2090..2091,320..327,1,0 1,2 2
2090..2091,328..335,1,2 3,2 2
2090..2091,336..343,1,4 5,2 2
2090..2091,344..351,1,6 7,2 2
2090..2091,352..359,1,8 9,2 2
2090..2091,360..367,1,10 11,2 2
2090..2091,368..375,1,12 13,2 2
2090..2091,376..383,1,14 15,2 2
2092..2093,384..391,1,0 1,2 2
2092..2093,392..399,1,2 3,2 2
2092..2093,400..407,1,4 5,2 2
2092..2093,408..415,1,6 7,2 2
2092..2093,416..423,1,8 9,2 2
2092..2093,424..431,1,10 11,2 2
2092..2093,432..439,1,12 13,2 2
2092..2093,440..447,1,14 15,2 2
2094..2095,448..455,1,0 1,2 2
2094..2095,456..463,1,2 3,2 2
2094..2095,464..471,1,4 5,2 2
2094..2095,472..479,1,6 7,2 2
2094..2095,480..487,1,8 9,2 2
2094..2095,488..495,1,10 11,2 2
2094..2095,496..503,1,12 13,2 2
2094..2095,504..511,1,14 15,2 2
2096..2097,512..519,1,0 1,2 2
2096..2097,520..527,1,2 3,2 2
2096..2097,528..535,1,4 5,2 2
2096..2097,536..543,1,6 7,2 2
2096..2097,544..551,1,8 9,2 2
2096..2097,552..559,1,10 11,2 2
2096..2097,560..567,1,12 13,2 2
2096..2097,568..575,1,14 15,2 2
2098..2099,576..583,1,0 1,2 2
2098..2099,584..591,1,2 3,2 2
2098..2099,592..599,1,4 5,2 2
2098..2099,600..607,1,6 7,2 2
2098..2099,608..615,1,8 9,2 2
2098..2099,616..623,1,10 11,2 2
2098..2099,624..631,1,12 13,2 2
2098..2099,632..639,1,14 15,2 2
2100..2101,640..647,1,0 1,2 2
2100..2101,648..655,1,2 3,2 2
2100..2101,656..663,1,4 5,2 2
2100..2101,664..671,1,6 7,2 2
2100..2101,672..679,1,8 9,2 2
2100..2101,680..687,1,10 11,2 2
2100..2101,688..695,1,12 13,2 2
2100..2101,696..703,1,14 15,2 2
2102..2103,704..711,1,0 1,2 2
2102..2103,712..719,1,2 3,2 2
2102..2103,720..727,1,4 5,2 2
2102..2103,728..735,1,6 7,2 2
2102..2103,736..743,1,8 9,2 2
2102..2103,744..751,1,10 11,2 2
2102..2103,752..759,1,12 13,2 2
2102..2103,760..767,1,14 15,2 2
2104..2105,768..775,1,0 1,2 2
2104..2105,776..783,1,2 3,2 2
2104..2105,784..791,1,4 5,2 2
2104..2105,792..799,1,6 7,2 2
2104..2105,800..807,1,8 9,2 2
2104..2105,808..815,1,10 11,2 2
2104..2105,816..823,1,12 13,2 2
2104..2105,824..831,1,14 15,2 2
2106..2107,832..839,1,0 1,2 2
2106..2107,840..847,1,2 3,2 2
2106..2107,848..855,1,4 5,2 2
2106..2107,856..863,1,6 7,2 2
2106..2107,864..871,1,8 9,2 2
2106..2107,872..879,1,10 11,2 2
2106..2107,880..887,1,12 13,2 2
2106..2107,888..895,1,14 15,2 2
2108..2109,896..903,1,0 1,2 2
2108..2109,904..911,1,2 3,2 2
2108..2109,912..919,1,4 5,2 2
2108..2109,920..927,1,6 7,2 2
2108..2109,928..935,1,8 9,2 2
2108..2109,936..943,1,10 11,2 2
2108..2109,944..951,1,12 13,2 2
2108..2109,952..959,1,14 15,2 2
2110..2111,960..967,1,0 1,2 2
2110..2111,968..975,1,2 3,2 2
2110..2111,976..983,1,4 5,2 2
2110..2111,984..991,1,6 7,2 2
2110..2111,992..999,1,8 9,2 2
2110..2111,1000..1007,1,10 11,2 2
2110..2111,1008..1015,1,12 13,2 2
2110..2111,1016..1023,1,14 15,2 2
2112..2113,0..7,2,0 1,2 2
2112..2113,8..15,2,2 3,2 2
2112..2113,16..23,2,4 5,2 2
2112..2113,24..31,2,6 7,2 2
2112..2113,32..39,2,8 9,2 2
2112..2113,40..47,2,10 11,2 2
2112..2113,48..55,2,12 13,2 2
2112..2113,56..63,2,14 15,2 2
2114..2115,64..71,2,0 1,2 2
2114..2115,72..79,2,2 3,2 2
2114..2115,80..87,2,4 5,2 2
2114..2115,88..95,2,6 7,2 2
2114..2115,96..103,2,8 9,2 2
2114..2115,104..111,2,10 11,2 2
2114..2115,112..119,2,12 13,2 2
2114..2115,120..127,2,14 15,2 2
2116..2117,128..135,2,0 1,2 2
2116..2117,136..143,2,2 3,2 2
2116..2117,144..151,2,4 5,2 2
2116..2117,152..159,2,6 7,2 2
2116..2117,160..167,2,8 9,2 2
2116..2117,168..175,2,10 11,2 2
2116..2117,176..183,2,12 13,2 2
2116..2117,184..191,2,14 15,2 2
2118..2119,192..199,2,0 1,2 2
2118..2119,200..207,2,2 3,2 2
2118..2119,208..215,2,4 5,2 2
2118..2119,216..223,2,6 7,2 2
2118..2119,224..231,2,8 9,2 2
2118..2119,232..239,2,10 11,2 2
2118..2119,240..247,2,12 13,2 2
2118..2119,248..255,2,14 15,2 2
2120..2121,256..263,2,0 1,2 2
2120..2121,264..271,2,2 3,2 2
2120..2121,272..279,2,4 5,2 2
2120..2121,280..287,2,6 7,2 2
2120..2121,288..295,2,8 9,2 2
2120..2121,296..303,2,10 11,2 2
2120..2121,304..311,2,12 13,2 2
2120..2121,312..319,2,14 15,2 2
2122..2123,320..327,2,0 1,2 2
2122..2123,328..335,2,2 3,2 2
2122..2123,336..343,2,4 5,2 2
2122..2123,344..351,2,6 7,2 2
2122..2123,352..359,2,8 9,2 2
2122..2123,360..367,2,10 11,2 2
2122..2123,368..375,2,12 13,2 2
2122..2123,376..383,2,14 15,2 2
2124..2125,384..391,2,0 1,2 2
2124..2125,392..399,2,2 3,2 2
2124..2125,400..407,2,4 5,2 2
2124..2125,408..415,2,6 7,2 2
2124..2125,416..423,2,8 9,2 2
2124..2125,424..431,2,10 11,2 2
2124..2125,432..439,2,12 13,2 2
2124..2125,440..447,2,14 15,2 2
2126..2127,448..455,2,0 1,2 2
2126..2127,456..463,2,2 3,2 2
2126..2127,464..471,2,4 5,2 2
2126..2127,472..479,2,6 7,2 2
2126..2127,480..487,2,8 9,2 2
2126..2127,488..495,2,10 11,2 2
2126..2127,496..503,2,12 13,2 2
2126..2127,504..511,2,14 15,2 2
2128..2129,512..519,2,0 1,2 2
2128..2129,520..527,2,2 3,2 2
2128..2129,528..535,2,4 5,2 2
2128..2129,536..543,2,6 7,2 2
2128..2129,544..551,2,8 9,2 2
2128..2129,552..559,2,10 11,2 2
2128..2129,560..567,2,12 13,2 2
2128..2129,568..575,2,14 15,2 2
2130..2131,576..583,2,0 1,2 2
2130..2131,584..591,2,2 3,2 2
2130..2131,592..599,2,4 5,2 2
2130..2131,600..607,2,6 7,2 2
2130..2131,608..615,2,8 9,2 2
2130..2131,616..623,2,10 11,2 2
2130..2131,624..631,2,12 13,2 2
2130..2131,632..639,2,14 15,2 2
2132..2133,640..647,2,0 1,2 2
2132..2133,648..655,2,2 3,2 2
2132..2133,656..663,2,4 5,2 2
2132..2133,664..671,2,6 7,2 2
2132..2133,672..679,2,8 9,2 2
2132..2133,680..687,2,10 11,2 2
2132..2133,688..695,2,12 13,2 2
2132..2133,696..703,2,14 15,2 2
2134..2135,704..711,2,0 1,2 2
2134..2135,712..719,2,2 3,2 2
2134..2135,720..727,2,4 5,2 2
2134..2135,728..735,2,6 7,2 2
2134..2135,736..743,2,8 9,2 2
2134..2135,744..751,2,10 11,2 2
2134..2135,752..759,2,12 13,2 2
2134..2135,760..767,2,14 15,2 2
2136..2137,768..775,2,0 1,2 2
2136..2137,776..783,2,2 3,2 2
2136..2137,784..791,2,4 5,2 2
2136..2137,792..799,2,6 7,2 2
2136..2137,800..807,2,8 9,2 2
2136..2137,808..815,2,10 11,2 2
2136..2137,816..823,2,12 13,2 2
2136..2137,824..831,2,14 15,2 2
2138..2139,832..839,2,0 1,2 2
2138..2139,840..847,2,2 3,2 2
2138..2139,848..855,2,4 5,2 2
2138..2139,856..863,2,6 7,2 2
2138..2139,864..871,2,8 9,2 2
2138..2139,872..879,2,10 11,2 2
2138..2139,880..887,2,12 13,2 2
2138..2139,888..895,2,14 15,2 2
2140..2141,896..903,2,0 1,2 2
2140..2141,904..911,2,2 3,2 2
2140..2141,912..919,2,4 5,2 2
2140..2141,920..927,2,6 7,2 2
2140..2141,928..935,2,8 9,2 2
2140..2141,936..943,2,10 11,2 2
2140..2141,944..951,2,12 13,2 2
2140..2141,952..959,2,14 15,2 2
2142..2143,960..967,2,0 1,2 2
2142..2143,968..975,2,2 3,2 2
2142..2143,976..983,2,4 5,2 2
2142..2143,984..991,2,6 7,2 2
2142..2143,992..999,2,8 9,2 2
2142..2143,1000..1007,2,10 11,2 2
2142..2143,1008..1015,2,12 13,2 2
2142..2143,1016..1023,2,14 15,2 2
2144..2145,0..7,3,0 1,2 2
2144..2145,8..15,3,2 3,2 2
2144..2145,16..23,3,4 5,2 2
2144..2145,24..31,3,6 7,2 2
2144..2145,32..39,3,8 9,2 2
2144..2145,40..47,3,10 11,2 2
2144..2145,48..55,3,12 13,2 2
2144..2145,56..63,3,14 15,2 2
2146..2147,64..71,3,0 1,2 2
2146..2147,72..79,3,2 3,2 2
2146..2147,80..87,3,4 5,2 2
2146..2147,88..95,3,6 7,2 2
2146..2147,96..103,3,8 9,2 2
2146..2147,104..111,3,10 11,2 2
2146..2147,112..119,3,12 13,2 2
2146..2147,120..127,3,14 15,2 2
2148..2149,128..135,3,0 1,2 2
2148..2149,136..143,3,2 3,2 2
2148..2149,144..151,3,4 5,2 2
2148..2149,152..159,3,6 7,2 2
2148..2149,160..167,3,8 9,2 2
2148..2149,168..175,3,10 11,2 2
2148..2149,176..183,3,12 13,2 2
2148..2149,184..191,3,14 15,2 2
2150..2151,192..199,3,0 1,2 2
2150..2151,200..207,3,2 3,2 2
2150..2151,208..215,3,4 5,2 2
2150..2151,216..223,3,6 7,2 2
2150..2151,224..231,3,8 9,2 2
2150..2151,232..239,3,10 11,2 2
2150..2151,240..247,3,12 13,2 2
2150..2151,248..255,3,14 15,2 2
2152..2153,256..263,3,0 1,2 2
2152..2153,264..271,3,2 3,2 2
2152..2153,272..279,3,4 5,2 2
2152..2153,280..287,3,6 7,2 2
2152..2153,288..295,3,8 9,2 2
2152..2153,296..303,3,10 11,2 2
2152..2153,304..311,3,12 13,2 2
2152..2153,312..319,3,14 15,2 2
2154..2155,320..327,3,0 1,2 2
2154..2155,328..335,3,2 3,2 2
2154..2155,336..343,3,4 5,2 2
2154..2155,344..351,3,6 7,2 2
2154..2155,352..359,3,8 9,2 2
2154..2155,360..367,3,10 11,2 2
2154..2155,368..375,3,12 13,2 2
2154..2155,376..383,3,14 15,2 2
2156..2157,384..391,3,0 1,2 2
2156..2157,392..399,3,2 3,2 2
2156..2157,400..407,3,4 5,2 2
2156..2157,408..415,3,6 7,2 2
2156..2157,416..423,3,8 9,2 2
2156..2157,424..431,3,10 11,2 2
2156..2157,432..439,3,12 13,2 2
2156..2157,440..447,3,14 15,2 2
2158..2159,448..455,3,0 1,2 2
2158..2159,456..463,3,2 3,2 2
2158..2159,464..471,3,4 5,2 2
2158..2159,472..479,3,6 7,2 2
2158..2159,480..487,3,8 9,2 2
2158..2159,488..495,3,10 11,2 2
2158..2159,496..503,3,12 13,2 2
2158..2159,504..511,3,14 15,2 2
2160..2161,512..519,3,0 1,2 2
2160..2161,520..527,3,2 3,2 2
2160..2161,528..535,3,4 5,2 2
2160..2161,536..543,3,6 7,2 2
2160..2161,544..551,3,8 9,2 2
2160..2161,552..559,3,10 11,2 2
2160..2161,560..567,3,12 13,2 2
2160..2161,568..575,3,14 15,2 2
2162..2163,576..583,3,0 1,2 2
2162..2163,584..591,3,2 3,2 2
2162..2163,592..599,3,4 5,2 2
2162..2163,600..607,3,6 7,2 2
2162..2163,608..615,3,8 9,2 2
2162..2163,616..623,3,10 11,2 2
2162..2163,624..631,3,12 13,2 2
2162..2163,632..639,3,14 15,2 2
2164..2165,640..647,3,0 1,2 2
2164..2165,648..655,3,2 3,2 2
2164..2165,656..663,3,4 5,2 2
2164..2165,664..671,3,6 7,2 2
2164..2165,672..679,3,8 9,2 2
2164..2165,680..687,3,10 11,2 2
2164..2165,688..695,3,12 13,2 2
2164..2165,696..703,3,14 15,2 2
2166..2167,704..711,3,0 1,2 2
2166..2167,712..719,3,2 3,2 2
2166..2167,720..727,3,4 5,2 2
2166..2167,728..735,3,6 7,2 2
2166..2167,736..743,3,8 9,2 2
2166..2167,744..751,3,10 11,2 2
2166..2167,752..759,3,12 13,2 2
2166..2167,760..767,3,14 15,2 2
2168..2169,768..775,3,0 1,2 2
2168..2169,776..783,3,2 3,2 2
2168..2169,784..791,3,4 5,2 2
2168..2169,792..799,3,6 7,2 2
2168..2169,800..807,3,8 9,2 2
2168..2169,808..815,3,10 11,2 2
2168..2169,816..823,3,12 13,2 2
2168..2169,824..831,3,14 15,2 2
2170..2171,832..839,3,0 1,2 2
2170..2171,840..847,3,2 3,2 2
2170..2171,848..855,3,4 5,2 2
2170..2171,856..863,3,6 7,2 2
2170..2171,864..871,3,8 9,2 2
2170..2171,872..879,3,10 11,2 2
2170..2171,880..887,3,12 13,2 2
2170..2171,888..895,3,14 15,2 2
2172..2173,896..903,3,0 1,2 2
2172..2173,904..911,3,2 3,2 2
2172..2173,912..919,3,4 5,2 2
2172..2173,920..927,3,6 7,2 2
2172..2173,928..935,3,8 9,2 2
2172..2173,936..943,3,10 11,2 2
2172..2173,944..951,3,12 13,2 2
2172..2173,952..959,3,14 15,2 2
2174..2175,960..967,3,0 1,2 2
2174..2175,968..975,3,2 3,2 2
2174..2175,976..983,3,4 5,2 2
2174..2175,984..991,3,6 7,2 2
2174..2175,992..999,3,8 9,2 2
2174..2175,1000..1007,3,10 11,2 2
2174..2175,1008..1015,3,12 13,2 2
2174..2175,1016..1023,3,14 15,2 2
2176..2177,0..7,4,0 1,2 2
2176..2177,8..15,4,2 3,2 2
2176..2177,16..23,4,4 5,2 2
2176..2177,24..31,4,6 7,2 2
2176..2177,32..39,4,8 9,2 2
2176..2177,40..47,4,10 11,2 2
2176..2177,48..55,4,12 13,2 2
2176..2177,56..63,4,14 15,2 2
2178..2179,64..71,4,0 1,2 2
2178..2179,72..79,4,2 3,2 2
2178..2179,80..87,4,4 5,2 2
2178..2179,88..95,4,6 7,2 2
2178..2179,96..103,4,8 9,2 2
2178..2179,104..111,4,10 11,2 2
2178..2179,112..119,4,12 13,2 2
2178..2179,120..127,4,14 15,2 2
2180..2181,128..135,4,0 1,2 2
2180..2181,136..143,4,2 3,2 2
2180..2181,144..151,4,4 5,2 2
2180..2181,152..159,4,6 7,2 2
2180..2181,160..167,4,8 9,2 2
2180..2181,168..175,4,10 11,2 2
2180..2181,176..183,4,12 13,2 2
2180..2181,184..191,4,14 15,2 2
2182..2183,192..199,4,0 1,2 2
2182..2183,200..207,4,2 3,2 2
2182..2183,208..215,4,4 5,2 2
2182..2183,216..223,4,6 7,2 2
2182..2183,224..231,4,8 9,2 2
2182..2183,232..239,4,10 11,2 2
2182..2183,240..247,4,12 13,2 2
2182..2183,248..255,4,14 15,2 2
2184..2185,256..263,4,0 1,2 2
2184..2185,264..271,4,2 3,2 2
2184..2185,272..279,4,4 5,2 2
2184..2185,280..287,4,6 7,2 2
2184..2185,288..295,4,8 9,2 2
2184..2185,296..303,4,10 11,2 2
2184..2185,304..311,4,12 13,2 2
2184..2185,312..319,4,14 15,2 2
2186..2187,320..327,4,0 1,2 2
2186..2187,328..335,4,2 3,2 2
2186..2187,336..343,4,4 5,2 2
2186..2187,344..351,4,6 7,2 2
2186..2187,352..359,4,8 9,2 2
2186..2187,360..367,4,10 11,2 2
2186..2187,368..375,4,12 13,2 2
2186..2187,376..383,4,14 15,2 2
2188..2189,384..391,4,0 1,2 2
2188..2189,392..399,4,2 3,2 2
2188..2189,400..407,4,4 5,2 2
2188..2189,408..415,4,6 7,2 2
2188..2189,416..423,4,8 9,2 2
2188..2189,424..431,4,10 11,2 2
2188..2189,432..439,4,12 13,2 2
2188..2189,440..447,4,14 15,2 2
2190..2191,448..455,4,0 1,2 2
2190..2191,456..463,4,2 3,2 2
2190..2191,464..471,4,4 5,2 2
2190..2191,472..479,4,6 7,2 2
2190..2191,480..487,4,8 9,2 2
2190..2191,488..495,4,10 11,2 2
2190..2191,496..503,4,12 13,2 2
2190..2191,504..511,4,14 15,2 2
2192..2193,512..519,4,0 1,2 2
2192..2193,520..527,4,2 3,2 2
2192..2193,528..535,4,4 5,2 2
2192..2193,536..543,4,6 7,2 2
2192..2193,544..551,4,8 9,2 2
2192..2193,552..559,4,10 11,2 2
2192..2193,560..567,4,12 13,2 2
2192..2193,568..575,4,14 15,2 2
2194..2195,576..583,4,0 1,2 2
2194..2195,584..591,4,2 3,2 2
2194..2195,592..599,4,4 5,2 2
2194..2195,600..607,4,6 7,2 2
2194..2195,608..615,4,8 9,2 2
2194..2195,616..623,4,10 11,2 2
2194..2195,624..631,4,12 13,2 2
2194..2195,632..639,4,14 15,2 2
2196..2197,640..647,4,0 1,2 2
2196..2197,648..655,4,2 3,2 2
2196..2197,656..663,4,4 5,2 2
2196..2197,664..671,4,6 7,2 2
2196..2197,672..679,4,8 9,2 2
2196..2197,680..687,4,10 11,2 2
2196..2197,688..695,4,12 13,2 2
2196..2197,696..703,4,14 15,2 2
2198..2199,704..711,4,0 1,2 2
2198..2199,712..719,4,2 3,2 2
2198..2199,720..727,4,4 5,2 2
2198..2199,728..735,4,6 7,2 2
2198..2199,736..743,4,8 9,2 2
2198..2199,744..751,4,10 11,2 2
2198..2199,752..759,4,12 13,2 2
2198..2199,760..767,4,14 15,2 2
2200..2201,768..775,4,0 1,2 2
2200..2201,776..783,4,2 3,2 2
2200..2201,784..791,4,4 5,2 2
2200..2201,792..799,4,6 7,2 2
2200..2201,800..807,4,8 9,2 2
2200..2201,808..815,4,10 11,2 2
2200..2201,816..823,4,12 13,2 2
2200..2201,824..831,4,14 15,2 2
2202..2203,832..839,4,0 1,2 2
2202..2203,840..847,4,2 3,2 2
2202..2203,848..855,4,4 5,2 2
2202..2203,856..863,4,6 7,2 2
2202..2203,864..871,4,8 9,2 2
2202..2203,872..879,4,10 11,2 2
2202..2203,880..887,4,12 13,2 2
2202..2203,888..895,4,14 15,2 2
2204..2205,896..903,4,0 1,2 2
2204..2205,904..911,4,2 3,2 2
2204..2205,912..919,4,4 5,2 2
2204..2205,920..927,4,6 7,2 2
2204..2205,928..935,4,8 9,2 2
2204..2205,936..943,4,10 11,2 2
2204..2205,944..951,4,12 13,2 2
2204..2205,952..959,4,14 15,2 2
2206..2207,960..967,4,0 1,2 2
2206..2207,968..975,4,2 3,2 2
2206..2207,976..983,4,4 5,2 2
2206..2207,984..991,4,6 7,2 2
2206..2207,992..999,4,8 9,2 2
2206..2207,1000..1007,4,10 11,2 2
2206..2207,1008..1015,4,12 13,2 2
2206..2207,1016..1023,4,14 15,2 2
2208..2209,0..7,5,0 1,2 2
2208..2209,8..15,5,2 3,2 2
2208..2209,16..23,5,4 5,2 2
2208..2209,24..31,5,6 7,2 2
2208..2209,32..39,5,8 9,2 2
2208..2209,40..47,5,10 11,2 2
2208..2209,48..55,5,12 13,2 2
2208..2209,56..63,5,14 15,2 2
2210..2211,64..71,5,0 1,2 2
2210..2211,72..79,5,2 3,2 2
2210..2211,80..87,5,4 5,2 2
2210..2211,88..95,5,6 7,2 2
2210..2211,96..103,5,8 9,2 2
2210..2211,104..111,5,10 11,2 2
2210..2211,112..119,5,12 13,2 2
2210..2211,120..127,5,14 15,2 2
2212..2213,128..135,5,0 1,2 2
2212..2213,136..143,5,2 3,2 2
2212..2213,144..151,5,4 5,2 2
2212..2213,152..159,5,6 7,2 2
2212..2213,160..167,5,8 9,2 2
2212..2213,168..175,5,10 11,2 2
2212..2213,176..183,5,12 13,2 2
2212..2213,184..191,5,14 15,2 2
2214..2215,192..199,5,0 1,2 2
2214..2215,200..207,5,2 3,2 2
2214..2215,208..215,5,4 5,2 2
2214..2215,216..223,5,6 7,2 2
2214..2215,224..231,5,8 9,2 2
2214..2215,232..239,5,10 11,2 2
2214..2215,240..247,5,12 13,2 2
2214..2215,248..255,5,14 15,2 2
2216..2217,256..263,5,0 1,2 2
2216..2217,264..271,5,2 3,2 2
2216..2217,272..279,5,4 5,2 2
2216..2217,280..287,5,6 7,2 2
2216..2217,288..295,5,8 9,2 2
2216..2217,296..303,5,10 11,2 2
2216..2217,304..311,5,12 13,2 2
2216..2217,312..319,5,14 15,2 2
2218..2219,320..327,5,0 1,2 2
2218..2219,328..335,5,2 3,2 2
2218..2219,336..343,5,4 5,2 2
2218..2219,344..351,5,6 7,2 2
2218..2219,352..359,5,8 9,2 2
2218..2219,360..367,5,10 11,2 2
2218..2219,368..375,5,12 13,2 2
2218..2219,376..383,5,14 15,2 2
2220..2221,384..391,5,0 1,2 2
2220..2221,392..399,5,2 3,2 2
2220..2221,400..407,5,4 5,2 2
2220..2221,408..415,5,6 7,2 2
2220..2221,416..423,5,8 9,2 2
2220..2221,424..431,5,10 11,2 2
2220..2221,432..439,5,12 13,2 2
2220..2221,440..447,5,14 15,2 2
2222..2223,448..455,5,0 1,2 2
2222..2223,456..463,5,2 3,2 2
2222..2223,464..471,5,4 5,2 2
2222..2223,472..479,5,6 7,2 2
2222..2223,480..487,5,8 9,2 2
2222..2223,488..495,5,10 11,2 2
2222..2223,496..503,5,12 13,2 2
2222..2223,504..511,5,14 15,2 2
2224..2225,512..519,5,0 1,2 2
2224..2225,520..527,5,2 3,2 2
2224..2225,528..535,5,4 5,2 2
2224..2225,536..543,5,6 7,2 2
2224..2225,544..551,5,8 9,2 2
2224..2225,552..559,5,10 11,2 2
2224..2225,560..567,5,12 13,2 2
2224..2225,568..575,5,14 15,2 2
2226..2227,576..583,5,0 1,2 2
2226..2227,584..591,5,2 3,2 2
2226..2227,592..599,5,4 5,2 2
2226..2227,600..607,5,6 7,2 2
2226..2227,608..615,5,8 9,2 2
2226..2227,616..623,5,10 11,2 2
2226..2227,624..631,5,12 13,2 2
2226..2227,632..639,5,14 15,2 2
2228..2229,640..647,5,0 1,2 2
2228..2229,648..655,5,2 3,2 2
2228..2229,656..663,5,4 5,2 2
2228..2229,664..671,5,6 7,2 2
2228..2229,672..679,5,8 9,2 2
2228..2229,680..687,5,10 11,2 2
2228..2229,688..695,5,12 13,2 2
2228..2229,696..703,5,14 15,2 2
2230..2231,704..711,5,0 1,2 2
2230..2231,712..719,5,2 3,2 2
2230..2231,720..727,5,4 5,2 2
2230..2231,728..735,5,6 7,2 2
2230..2231,736..743,5,8 9,2 2
2230..2231,744..751,5,10 11,2 2
2230..2231,752..759,5,12 13,2 2
2230..2231,760..767,5,14 15,2 2
2232..2233,768..775,5,0 1,2 2
2232..2233,776..783,5,2 3,2 2
2232..2233,784..791,5,4 5,2 2
2232..2233,792..799,5,6 7,2 2
2232..2233,800..807,5,8 9,2 2
2232..2233,808..815,5,10 11,2 2
2232..2233,816..823,5,12 13,2 2
2232..2233,824..831,5,14 15,2 2
2234..2235,832..839,5,0 1,2 2
2234..2235,840..847,5,2 3,2 2
2234..2235,848..855,5,4 5,2 2
2234..2235,856..863,5,6 7,2 2
2234..2235,864..871,5,8 9,2 2
2234..2235,872..879,5,10 11,2 2
2234..2235,880..887,5,12 13,2 2
2234..2235,888..895,5,14 15,2 2
2236..2237,896..903,5,0 1,2 2
2236..2237,904..911,5,2 3,2 2
2236..2237,912..919,5,4 5,2 2
2236..2237,920..927,5,6 7,2 2
2236..2237,928..935,5,8 9,2 2
2236..2237,936..943,5,10 11,2 2
2236..2237,944..951,5,12 13,2 2
2236..2237,952..959,5,14 15,2 2
2238..2239,960..967,5,0 1,2 2
2238..2239,968..975,5,2 3,2 2
2238..2239,976..983,5,4 5,2 2
2238..2239,984..991,5,6 7,2 2
2238..2239,992..999,5,8 9,2 2
2238..2239,1000..1007,5,10 11,2 2
2238..2239,1008..1015,5,12 13,2 2
2238..2239,1016..1023,5,14 15,2 2
2240..2241,0..7,6,0 1,2 2
2240..2241,8..15,6,2 3,2 2
2240..2241,16..23,6,4 5,2 2
2240..2241,24..31,6,6 7,2 2
2240..2241,32..39,6,8 9,2 2
2240..2241,40..47,6,10 11,2 2
2240..2241,48..55,6,12 13,2 2
2240..2241,56..63,6,14 15,2 2
2242..2243,64..71,6,0 1,2 2
2242..2243,72..79,6,2 3,2 2
2242..2243,80..87,6,4 5,2 2
2242..2243,88..95,6,6 7,2 2
2242..2243,96..103,6,8 9,2 2
2242..2243,104..111,6,10 11,2 2
2242..2243,112..119,6,12 13,2 2
2242..2243,120..127,6,14 15,2 2
2244..2245,128..135,6,0 1,2 2
2244..2245,136..143,6,2 3,2 2
2244..2245,144..151,6,4 5,2 2
2244..2245,152..159,6,6 7,2 2
2244..2245,160..167,6,8 9,2 2
2244..2245,168..175,6,10 11,2 2
2244..2245,176..183,6,12 13,2 2
2244..2245,184..191,6,14 15,2 2
2246..2247,192..199,6,0 1,2 2
2246..2247,200..207,6,2 3,2 2
2246..2247,208..215,6,4 5,2 2
2246..2247,216..223,6,6 7,2 2
2246..2247,224..231,6,8 9,2 2
2246..2247,232..239,6,10 11,2 2
2246..2247,240..247,6,12 13,2 2
2246..2247,248..255,6,14 15,2 2
2248..2249,256..263,6,0 1,2 2
2248..2249,264..271,6,2 3,2 2
2248..2249,272..279,6,4 5,2 2
2248..2249,280..287,6,6 7,2 2
2248..2249,288..295,6,8 9,2 2
2248..2249,296..303,6,10 11,2 2
2248..2249,304..311,6,12 13,2 2
2248..2249,312..319,6,14 15,2 2
2250..2251,320..327,6,0 1,2 2
2250..2251,328..335,6,2 3,2 2
2250..2251,336..343,6,4 5,2 2
2250..2251,344..351,6,6 7,2 2
2250..2251,352..359,6,8 9,2 2
2250..2251,360..367,6,10 11,2 2
2250..2251,368..375,6,12 13,2 2
2250..2251,376..383,6,14 15,2 2
2252..2253,384..391,6,0 1,2 2
2252..2253,392..399,6,2 3,2 2
2252..2253,400..407,6,4 5,2 2
2252..2253,408..415,6,6 7,2 2
2252..2253,416..423,6,8 9,2 2
2252..2253,424..431,6,10 11,2 2
2252..2253,432..439,6,12 13,2 2
2252..2253,440..447,6,14 15,2 2
2254..2255,448..455,6,0 1,2 2
2254..2255,456..463,6,2 3,2 2
2254..2255,464..471,6,4 5,2 2
2254..2255,472..479,6,6 7,2 2
2254..2255,480..487,6,8 9,2 2
2254..2255,488..495,6,10 11,2 2
2254..2255,496..503,6,12 13,2 2
2254..2255,504..511,6,14 15,2 2
2256..2257,512..519,6,0 1,2 2
2256..2257,520..527,6,2 3,2 2
2256..2257,528..535,6,4 5,2 2
2256..2257,536..543,6,6 7,2 2
2256..2257,544..551,6,8 9,2 2
2256..2257,552..559,6,10 11,2 2
2256..2257,560..567,6,12 13,2 2
2256..2257,568..575,6,14 15,2 2
2258..2259,576..583,6,0 1,2 2
2258..2259,584..591,6,2 3,2 2
2258..2259,592..599,6,4 5,2 2
2258..2259,600..607,6,6 7,2 2
2258..2259,608..615,6,8 9,2 2
2258..2259,616..623,6,10 11,2 2
2258..2259,624..631,6,12 13,2 2
2258..2259,632..639,6,14 15,2 2
2260..2261,640..647,6,0 1,2 2
2260..2261,648..655,6,2 3,2 2
2260..2261,656..663,6,4 5,2 2
2260..2261,664..671,6,6 7,2 2
2260..2261,672..679,6,8 9,2 2
2260..2261,680..687,6,10 11,2 2
2260..2261,688..695,6,12 13,2 2
2260..2261,696..703,6,14 15,2 2
2262..2263,704..711,6,0 1,2 2
2262..2263,712..719,6,2 3,2 2
2262..2263,720..727,6,4 5,2 2
2262..2263,728..735,6,6 7,2 2
2262..2263,736..743,6,8 9,2 2
2262..2263,744..751,6,10 11,2 2
2262..2263,752..759,6,12 13,2 2
2262..2263,760..767,6,14 15,2 2
2264..2265,768..775,6,0 1,2 2
2264..2265,776..783,6,2 3,2 2
2264..2265,784..791,6,4 5,2 2
2264..2265,792..799,6,6 7,2 2
2264..2265,800..807,6,8 9,2 2
2264..2265,808..815,6,10 11,2 2
2264..2265,816..823,6,12 13,2 2
2264..2265,824..831,6,14 15,2 2
2266..2267,832..839,6,0 1,2 2
2266..2267,840..847,6,2 3,2 2
2266..2267,848..855,6,4 5,2 2
2266..2267,856..863,6,6 7,2 2
2266..2267,864..871,6,8 9,2 2
2266..2267,872..879,6,10 11,2 2
2266..2267,880..887,6,12 13,2 2
2266..2267,888..895,6,14 15,2 2
2268..2269,896..903,6,0 1,2 2
2268..2269,904..911,6,2 3,2 2
2268..2269,912..919,6,4 5,2 2
2268..2269,920..927,6,6 7,2 2
2268..2269,928..935,6,8 9,2 2
2268..2269,936..943,6,10 11,2 2
2268..2269,944..951,6,12 13,2 2
2268..2269,952..959,6,14 15,2 2
2270..2271,960..967,6,0 1,2 2
2270..2271,968..975,6,2 3,2 2
2270..2271,976..983,6,4 5,2 2
2270..2271,984..991,6,6 7,2 2
2270..2271,992..999,6,8 9,2 2
2270..2271,1000..1007,6,10 11,2 2
2270..2271,1008..1015,6,12 13,2 2
2270..2271,1016..1023,6,14 15,2 2
2272..2273,0..7,7,0 1,2 2
2272..2273,8..15,7,2 3,2 2
2272..2273,16..23,7,4 5,2 2
2272..2273,24..31,7,6 7,2 2
2272..2273,32..39,7,8 9,2 2
2272..2273,40..47,7,10 11,2 2
2272..2273,48..55,7,12 13,2 2
2272..2273,56..63,7,14 15,2 2
2274..2275,64..71,7,0 1,2 2
2274..2275,72..79,7,2 3,2 2
2274..2275,80..87,7,4 5,2 2
2274..2275,88..95,7,6 7,2 2
2274..2275,96..103,7,8 9,2 2
2274..2275,104..111,7,10 11,2 2
2274..2275,112..119,7,12 13,2 2
2274..2275,120..127,7,14 15,2 2
2276..2277,128..135,7,0 1,2 2
2276..2277,136..143,7,2 3,2 2
2276..2277,144..151,7,4 5,2 2
2276..2277,152..159,7,6 7,2 2
2276..2277,160..167,7,8 9,2 2
2276..2277,168..175,7,10 11,2 2
2276..2277,176..183,7,12 13,2 2
2276..2277,184..191,7,14 15,2 2
2278..2279,192..199,7,0 1,2 2
2278..2279,200..207,7,2 3,2 2
2278..2279,208..215,7,4 5,2 2
2278..2279,216..223,7,6 7,2 2
2278..2279,224..231,7,8 9,2 2
2278..2279,232..239,7,10 11,2 2
2278..2279,240..247,7,12 13,2 2
2278..2279,248..255,7,14 15,2 2
2280..2281,256..263,7,0 1,2 2
2280..2281,264..271,7,2 3,2 2
2280..2281,272..279,7,4 5,2 2
2280..2281,280..287,7,6 7,2 2
2280..2281,288..295,7,8 9,2 2
2280..2281,296..303,7,10 11,2 2
2280..2281,304..311,7,12 13,2 2
2280..2281,312..319,7,14 15,2 2
2282..2283,320..327,7,0 1,2 2
2282..2283,328..335,7,2 3,2 2
2282..2283,336..343,7,4 5,2 2
2282..2283,344..351,7,6 7,2 2
2282..2283,352..359,7,8 9,2 2
2282..2283,360..367,7,10 11,2 2
2282..2283,368..375,7,12 13,2 2
2282..2283,376..383,7,14 15,2 2
2284..2285,384..391,7,0 1,2 2
2284..2285,392..399,7,2 3,2 2
2284..2285,400..407,7,4 5,2 2
2284..2285,408..415,7,6 7,2 2
2284..2285,416..423,7,8 9,2 2
2284..2285,424..431,7,10 11,2 2
2284..2285,432..439,7,12 13,2 2
2284..2285,440..447,7,14 15,2 2
2286..2287,448..455,7,0 1,2 2
2286..2287,456..463,7,2 3,2 2
2286..2287,464..471,7,4 5,2 2
2286..2287,472..479,7,6 7,2 2
2286..2287,480..487,7,8 9,2 2
2286..2287,488..495,7,10 11,2 2
2286..2287,496..503,7,12 13,2 2
2286..2287,504..511,7,14 15,2 2
2288..2289,512..519,7,0 1,2 2
2288..2289,520..527,7,2 3,2 2
2288..2289,528..535,7,4 5,2 2
2288..2289,536..543,7,6 7,2 2
2288..2289,544..551,7,8 9,2 2
2288..2289,552..559,7,10 11,2 2
2288..2289,560..567,7,12 13,2 2
2288..2289,568..575,7,14 15,2 2
2290..2291,576..583,7,0 1,2 2
2290..2291,584..591,7,2 3,2 2
2290..2291,592..599,7,4 5,2 2
2290..2291,600..607,7,6 7,2 2
2290..2291,608..615,7,8 9,2 2
2290..2291,616..623,7,10 11,2 2
2290..2291,624..631,7,12 13,2 2
2290..2291,632..639,7,14 15,2 2
2292..2293,640..647,7,0 1,2 2
2292..2293,648..655,7,2 3,2 2
2292..2293,656..663,7,4 5,2 2
2292..2293,664..671,7,6 7,2 2
2292..2293,672..679,7,8 9,2 2
2292..2293,680..687,7,10 11,2 2
2292..2293,688..695,7,12 13,2 2
2292..2293,696..703,7,14 15,2 2
2294..2295,704..711,7,0 1,2 2
2294..2295,712..719,7,2 3,2 2
2294..2295,720..727,7,4 5,2 2
2294..2295,728..735,7,6 7,2 2
2294..2295,736..743,7,8 9,2 2
2294..2295,744..751,7,10 11,2 2
2294..2295,752..759,7,12 13,2 2
2294..2295,760..767,7,14 15,2 2
2296..2297,768..775,7,0 1,2 2
2296..2297,776..783,7,2 3,2 2
2296..2297,784..791,7,4 5,2 2
2296..2297,792..799,7,6 7,2 2
2296..2297,800..807,7,8 9,2 2
2296..2297,808..815,7,10 11,2 2
2296..2297,816..823,7,12 13,2 2
2296..2297,824..831,7,14 15,2 2
2298..2299,832..839,7,0 1,2 2
2298..2299,840..847,7,2 3,2 2
2298..2299,848..855,7,4 5,2 2
2298..2299,856..863,7,6 7,2 2
2298..2299,864..871,7,8 9,2 2
2298..2299,872..879,7,10 11,2 2
2298..2299,880..887,7,12 13,2 2
2298..2299,888..895,7,14 15,2 2
2300..2301,896..903,7,0 1,2 2
2300..2301,904..911,7,2 3,2 2
2300..2301,912..919,7,4 5,2 2
2300..2301,920..927,7,6 7,2 2
2300..2301,928..935,7,8 9,2 2
2300..2301,936..943,7,10 11,2 2
2300..2301,944..951,7,12 13,2 2
2300..2301,952..959,7,14 15,2 2
2302..2303,960..967,7,0 1,2 2
2302..2303,968..975,7,2 3,2 2
2302..2303,976..983,7,4 5,2 2
2302..2303,984..991,7,6 7,2 2
2302..2303,992..999,7,8 9,2 2
2302..2303,1000..1007,7,10 11,2 2
2302..2303,1008..1015,7,12 13,2 2
2302..2303,1016..1023,7,14 15,2 2
2304..2307,0..7,0,0,2
2304..2307,8..15,0,1,2
2304..2307,16..23,0,2,2
2304..2307,24..31,0,3,2
2304..2307,32..39,0,4,2
2304..2307,40..47,0,5,2
2304..2307,48..55,0,6,2
2304..2307,56..63,0,7,2
2304..2307,64..71,0,8,2
2304..2307,72..79,0,9,2
2304..2307,80..87,0,10,2
2304..2307,88..95,0,11,2
2304..2307,96..103,0,12,2
2304..2307,104..111,0,13,2
2304..2307,112..119,0,14,2
2304..2307,120..127,0,15,2
2304..2307,128..135,0,16,2
2304..2307,136..143,0,17,2
2304..2307,144..151,0,18,2
2304..2307,152..159,0,19,2
2304..2307,160..167,0,20,2
2304..2307,168..175,0,21,2
2304..2307,176..183,0,22,2
2304..2307,184..191,0,23,2
2304..2307,192..199,0,24,2
2304..2307,200..207,0,25,2
2304..2307,208..215,0,26,2
2304..2307,216..223,0,27,2
2304..2307,224..231,0,28,2
2304..2307,232..239,0,29,2
2304..2307,240..247,0,30,2
2304..2307,248..255,0,31,2
2304..2307,256..263,0,32,2
2304..2307,264..271,0,33,2
2304..2307,272..279,0,34,2
2304..2307,280..287,0,35,2
2304..2307,288..295,0,36,2
2304..2307,296..303,0,37,2
2304..2307,304..311,0,38,2
2304..2307,312..319,0,39,2
2304..2307,320..327,0,40,2
2304..2307,328..335,0,41,2
2304..2307,336..343,0,42,2
2304..2307,344..351,0,43,2
2304..2307,352..359,0,44,2
2304..2307,360..367,0,45,2
2304..2307,368..375,0,46,2
2304..2307,376..383,0,47,2
2304..2307,384..391,0,48,2
2304..2307,392..399,0,49,2
2304..2307,400..407,0,50,2
2304..2307,408..415,0,51,2
2304..2307,416..423,0,52,2
2304..2307,424..431,0,53,2
2304..2307,432..439,0,54,2
2304..2307,440..447,0,55,2
2304..2307,448..455,0,56,2
2304..2307,456..463,0,57,2
2304..2307,464..471,0,58,2
2304..2307,472..479,0,59,2
2304..2307,480..487,0,60,2
2304..2307,488..495,0,61,2
2304..2307,496..503,0,62,2
2304..2307,504..511,0,63,2
2304..2307,512..519,0,64,2
2304..2307,520..527,0,65,2
2304..2307,528..535,0,66,2
2304..2307,536..543,0,67,2
2304..2307,544..551,0,68,2
2304..2307,552..559,0,69,2
2304..2307,560..567,0,70,2
2304..2307,568..575,0,71,2
2304..2307,576..583,0,72,2
2304..2307,584..591,0,73,2
2304..2307,592..599,0,74,2
2304..2307,600..607,0,75,2
2304..2307,608..615,0,76,2
2304..2307,616..623,0,77,2
2304..2307,624..631,0,78,2
2304..2307,632..639,0,79,2
2304..2307,640..647,0,80,2
2304..2307,648..655,0,81,2
2304..2307,656..663,0,82,2
2304..2307,664..671,0,83,2
2304..2307,672..679,0,84,2
2304..2307,680..687,0,85,2
2304..2307,688..695,0,86,2
2304..2307,696..703,0,87,2
2304..2307,704..711,0,88,2
2304..2307,712..719,0,89,2
2304..2307,720..727,0,90,2
2304..2307,728..735,0,91,2
2304..2307,736..743,0,92,2
2304..2307,744..751,0,93,2
2304..2307,752..759,0,94,2
2304..2307,760..767,0,95,2
2304..2307,768..775,0,96,2
2304..2307,776..783,0,97,2
2304..2307,784..791,0,98,2
2304..2307,792..799,0,99,2
2304..2307,800..807,0,100,2
2304..2307,808..815,0,101,2
2304..2307,816..823,0,102,2
2304..2307,824..831,0,103,2
2304..2307,832..839,0,104,2
2304..2307,840..847,0,105,2
2304..2307,848..855,0,106,2
2304..2307,856..863,0,107,2
2304..2307,864..871,0,108,2
2304..2307,872..879,0,109,2
2304..2307,880..887,0,110,2
2304..2307,888..895,0,111,2
2304..2307,896..903,0,112,2
2304..2307,904..911,0,113,2
2304..2307,912..919,0,114,2
2304..2307,920..927,0,115,2
2304..2307,928..935,0,116,2
2304..2307,936..943,0,117,2
2304..2307,944..951,0,118,2
2304..2307,952..959,0,119,2
2304..2307,960..967,0,120,2
2304..2307,968..975,0,121,2
2304..2307,976..983,0,122,2
2304..2307,984..991,0,123,2
2304..2307,992..999,0,124,2
2304..2307,1000..1007,0,125,2
2304..2307,1008..1015,0,126,2
2304..2307,1016..1023,0,127,2
2308..2311,0..7,1,0,2
2308..2311,8..15,1,1,2
2308..2311,16..23,1,2,2
2308..2311,24..31,1,3,2
2308..2311,32..39,1,4,2
2308..2311,40..47,1,5,2
2308..2311,48..55,1,6,2
2308..2311,56..63,1,7,2
2308..2311,64..71,1,8,2
2308..2311,72..79,1,9,2
2308..2311,80..87,1,10,2
2308..2311,88..95,1,11,2
2308..2311,96..103,1,12,2
2308..2311,104..111,1,13,2
2308..2311,112..119,1,14,2
2308..2311,120..127,1,15,2
2308..2311,128..135,1,16,2
2308..2311,136..143,1,17,2
2308..2311,144..151,1,18,2
2308..2311,152..159,1,19,2
2308..2311,160..167,1,20,2
2308..2311,168..175,1,21,2
2308..2311,176..183,1,22,2
2308..2311,184..191,1,23,2
2308..2311,192..199,1,24,2
2308..2311,200..207,1,25,2
2308..2311,208..215,1,26,2
2308..2311,216..223,1,27,2
2308..2311,224..231,1,28,2
2308..2311,232..239,1,29,2
2308..2311,240..247,1,30,2
2308..2311,248..255,1,31,2
2308..2311,256..263,1,32,2
2308..2311,264..271,1,33,2
2308..2311,272..279,1,34,2
2308..2311,280..287,1,35,2
2308..2311,288..295,1,36,2
2308..2311,296..303,1,37,2
2308..2311,304..311,1,38,2
2308..2311,312..319,1,39,2
2308..2311,320..327,1,40,2
2308..2311,328..335,1,41,2
2308..2311,336..343,1,42,2
2308..2311,344..351,1,43,2
2308..2311,352..359,1,44,2
2308..2311,360..367,1,45,2
2308..2311,368..375,1,46,2
2308..2311,376..383,1,47,2
2308..2311,384..391,1,48,2
2308..2311,392..399,1,49,2
2308..2311,400..407,1,50,2
2308..2311,408..415,1,51,2
2308..2311,416..423,1,52,2
2308..2311,424..431,1,53,2
2308..2311,432..439,1,54,2
2308..2311,440..447,1,55,2
2308..2311,448..455,1,56,2
2308..2311,456..463,1,57,2
2308..2311,464..471,1,58,2
2308..2311,472..479,1,59,2
2308..2311,480..487,1,60,2
2308..2311,488..495,1,61,2
2308..2311,496..503,1,62,2
2308..2311,504..511,1,63,2
2308..2311,512..519,1,64,2
2308..2311,520..527,1,65,2
2308..2311,528..535,1,66,2
2308..2311,536..543,1,67,2
2308..2311,544..551,1,68,2
2308..2311,552..559,1,69,2
2308..2311,560..567,1,70,2
2308..2311,568..575,1,71,2
2308..2311,576..583,1,72,2
2308..2311,584..591,1,73,2
2308..2311,592..599,1,74,2
2308..2311,600..607,1,75,2
2308..2311,608..615,1,76,2
2308..2311,616..623,1,77,2
2308..2311,624..631,1,78,2
2308..2311,632..639,1,79,2
2308..2311,640..647,1,80,2
2308..2311,648..655,1,81,2
2308..2311,656..663,1,82,2
2308..2311,664..671,1,83,2
2308..2311,672..679,1,84,2
2308..2311,680..687,1,85,2
2308..2311,688..695,1,86,2
2308..2311,696..703,1,87,2
2308..2311,704..711,1,88,2
2308..2311,712..719,1,89,2
2308..2311,720..727,1,90,2
2308..2311,728..735,1,91,2
2308..2311,736..743,1,92,2
2308..2311,744..751,1,93,2
2308..2311,752..759,1,94,2
2308..2311,760..767,1,95,2
2308..2311,768..775,1,96,2
2308..2311,776..783,1,97,2
2308..2311,784..791,1,98,2
2308..2311,792..799,1,99,2
2308..2311,800..807,1,100,2
2308..2311,808..815,1,101,2
2308..2311,816..823,1,102,2
2308..2311,824..831,1,103,2
2308..2311,832..839,1,104,2
2308..2311,840..847,1,105,2
2308..2311,848..855,1,106,2
2308..2311,856..863,1,107,2
2308..2311,864..871,1,108,2
2308..2311,872..879,1,109,2
2308..2311,880..887,1,110,2
2308..2311,888..895,1,111,2
2308..2311,896..903,1,112,2
2308..2311,904..911,1,113,2
2308..2311,912..919,1,114,2
2308..2311,920..927,1,115,2
2308..2311,928..935,1,116,2
2308..2311,936..943,1,117,2
2308..2311,944..951,1,118,2
2308..2311,952..959,1,119,2
2308..2311,960..967,1,120,2
2308..2311,968..975,1,121,2
2308..2311,976..983,1,122,2
2308..2311,984..991,1,123,2
2308..2311,992..999,1,124,2
2308..2311,1000..1007,1,125,2
2308..2311,1008..1015,1,126,2
2308..2311,1016..1023,1,127,2
2312..2315,0..7,2,0,2
2312..2315,8..15,2,1,2
2312..2315,16..23,2,2,2
2312..2315,24..31,2,3,2
2312..2315,32..39,2,4,2
2312..2315,40..47,2,5,2
2312..2315,48..55,2,6,2
2312..2315,56..63,2,7,2
2312..2315,64..71,2,8,2
2312..2315,72..79,2,9,2
2312..2315,80..87,2,10,2
2312..2315,88..95,2,11,2
2312..2315,96..103,2,12,2
2312..2315,104..111,2,13,2
2312..2315,112..119,2,14,2
2312..2315,120..127,2,15,2
2312..2315,128..135,2,16,2
2312..2315,136..143,2,17,2
2312..2315,144..151,2,18,2
2312..2315,152..159,2,19,2
2312..2315,160..167,2,20,2
2312..2315,168..175,2,21,2
2312..2315,176..183,2,22,2
2312..2315,184..191,2,23,2
2312..2315,192..199,2,24,2
2312..2315,200..207,2,25,2
2312..2315,208..215,2,26,2
2312..2315,216..223,2,27,2
2312..2315,224..231,2,28,2
2312..2315,232..239,2,29,2
2312..2315,240..247,2,30,2
2312..2315,248..255,2,31,2
2312..2315,256..263,2,32,2
2312..2315,264..271,2,33,2
2312..2315,272..279,2,34,2
2312..2315,280..287,2,35,2
2312..2315,288..295,2,36,2
2312..2315,296..303,2,37,2
2312..2315,304..311,2,38,2
2312..2315,312..319,2,39,2
2312..2315,320..327,2,40,2
2312..2315,328..335,2,41,2
2312..2315,336..343,2,42,2
2312..2315,344..351,2,43,2
2312..2315,352..359,2,44,2
2312..2315,360..367,2,45,2
2312..2315,368..375,2,46,2
2312..2315,376..383,2,47,2
2312..2315,384..391,2,48,2
2312..2315,392..399,2,49,2
2312..2315,400..407,2,50,2
2312..2315,408..415,2,51,2
2312..2315,416..423,2,52,2
2312..2315,424..431,2,53,2
2312..2315,432..439,2,54,2
2312..2315,440..447,2,55,2
2312..2315,448..455,2,56,2
2312..2315,456..463,2,57,2
2312..2315,464..471,2,58,2
2312..2315,472..479,2,59,2
2312..2315,480..487,2,60,2
2312..2315,488..495,2,61,2
2312..2315,496..503,2,62,2
2312..2315,504..511,2,63,2
2312..2315,512..519,2,64,2
2312..2315,520..527,2,65,2
2312..2315,528..535,2,66,2
2312..2315,536..543,2,67,2
2312..2315,544..551,2,68,2
2312..2315,552..559,2,69,2
2312..2315,560..567,2,70,2
2312..2315,568..575,2,71,2
2312..2315,576..583,2,72,2
2312..2315,584..591,2,73,2
2312..2315,592..599,2,74,2
2312..2315,600..607,2,75,2
2312..2315,608..615,2,76,2
2312..2315,616..623,2,77,2
2312..2315,624..631,2,78,2
2312..2315,632..639,2,79,2
2312..2315,640..647,2,80,2
2312..2315,648..655,2,81,2
2312..2315,656..663,2,82,2
2312..2315,664..671,2,83,2
2312..2315,672..679,2,84,2
2312..2315,680..687,2,85,2
2312..2315,688..695,2,86,2
2312..2315,696..703,2,87,2
2312..2315,704..711,2,88,2
2312..2315,712..719,2,89,2
2312..2315,720..727,2,90,2
2312..2315,728..735,2,91,2
2312..2315,736..743,2,92,2
2312..2315,744..751,2,93,2
2312..2315,752..759,2,94,2
2312..2315,760..767,2,95,2
2312..2315,768..775,2,96,2
2312..2315,776..783,2,97,2
2312..2315,784..791,2,98,2
2312..2315,792..799,2,99,2
2312..2315,800..807,2,100,2
2312..2315,808..815,2,101,2
2312..2315,816..823,2,102,2
2312..2315,824..831,2,103,2
2312..2315,832..839,2,104,2
2312..2315,840..847,2,105,2
2312..2315,848..855,2,106,2
2312..2315,856..863,2,107,2
2312..2315,864..871,2,108,2
2312..2315,872..879,2,109,2
2312..2315,880..887,2,110,2
2312..2315,888..895,2,111,2
2312..2315,896..903,2,112,2
2312..2315,904..911,2,113,2
2312..2315,912..919,2,114,2
2312..2315,920..927,2,115,2
2312..2315,928..935,2,116,2
2312..2315,936..943,2,117,2
2312..2315,944..951,2,118,2
2312..2315,952..959,2,119,2
2312..2315,960..967,2,120,2
2312..2315,968..975,2,121,2
2312..2315,976..983,2,122,2
2312..2315,984..991,2,123,2
2312..2315,992..999,2,124,2
2312..2315,1000..1007,2,125,2
2312..2315,1008..1015,2,126,2
2312..2315,1016..1023,2,127,2
2316..2319,0..7,3,0,2
2316..2319,8..15,3,1,2
2316..2319,16..23,3,2,2
2316..2319,24..31,3,3,2
2316..2319,32..39,3,4,2
2316..2319,40..47,3,5,2
2316..2319,48..55,3,6,2
2316..2319,56..63,3,7,2
2316..2319,64..71,3,8,2
2316..2319,72..79,3,9,2
2316..2319,80..87,3,10,2
2316..2319,88..95,3,11,2
2316..2319,96..103,3,12,2
2316..2319,104..111,3,13,2
2316..2319,112..119,3,14,2
2316..2319,120..127,3,15,2
2316..2319,128..135,3,16,2
2316..2319,136..143,3,17,2
2316..2319,144..151,3,18,2
2316..2319,152..159,3,19,2
2316..2319,160..167,3,20,2
2316..2319,168..175,3,21,2
2316..2319,176..183,3,22,2
2316..2319,184..191,3,23,2
2316..2319,192..199,3,24,2
2316..2319,200..207,3,25,2
2316..2319,208..215,3,26,2
2316..2319,216..223,3,27,2
2316..2319,224..231,3,28,2
2316..2319,232..239,3,29,2
2316..2319,240..247,3,30,2
2316..2319,248..255,3,31,2
2316..2319,256..263,3,32,2
2316..2319,264..271,3,33,2
2316..2319,272..279,3,34,2
2316..2319,280..287,3,35,2
2316..2319,288..295,3,36,2
2316..2319,296..303,3,37,2
2316..2319,304..311,3,38,2
2316..2319,312..319,3,39,2
2316..2319,320..327,3,40,2
2316..2319,328..335,3,41,2
2316..2319,336..343,3,42,2
2316..2319,344..351,3,43,2
2316..2319,352..359,3,44,2
2316..2319,360..367,3,45,2
2316..2319,368..375,3,46,2
2316..2319,376..383,3,47,2
2316..2319,384..391,3,48,2
2316..2319,392..399,3,49,2
2316..2319,400..407,3,50,2
2316..2319,408..415,3,51,2
2316..2319,416..423,3,52,2
2316..2319,424..431,3,53,2
2316..2319,432..439,3,54,2
2316..2319,440..447,3,55,2
2316..2319,448..455,3,56,2
2316..2319,456..463,3,57,2
2316..2319,464..471,3,58,2
2316..2319,472..479,3,59,2
2316..2319,480..487,3,60,2
2316..2319,488..495,3,61,2
2316..2319,496..503,3,62,2
2316..2319,504..511,3,63,2
2316..2319,512..519,3,64,2
2316..2319,520..527,3,65,2
2316..2319,528..535,3,66,2
2316..2319,536..543,3,67,2
2316..2319,544..551,3,68,2
2316..2319,552..559,3,69,2
2316..2319,560..567,3,70,2
2316..2319,568..575,3,71,2
2316..2319,576..583,3,72,2
2316..2319,584..591,3,73,2
2316..2319,592..599,3,74,2
2316..2319,600..607,3,75,2
2316..2319,608..615,3,76,2
2316..2319,616..623,3,77,2
2316..2319,624..631,3,78,2
2316..2319,632..639,3,79,2
2316..2319,640..647,3,80,2
2316..2319,648..655,3,81,2
2316..2319,656..663,3,82,2
2316..2319,664..671,3,83,2
2316..2319,672..679,3,84,2
2316..2319,680..687,3,85,2
2316..2319,688..695,3,86,2
2316..2319,696..703,3,87,2
2316..2319,704..711,3,88,2
2316..2319,712..719,3,89,2
2316..2319,720..727,3,90,2
2316..2319,728..735,3,91,2
2316..2319,736..743,3,92,2
2316..2319,744..751,3,93,2
2316..2319,752..759,3,94,2
2316..2319,760..767,3,95,2
2316..2319,768..775,3,96,2
2316..2319,776..783,3,97,2
2316..2319,784..791,3,98,2
2316..2319,792..799,3,99,2
2316..2319,800..807,3,100,2
2316..2319,808..815,3,101,2
2316..2319,816..823,3,102,2
2316..2319,824..831,3,103,2
2316..2319,832..839,3,104,2
2316..2319,840..847,3,105,2
2316..2319,848..855,3,106,2
2316..2319,856..863,3,107,2
2316..2319,864..871,3,108,2
2316..2319,872..879,3,109,2
2316..2319,880..887,3,110,2
2316..2319,888..895,3,111,2
2316..2319,896..903,3,112,2
2316..2319,904..911,3,113,2
2316..2319,912..919,3,114,2
2316..2319,920..927,3,115,2
2316..2319,928..935,3,116,2
2316..2319,936..943,3,117,2
2316..2319,944..951,3,118,2
2316..2319,952..959,3,119,2
2316..2319,960..967,3,120,2
2316..2319,968..975,3,121,2
2316..2319,976..983,3,122,2
2316..2319,984..991,3,123,2
2316..2319,992..999,3,124,2
2316..2319,1000..1007,3,125,2
2316..2319,1008..1015,3,126,2
2316..2319,1016..1023,3,127,2
2320..2323,0..7,4,0,2
2320..2323,8..15,4,1,2
2320..2323,16..23,4,2,2
2320..2323,24..31,4,3,2
2320..2323,32..39,4,4,2
2320..2323,40..47,4,5,2
2320..2323,48..55,4,6,2
2320..2323,56..63,4,7,2
2320..2323,64..71,4,8,2
2320..2323,72..79,4,9,2
2320..2323,80..87,4,10,2
2320..2323,88..95,4,11,2
2320..2323,96..103,4,12,2
2320..2323,104..111,4,13,2
2320..2323,112..119,4,14,2
2320..2323,120..127,4,15,2
2320..2323,128..135,4,16,2
2320..2323,136..143,4,17,2
2320..2323,144..151,4,18,2
2320..2323,152..159,4,19,2
2320..2323,160..167,4,20,2
2320..2323,168..175,4,21,2
2320..2323,176..183,4,22,2
2320..2323,184..191,4,23,2
2320..2323,192..199,4,24,2
2320..2323,200..207,4,25,2
2320..2323,208..215,4,26,2
2320..2323,216..223,4,27,2
2320..2323,224..231,4,28,2
2320..2323,232..239,4,29,2
2320..2323,240..247,4,30,2
2320..2323,248..255,4,31,2
2320..2323,256..263,4,32,2
2320..2323,264..271,4,33,2
2320..2323,272..279,4,34,2
2320..2323,280..287,4,35,2
2320..2323,288..295,4,36,2
2320..2323,296..303,4,37,2
2320..2323,304..311,4,38,2
2320..2323,312..319,4,39,2
2320..2323,320..327,4,40,2
2320..2323,328..335,4,41,2
2320..2323,336..343,4,42,2
2320..2323,344..351,4,43,2
2320..2323,352..359,4,44,2
2320..2323,360..367,4,45,2
2320..2323,368..375,4,46,2
2320..2323,376..383,4,47,2
2320..2323,384..391,4,48,2
2320..2323,392..399,4,49,2
2320..2323,400..407,4,50,2
2320..2323,408..415,4,51,2
2320..2323,416..423,4,52,2
2320..2323,424..431,4,53,2
2320..2323,432..439,4,54,2
2320..2323,440..447,4,55,2
2320..2323,448..455,4,56,2
2320..2323,456..463,4,57,2
2320..2323,464..471,4,58,2
2320..2323,472..479,4,59,2
2320..2323,480..487,4,60,2
2320..2323,488..495,4,61,2
2320..2323,496..503,4,62,2
2320..2323,504..511,4,63,2
2320..2323,512..519,4,64,2
2320..2323,520..527,4,65,2
2320..2323,528..535,4,66,2
2320..2323,536..543,4,67,2
2320..2323,544..551,4,68,2
2320..2323,552..559,4,69,2
2320..2323,560..567,4,70,2
2320..2323,568..575,4,71,2
2320..2323,576..583,4,72,2
2320..2323,584..591,4,73,2
2320..2323,592..599,4,74,2
2320..2323,600..607,4,75,2
2320..2323,608..615,4,76,2
2320..2323,616..623,4,77,2
2320..2323,624..631,4,78,2
2320..2323,632..639,4,79,2
2320..2323,640..647,4,80,2
2320..2323,648..655,4,81,2
2320..2323,656..663,4,82,2
2320..2323,664..671,4,83,2
2320..2323,672..679,4,84,2
2320..2323,680..687,4,85,2
2320..2323,688..695,4,86,2
2320..2323,696..703,4,87,2
2320..2323,704..711,4,88,2
2320..2323,712..719,4,89,2
2320..2323,720..727,4,90,2
2320..2323,728..735,4,91,2
2320..2323,736..743,4,92,2
2320..2323,744..751,4,93,2
2320..2323,752..759,4,94,2
2320..2323,760..767,4,95,2
2320..2323,768..775,4,96,2
2320..2323,776..783,4,97,2
2320..2323,784..791,4,98,2
2320..2323,792..799,4,99,2
2320..2323,800..807,4,100,2
2320..2323,808..815,4,101,2
2320..2323,816..823,4,102,2
2320..2323,824..831,4,103,2
2320..2323,832..839,4,104,2
2320..2323,840..847,4,105,2
2320..2323,848..855,4,106,2
2320..2323,856..863,4,107,2
2320..2323,864..871,4,108,2
2320..2323,872..879,4,109,2
2320..2323,880..887,4,110,2
2320..2323,888..895,4,111,2
2320..2323,896..903,4,112,2
2320..2323,904..911,4,113,2
2320..2323,912..919,4,114,2
2320..2323,920..927,4,115,2
2320..2323,928..935,4,116,2
2320..2323,936..943,4,117,2
2320..2323,944..951,4,118,2
2320..2323,952..959,4,119,2
2320..2323,960..967,4,120,2
2320..2323,968..975,4,121,2
2320..2323,976..983,4,122,2
2320..2323,984..991,4,123,2
2320..2323,992..999,4,124,2
2320..2323,1000..1007,4,125,2
2320..2323,1008..1015,4,126,2
2320..2323,1016..1023,4,127,2
2324..2327,0..7,5,0,2
2324..2327,8..15,5,1,2
2324..2327,16..23,5,2,2
2324..2327,24..31,5,3,2
2324..2327,32..39,5,4,2
2324..2327,40..47,5,5,2
2324..2327,48..55,5,6,2
2324..2327,56..63,5,7,2
2324..2327,64..71,5,8,2
2324..2327,72..79,5,9,2
2324..2327,80..87,5,10,2
2324..2327,88..95,5,11,2
2324..2327,96..103,5,12,2
2324..2327,104..111,5,13,2
2324..2327,112..119,5,14,2
2324..2327,120..127,5,15,2
2324..2327,128..135,5,16,2
2324..2327,136..143,5,17,2
2324..2327,144..151,5,18,2
2324..2327,152..159,5,19,2
2324..2327,160..167,5,20,2
2324..2327,168..175,5,21,2
2324..2327,176..183,5,22,2
2324..2327,184..191,5,23,2
2324..2327,192..199,5,24,2
2324..2327,200..207,5,25,2
2324..2327,208..215,5,26,2
2324..2327,216..223,5,27,2
2324..2327,224..231,5,28,2
2324..2327,232..239,5,29,2
2324..2327,240..247,5,30,2
2324..2327,248..255,5,31,2
2324..2327,256..263,5,32,2
2324..2327,264..271,5,33,2
2324..2327,272..279,5,34,2
2324..2327,280..287,5,35,2
2324..2327,288..295,5,36,2
2324..2327,296..303,5,37,2
2324..2327,304..311,5,38,2
2324..2327,312..319,5,39,2
2324..2327,320..327,5,40,2
2324..2327,328..335,5,41,2
2324..2327,336..343,5,42,2
2324..2327,344..351,5,43,2
2324..2327,352..359,5,44,2
2324..2327,360..367,5,45,2
2324..2327,368..375,5,46,2
2324..2327,376..383,5,47,2
2324..2327,384..391,5,48,2
2324..2327,392..399,5,49,2
2324..2327,400..407,5,50,2
2324..2327,408..415,5,51,2
2324..2327,416..423,5,52,2
2324..2327,424..431,5,53,2
2324..2327,432..439,5,54,2
2324..2327,440..447,5,55,2
2324..2327,448..455,5,56,2
2324..2327,456..463,5,57,2
2324..2327,464..471,5,58,2
2324..2327,472..479,5,59,2
2324..2327,480..487,5,60,2
2324..2327,488..495,5,61,2
2324..2327,496..503,5,62,2
2324..2327,504..511,5,63,2
2324..2327,512..519,5,64,2
2324..2327,520..527,5,65,2
2324..2327,528..535,5,66,2
2324..2327,536..543,5,67,2
2324..2327,544..551,5,68,2
2324..2327,552..559,5,69,2
2324..2327,560..567,5,70,2
2324..2327,568..575,5,71,2
2324..2327,576..583,5,72,2
2324..2327,584..591,5,73,2
2324..2327,592..599,5,74,2
2324..2327,600..607,5,75,2
2324..2327,608..615,5,76,2
2324..2327,616..623,5,77,2
2324..2327,624..631,5,78,2
2324..2327,632..639,5,79,2
2324..2327,640..647,5,80,2
2324..2327,648..655,5,81,2
2324..2327,656..663,5,82,2
2324..2327,664..671,5,83,2
2324..2327,672..679,5,84,2
2324..2327,680..687,5,85,2
2324..2327,688..695,5,86,2
2324..2327,696..703,5,87,2
2324..2327,704..711,5,88,2
2324..2327,712..719,5,89,2
2324..2327,720..727,5,90,2
2324..2327,728..735,5,91,2
2324..2327,736..743,5,92,2
2324..2327,744..751,5,93,2
2324..2327,752..759,5,94,2
2324..2327,760..767,5,95,2
2324..2327,768..775,5,96,2
2324..2327,776..783,5,97,2
2324..2327,784..791,5,98,2
2324..2327,792..799,5,99,2
2324..2327,800..807,5,100,2
2324..2327,808..815,5,101,2
2324..2327,816..823,5,102,2
2324..2327,824..831,5,103,2
2324..2327,832..839,5,104,2
2324..2327,840..847,5,105,2
2324..2327,848..855,5,106,2
2324..2327,856..863,5,107,2
2324..2327,864..871,5,108,2
2324..2327,872..879,5,109,2
2324..2327,880..887,5,110,2
2324..2327,888..895,5,111,2
2324..2327,896..903,5,112,2
2324..2327,904..911,5,113,2
2324..2327,912..919,5,114,2
2324..2327,920..927,5,115,2
2324..2327,928..935,5,116,2
2324..2327,936..943,5,117,2
2324..2327,944..951,5,118,2
2324..2327,952..959,5,119,2
2324..2327,960..967,5,120,2
2324..2327,968..975,5,121,2
2324..2327,976..983,5,122,2
2324..2327,984..991,5,123,2
2324..2327,992..999,5,124,2
2324..2327,1000..1007,5,125,2
2324..2327,1008..1015,5,126,2
2324..2327,1016..1023,5,127,2
2328..2331,0..7,6,0,2
2328..2331,8..15,6,1,2
2328..2331,16..23,6,2,2
2328..2331,24..31,6,3,2
2328..2331,32..39,6,4,2
2328..2331,40..47,6,5,2
2328..2331,48..55,6,6,2
2328..2331,56..63,6,7,2
2328..2331,64..71,6,8,2
2328..2331,72..79,6,9,2
2328..2331,80..87,6,10,2
2328..2331,88..95,6,11,2
2328..2331,96..103,6,12,2
2328..2331,104..111,6,13,2
2328..2331,112..119,6,14,2
2328..2331,120..127,6,15,2
2328..2331,128..135,6,16,2
2328..2331,136..143,6,17,2
2328..2331,144..151,6,18,2
2328..2331,152..159,6,19,2
2328..2331,160..167,6,20,2
2328..2331,168..175,6,21,2
2328..2331,176..183,6,22,2
2328..2331,184..191,6,23,2
2328..2331,192..199,6,24,2
2328..2331,200..207,6,25,2
2328..2331,208..215,6,26,2
2328..2331,216..223,6,27,2
2328..2331,224..231,6,28,2
2328..2331,232..239,6,29,2
2328..2331,240..247,6,30,2
2328..2331,248..255,6,31,2
2328..2331,256..263,6,32,2
2328..2331,264..271,6,33,2
2328..2331,272..279,6,34,2
2328..2331,280..287,6,35,2
2328..2331,288..295,6,36,2
2328..2331,296..303,6,37,2
2328..2331,304..311,6,38,2
2328..2331,312..319,6,39,2
2328..2331,320..327,6,40,2
2328..2331,328..335,6,41,2
2328..2331,336..343,6,42,2
2328..2331,344..351,6,43,2
2328..2331,352..359,6,44,2
2328..2331,360..367,6,45,2
2328..2331,368..375,6,46,2
2328..2331,376..383,6,47,2
2328..2331,384..391,6,48,2
2328..2331,392..399,6,49,2
2328..2331,400..407,6,50,2
2328..2331,408..415,6,51,2
2328..2331,416..423,6,52,2
2328..2331,424..431,6,53,2
2328..2331,432..439,6,54,2
2328..2331,440..447,6,55,2
2328..2331,448..455,6,56,2
2328..2331,456..463,6,57,2
2328..2331,464..471,6,58,2
2328..2331,472..479,6,59,2
2328..2331,480..487,6,60,2
2328..2331,488..495,6,61,2
2328..2331,496..503,6,62,2
2328..2331,504..511,6,63,2
2328..2331,512..519,6,64,2
2328..2331,520..527,6,65,2
2328..2331,528..535,6,66,2
2328..2331,536..543,6,67,2
2328..2331,544..551,6,68,2
2328..2331,552..559,6,69,2
2328..2331,560..567,6,70,2
2328..2331,568..575,6,71,2
2328..2331,576..583,6,72,2
2328..2331,584..591,6,73,2
2328..2331,592..599,6,74,2
2328..2331,600..607,6,75,2
2328..2331,608..615,6,76,2
2328..2331,616..623,6,77,2
2328..2331,624..631,6,78,2
2328..2331,632..639,6,79,2
2328..2331,640..647,6,80,2
2328..2331,648..655,6,81,2
2328..2331,656..663,6,82,2
2328..2331,664..671,6,83,2
2328..2331,672..679,6,84,2
2328..2331,680..687,6,85,2
2328..2331,688..695,6,86,2
2328..2331,696..703,6,87,2
2328..2331,704..711,6,88,2
2328..2331,712..719,6,89,2
2328..2331,720..727,6,90,2
2328..2331,728..735,6,91,2
2328..2331,736..743,6,92,2
2328..2331,744..751,6,93,2
2328..2331,752..759,6,94,2
2328..2331,760..767,6,95,2
2328..2331,768..775,6,96,2
2328..2331,776..783,6,97,2
2328..2331,784..791,6,98,2
2328..2331,792..799,6,99,2
2328..2331,800..807,6,100,2
2328..2331,808..815,6,101,2
2328..2331,816..823,6,102,2
2328..2331,824..831,6,103,2
2328..2331,832..839,6,104,2
2328..2331,840..847,6,105,2
2328..2331,848..855,6,106,2
2328..2331,856..863,6,107,2
2328..2331,864..871,6,108,2
2328..2331,872..879,6,109,2
2328..2331,880..887,6,110,2
2328..2331,888..895,6,111,2
2328..2331,896..903,6,112,2
2328..2331,904..911,6,113,2
2328..2331,912..919,6,114,2
2328..2331,920..927,6,115,2
2328..2331,928..935,6,116,2
2328..2331,936..943,6,117,2
2328..2331,944..951,6,118,2
2328..2331,952..959,6,119,2
2328..2331,960..967,6,120,2
2328..2331,968..975,6,121,2
2328..2331,976..983,6,122,2
2328..2331,984..991,6,123,2
2328..2331,992..999,6,124,2
2328..2331,1000..1007,6,125,2
2328..2331,1008..1015,6,126,2
2328..2331,1016..1023,6,127,2
2332..2335,0..7,7,0,2
2332..2335,8..15,7,1,2
2332..2335,16..23,7,2,2
2332..2335,24..31,7,3,2
2332..2335,32..39,7,4,2
2332..2335,40..47,7,5,2
2332..2335,48..55,7,6,2
2332..2335,56..63,7,7,2
2332..2335,64..71,7,8,2
2332..2335,72..79,7,9,2
2332..2335,80..87,7,10,2
2332..2335,88..95,7,11,2
2332..2335,96..103,7,12,2
2332..2335,104..111,7,13,2
2332..2335,112..119,7,14,2
2332..2335,120..127,7,15,2
2332..2335,128..135,7,16,2
2332..2335,136..143,7,17,2
2332..2335,144..151,7,18,2
2332..2335,152..159,7,19,2
2332..2335,160..167,7,20,2
2332..2335,168..175,7,21,2
2332..2335,176..183,7,22,2
2332..2335,184..191,7,23,2
2332..2335,192..199,7,24,2
2332..2335,200..207,7,25,2
2332..2335,208..215,7,26,2
2332..2335,216..223,7,27,2
2332..2335,224..231,7,28,2
2332..2335,232..239,7,29,2
2332..2335,240..247,7,30,2
2332..2335,248..255,7,31,2
2332..2335,256..263,7,32,2
2332..2335,264..271,7,33,2
2332..2335,272..279,7,34,2
2332..2335,280..287,7,35,2
2332..2335,288..295,7,36,2
2332..2335,296..303,7,37,2
2332..2335,304..311,7,38,2
2332..2335,312..319,7,39,2
2332..2335,320..327,7,40,2
2332..2335,328..335,7,41,2
2332..2335,336..343,7,42,2
2332..2335,344..351,7,43,2
2332..2335,352..359,7,44,2
2332..2335,360..367,7,45,2
2332..2335,368..375,7,46,2
2332..2335,376..383,7,47,2
2332..2335,384..391,7,48,2
2332..2335,392..399,7,49,2
2332..2335,400..407,7,50,2
2332..2335,408..415,7,51,2
2332..2335,416..423,7,52,2
2332..2335,424..431,7,53,2
2332..2335,432..439,7,54,2
2332..2335,440..447,7,55,2
2332..2335,448..455,7,56,2
2332..2335,456..463,7,57,2
2332..2335,464..471,7,58,2
2332..2335,472..479,7,59,2
2332..2335,480..487,7,60,2
2332..2335,488..495,7,61,2
2332..2335,496..503,7,62,2
2332..2335,504..511,7,63,2
2332..2335,512..519,7,64,2
2332..2335,520..527,7,65,2
2332..2335,528..535,7,66,2
2332..2335,536..543,7,67,2
2332..2335,544..551,7,68,2
2332..2335,552..559,7,69,2
2332..2335,560..567,7,70,2
2332..2335,568..575,7,71,2
2332..2335,576..583,7,72,2
2332..2335,584..591,7,73,2
2332..2335,592..599,7,74,2
2332..2335,600..607,7,75,2
2332..2335,608..615,7,76,2
2332..2335,616..623,7,77,2
2332..2335,624..631,7,78,2
2332..2335,632..639,7,79,2
2332..2335,640..647,7,80,2
2332..2335,648..655,7,81,2
2332..2335,656..663,7,82,2
2332..2335,664..671,7,83,2
2332..2335,672..679,7,84,2
2332..2335,680..687,7,85,2
2332..2335,688..695,7,86,2
2332..2335,696..703,7,87,2
2332..2335,704..711,7,88,2
2332..2335,712..719,7,89,2
2332..2335,720..727,7,90,2
2332..2335,728..735,7,91,2
2332..2335,736..743,7,92,2
2332..2335,744..751,7,93,2
2332..2335,752..759,7,94,2
2332..2335,760..767,7,95,2
2332..2335,768..775,7,96,2
2332..2335,776..783,7,97,2
2332..2335,784..791,7,98,2
2332..2335,792..799,7,99,2
2332..2335,800..807,7,100,2
2332..2335,808..815,7,101,2
2332..2335,816..823,7,102,2
2332..2335,824..831,7,103,2
2332..2335,832..839,7,104,2
2332..2335,840..847,7,105,2
2332..2335,848..855,7,106,2
2332..2335,856..863,7,107,2
2332..2335,864..871,7,108,2
2332..2335,872..879,7,109,2
2332..2335,880..887,7,110,2
2332..2335,888..895,7,111,2
2332..2335,896..903,7,112,2
2332..2335,904..911,7,113,2
2332..2335,912..919,7,114,2
2332..2335,920..927,7,115,2
2332..2335,928..935,7,116,2
2332..2335,936..943,7,117,2
2332..2335,944..951,7,118,2
2332..2335,952..959,7,119,2
2332..2335,960..967,7,120,2
2332..2335,968..975,7,121,2
2332..2335,976..983,7,122,2
2332..2335,984..991,7,123,2
2332..2335,992..999,7,124,2
2332..2335,1000..1007,7,125,2
2332..2335,1008..1015,7,126,2
2332..2335,1016..1023,7,127,2
