nodeId1,portId1,nodeId2,portId2,bandwidth,delay
0,0,512,0,400Gbps,1ns
0,1,576,0,400Gbps,1ns
0,2,640,0,400Gbps,1ns
0,3,704,0,400Gbps,1ns
0,4,768,0,400Gbps,1ns
0,5,832,0,400Gbps,1ns
0,6,896,0,400Gbps,1ns
0,7,960,0,400Gbps,1ns
1,0,512,1,400Gbps,1ns
1,1,576,1,400Gbps,1ns
1,2,640,1,400Gbps,1ns
1,3,704,1,400Gbps,1ns
1,4,768,1,400Gbps,1ns
1,5,832,1,400Gbps,1ns
1,6,896,1,400Gbps,1ns
1,7,960,1,400Gbps,1ns
2,0,512,2,400Gbps,1ns
2,1,576,2,400Gbps,1ns
2,2,640,2,400Gbps,1ns
2,3,704,2,400Gbps,1ns
2,4,768,2,400Gbps,1ns
2,5,832,2,400Gbps,1ns
2,6,896,2,400Gbps,1ns
2,7,960,2,400Gbps,1ns
3,0,512,3,400Gbps,1ns
3,1,576,3,400Gbps,1ns
3,2,640,3,400Gbps,1ns
3,3,704,3,400Gbps,1ns
3,4,768,3,400Gbps,1ns
3,5,832,3,400Gbps,1ns
3,6,896,3,400Gbps,1ns
3,7,960,3,400Gbps,1ns
4,0,512,4,400Gbps,1ns
4,1,576,4,400Gbps,1ns
4,2,640,4,400Gbps,1ns
4,3,704,4,400Gbps,1ns
4,4,768,4,400Gbps,1ns
4,5,832,4,400Gbps,1ns
4,6,896,4,400Gbps,1ns
4,7,960,4,400Gbps,1ns
5,0,512,5,400Gbps,1ns
5,1,576,5,400Gbps,1ns
5,2,640,5,400Gbps,1ns
5,3,704,5,400Gbps,1ns
5,4,768,5,400Gbps,1ns
5,5,832,5,400Gbps,1ns
5,6,896,5,400Gbps,1ns
5,7,960,5,400Gbps,1ns
6,0,512,6,400Gbps,1ns
6,1,576,6,400Gbps,1ns
6,2,640,6,400Gbps,1ns
6,3,704,6,400Gbps,1ns
6,4,768,6,400Gbps,1ns
6,5,832,6,400Gbps,1ns
6,6,896,6,400Gbps,1ns
6,7,960,6,400Gbps,1ns
7,0,512,7,400Gbps,1ns
7,1,576,7,400Gbps,1ns
7,2,640,7,400Gbps,1ns
7,3,704,7,400Gbps,1ns
7,4,768,7,400Gbps,1ns
7,5,832,7,400Gbps,1ns
7,6,896,7,400Gbps,1ns
7,7,960,7,400Gbps,1ns
8,0,513,0,400Gbps,1ns
8,1,577,0,400Gbps,1ns
8,2,641,0,400Gbps,1ns
8,3,705,0,400Gbps,1ns
8,4,769,0,400Gbps,1ns
8,5,833,0,400Gbps,1ns
8,6,897,0,400Gbps,1ns
8,7,961,0,400Gbps,1ns
9,0,513,1,400Gbps,1ns
9,1,577,1,400Gbps,1ns
9,2,641,1,400Gbps,1ns
9,3,705,1,400Gbps,1ns
9,4,769,1,400Gbps,1ns
9,5,833,1,400Gbps,1ns
9,6,897,1,400Gbps,1ns
9,7,961,1,400Gbps,1ns
10,0,513,2,400Gbps,1ns
10,1,577,2,400Gbps,1ns
10,2,641,2,400Gbps,1ns
10,3,705,2,400Gbps,1ns
10,4,769,2,400Gbps,1ns
10,5,833,2,400Gbps,1ns
10,6,897,2,400Gbps,1ns
10,7,961,2,400Gbps,1ns
11,0,513,3,400Gbps,1ns
11,1,577,3,400Gbps,1ns
11,2,641,3,400Gbps,1ns
11,3,705,3,400Gbps,1ns
11,4,769,3,400Gbps,1ns
11,5,833,3,400Gbps,1ns
11,6,897,3,400Gbps,1ns
11,7,961,3,400Gbps,1ns
12,0,513,4,400Gbps,1ns
12,1,577,4,400Gbps,1ns
12,2,641,4,400Gbps,1ns
12,3,705,4,400Gbps,1ns
12,4,769,4,400Gbps,1ns
12,5,833,4,400Gbps,1ns
12,6,897,4,400Gbps,1ns
12,7,961,4,400Gbps,1ns
13,0,513,5,400Gbps,1ns
13,1,577,5,400Gbps,1ns
13,2,641,5,400Gbps,1ns
13,3,705,5,400Gbps,1ns
13,4,769,5,400Gbps,1ns
13,5,833,5,400Gbps,1ns
13,6,897,5,400Gbps,1ns
13,7,961,5,400Gbps,1ns
14,0,513,6,400Gbps,1ns
14,1,577,6,400Gbps,1ns
14,2,641,6,400Gbps,1ns
14,3,705,6,400Gbps,1ns
14,4,769,6,400Gbps,1ns
14,5,833,6,400Gbps,1ns
14,6,897,6,400Gbps,1ns
14,7,961,6,400Gbps,1ns
15,0,513,7,400Gbps,1ns
15,1,577,7,400Gbps,1ns
15,2,641,7,400Gbps,1ns
15,3,705,7,400Gbps,1ns
15,4,769,7,400Gbps,1ns
15,5,833,7,400Gbps,1ns
15,6,897,7,400Gbps,1ns
15,7,961,7,400Gbps,1ns
16,0,514,0,400Gbps,1ns
16,1,578,0,400Gbps,1ns
16,2,642,0,400Gbps,1ns
16,3,706,0,400Gbps,1ns
16,4,770,0,400Gbps,1ns
16,5,834,0,400Gbps,1ns
16,6,898,0,400Gbps,1ns
16,7,962,0,400Gbps,1ns
17,0,514,1,400Gbps,1ns
17,1,578,1,400Gbps,1ns
17,2,642,1,400Gbps,1ns
17,3,706,1,400Gbps,1ns
17,4,770,1,400Gbps,1ns
17,5,834,1,400Gbps,1ns
17,6,898,1,400Gbps,1ns
17,7,962,1,400Gbps,1ns
18,0,514,2,400Gbps,1ns
18,1,578,2,400Gbps,1ns
18,2,642,2,400Gbps,1ns
18,3,706,2,400Gbps,1ns
18,4,770,2,400Gbps,1ns
18,5,834,2,400Gbps,1ns
18,6,898,2,400Gbps,1ns
18,7,962,2,400Gbps,1ns
19,0,514,3,400Gbps,1ns
19,1,578,3,400Gbps,1ns
19,2,642,3,400Gbps,1ns
19,3,706,3,400Gbps,1ns
19,4,770,3,400Gbps,1ns
19,5,834,3,400Gbps,1ns
19,6,898,3,400Gbps,1ns
19,7,962,3,400Gbps,1ns
20,0,514,4,400Gbps,1ns
20,1,578,4,400Gbps,1ns
20,2,642,4,400Gbps,1ns
20,3,706,4,400Gbps,1ns
20,4,770,4,400Gbps,1ns
20,5,834,4,400Gbps,1ns
20,6,898,4,400Gbps,1ns
20,7,962,4,400Gbps,1ns
21,0,514,5,400Gbps,1ns
21,1,578,5,400Gbps,1ns
21,2,642,5,400Gbps,1ns
21,3,706,5,400Gbps,1ns
21,4,770,5,400Gbps,1ns
21,5,834,5,400Gbps,1ns
21,6,898,5,400Gbps,1ns
21,7,962,5,400Gbps,1ns
22,0,514,6,400Gbps,1ns
22,1,578,6,400Gbps,1ns
22,2,642,6,400Gbps,1ns
22,3,706,6,400Gbps,1ns
22,4,770,6,400Gbps,1ns
22,5,834,6,400Gbps,1ns
22,6,898,6,400Gbps,1ns
22,7,962,6,400Gbps,1ns
23,0,514,7,400Gbps,1ns
23,1,578,7,400Gbps,1ns
23,2,642,7,400Gbps,1ns
23,3,706,7,400Gbps,1ns
23,4,770,7,400Gbps,1ns
23,5,834,7,400Gbps,1ns
23,6,898,7,400Gbps,1ns
23,7,962,7,400Gbps,1ns
24,0,515,0,400Gbps,1ns
24,1,579,0,400Gbps,1ns
24,2,643,0,400Gbps,1ns
24,3,707,0,400Gbps,1ns
24,4,771,0,400Gbps,1ns
24,5,835,0,400Gbps,1ns
24,6,899,0,400Gbps,1ns
24,7,963,0,400Gbps,1ns
25,0,515,1,400Gbps,1ns
25,1,579,1,400Gbps,1ns
25,2,643,1,400Gbps,1ns
25,3,707,1,400Gbps,1ns
25,4,771,1,400Gbps,1ns
25,5,835,1,400Gbps,1ns
25,6,899,1,400Gbps,1ns
25,7,963,1,400Gbps,1ns
26,0,515,2,400Gbps,1ns
26,1,579,2,400Gbps,1ns
26,2,643,2,400Gbps,1ns
26,3,707,2,400Gbps,1ns
26,4,771,2,400Gbps,1ns
26,5,835,2,400Gbps,1ns
26,6,899,2,400Gbps,1ns
26,7,963,2,400Gbps,1ns
27,0,515,3,400Gbps,1ns
27,1,579,3,400Gbps,1ns
27,2,643,3,400Gbps,1ns
27,3,707,3,400Gbps,1ns
27,4,771,3,400Gbps,1ns
27,5,835,3,400Gbps,1ns
27,6,899,3,400Gbps,1ns
27,7,963,3,400Gbps,1ns
28,0,515,4,400Gbps,1ns
28,1,579,4,400Gbps,1ns
28,2,643,4,400Gbps,1ns
28,3,707,4,400Gbps,1ns
28,4,771,4,400Gbps,1ns
28,5,835,4,400Gbps,1ns
28,6,899,4,400Gbps,1ns
28,7,963,4,400Gbps,1ns
29,0,515,5,400Gbps,1ns
29,1,579,5,400Gbps,1ns
29,2,643,5,400Gbps,1ns
29,3,707,5,400Gbps,1ns
29,4,771,5,400Gbps,1ns
29,5,835,5,400Gbps,1ns
29,6,899,5,400Gbps,1ns
29,7,963,5,400Gbps,1ns
30,0,515,6,400Gbps,1ns
30,1,579,6,400Gbps,1ns
30,2,643,6,400Gbps,1ns
30,3,707,6,400Gbps,1ns
30,4,771,6,400Gbps,1ns
30,5,835,6,400Gbps,1ns
30,6,899,6,400Gbps,1ns
30,7,963,6,400Gbps,1ns
31,0,515,7,400Gbps,1ns
31,1,579,7,400Gbps,1ns
31,2,643,7,400Gbps,1ns
31,3,707,7,400Gbps,1ns
31,4,771,7,400Gbps,1ns
31,5,835,7,400Gbps,1ns
31,6,899,7,400Gbps,1ns
31,7,963,7,400Gbps,1ns
32,0,516,0,400Gbps,1ns
32,1,580,0,400Gbps,1ns
32,2,644,0,400Gbps,1ns
32,3,708,0,400Gbps,1ns
32,4,772,0,400Gbps,1ns
32,5,836,0,400Gbps,1ns
32,6,900,0,400Gbps,1ns
32,7,964,0,400Gbps,1ns
33,0,516,1,400Gbps,1ns
33,1,580,1,400Gbps,1ns
33,2,644,1,400Gbps,1ns
33,3,708,1,400Gbps,1ns
33,4,772,1,400Gbps,1ns
33,5,836,1,400Gbps,1ns
33,6,900,1,400Gbps,1ns
33,7,964,1,400Gbps,1ns
34,0,516,2,400Gbps,1ns
34,1,580,2,400Gbps,1ns
34,2,644,2,400Gbps,1ns
34,3,708,2,400Gbps,1ns
34,4,772,2,400Gbps,1ns
34,5,836,2,400Gbps,1ns
34,6,900,2,400Gbps,1ns
34,7,964,2,400Gbps,1ns
35,0,516,3,400Gbps,1ns
35,1,580,3,400Gbps,1ns
35,2,644,3,400Gbps,1ns
35,3,708,3,400Gbps,1ns
35,4,772,3,400Gbps,1ns
35,5,836,3,400Gbps,1ns
35,6,900,3,400Gbps,1ns
35,7,964,3,400Gbps,1ns
36,0,516,4,400Gbps,1ns
36,1,580,4,400Gbps,1ns
36,2,644,4,400Gbps,1ns
36,3,708,4,400Gbps,1ns
36,4,772,4,400Gbps,1ns
36,5,836,4,400Gbps,1ns
36,6,900,4,400Gbps,1ns
36,7,964,4,400Gbps,1ns
37,0,516,5,400Gbps,1ns
37,1,580,5,400Gbps,1ns
37,2,644,5,400Gbps,1ns
37,3,708,5,400Gbps,1ns
37,4,772,5,400Gbps,1ns
37,5,836,5,400Gbps,1ns
37,6,900,5,400Gbps,1ns
37,7,964,5,400Gbps,1ns
38,0,516,6,400Gbps,1ns
38,1,580,6,400Gbps,1ns
38,2,644,6,400Gbps,1ns
38,3,708,6,400Gbps,1ns
38,4,772,6,400Gbps,1ns
38,5,836,6,400Gbps,1ns
38,6,900,6,400Gbps,1ns
38,7,964,6,400Gbps,1ns
39,0,516,7,400Gbps,1ns
39,1,580,7,400Gbps,1ns
39,2,644,7,400Gbps,1ns
39,3,708,7,400Gbps,1ns
39,4,772,7,400Gbps,1ns
39,5,836,7,400Gbps,1ns
39,6,900,7,400Gbps,1ns
39,7,964,7,400Gbps,1ns
40,0,517,0,400Gbps,1ns
40,1,581,0,400Gbps,1ns
40,2,645,0,400Gbps,1ns
40,3,709,0,400Gbps,1ns
40,4,773,0,400Gbps,1ns
40,5,837,0,400Gbps,1ns
40,6,901,0,400Gbps,1ns
40,7,965,0,400Gbps,1ns
41,0,517,1,400Gbps,1ns
41,1,581,1,400Gbps,1ns
41,2,645,1,400Gbps,1ns
41,3,709,1,400Gbps,1ns
41,4,773,1,400Gbps,1ns
41,5,837,1,400Gbps,1ns
41,6,901,1,400Gbps,1ns
41,7,965,1,400Gbps,1ns
42,0,517,2,400Gbps,1ns
42,1,581,2,400Gbps,1ns
42,2,645,2,400Gbps,1ns
42,3,709,2,400Gbps,1ns
42,4,773,2,400Gbps,1ns
42,5,837,2,400Gbps,1ns
42,6,901,2,400Gbps,1ns
42,7,965,2,400Gbps,1ns
43,0,517,3,400Gbps,1ns
43,1,581,3,400Gbps,1ns
43,2,645,3,400Gbps,1ns
43,3,709,3,400Gbps,1ns
43,4,773,3,400Gbps,1ns
43,5,837,3,400Gbps,1ns
43,6,901,3,400Gbps,1ns
43,7,965,3,400Gbps,1ns
44,0,517,4,400Gbps,1ns
44,1,581,4,400Gbps,1ns
44,2,645,4,400Gbps,1ns
44,3,709,4,400Gbps,1ns
44,4,773,4,400Gbps,1ns
44,5,837,4,400Gbps,1ns
44,6,901,4,400Gbps,1ns
44,7,965,4,400Gbps,1ns
45,0,517,5,400Gbps,1ns
45,1,581,5,400Gbps,1ns
45,2,645,5,400Gbps,1ns
45,3,709,5,400Gbps,1ns
45,4,773,5,400Gbps,1ns
45,5,837,5,400Gbps,1ns
45,6,901,5,400Gbps,1ns
45,7,965,5,400Gbps,1ns
46,0,517,6,400Gbps,1ns
46,1,581,6,400Gbps,1ns
46,2,645,6,400Gbps,1ns
46,3,709,6,400Gbps,1ns
46,4,773,6,400Gbps,1ns
46,5,837,6,400Gbps,1ns
46,6,901,6,400Gbps,1ns
46,7,965,6,400Gbps,1ns
47,0,517,7,400Gbps,1ns
47,1,581,7,400Gbps,1ns
47,2,645,7,400Gbps,1ns
47,3,709,7,400Gbps,1ns
47,4,773,7,400Gbps,1ns
47,5,837,7,400Gbps,1ns
47,6,901,7,400Gbps,1ns
47,7,965,7,400Gbps,1ns
48,0,518,0,400Gbps,1ns
48,1,582,0,400Gbps,1ns
48,2,646,0,400Gbps,1ns
48,3,710,0,400Gbps,1ns
48,4,774,0,400Gbps,1ns
48,5,838,0,400Gbps,1ns
48,6,902,0,400Gbps,1ns
48,7,966,0,400Gbps,1ns
49,0,518,1,400Gbps,1ns
49,1,582,1,400Gbps,1ns
49,2,646,1,400Gbps,1ns
49,3,710,1,400Gbps,1ns
49,4,774,1,400Gbps,1ns
49,5,838,1,400Gbps,1ns
49,6,902,1,400Gbps,1ns
49,7,966,1,400Gbps,1ns
50,0,518,2,400Gbps,1ns
50,1,582,2,400Gbps,1ns
50,2,646,2,400Gbps,1ns
50,3,710,2,400Gbps,1ns
50,4,774,2,400Gbps,1ns
50,5,838,2,400Gbps,1ns
50,6,902,2,400Gbps,1ns
50,7,966,2,400Gbps,1ns
51,0,518,3,400Gbps,1ns
51,1,582,3,400Gbps,1ns
51,2,646,3,400Gbps,1ns
51,3,710,3,400Gbps,1ns
51,4,774,3,400Gbps,1ns
51,5,838,3,400Gbps,1ns
51,6,902,3,400Gbps,1ns
51,7,966,3,400Gbps,1ns
52,0,518,4,400Gbps,1ns
52,1,582,4,400Gbps,1ns
52,2,646,4,400Gbps,1ns
52,3,710,4,400Gbps,1ns
52,4,774,4,400Gbps,1ns
52,5,838,4,400Gbps,1ns
52,6,902,4,400Gbps,1ns
52,7,966,4,400Gbps,1ns
53,0,518,5,400Gbps,1ns
53,1,582,5,400Gbps,1ns
53,2,646,5,400Gbps,1ns
53,3,710,5,400Gbps,1ns
53,4,774,5,400Gbps,1ns
53,5,838,5,400Gbps,1ns
53,6,902,5,400Gbps,1ns
53,7,966,5,400Gbps,1ns
54,0,518,6,400Gbps,1ns
54,1,582,6,400Gbps,1ns
54,2,646,6,400Gbps,1ns
54,3,710,6,400Gbps,1ns
54,4,774,6,400Gbps,1ns
54,5,838,6,400Gbps,1ns
54,6,902,6,400Gbps,1ns
54,7,966,6,400Gbps,1ns
55,0,518,7,400Gbps,1ns
55,1,582,7,400Gbps,1ns
55,2,646,7,400Gbps,1ns
55,3,710,7,400Gbps,1ns
55,4,774,7,400Gbps,1ns
55,5,838,7,400Gbps,1ns
55,6,902,7,400Gbps,1ns
55,7,966,7,400Gbps,1ns
56,0,519,0,400Gbps,1ns
56,1,583,0,400Gbps,1ns
56,2,647,0,400Gbps,1ns
56,3,711,0,400Gbps,1ns
56,4,775,0,400Gbps,1ns
56,5,839,0,400Gbps,1ns
56,6,903,0,400Gbps,1ns
56,7,967,0,400Gbps,1ns
57,0,519,1,400Gbps,1ns
57,1,583,1,400Gbps,1ns
57,2,647,1,400Gbps,1ns
57,3,711,1,400Gbps,1ns
57,4,775,1,400Gbps,1ns
57,5,839,1,400Gbps,1ns
57,6,903,1,400Gbps,1ns
57,7,967,1,400Gbps,1ns
58,0,519,2,400Gbps,1ns
58,1,583,2,400Gbps,1ns
58,2,647,2,400Gbps,1ns
58,3,711,2,400Gbps,1ns
58,4,775,2,400Gbps,1ns
58,5,839,2,400Gbps,1ns
58,6,903,2,400Gbps,1ns
58,7,967,2,400Gbps,1ns
59,0,519,3,400Gbps,1ns
59,1,583,3,400Gbps,1ns
59,2,647,3,400Gbps,1ns
59,3,711,3,400Gbps,1ns
59,4,775,3,400Gbps,1ns
59,5,839,3,400Gbps,1ns
59,6,903,3,400Gbps,1ns
59,7,967,3,400Gbps,1ns
60,0,519,4,400Gbps,1ns
60,1,583,4,400Gbps,1ns
60,2,647,4,400Gbps,1ns
60,3,711,4,400Gbps,1ns
60,4,775,4,400Gbps,1ns
60,5,839,4,400Gbps,1ns
60,6,903,4,400Gbps,1ns
60,7,967,4,400Gbps,1ns
61,0,519,5,400Gbps,1ns
61,1,583,5,400Gbps,1ns
61,2,647,5,400Gbps,1ns
61,3,711,5,400Gbps,1ns
61,4,775,5,400Gbps,1ns
61,5,839,5,400Gbps,1ns
61,6,903,5,400Gbps,1ns
61,7,967,5,400Gbps,1ns
62,0,519,6,400Gbps,1ns
62,1,583,6,400Gbps,1ns
62,2,647,6,400Gbps,1ns
62,3,711,6,400Gbps,1ns
62,4,775,6,400Gbps,1ns
62,5,839,6,400Gbps,1ns
62,6,903,6,400Gbps,1ns
62,7,967,6,400Gbps,1ns
63,0,519,7,400Gbps,1ns
63,1,583,7,400Gbps,1ns
63,2,647,7,400Gbps,1ns
63,3,711,7,400Gbps,1ns
63,4,775,7,400Gbps,1ns
63,5,839,7,400Gbps,1ns
63,6,903,7,400Gbps,1ns
63,7,967,7,400Gbps,1ns
64,0,520,0,400Gbps,1ns
64,1,584,0,400Gbps,1ns
64,2,648,0,400Gbps,1ns
64,3,712,0,400Gbps,1ns
64,4,776,0,400Gbps,1ns
64,5,840,0,400Gbps,1ns
64,6,904,0,400Gbps,1ns
64,7,968,0,400Gbps,1ns
65,0,520,1,400Gbps,1ns
65,1,584,1,400Gbps,1ns
65,2,648,1,400Gbps,1ns
65,3,712,1,400Gbps,1ns
65,4,776,1,400Gbps,1ns
65,5,840,1,400Gbps,1ns
65,6,904,1,400Gbps,1ns
65,7,968,1,400Gbps,1ns
66,0,520,2,400Gbps,1ns
66,1,584,2,400Gbps,1ns
66,2,648,2,400Gbps,1ns
66,3,712,2,400Gbps,1ns
66,4,776,2,400Gbps,1ns
66,5,840,2,400Gbps,1ns
66,6,904,2,400Gbps,1ns
66,7,968,2,400Gbps,1ns
67,0,520,3,400Gbps,1ns
67,1,584,3,400Gbps,1ns
67,2,648,3,400Gbps,1ns
67,3,712,3,400Gbps,1ns
67,4,776,3,400Gbps,1ns
67,5,840,3,400Gbps,1ns
67,6,904,3,400Gbps,1ns
67,7,968,3,400Gbps,1ns
68,0,520,4,400Gbps,1ns
68,1,584,4,400Gbps,1ns
68,2,648,4,400Gbps,1ns
68,3,712,4,400Gbps,1ns
68,4,776,4,400Gbps,1ns
68,5,840,4,400Gbps,1ns
68,6,904,4,400Gbps,1ns
68,7,968,4,400Gbps,1ns
69,0,520,5,400Gbps,1ns
69,1,584,5,400Gbps,1ns
69,2,648,5,400Gbps,1ns
69,3,712,5,400Gbps,1ns
69,4,776,5,400Gbps,1ns
69,5,840,5,400Gbps,1ns
69,6,904,5,400Gbps,1ns
69,7,968,5,400Gbps,1ns
70,0,520,6,400Gbps,1ns
70,1,584,6,400Gbps,1ns
70,2,648,6,400Gbps,1ns
70,3,712,6,400Gbps,1ns
70,4,776,6,400Gbps,1ns
70,5,840,6,400Gbps,1ns
70,6,904,6,400Gbps,1ns
70,7,968,6,400Gbps,1ns
71,0,520,7,400Gbps,1ns
71,1,584,7,400Gbps,1ns
71,2,648,7,400Gbps,1ns
71,3,712,7,400Gbps,1ns
71,4,776,7,400Gbps,1ns
71,5,840,7,400Gbps,1ns
71,6,904,7,400Gbps,1ns
71,7,968,7,400Gbps,1ns
72,0,521,0,400Gbps,1ns
72,1,585,0,400Gbps,1ns
72,2,649,0,400Gbps,1ns
72,3,713,0,400Gbps,1ns
72,4,777,0,400Gbps,1ns
72,5,841,0,400Gbps,1ns
72,6,905,0,400Gbps,1ns
72,7,969,0,400Gbps,1ns
73,0,521,1,400Gbps,1ns
73,1,585,1,400Gbps,1ns
73,2,649,1,400Gbps,1ns
73,3,713,1,400Gbps,1ns
73,4,777,1,400Gbps,1ns
73,5,841,1,400Gbps,1ns
73,6,905,1,400Gbps,1ns
73,7,969,1,400Gbps,1ns
74,0,521,2,400Gbps,1ns
74,1,585,2,400Gbps,1ns
74,2,649,2,400Gbps,1ns
74,3,713,2,400Gbps,1ns
74,4,777,2,400Gbps,1ns
74,5,841,2,400Gbps,1ns
74,6,905,2,400Gbps,1ns
74,7,969,2,400Gbps,1ns
75,0,521,3,400Gbps,1ns
75,1,585,3,400Gbps,1ns
75,2,649,3,400Gbps,1ns
75,3,713,3,400Gbps,1ns
75,4,777,3,400Gbps,1ns
75,5,841,3,400Gbps,1ns
75,6,905,3,400Gbps,1ns
75,7,969,3,400Gbps,1ns
76,0,521,4,400Gbps,1ns
76,1,585,4,400Gbps,1ns
76,2,649,4,400Gbps,1ns
76,3,713,4,400Gbps,1ns
76,4,777,4,400Gbps,1ns
76,5,841,4,400Gbps,1ns
76,6,905,4,400Gbps,1ns
76,7,969,4,400Gbps,1ns
77,0,521,5,400Gbps,1ns
77,1,585,5,400Gbps,1ns
77,2,649,5,400Gbps,1ns
77,3,713,5,400Gbps,1ns
77,4,777,5,400Gbps,1ns
77,5,841,5,400Gbps,1ns
77,6,905,5,400Gbps,1ns
77,7,969,5,400Gbps,1ns
78,0,521,6,400Gbps,1ns
78,1,585,6,400Gbps,1ns
78,2,649,6,400Gbps,1ns
78,3,713,6,400Gbps,1ns
78,4,777,6,400Gbps,1ns
78,5,841,6,400Gbps,1ns
78,6,905,6,400Gbps,1ns
78,7,969,6,400Gbps,1ns
79,0,521,7,400Gbps,1ns
79,1,585,7,400Gbps,1ns
79,2,649,7,400Gbps,1ns
79,3,713,7,400Gbps,1ns
79,4,777,7,400Gbps,1ns
79,5,841,7,400Gbps,1ns
79,6,905,7,400Gbps,1ns
79,7,969,7,400Gbps,1ns
80,0,522,0,400Gbps,1ns
80,1,586,0,400Gbps,1ns
80,2,650,0,400Gbps,1ns
80,3,714,0,400Gbps,1ns
80,4,778,0,400Gbps,1ns
80,5,842,0,400Gbps,1ns
80,6,906,0,400Gbps,1ns
80,7,970,0,400Gbps,1ns
81,0,522,1,400Gbps,1ns
81,1,586,1,400Gbps,1ns
81,2,650,1,400Gbps,1ns
81,3,714,1,400Gbps,1ns
81,4,778,1,400Gbps,1ns
81,5,842,1,400Gbps,1ns
81,6,906,1,400Gbps,1ns
81,7,970,1,400Gbps,1ns
82,0,522,2,400Gbps,1ns
82,1,586,2,400Gbps,1ns
82,2,650,2,400Gbps,1ns
82,3,714,2,400Gbps,1ns
82,4,778,2,400Gbps,1ns
82,5,842,2,400Gbps,1ns
82,6,906,2,400Gbps,1ns
82,7,970,2,400Gbps,1ns
83,0,522,3,400Gbps,1ns
83,1,586,3,400Gbps,1ns
83,2,650,3,400Gbps,1ns
83,3,714,3,400Gbps,1ns
83,4,778,3,400Gbps,1ns
83,5,842,3,400Gbps,1ns
83,6,906,3,400Gbps,1ns
83,7,970,3,400Gbps,1ns
84,0,522,4,400Gbps,1ns
84,1,586,4,400Gbps,1ns
84,2,650,4,400Gbps,1ns
84,3,714,4,400Gbps,1ns
84,4,778,4,400Gbps,1ns
84,5,842,4,400Gbps,1ns
84,6,906,4,400Gbps,1ns
84,7,970,4,400Gbps,1ns
85,0,522,5,400Gbps,1ns
85,1,586,5,400Gbps,1ns
85,2,650,5,400Gbps,1ns
85,3,714,5,400Gbps,1ns
85,4,778,5,400Gbps,1ns
85,5,842,5,400Gbps,1ns
85,6,906,5,400Gbps,1ns
85,7,970,5,400Gbps,1ns
86,0,522,6,400Gbps,1ns
86,1,586,6,400Gbps,1ns
86,2,650,6,400Gbps,1ns
86,3,714,6,400Gbps,1ns
86,4,778,6,400Gbps,1ns
86,5,842,6,400Gbps,1ns
86,6,906,6,400Gbps,1ns
86,7,970,6,400Gbps,1ns
87,0,522,7,400Gbps,1ns
87,1,586,7,400Gbps,1ns
87,2,650,7,400Gbps,1ns
87,3,714,7,400Gbps,1ns
87,4,778,7,400Gbps,1ns
87,5,842,7,400Gbps,1ns
87,6,906,7,400Gbps,1ns
87,7,970,7,400Gbps,1ns
88,0,523,0,400Gbps,1ns
88,1,587,0,400Gbps,1ns
88,2,651,0,400Gbps,1ns
88,3,715,0,400Gbps,1ns
88,4,779,0,400Gbps,1ns
88,5,843,0,400Gbps,1ns
88,6,907,0,400Gbps,1ns
88,7,971,0,400Gbps,1ns
89,0,523,1,400Gbps,1ns
89,1,587,1,400Gbps,1ns
89,2,651,1,400Gbps,1ns
89,3,715,1,400Gbps,1ns
89,4,779,1,400Gbps,1ns
89,5,843,1,400Gbps,1ns
89,6,907,1,400Gbps,1ns
89,7,971,1,400Gbps,1ns
90,0,523,2,400Gbps,1ns
90,1,587,2,400Gbps,1ns
90,2,651,2,400Gbps,1ns
90,3,715,2,400Gbps,1ns
90,4,779,2,400Gbps,1ns
90,5,843,2,400Gbps,1ns
90,6,907,2,400Gbps,1ns
90,7,971,2,400Gbps,1ns
91,0,523,3,400Gbps,1ns
91,1,587,3,400Gbps,1ns
91,2,651,3,400Gbps,1ns
91,3,715,3,400Gbps,1ns
91,4,779,3,400Gbps,1ns
91,5,843,3,400Gbps,1ns
91,6,907,3,400Gbps,1ns
91,7,971,3,400Gbps,1ns
92,0,523,4,400Gbps,1ns
92,1,587,4,400Gbps,1ns
92,2,651,4,400Gbps,1ns
92,3,715,4,400Gbps,1ns
92,4,779,4,400Gbps,1ns
92,5,843,4,400Gbps,1ns
92,6,907,4,400Gbps,1ns
92,7,971,4,400Gbps,1ns
93,0,523,5,400Gbps,1ns
93,1,587,5,400Gbps,1ns
93,2,651,5,400Gbps,1ns
93,3,715,5,400Gbps,1ns
93,4,779,5,400Gbps,1ns
93,5,843,5,400Gbps,1ns
93,6,907,5,400Gbps,1ns
93,7,971,5,400Gbps,1ns
94,0,523,6,400Gbps,1ns
94,1,587,6,400Gbps,1ns
94,2,651,6,400Gbps,1ns
94,3,715,6,400Gbps,1ns
94,4,779,6,400Gbps,1ns
94,5,843,6,400Gbps,1ns
94,6,907,6,400Gbps,1ns
94,7,971,6,400Gbps,1ns
95,0,523,7,400Gbps,1ns
95,1,587,7,400Gbps,1ns
95,2,651,7,400Gbps,1ns
95,3,715,7,400Gbps,1ns
95,4,779,7,400Gbps,1ns
95,5,843,7,400Gbps,1ns
95,6,907,7,400Gbps,1ns
95,7,971,7,400Gbps,1ns
96,0,524,0,400Gbps,1ns
96,1,588,0,400Gbps,1ns
96,2,652,0,400Gbps,1ns
96,3,716,0,400Gbps,1ns
96,4,780,0,400Gbps,1ns
96,5,844,0,400Gbps,1ns
96,6,908,0,400Gbps,1ns
96,7,972,0,400Gbps,1ns
97,0,524,1,400Gbps,1ns
97,1,588,1,400Gbps,1ns
97,2,652,1,400Gbps,1ns
97,3,716,1,400Gbps,1ns
97,4,780,1,400Gbps,1ns
97,5,844,1,400Gbps,1ns
97,6,908,1,400Gbps,1ns
97,7,972,1,400Gbps,1ns
98,0,524,2,400Gbps,1ns
98,1,588,2,400Gbps,1ns
98,2,652,2,400Gbps,1ns
98,3,716,2,400Gbps,1ns
98,4,780,2,400Gbps,1ns
98,5,844,2,400Gbps,1ns
98,6,908,2,400Gbps,1ns
98,7,972,2,400Gbps,1ns
99,0,524,3,400Gbps,1ns
99,1,588,3,400Gbps,1ns
99,2,652,3,400Gbps,1ns
99,3,716,3,400Gbps,1ns
99,4,780,3,400Gbps,1ns
99,5,844,3,400Gbps,1ns
99,6,908,3,400Gbps,1ns
99,7,972,3,400Gbps,1ns
100,0,524,4,400Gbps,1ns
100,1,588,4,400Gbps,1ns
100,2,652,4,400Gbps,1ns
100,3,716,4,400Gbps,1ns
100,4,780,4,400Gbps,1ns
100,5,844,4,400Gbps,1ns
100,6,908,4,400Gbps,1ns
100,7,972,4,400Gbps,1ns
101,0,524,5,400Gbps,1ns
101,1,588,5,400Gbps,1ns
101,2,652,5,400Gbps,1ns
101,3,716,5,400Gbps,1ns
101,4,780,5,400Gbps,1ns
101,5,844,5,400Gbps,1ns
101,6,908,5,400Gbps,1ns
101,7,972,5,400Gbps,1ns
102,0,524,6,400Gbps,1ns
102,1,588,6,400Gbps,1ns
102,2,652,6,400Gbps,1ns
102,3,716,6,400Gbps,1ns
102,4,780,6,400Gbps,1ns
102,5,844,6,400Gbps,1ns
102,6,908,6,400Gbps,1ns
102,7,972,6,400Gbps,1ns
103,0,524,7,400Gbps,1ns
103,1,588,7,400Gbps,1ns
103,2,652,7,400Gbps,1ns
103,3,716,7,400Gbps,1ns
103,4,780,7,400Gbps,1ns
103,5,844,7,400Gbps,1ns
103,6,908,7,400Gbps,1ns
103,7,972,7,400Gbps,1ns
104,0,525,0,400Gbps,1ns
104,1,589,0,400Gbps,1ns
104,2,653,0,400Gbps,1ns
104,3,717,0,400Gbps,1ns
104,4,781,0,400Gbps,1ns
104,5,845,0,400Gbps,1ns
104,6,909,0,400Gbps,1ns
104,7,973,0,400Gbps,1ns
105,0,525,1,400Gbps,1ns
105,1,589,1,400Gbps,1ns
105,2,653,1,400Gbps,1ns
105,3,717,1,400Gbps,1ns
105,4,781,1,400Gbps,1ns
105,5,845,1,400Gbps,1ns
105,6,909,1,400Gbps,1ns
105,7,973,1,400Gbps,1ns
106,0,525,2,400Gbps,1ns
106,1,589,2,400Gbps,1ns
106,2,653,2,400Gbps,1ns
106,3,717,2,400Gbps,1ns
106,4,781,2,400Gbps,1ns
106,5,845,2,400Gbps,1ns
106,6,909,2,400Gbps,1ns
106,7,973,2,400Gbps,1ns
107,0,525,3,400Gbps,1ns
107,1,589,3,400Gbps,1ns
107,2,653,3,400Gbps,1ns
107,3,717,3,400Gbps,1ns
107,4,781,3,400Gbps,1ns
107,5,845,3,400Gbps,1ns
107,6,909,3,400Gbps,1ns
107,7,973,3,400Gbps,1ns
108,0,525,4,400Gbps,1ns
108,1,589,4,400Gbps,1ns
108,2,653,4,400Gbps,1ns
108,3,717,4,400Gbps,1ns
108,4,781,4,400Gbps,1ns
108,5,845,4,400Gbps,1ns
108,6,909,4,400Gbps,1ns
108,7,973,4,400Gbps,1ns
109,0,525,5,400Gbps,1ns
109,1,589,5,400Gbps,1ns
109,2,653,5,400Gbps,1ns
109,3,717,5,400Gbps,1ns
109,4,781,5,400Gbps,1ns
109,5,845,5,400Gbps,1ns
109,6,909,5,400Gbps,1ns
109,7,973,5,400Gbps,1ns
110,0,525,6,400Gbps,1ns
110,1,589,6,400Gbps,1ns
110,2,653,6,400Gbps,1ns
110,3,717,6,400Gbps,1ns
110,4,781,6,400Gbps,1ns
110,5,845,6,400Gbps,1ns
110,6,909,6,400Gbps,1ns
110,7,973,6,400Gbps,1ns
111,0,525,7,400Gbps,1ns
111,1,589,7,400Gbps,1ns
111,2,653,7,400Gbps,1ns
111,3,717,7,400Gbps,1ns
111,4,781,7,400Gbps,1ns
111,5,845,7,400Gbps,1ns
111,6,909,7,400Gbps,1ns
111,7,973,7,400Gbps,1ns
112,0,526,0,400Gbps,1ns
112,1,590,0,400Gbps,1ns
112,2,654,0,400Gbps,1ns
112,3,718,0,400Gbps,1ns
112,4,782,0,400Gbps,1ns
112,5,846,0,400Gbps,1ns
112,6,910,0,400Gbps,1ns
112,7,974,0,400Gbps,1ns
113,0,526,1,400Gbps,1ns
113,1,590,1,400Gbps,1ns
113,2,654,1,400Gbps,1ns
113,3,718,1,400Gbps,1ns
113,4,782,1,400Gbps,1ns
113,5,846,1,400Gbps,1ns
113,6,910,1,400Gbps,1ns
113,7,974,1,400Gbps,1ns
114,0,526,2,400Gbps,1ns
114,1,590,2,400Gbps,1ns
114,2,654,2,400Gbps,1ns
114,3,718,2,400Gbps,1ns
114,4,782,2,400Gbps,1ns
114,5,846,2,400Gbps,1ns
114,6,910,2,400Gbps,1ns
114,7,974,2,400Gbps,1ns
115,0,526,3,400Gbps,1ns
115,1,590,3,400Gbps,1ns
115,2,654,3,400Gbps,1ns
115,3,718,3,400Gbps,1ns
115,4,782,3,400Gbps,1ns
115,5,846,3,400Gbps,1ns
115,6,910,3,400Gbps,1ns
115,7,974,3,400Gbps,1ns
116,0,526,4,400Gbps,1ns
116,1,590,4,400Gbps,1ns
116,2,654,4,400Gbps,1ns
116,3,718,4,400Gbps,1ns
116,4,782,4,400Gbps,1ns
116,5,846,4,400Gbps,1ns
116,6,910,4,400Gbps,1ns
116,7,974,4,400Gbps,1ns
117,0,526,5,400Gbps,1ns
117,1,590,5,400Gbps,1ns
117,2,654,5,400Gbps,1ns
117,3,718,5,400Gbps,1ns
117,4,782,5,400Gbps,1ns
117,5,846,5,400Gbps,1ns
117,6,910,5,400Gbps,1ns
117,7,974,5,400Gbps,1ns
118,0,526,6,400Gbps,1ns
118,1,590,6,400Gbps,1ns
118,2,654,6,400Gbps,1ns
118,3,718,6,400Gbps,1ns
118,4,782,6,400Gbps,1ns
118,5,846,6,400Gbps,1ns
118,6,910,6,400Gbps,1ns
118,7,974,6,400Gbps,1ns
119,0,526,7,400Gbps,1ns
119,1,590,7,400Gbps,1ns
119,2,654,7,400Gbps,1ns
119,3,718,7,400Gbps,1ns
119,4,782,7,400Gbps,1ns
119,5,846,7,400Gbps,1ns
119,6,910,7,400Gbps,1ns
119,7,974,7,400Gbps,1ns
120,0,527,0,400Gbps,1ns
120,1,591,0,400Gbps,1ns
120,2,655,0,400Gbps,1ns
120,3,719,0,400Gbps,1ns
120,4,783,0,400Gbps,1ns
120,5,847,0,400Gbps,1ns
120,6,911,0,400Gbps,1ns
120,7,975,0,400Gbps,1ns
121,0,527,1,400Gbps,1ns
121,1,591,1,400Gbps,1ns
121,2,655,1,400Gbps,1ns
121,3,719,1,400Gbps,1ns
121,4,783,1,400Gbps,1ns
121,5,847,1,400Gbps,1ns
121,6,911,1,400Gbps,1ns
121,7,975,1,400Gbps,1ns
122,0,527,2,400Gbps,1ns
122,1,591,2,400Gbps,1ns
122,2,655,2,400Gbps,1ns
122,3,719,2,400Gbps,1ns
122,4,783,2,400Gbps,1ns
122,5,847,2,400Gbps,1ns
122,6,911,2,400Gbps,1ns
122,7,975,2,400Gbps,1ns
123,0,527,3,400Gbps,1ns
123,1,591,3,400Gbps,1ns
123,2,655,3,400Gbps,1ns
123,3,719,3,400Gbps,1ns
123,4,783,3,400Gbps,1ns
123,5,847,3,400Gbps,1ns
123,6,911,3,400Gbps,1ns
123,7,975,3,400Gbps,1ns
124,0,527,4,400Gbps,1ns
124,1,591,4,400Gbps,1ns
124,2,655,4,400Gbps,1ns
124,3,719,4,400Gbps,1ns
124,4,783,4,400Gbps,1ns
124,5,847,4,400Gbps,1ns
124,6,911,4,400Gbps,1ns
124,7,975,4,400Gbps,1ns
125,0,527,5,400Gbps,1ns
125,1,591,5,400Gbps,1ns
125,2,655,5,400Gbps,1ns
125,3,719,5,400Gbps,1ns
125,4,783,5,400Gbps,1ns
125,5,847,5,400Gbps,1ns
125,6,911,5,400Gbps,1ns
125,7,975,5,400Gbps,1ns
126,0,527,6,400Gbps,1ns
126,1,591,6,400Gbps,1ns
126,2,655,6,400Gbps,1ns
126,3,719,6,400Gbps,1ns
126,4,783,6,400Gbps,1ns
126,5,847,6,400Gbps,1ns
126,6,911,6,400Gbps,1ns
126,7,975,6,400Gbps,1ns
127,0,527,7,400Gbps,1ns
127,1,591,7,400Gbps,1ns
127,2,655,7,400Gbps,1ns
127,3,719,7,400Gbps,1ns
127,4,783,7,400Gbps,1ns
127,5,847,7,400Gbps,1ns
127,6,911,7,400Gbps,1ns
127,7,975,7,400Gbps,1ns
128,0,528,0,400Gbps,1ns
128,1,592,0,400Gbps,1ns
128,2,656,0,400Gbps,1ns
128,3,720,0,400Gbps,1ns
128,4,784,0,400Gbps,1ns
128,5,848,0,400Gbps,1ns
128,6,912,0,400Gbps,1ns
128,7,976,0,400Gbps,1ns
129,0,528,1,400Gbps,1ns
129,1,592,1,400Gbps,1ns
129,2,656,1,400Gbps,1ns
129,3,720,1,400Gbps,1ns
129,4,784,1,400Gbps,1ns
129,5,848,1,400Gbps,1ns
129,6,912,1,400Gbps,1ns
129,7,976,1,400Gbps,1ns
130,0,528,2,400Gbps,1ns
130,1,592,2,400Gbps,1ns
130,2,656,2,400Gbps,1ns
130,3,720,2,400Gbps,1ns
130,4,784,2,400Gbps,1ns
130,5,848,2,400Gbps,1ns
130,6,912,2,400Gbps,1ns
130,7,976,2,400Gbps,1ns
131,0,528,3,400Gbps,1ns
131,1,592,3,400Gbps,1ns
131,2,656,3,400Gbps,1ns
131,3,720,3,400Gbps,1ns
131,4,784,3,400Gbps,1ns
131,5,848,3,400Gbps,1ns
131,6,912,3,400Gbps,1ns
131,7,976,3,400Gbps,1ns
132,0,528,4,400Gbps,1ns
132,1,592,4,400Gbps,1ns
132,2,656,4,400Gbps,1ns
132,3,720,4,400Gbps,1ns
132,4,784,4,400Gbps,1ns
132,5,848,4,400Gbps,1ns
132,6,912,4,400Gbps,1ns
132,7,976,4,400Gbps,1ns
133,0,528,5,400Gbps,1ns
133,1,592,5,400Gbps,1ns
133,2,656,5,400Gbps,1ns
133,3,720,5,400Gbps,1ns
133,4,784,5,400Gbps,1ns
133,5,848,5,400Gbps,1ns
133,6,912,5,400Gbps,1ns
133,7,976,5,400Gbps,1ns
134,0,528,6,400Gbps,1ns
134,1,592,6,400Gbps,1ns
134,2,656,6,400Gbps,1ns
134,3,720,6,400Gbps,1ns
134,4,784,6,400Gbps,1ns
134,5,848,6,400Gbps,1ns
134,6,912,6,400Gbps,1ns
134,7,976,6,400Gbps,1ns
135,0,528,7,400Gbps,1ns
135,1,592,7,400Gbps,1ns
135,2,656,7,400Gbps,1ns
135,3,720,7,400Gbps,1ns
135,4,784,7,400Gbps,1ns
135,5,848,7,400Gbps,1ns
135,6,912,7,400Gbps,1ns
135,7,976,7,400Gbps,1ns
136,0,529,0,400Gbps,1ns
136,1,593,0,400Gbps,1ns
136,2,657,0,400Gbps,1ns
136,3,721,0,400Gbps,1ns
136,4,785,0,400Gbps,1ns
136,5,849,0,400Gbps,1ns
136,6,913,0,400Gbps,1ns
136,7,977,0,400Gbps,1ns
137,0,529,1,400Gbps,1ns
137,1,593,1,400Gbps,1ns
137,2,657,1,400Gbps,1ns
137,3,721,1,400Gbps,1ns
137,4,785,1,400Gbps,1ns
137,5,849,1,400Gbps,1ns
137,6,913,1,400Gbps,1ns
137,7,977,1,400Gbps,1ns
138,0,529,2,400Gbps,1ns
138,1,593,2,400Gbps,1ns
138,2,657,2,400Gbps,1ns
138,3,721,2,400Gbps,1ns
138,4,785,2,400Gbps,1ns
138,5,849,2,400Gbps,1ns
138,6,913,2,400Gbps,1ns
138,7,977,2,400Gbps,1ns
139,0,529,3,400Gbps,1ns
139,1,593,3,400Gbps,1ns
139,2,657,3,400Gbps,1ns
139,3,721,3,400Gbps,1ns
139,4,785,3,400Gbps,1ns
139,5,849,3,400Gbps,1ns
139,6,913,3,400Gbps,1ns
139,7,977,3,400Gbps,1ns
140,0,529,4,400Gbps,1ns
140,1,593,4,400Gbps,1ns
140,2,657,4,400Gbps,1ns
140,3,721,4,400Gbps,1ns
140,4,785,4,400Gbps,1ns
140,5,849,4,400Gbps,1ns
140,6,913,4,400Gbps,1ns
140,7,977,4,400Gbps,1ns
141,0,529,5,400Gbps,1ns
141,1,593,5,400Gbps,1ns
141,2,657,5,400Gbps,1ns
141,3,721,5,400Gbps,1ns
141,4,785,5,400Gbps,1ns
141,5,849,5,400Gbps,1ns
141,6,913,5,400Gbps,1ns
141,7,977,5,400Gbps,1ns
142,0,529,6,400Gbps,1ns
142,1,593,6,400Gbps,1ns
142,2,657,6,400Gbps,1ns
142,3,721,6,400Gbps,1ns
142,4,785,6,400Gbps,1ns
142,5,849,6,400Gbps,1ns
142,6,913,6,400Gbps,1ns
142,7,977,6,400Gbps,1ns
143,0,529,7,400Gbps,1ns
143,1,593,7,400Gbps,1ns
143,2,657,7,400Gbps,1ns
143,3,721,7,400Gbps,1ns
143,4,785,7,400Gbps,1ns
143,5,849,7,400Gbps,1ns
143,6,913,7,400Gbps,1ns
143,7,977,7,400Gbps,1ns
144,0,530,0,400Gbps,1ns
144,1,594,0,400Gbps,1ns
144,2,658,0,400Gbps,1ns
144,3,722,0,400Gbps,1ns
144,4,786,0,400Gbps,1ns
144,5,850,0,400Gbps,1ns
144,6,914,0,400Gbps,1ns
144,7,978,0,400Gbps,1ns
145,0,530,1,400Gbps,1ns
145,1,594,1,400Gbps,1ns
145,2,658,1,400Gbps,1ns
145,3,722,1,400Gbps,1ns
145,4,786,1,400Gbps,1ns
145,5,850,1,400Gbps,1ns
145,6,914,1,400Gbps,1ns
145,7,978,1,400Gbps,1ns
146,0,530,2,400Gbps,1ns
146,1,594,2,400Gbps,1ns
146,2,658,2,400Gbps,1ns
146,3,722,2,400Gbps,1ns
146,4,786,2,400Gbps,1ns
146,5,850,2,400Gbps,1ns
146,6,914,2,400Gbps,1ns
146,7,978,2,400Gbps,1ns
147,0,530,3,400Gbps,1ns
147,1,594,3,400Gbps,1ns
147,2,658,3,400Gbps,1ns
147,3,722,3,400Gbps,1ns
147,4,786,3,400Gbps,1ns
147,5,850,3,400Gbps,1ns
147,6,914,3,400Gbps,1ns
147,7,978,3,400Gbps,1ns
148,0,530,4,400Gbps,1ns
148,1,594,4,400Gbps,1ns
148,2,658,4,400Gbps,1ns
148,3,722,4,400Gbps,1ns
148,4,786,4,400Gbps,1ns
148,5,850,4,400Gbps,1ns
148,6,914,4,400Gbps,1ns
148,7,978,4,400Gbps,1ns
149,0,530,5,400Gbps,1ns
149,1,594,5,400Gbps,1ns
149,2,658,5,400Gbps,1ns
149,3,722,5,400Gbps,1ns
149,4,786,5,400Gbps,1ns
149,5,850,5,400Gbps,1ns
149,6,914,5,400Gbps,1ns
149,7,978,5,400Gbps,1ns
150,0,530,6,400Gbps,1ns
150,1,594,6,400Gbps,1ns
150,2,658,6,400Gbps,1ns
150,3,722,6,400Gbps,1ns
150,4,786,6,400Gbps,1ns
150,5,850,6,400Gbps,1ns
150,6,914,6,400Gbps,1ns
150,7,978,6,400Gbps,1ns
151,0,530,7,400Gbps,1ns
151,1,594,7,400Gbps,1ns
151,2,658,7,400Gbps,1ns
151,3,722,7,400Gbps,1ns
151,4,786,7,400Gbps,1ns
151,5,850,7,400Gbps,1ns
151,6,914,7,400Gbps,1ns
151,7,978,7,400Gbps,1ns
152,0,531,0,400Gbps,1ns
152,1,595,0,400Gbps,1ns
152,2,659,0,400Gbps,1ns
152,3,723,0,400Gbps,1ns
152,4,787,0,400Gbps,1ns
152,5,851,0,400Gbps,1ns
152,6,915,0,400Gbps,1ns
152,7,979,0,400Gbps,1ns
153,0,531,1,400Gbps,1ns
153,1,595,1,400Gbps,1ns
153,2,659,1,400Gbps,1ns
153,3,723,1,400Gbps,1ns
153,4,787,1,400Gbps,1ns
153,5,851,1,400Gbps,1ns
153,6,915,1,400Gbps,1ns
153,7,979,1,400Gbps,1ns
154,0,531,2,400Gbps,1ns
154,1,595,2,400Gbps,1ns
154,2,659,2,400Gbps,1ns
154,3,723,2,400Gbps,1ns
154,4,787,2,400Gbps,1ns
154,5,851,2,400Gbps,1ns
154,6,915,2,400Gbps,1ns
154,7,979,2,400Gbps,1ns
155,0,531,3,400Gbps,1ns
155,1,595,3,400Gbps,1ns
155,2,659,3,400Gbps,1ns
155,3,723,3,400Gbps,1ns
155,4,787,3,400Gbps,1ns
155,5,851,3,400Gbps,1ns
155,6,915,3,400Gbps,1ns
155,7,979,3,400Gbps,1ns
156,0,531,4,400Gbps,1ns
156,1,595,4,400Gbps,1ns
156,2,659,4,400Gbps,1ns
156,3,723,4,400Gbps,1ns
156,4,787,4,400Gbps,1ns
156,5,851,4,400Gbps,1ns
156,6,915,4,400Gbps,1ns
156,7,979,4,400Gbps,1ns
157,0,531,5,400Gbps,1ns
157,1,595,5,400Gbps,1ns
157,2,659,5,400Gbps,1ns
157,3,723,5,400Gbps,1ns
157,4,787,5,400Gbps,1ns
157,5,851,5,400Gbps,1ns
157,6,915,5,400Gbps,1ns
157,7,979,5,400Gbps,1ns
158,0,531,6,400Gbps,1ns
158,1,595,6,400Gbps,1ns
158,2,659,6,400Gbps,1ns
158,3,723,6,400Gbps,1ns
158,4,787,6,400Gbps,1ns
158,5,851,6,400Gbps,1ns
158,6,915,6,400Gbps,1ns
158,7,979,6,400Gbps,1ns
159,0,531,7,400Gbps,1ns
159,1,595,7,400Gbps,1ns
159,2,659,7,400Gbps,1ns
159,3,723,7,400Gbps,1ns
159,4,787,7,400Gbps,1ns
159,5,851,7,400Gbps,1ns
159,6,915,7,400Gbps,1ns
159,7,979,7,400Gbps,1ns
160,0,532,0,400Gbps,1ns
160,1,596,0,400Gbps,1ns
160,2,660,0,400Gbps,1ns
160,3,724,0,400Gbps,1ns
160,4,788,0,400Gbps,1ns
160,5,852,0,400Gbps,1ns
160,6,916,0,400Gbps,1ns
160,7,980,0,400Gbps,1ns
161,0,532,1,400Gbps,1ns
161,1,596,1,400Gbps,1ns
161,2,660,1,400Gbps,1ns
161,3,724,1,400Gbps,1ns
161,4,788,1,400Gbps,1ns
161,5,852,1,400Gbps,1ns
161,6,916,1,400Gbps,1ns
161,7,980,1,400Gbps,1ns
162,0,532,2,400Gbps,1ns
162,1,596,2,400Gbps,1ns
162,2,660,2,400Gbps,1ns
162,3,724,2,400Gbps,1ns
162,4,788,2,400Gbps,1ns
162,5,852,2,400Gbps,1ns
162,6,916,2,400Gbps,1ns
162,7,980,2,400Gbps,1ns
163,0,532,3,400Gbps,1ns
163,1,596,3,400Gbps,1ns
163,2,660,3,400Gbps,1ns
163,3,724,3,400Gbps,1ns
163,4,788,3,400Gbps,1ns
163,5,852,3,400Gbps,1ns
163,6,916,3,400Gbps,1ns
163,7,980,3,400Gbps,1ns
164,0,532,4,400Gbps,1ns
164,1,596,4,400Gbps,1ns
164,2,660,4,400Gbps,1ns
164,3,724,4,400Gbps,1ns
164,4,788,4,400Gbps,1ns
164,5,852,4,400Gbps,1ns
164,6,916,4,400Gbps,1ns
164,7,980,4,400Gbps,1ns
165,0,532,5,400Gbps,1ns
165,1,596,5,400Gbps,1ns
165,2,660,5,400Gbps,1ns
165,3,724,5,400Gbps,1ns
165,4,788,5,400Gbps,1ns
165,5,852,5,400Gbps,1ns
165,6,916,5,400Gbps,1ns
165,7,980,5,400Gbps,1ns
166,0,532,6,400Gbps,1ns
166,1,596,6,400Gbps,1ns
166,2,660,6,400Gbps,1ns
166,3,724,6,400Gbps,1ns
166,4,788,6,400Gbps,1ns
166,5,852,6,400Gbps,1ns
166,6,916,6,400Gbps,1ns
166,7,980,6,400Gbps,1ns
167,0,532,7,400Gbps,1ns
167,1,596,7,400Gbps,1ns
167,2,660,7,400Gbps,1ns
167,3,724,7,400Gbps,1ns
167,4,788,7,400Gbps,1ns
167,5,852,7,400Gbps,1ns
167,6,916,7,400Gbps,1ns
167,7,980,7,400Gbps,1ns
168,0,533,0,400Gbps,1ns
168,1,597,0,400Gbps,1ns
168,2,661,0,400Gbps,1ns
168,3,725,0,400Gbps,1ns
168,4,789,0,400Gbps,1ns
168,5,853,0,400Gbps,1ns
168,6,917,0,400Gbps,1ns
168,7,981,0,400Gbps,1ns
169,0,533,1,400Gbps,1ns
169,1,597,1,400Gbps,1ns
169,2,661,1,400Gbps,1ns
169,3,725,1,400Gbps,1ns
169,4,789,1,400Gbps,1ns
169,5,853,1,400Gbps,1ns
169,6,917,1,400Gbps,1ns
169,7,981,1,400Gbps,1ns
170,0,533,2,400Gbps,1ns
170,1,597,2,400Gbps,1ns
170,2,661,2,400Gbps,1ns
170,3,725,2,400Gbps,1ns
170,4,789,2,400Gbps,1ns
170,5,853,2,400Gbps,1ns
170,6,917,2,400Gbps,1ns
170,7,981,2,400Gbps,1ns
171,0,533,3,400Gbps,1ns
171,1,597,3,400Gbps,1ns
171,2,661,3,400Gbps,1ns
171,3,725,3,400Gbps,1ns
171,4,789,3,400Gbps,1ns
171,5,853,3,400Gbps,1ns
171,6,917,3,400Gbps,1ns
171,7,981,3,400Gbps,1ns
172,0,533,4,400Gbps,1ns
172,1,597,4,400Gbps,1ns
172,2,661,4,400Gbps,1ns
172,3,725,4,400Gbps,1ns
172,4,789,4,400Gbps,1ns
172,5,853,4,400Gbps,1ns
172,6,917,4,400Gbps,1ns
172,7,981,4,400Gbps,1ns
173,0,533,5,400Gbps,1ns
173,1,597,5,400Gbps,1ns
173,2,661,5,400Gbps,1ns
173,3,725,5,400Gbps,1ns
173,4,789,5,400Gbps,1ns
173,5,853,5,400Gbps,1ns
173,6,917,5,400Gbps,1ns
173,7,981,5,400Gbps,1ns
174,0,533,6,400Gbps,1ns
174,1,597,6,400Gbps,1ns
174,2,661,6,400Gbps,1ns
174,3,725,6,400Gbps,1ns
174,4,789,6,400Gbps,1ns
174,5,853,6,400Gbps,1ns
174,6,917,6,400Gbps,1ns
174,7,981,6,400Gbps,1ns
175,0,533,7,400Gbps,1ns
175,1,597,7,400Gbps,1ns
175,2,661,7,400Gbps,1ns
175,3,725,7,400Gbps,1ns
175,4,789,7,400Gbps,1ns
175,5,853,7,400Gbps,1ns
175,6,917,7,400Gbps,1ns
175,7,981,7,400Gbps,1ns
176,0,534,0,400Gbps,1ns
176,1,598,0,400Gbps,1ns
176,2,662,0,400Gbps,1ns
176,3,726,0,400Gbps,1ns
176,4,790,0,400Gbps,1ns
176,5,854,0,400Gbps,1ns
176,6,918,0,400Gbps,1ns
176,7,982,0,400Gbps,1ns
177,0,534,1,400Gbps,1ns
177,1,598,1,400Gbps,1ns
177,2,662,1,400Gbps,1ns
177,3,726,1,400Gbps,1ns
177,4,790,1,400Gbps,1ns
177,5,854,1,400Gbps,1ns
177,6,918,1,400Gbps,1ns
177,7,982,1,400Gbps,1ns
178,0,534,2,400Gbps,1ns
178,1,598,2,400Gbps,1ns
178,2,662,2,400Gbps,1ns
178,3,726,2,400Gbps,1ns
178,4,790,2,400Gbps,1ns
178,5,854,2,400Gbps,1ns
178,6,918,2,400Gbps,1ns
178,7,982,2,400Gbps,1ns
179,0,534,3,400Gbps,1ns
179,1,598,3,400Gbps,1ns
179,2,662,3,400Gbps,1ns
179,3,726,3,400Gbps,1ns
179,4,790,3,400Gbps,1ns
179,5,854,3,400Gbps,1ns
179,6,918,3,400Gbps,1ns
179,7,982,3,400Gbps,1ns
180,0,534,4,400Gbps,1ns
180,1,598,4,400Gbps,1ns
180,2,662,4,400Gbps,1ns
180,3,726,4,400Gbps,1ns
180,4,790,4,400Gbps,1ns
180,5,854,4,400Gbps,1ns
180,6,918,4,400Gbps,1ns
180,7,982,4,400Gbps,1ns
181,0,534,5,400Gbps,1ns
181,1,598,5,400Gbps,1ns
181,2,662,5,400Gbps,1ns
181,3,726,5,400Gbps,1ns
181,4,790,5,400Gbps,1ns
181,5,854,5,400Gbps,1ns
181,6,918,5,400Gbps,1ns
181,7,982,5,400Gbps,1ns
182,0,534,6,400Gbps,1ns
182,1,598,6,400Gbps,1ns
182,2,662,6,400Gbps,1ns
182,3,726,6,400Gbps,1ns
182,4,790,6,400Gbps,1ns
182,5,854,6,400Gbps,1ns
182,6,918,6,400Gbps,1ns
182,7,982,6,400Gbps,1ns
183,0,534,7,400Gbps,1ns
183,1,598,7,400Gbps,1ns
183,2,662,7,400Gbps,1ns
183,3,726,7,400Gbps,1ns
183,4,790,7,400Gbps,1ns
183,5,854,7,400Gbps,1ns
183,6,918,7,400Gbps,1ns
183,7,982,7,400Gbps,1ns
184,0,535,0,400Gbps,1ns
184,1,599,0,400Gbps,1ns
184,2,663,0,400Gbps,1ns
184,3,727,0,400Gbps,1ns
184,4,791,0,400Gbps,1ns
184,5,855,0,400Gbps,1ns
184,6,919,0,400Gbps,1ns
184,7,983,0,400Gbps,1ns
185,0,535,1,400Gbps,1ns
185,1,599,1,400Gbps,1ns
185,2,663,1,400Gbps,1ns
185,3,727,1,400Gbps,1ns
185,4,791,1,400Gbps,1ns
185,5,855,1,400Gbps,1ns
185,6,919,1,400Gbps,1ns
185,7,983,1,400Gbps,1ns
186,0,535,2,400Gbps,1ns
186,1,599,2,400Gbps,1ns
186,2,663,2,400Gbps,1ns
186,3,727,2,400Gbps,1ns
186,4,791,2,400Gbps,1ns
186,5,855,2,400Gbps,1ns
186,6,919,2,400Gbps,1ns
186,7,983,2,400Gbps,1ns
187,0,535,3,400Gbps,1ns
187,1,599,3,400Gbps,1ns
187,2,663,3,400Gbps,1ns
187,3,727,3,400Gbps,1ns
187,4,791,3,400Gbps,1ns
187,5,855,3,400Gbps,1ns
187,6,919,3,400Gbps,1ns
187,7,983,3,400Gbps,1ns
188,0,535,4,400Gbps,1ns
188,1,599,4,400Gbps,1ns
188,2,663,4,400Gbps,1ns
188,3,727,4,400Gbps,1ns
188,4,791,4,400Gbps,1ns
188,5,855,4,400Gbps,1ns
188,6,919,4,400Gbps,1ns
188,7,983,4,400Gbps,1ns
189,0,535,5,400Gbps,1ns
189,1,599,5,400Gbps,1ns
189,2,663,5,400Gbps,1ns
189,3,727,5,400Gbps,1ns
189,4,791,5,400Gbps,1ns
189,5,855,5,400Gbps,1ns
189,6,919,5,400Gbps,1ns
189,7,983,5,400Gbps,1ns
190,0,535,6,400Gbps,1ns
190,1,599,6,400Gbps,1ns
190,2,663,6,400Gbps,1ns
190,3,727,6,400Gbps,1ns
190,4,791,6,400Gbps,1ns
190,5,855,6,400Gbps,1ns
190,6,919,6,400Gbps,1ns
190,7,983,6,400Gbps,1ns
191,0,535,7,400Gbps,1ns
191,1,599,7,400Gbps,1ns
191,2,663,7,400Gbps,1ns
191,3,727,7,400Gbps,1ns
191,4,791,7,400Gbps,1ns
191,5,855,7,400Gbps,1ns
191,6,919,7,400Gbps,1ns
191,7,983,7,400Gbps,1ns
192,0,536,0,400Gbps,1ns
192,1,600,0,400Gbps,1ns
192,2,664,0,400Gbps,1ns
192,3,728,0,400Gbps,1ns
192,4,792,0,400Gbps,1ns
192,5,856,0,400Gbps,1ns
192,6,920,0,400Gbps,1ns
192,7,984,0,400Gbps,1ns
193,0,536,1,400Gbps,1ns
193,1,600,1,400Gbps,1ns
193,2,664,1,400Gbps,1ns
193,3,728,1,400Gbps,1ns
193,4,792,1,400Gbps,1ns
193,5,856,1,400Gbps,1ns
193,6,920,1,400Gbps,1ns
193,7,984,1,400Gbps,1ns
194,0,536,2,400Gbps,1ns
194,1,600,2,400Gbps,1ns
194,2,664,2,400Gbps,1ns
194,3,728,2,400Gbps,1ns
194,4,792,2,400Gbps,1ns
194,5,856,2,400Gbps,1ns
194,6,920,2,400Gbps,1ns
194,7,984,2,400Gbps,1ns
195,0,536,3,400Gbps,1ns
195,1,600,3,400Gbps,1ns
195,2,664,3,400Gbps,1ns
195,3,728,3,400Gbps,1ns
195,4,792,3,400Gbps,1ns
195,5,856,3,400Gbps,1ns
195,6,920,3,400Gbps,1ns
195,7,984,3,400Gbps,1ns
196,0,536,4,400Gbps,1ns
196,1,600,4,400Gbps,1ns
196,2,664,4,400Gbps,1ns
196,3,728,4,400Gbps,1ns
196,4,792,4,400Gbps,1ns
196,5,856,4,400Gbps,1ns
196,6,920,4,400Gbps,1ns
196,7,984,4,400Gbps,1ns
197,0,536,5,400Gbps,1ns
197,1,600,5,400Gbps,1ns
197,2,664,5,400Gbps,1ns
197,3,728,5,400Gbps,1ns
197,4,792,5,400Gbps,1ns
197,5,856,5,400Gbps,1ns
197,6,920,5,400Gbps,1ns
197,7,984,5,400Gbps,1ns
198,0,536,6,400Gbps,1ns
198,1,600,6,400Gbps,1ns
198,2,664,6,400Gbps,1ns
198,3,728,6,400Gbps,1ns
198,4,792,6,400Gbps,1ns
198,5,856,6,400Gbps,1ns
198,6,920,6,400Gbps,1ns
198,7,984,6,400Gbps,1ns
199,0,536,7,400Gbps,1ns
199,1,600,7,400Gbps,1ns
199,2,664,7,400Gbps,1ns
199,3,728,7,400Gbps,1ns
199,4,792,7,400Gbps,1ns
199,5,856,7,400Gbps,1ns
199,6,920,7,400Gbps,1ns
199,7,984,7,400Gbps,1ns
200,0,537,0,400Gbps,1ns
200,1,601,0,400Gbps,1ns
200,2,665,0,400Gbps,1ns
200,3,729,0,400Gbps,1ns
200,4,793,0,400Gbps,1ns
200,5,857,0,400Gbps,1ns
200,6,921,0,400Gbps,1ns
200,7,985,0,400Gbps,1ns
201,0,537,1,400Gbps,1ns
201,1,601,1,400Gbps,1ns
201,2,665,1,400Gbps,1ns
201,3,729,1,400Gbps,1ns
201,4,793,1,400Gbps,1ns
201,5,857,1,400Gbps,1ns
201,6,921,1,400Gbps,1ns
201,7,985,1,400Gbps,1ns
202,0,537,2,400Gbps,1ns
202,1,601,2,400Gbps,1ns
202,2,665,2,400Gbps,1ns
202,3,729,2,400Gbps,1ns
202,4,793,2,400Gbps,1ns
202,5,857,2,400Gbps,1ns
202,6,921,2,400Gbps,1ns
202,7,985,2,400Gbps,1ns
203,0,537,3,400Gbps,1ns
203,1,601,3,400Gbps,1ns
203,2,665,3,400Gbps,1ns
203,3,729,3,400Gbps,1ns
203,4,793,3,400Gbps,1ns
203,5,857,3,400Gbps,1ns
203,6,921,3,400Gbps,1ns
203,7,985,3,400Gbps,1ns
204,0,537,4,400Gbps,1ns
204,1,601,4,400Gbps,1ns
204,2,665,4,400Gbps,1ns
204,3,729,4,400Gbps,1ns
204,4,793,4,400Gbps,1ns
204,5,857,4,400Gbps,1ns
204,6,921,4,400Gbps,1ns
204,7,985,4,400Gbps,1ns
205,0,537,5,400Gbps,1ns
205,1,601,5,400Gbps,1ns
205,2,665,5,400Gbps,1ns
205,3,729,5,400Gbps,1ns
205,4,793,5,400Gbps,1ns
205,5,857,5,400Gbps,1ns
205,6,921,5,400Gbps,1ns
205,7,985,5,400Gbps,1ns
206,0,537,6,400Gbps,1ns
206,1,601,6,400Gbps,1ns
206,2,665,6,400Gbps,1ns
206,3,729,6,400Gbps,1ns
206,4,793,6,400Gbps,1ns
206,5,857,6,400Gbps,1ns
206,6,921,6,400Gbps,1ns
206,7,985,6,400Gbps,1ns
207,0,537,7,400Gbps,1ns
207,1,601,7,400Gbps,1ns
207,2,665,7,400Gbps,1ns
207,3,729,7,400Gbps,1ns
207,4,793,7,400Gbps,1ns
207,5,857,7,400Gbps,1ns
207,6,921,7,400Gbps,1ns
207,7,985,7,400Gbps,1ns
208,0,538,0,400Gbps,1ns
208,1,602,0,400Gbps,1ns
208,2,666,0,400Gbps,1ns
208,3,730,0,400Gbps,1ns
208,4,794,0,400Gbps,1ns
208,5,858,0,400Gbps,1ns
208,6,922,0,400Gbps,1ns
208,7,986,0,400Gbps,1ns
209,0,538,1,400Gbps,1ns
209,1,602,1,400Gbps,1ns
209,2,666,1,400Gbps,1ns
209,3,730,1,400Gbps,1ns
209,4,794,1,400Gbps,1ns
209,5,858,1,400Gbps,1ns
209,6,922,1,400Gbps,1ns
209,7,986,1,400Gbps,1ns
210,0,538,2,400Gbps,1ns
210,1,602,2,400Gbps,1ns
210,2,666,2,400Gbps,1ns
210,3,730,2,400Gbps,1ns
210,4,794,2,400Gbps,1ns
210,5,858,2,400Gbps,1ns
210,6,922,2,400Gbps,1ns
210,7,986,2,400Gbps,1ns
211,0,538,3,400Gbps,1ns
211,1,602,3,400Gbps,1ns
211,2,666,3,400Gbps,1ns
211,3,730,3,400Gbps,1ns
211,4,794,3,400Gbps,1ns
211,5,858,3,400Gbps,1ns
211,6,922,3,400Gbps,1ns
211,7,986,3,400Gbps,1ns
212,0,538,4,400Gbps,1ns
212,1,602,4,400Gbps,1ns
212,2,666,4,400Gbps,1ns
212,3,730,4,400Gbps,1ns
212,4,794,4,400Gbps,1ns
212,5,858,4,400Gbps,1ns
212,6,922,4,400Gbps,1ns
212,7,986,4,400Gbps,1ns
213,0,538,5,400Gbps,1ns
213,1,602,5,400Gbps,1ns
213,2,666,5,400Gbps,1ns
213,3,730,5,400Gbps,1ns
213,4,794,5,400Gbps,1ns
213,5,858,5,400Gbps,1ns
213,6,922,5,400Gbps,1ns
213,7,986,5,400Gbps,1ns
214,0,538,6,400Gbps,1ns
214,1,602,6,400Gbps,1ns
214,2,666,6,400Gbps,1ns
214,3,730,6,400Gbps,1ns
214,4,794,6,400Gbps,1ns
214,5,858,6,400Gbps,1ns
214,6,922,6,400Gbps,1ns
214,7,986,6,400Gbps,1ns
215,0,538,7,400Gbps,1ns
215,1,602,7,400Gbps,1ns
215,2,666,7,400Gbps,1ns
215,3,730,7,400Gbps,1ns
215,4,794,7,400Gbps,1ns
215,5,858,7,400Gbps,1ns
215,6,922,7,400Gbps,1ns
215,7,986,7,400Gbps,1ns
216,0,539,0,400Gbps,1ns
216,1,603,0,400Gbps,1ns
216,2,667,0,400Gbps,1ns
216,3,731,0,400Gbps,1ns
216,4,795,0,400Gbps,1ns
216,5,859,0,400Gbps,1ns
216,6,923,0,400Gbps,1ns
216,7,987,0,400Gbps,1ns
217,0,539,1,400Gbps,1ns
217,1,603,1,400Gbps,1ns
217,2,667,1,400Gbps,1ns
217,3,731,1,400Gbps,1ns
217,4,795,1,400Gbps,1ns
217,5,859,1,400Gbps,1ns
217,6,923,1,400Gbps,1ns
217,7,987,1,400Gbps,1ns
218,0,539,2,400Gbps,1ns
218,1,603,2,400Gbps,1ns
218,2,667,2,400Gbps,1ns
218,3,731,2,400Gbps,1ns
218,4,795,2,400Gbps,1ns
218,5,859,2,400Gbps,1ns
218,6,923,2,400Gbps,1ns
218,7,987,2,400Gbps,1ns
219,0,539,3,400Gbps,1ns
219,1,603,3,400Gbps,1ns
219,2,667,3,400Gbps,1ns
219,3,731,3,400Gbps,1ns
219,4,795,3,400Gbps,1ns
219,5,859,3,400Gbps,1ns
219,6,923,3,400Gbps,1ns
219,7,987,3,400Gbps,1ns
220,0,539,4,400Gbps,1ns
220,1,603,4,400Gbps,1ns
220,2,667,4,400Gbps,1ns
220,3,731,4,400Gbps,1ns
220,4,795,4,400Gbps,1ns
220,5,859,4,400Gbps,1ns
220,6,923,4,400Gbps,1ns
220,7,987,4,400Gbps,1ns
221,0,539,5,400Gbps,1ns
221,1,603,5,400Gbps,1ns
221,2,667,5,400Gbps,1ns
221,3,731,5,400Gbps,1ns
221,4,795,5,400Gbps,1ns
221,5,859,5,400Gbps,1ns
221,6,923,5,400Gbps,1ns
221,7,987,5,400Gbps,1ns
222,0,539,6,400Gbps,1ns
222,1,603,6,400Gbps,1ns
222,2,667,6,400Gbps,1ns
222,3,731,6,400Gbps,1ns
222,4,795,6,400Gbps,1ns
222,5,859,6,400Gbps,1ns
222,6,923,6,400Gbps,1ns
222,7,987,6,400Gbps,1ns
223,0,539,7,400Gbps,1ns
223,1,603,7,400Gbps,1ns
223,2,667,7,400Gbps,1ns
223,3,731,7,400Gbps,1ns
223,4,795,7,400Gbps,1ns
223,5,859,7,400Gbps,1ns
223,6,923,7,400Gbps,1ns
223,7,987,7,400Gbps,1ns
224,0,540,0,400Gbps,1ns
224,1,604,0,400Gbps,1ns
224,2,668,0,400Gbps,1ns
224,3,732,0,400Gbps,1ns
224,4,796,0,400Gbps,1ns
224,5,860,0,400Gbps,1ns
224,6,924,0,400Gbps,1ns
224,7,988,0,400Gbps,1ns
225,0,540,1,400Gbps,1ns
225,1,604,1,400Gbps,1ns
225,2,668,1,400Gbps,1ns
225,3,732,1,400Gbps,1ns
225,4,796,1,400Gbps,1ns
225,5,860,1,400Gbps,1ns
225,6,924,1,400Gbps,1ns
225,7,988,1,400Gbps,1ns
226,0,540,2,400Gbps,1ns
226,1,604,2,400Gbps,1ns
226,2,668,2,400Gbps,1ns
226,3,732,2,400Gbps,1ns
226,4,796,2,400Gbps,1ns
226,5,860,2,400Gbps,1ns
226,6,924,2,400Gbps,1ns
226,7,988,2,400Gbps,1ns
227,0,540,3,400Gbps,1ns
227,1,604,3,400Gbps,1ns
227,2,668,3,400Gbps,1ns
227,3,732,3,400Gbps,1ns
227,4,796,3,400Gbps,1ns
227,5,860,3,400Gbps,1ns
227,6,924,3,400Gbps,1ns
227,7,988,3,400Gbps,1ns
228,0,540,4,400Gbps,1ns
228,1,604,4,400Gbps,1ns
228,2,668,4,400Gbps,1ns
228,3,732,4,400Gbps,1ns
228,4,796,4,400Gbps,1ns
228,5,860,4,400Gbps,1ns
228,6,924,4,400Gbps,1ns
228,7,988,4,400Gbps,1ns
229,0,540,5,400Gbps,1ns
229,1,604,5,400Gbps,1ns
229,2,668,5,400Gbps,1ns
229,3,732,5,400Gbps,1ns
229,4,796,5,400Gbps,1ns
229,5,860,5,400Gbps,1ns
229,6,924,5,400Gbps,1ns
229,7,988,5,400Gbps,1ns
230,0,540,6,400Gbps,1ns
230,1,604,6,400Gbps,1ns
230,2,668,6,400Gbps,1ns
230,3,732,6,400Gbps,1ns
230,4,796,6,400Gbps,1ns
230,5,860,6,400Gbps,1ns
230,6,924,6,400Gbps,1ns
230,7,988,6,400Gbps,1ns
231,0,540,7,400Gbps,1ns
231,1,604,7,400Gbps,1ns
231,2,668,7,400Gbps,1ns
231,3,732,7,400Gbps,1ns
231,4,796,7,400Gbps,1ns
231,5,860,7,400Gbps,1ns
231,6,924,7,400Gbps,1ns
231,7,988,7,400Gbps,1ns
232,0,541,0,400Gbps,1ns
232,1,605,0,400Gbps,1ns
232,2,669,0,400Gbps,1ns
232,3,733,0,400Gbps,1ns
232,4,797,0,400Gbps,1ns
232,5,861,0,400Gbps,1ns
232,6,925,0,400Gbps,1ns
232,7,989,0,400Gbps,1ns
233,0,541,1,400Gbps,1ns
233,1,605,1,400Gbps,1ns
233,2,669,1,400Gbps,1ns
233,3,733,1,400Gbps,1ns
233,4,797,1,400Gbps,1ns
233,5,861,1,400Gbps,1ns
233,6,925,1,400Gbps,1ns
233,7,989,1,400Gbps,1ns
234,0,541,2,400Gbps,1ns
234,1,605,2,400Gbps,1ns
234,2,669,2,400Gbps,1ns
234,3,733,2,400Gbps,1ns
234,4,797,2,400Gbps,1ns
234,5,861,2,400Gbps,1ns
234,6,925,2,400Gbps,1ns
234,7,989,2,400Gbps,1ns
235,0,541,3,400Gbps,1ns
235,1,605,3,400Gbps,1ns
235,2,669,3,400Gbps,1ns
235,3,733,3,400Gbps,1ns
235,4,797,3,400Gbps,1ns
235,5,861,3,400Gbps,1ns
235,6,925,3,400Gbps,1ns
235,7,989,3,400Gbps,1ns
236,0,541,4,400Gbps,1ns
236,1,605,4,400Gbps,1ns
236,2,669,4,400Gbps,1ns
236,3,733,4,400Gbps,1ns
236,4,797,4,400Gbps,1ns
236,5,861,4,400Gbps,1ns
236,6,925,4,400Gbps,1ns
236,7,989,4,400Gbps,1ns
237,0,541,5,400Gbps,1ns
237,1,605,5,400Gbps,1ns
237,2,669,5,400Gbps,1ns
237,3,733,5,400Gbps,1ns
237,4,797,5,400Gbps,1ns
237,5,861,5,400Gbps,1ns
237,6,925,5,400Gbps,1ns
237,7,989,5,400Gbps,1ns
238,0,541,6,400Gbps,1ns
238,1,605,6,400Gbps,1ns
238,2,669,6,400Gbps,1ns
238,3,733,6,400Gbps,1ns
238,4,797,6,400Gbps,1ns
238,5,861,6,400Gbps,1ns
238,6,925,6,400Gbps,1ns
238,7,989,6,400Gbps,1ns
239,0,541,7,400Gbps,1ns
239,1,605,7,400Gbps,1ns
239,2,669,7,400Gbps,1ns
239,3,733,7,400Gbps,1ns
239,4,797,7,400Gbps,1ns
239,5,861,7,400Gbps,1ns
239,6,925,7,400Gbps,1ns
239,7,989,7,400Gbps,1ns
240,0,542,0,400Gbps,1ns
240,1,606,0,400Gbps,1ns
240,2,670,0,400Gbps,1ns
240,3,734,0,400Gbps,1ns
240,4,798,0,400Gbps,1ns
240,5,862,0,400Gbps,1ns
240,6,926,0,400Gbps,1ns
240,7,990,0,400Gbps,1ns
241,0,542,1,400Gbps,1ns
241,1,606,1,400Gbps,1ns
241,2,670,1,400Gbps,1ns
241,3,734,1,400Gbps,1ns
241,4,798,1,400Gbps,1ns
241,5,862,1,400Gbps,1ns
241,6,926,1,400Gbps,1ns
241,7,990,1,400Gbps,1ns
242,0,542,2,400Gbps,1ns
242,1,606,2,400Gbps,1ns
242,2,670,2,400Gbps,1ns
242,3,734,2,400Gbps,1ns
242,4,798,2,400Gbps,1ns
242,5,862,2,400Gbps,1ns
242,6,926,2,400Gbps,1ns
242,7,990,2,400Gbps,1ns
243,0,542,3,400Gbps,1ns
243,1,606,3,400Gbps,1ns
243,2,670,3,400Gbps,1ns
243,3,734,3,400Gbps,1ns
243,4,798,3,400Gbps,1ns
243,5,862,3,400Gbps,1ns
243,6,926,3,400Gbps,1ns
243,7,990,3,400Gbps,1ns
244,0,542,4,400Gbps,1ns
244,1,606,4,400Gbps,1ns
244,2,670,4,400Gbps,1ns
244,3,734,4,400Gbps,1ns
244,4,798,4,400Gbps,1ns
244,5,862,4,400Gbps,1ns
244,6,926,4,400Gbps,1ns
244,7,990,4,400Gbps,1ns
245,0,542,5,400Gbps,1ns
245,1,606,5,400Gbps,1ns
245,2,670,5,400Gbps,1ns
245,3,734,5,400Gbps,1ns
245,4,798,5,400Gbps,1ns
245,5,862,5,400Gbps,1ns
245,6,926,5,400Gbps,1ns
245,7,990,5,400Gbps,1ns
246,0,542,6,400Gbps,1ns
246,1,606,6,400Gbps,1ns
246,2,670,6,400Gbps,1ns
246,3,734,6,400Gbps,1ns
246,4,798,6,400Gbps,1ns
246,5,862,6,400Gbps,1ns
246,6,926,6,400Gbps,1ns
246,7,990,6,400Gbps,1ns
247,0,542,7,400Gbps,1ns
247,1,606,7,400Gbps,1ns
247,2,670,7,400Gbps,1ns
247,3,734,7,400Gbps,1ns
247,4,798,7,400Gbps,1ns
247,5,862,7,400Gbps,1ns
247,6,926,7,400Gbps,1ns
247,7,990,7,400Gbps,1ns
248,0,543,0,400Gbps,1ns
248,1,607,0,400Gbps,1ns
248,2,671,0,400Gbps,1ns
248,3,735,0,400Gbps,1ns
248,4,799,0,400Gbps,1ns
248,5,863,0,400Gbps,1ns
248,6,927,0,400Gbps,1ns
248,7,991,0,400Gbps,1ns
249,0,543,1,400Gbps,1ns
249,1,607,1,400Gbps,1ns
249,2,671,1,400Gbps,1ns
249,3,735,1,400Gbps,1ns
249,4,799,1,400Gbps,1ns
249,5,863,1,400Gbps,1ns
249,6,927,1,400Gbps,1ns
249,7,991,1,400Gbps,1ns
250,0,543,2,400Gbps,1ns
250,1,607,2,400Gbps,1ns
250,2,671,2,400Gbps,1ns
250,3,735,2,400Gbps,1ns
250,4,799,2,400Gbps,1ns
250,5,863,2,400Gbps,1ns
250,6,927,2,400Gbps,1ns
250,7,991,2,400Gbps,1ns
251,0,543,3,400Gbps,1ns
251,1,607,3,400Gbps,1ns
251,2,671,3,400Gbps,1ns
251,3,735,3,400Gbps,1ns
251,4,799,3,400Gbps,1ns
251,5,863,3,400Gbps,1ns
251,6,927,3,400Gbps,1ns
251,7,991,3,400Gbps,1ns
252,0,543,4,400Gbps,1ns
252,1,607,4,400Gbps,1ns
252,2,671,4,400Gbps,1ns
252,3,735,4,400Gbps,1ns
252,4,799,4,400Gbps,1ns
252,5,863,4,400Gbps,1ns
252,6,927,4,400Gbps,1ns
252,7,991,4,400Gbps,1ns
253,0,543,5,400Gbps,1ns
253,1,607,5,400Gbps,1ns
253,2,671,5,400Gbps,1ns
253,3,735,5,400Gbps,1ns
253,4,799,5,400Gbps,1ns
253,5,863,5,400Gbps,1ns
253,6,927,5,400Gbps,1ns
253,7,991,5,400Gbps,1ns
254,0,543,6,400Gbps,1ns
254,1,607,6,400Gbps,1ns
254,2,671,6,400Gbps,1ns
254,3,735,6,400Gbps,1ns
254,4,799,6,400Gbps,1ns
254,5,863,6,400Gbps,1ns
254,6,927,6,400Gbps,1ns
254,7,991,6,400Gbps,1ns
255,0,543,7,400Gbps,1ns
255,1,607,7,400Gbps,1ns
255,2,671,7,400Gbps,1ns
255,3,735,7,400Gbps,1ns
255,4,799,7,400Gbps,1ns
255,5,863,7,400Gbps,1ns
255,6,927,7,400Gbps,1ns
255,7,991,7,400Gbps,1ns
256,0,544,0,400Gbps,1ns
256,1,608,0,400Gbps,1ns
256,2,672,0,400Gbps,1ns
256,3,736,0,400Gbps,1ns
256,4,800,0,400Gbps,1ns
256,5,864,0,400Gbps,1ns
256,6,928,0,400Gbps,1ns
256,7,992,0,400Gbps,1ns
257,0,544,1,400Gbps,1ns
257,1,608,1,400Gbps,1ns
257,2,672,1,400Gbps,1ns
257,3,736,1,400Gbps,1ns
257,4,800,1,400Gbps,1ns
257,5,864,1,400Gbps,1ns
257,6,928,1,400Gbps,1ns
257,7,992,1,400Gbps,1ns
258,0,544,2,400Gbps,1ns
258,1,608,2,400Gbps,1ns
258,2,672,2,400Gbps,1ns
258,3,736,2,400Gbps,1ns
258,4,800,2,400Gbps,1ns
258,5,864,2,400Gbps,1ns
258,6,928,2,400Gbps,1ns
258,7,992,2,400Gbps,1ns
259,0,544,3,400Gbps,1ns
259,1,608,3,400Gbps,1ns
259,2,672,3,400Gbps,1ns
259,3,736,3,400Gbps,1ns
259,4,800,3,400Gbps,1ns
259,5,864,3,400Gbps,1ns
259,6,928,3,400Gbps,1ns
259,7,992,3,400Gbps,1ns
260,0,544,4,400Gbps,1ns
260,1,608,4,400Gbps,1ns
260,2,672,4,400Gbps,1ns
260,3,736,4,400Gbps,1ns
260,4,800,4,400Gbps,1ns
260,5,864,4,400Gbps,1ns
260,6,928,4,400Gbps,1ns
260,7,992,4,400Gbps,1ns
261,0,544,5,400Gbps,1ns
261,1,608,5,400Gbps,1ns
261,2,672,5,400Gbps,1ns
261,3,736,5,400Gbps,1ns
261,4,800,5,400Gbps,1ns
261,5,864,5,400Gbps,1ns
261,6,928,5,400Gbps,1ns
261,7,992,5,400Gbps,1ns
262,0,544,6,400Gbps,1ns
262,1,608,6,400Gbps,1ns
262,2,672,6,400Gbps,1ns
262,3,736,6,400Gbps,1ns
262,4,800,6,400Gbps,1ns
262,5,864,6,400Gbps,1ns
262,6,928,6,400Gbps,1ns
262,7,992,6,400Gbps,1ns
263,0,544,7,400Gbps,1ns
263,1,608,7,400Gbps,1ns
263,2,672,7,400Gbps,1ns
263,3,736,7,400Gbps,1ns
263,4,800,7,400Gbps,1ns
263,5,864,7,400Gbps,1ns
263,6,928,7,400Gbps,1ns
263,7,992,7,400Gbps,1ns
264,0,545,0,400Gbps,1ns
264,1,609,0,400Gbps,1ns
264,2,673,0,400Gbps,1ns
264,3,737,0,400Gbps,1ns
264,4,801,0,400Gbps,1ns
264,5,865,0,400Gbps,1ns
264,6,929,0,400Gbps,1ns
264,7,993,0,400Gbps,1ns
265,0,545,1,400Gbps,1ns
265,1,609,1,400Gbps,1ns
265,2,673,1,400Gbps,1ns
265,3,737,1,400Gbps,1ns
265,4,801,1,400Gbps,1ns
265,5,865,1,400Gbps,1ns
265,6,929,1,400Gbps,1ns
265,7,993,1,400Gbps,1ns
266,0,545,2,400Gbps,1ns
266,1,609,2,400Gbps,1ns
266,2,673,2,400Gbps,1ns
266,3,737,2,400Gbps,1ns
266,4,801,2,400Gbps,1ns
266,5,865,2,400Gbps,1ns
266,6,929,2,400Gbps,1ns
266,7,993,2,400Gbps,1ns
267,0,545,3,400Gbps,1ns
267,1,609,3,400Gbps,1ns
267,2,673,3,400Gbps,1ns
267,3,737,3,400Gbps,1ns
267,4,801,3,400Gbps,1ns
267,5,865,3,400Gbps,1ns
267,6,929,3,400Gbps,1ns
267,7,993,3,400Gbps,1ns
268,0,545,4,400Gbps,1ns
268,1,609,4,400Gbps,1ns
268,2,673,4,400Gbps,1ns
268,3,737,4,400Gbps,1ns
268,4,801,4,400Gbps,1ns
268,5,865,4,400Gbps,1ns
268,6,929,4,400Gbps,1ns
268,7,993,4,400Gbps,1ns
269,0,545,5,400Gbps,1ns
269,1,609,5,400Gbps,1ns
269,2,673,5,400Gbps,1ns
269,3,737,5,400Gbps,1ns
269,4,801,5,400Gbps,1ns
269,5,865,5,400Gbps,1ns
269,6,929,5,400Gbps,1ns
269,7,993,5,400Gbps,1ns
270,0,545,6,400Gbps,1ns
270,1,609,6,400Gbps,1ns
270,2,673,6,400Gbps,1ns
270,3,737,6,400Gbps,1ns
270,4,801,6,400Gbps,1ns
270,5,865,6,400Gbps,1ns
270,6,929,6,400Gbps,1ns
270,7,993,6,400Gbps,1ns
271,0,545,7,400Gbps,1ns
271,1,609,7,400Gbps,1ns
271,2,673,7,400Gbps,1ns
271,3,737,7,400Gbps,1ns
271,4,801,7,400Gbps,1ns
271,5,865,7,400Gbps,1ns
271,6,929,7,400Gbps,1ns
271,7,993,7,400Gbps,1ns
272,0,546,0,400Gbps,1ns
272,1,610,0,400Gbps,1ns
272,2,674,0,400Gbps,1ns
272,3,738,0,400Gbps,1ns
272,4,802,0,400Gbps,1ns
272,5,866,0,400Gbps,1ns
272,6,930,0,400Gbps,1ns
272,7,994,0,400Gbps,1ns
273,0,546,1,400Gbps,1ns
273,1,610,1,400Gbps,1ns
273,2,674,1,400Gbps,1ns
273,3,738,1,400Gbps,1ns
273,4,802,1,400Gbps,1ns
273,5,866,1,400Gbps,1ns
273,6,930,1,400Gbps,1ns
273,7,994,1,400Gbps,1ns
274,0,546,2,400Gbps,1ns
274,1,610,2,400Gbps,1ns
274,2,674,2,400Gbps,1ns
274,3,738,2,400Gbps,1ns
274,4,802,2,400Gbps,1ns
274,5,866,2,400Gbps,1ns
274,6,930,2,400Gbps,1ns
274,7,994,2,400Gbps,1ns
275,0,546,3,400Gbps,1ns
275,1,610,3,400Gbps,1ns
275,2,674,3,400Gbps,1ns
275,3,738,3,400Gbps,1ns
275,4,802,3,400Gbps,1ns
275,5,866,3,400Gbps,1ns
275,6,930,3,400Gbps,1ns
275,7,994,3,400Gbps,1ns
276,0,546,4,400Gbps,1ns
276,1,610,4,400Gbps,1ns
276,2,674,4,400Gbps,1ns
276,3,738,4,400Gbps,1ns
276,4,802,4,400Gbps,1ns
276,5,866,4,400Gbps,1ns
276,6,930,4,400Gbps,1ns
276,7,994,4,400Gbps,1ns
277,0,546,5,400Gbps,1ns
277,1,610,5,400Gbps,1ns
277,2,674,5,400Gbps,1ns
277,3,738,5,400Gbps,1ns
277,4,802,5,400Gbps,1ns
277,5,866,5,400Gbps,1ns
277,6,930,5,400Gbps,1ns
277,7,994,5,400Gbps,1ns
278,0,546,6,400Gbps,1ns
278,1,610,6,400Gbps,1ns
278,2,674,6,400Gbps,1ns
278,3,738,6,400Gbps,1ns
278,4,802,6,400Gbps,1ns
278,5,866,6,400Gbps,1ns
278,6,930,6,400Gbps,1ns
278,7,994,6,400Gbps,1ns
279,0,546,7,400Gbps,1ns
279,1,610,7,400Gbps,1ns
279,2,674,7,400Gbps,1ns
279,3,738,7,400Gbps,1ns
279,4,802,7,400Gbps,1ns
279,5,866,7,400Gbps,1ns
279,6,930,7,400Gbps,1ns
279,7,994,7,400Gbps,1ns
280,0,547,0,400Gbps,1ns
280,1,611,0,400Gbps,1ns
280,2,675,0,400Gbps,1ns
280,3,739,0,400Gbps,1ns
280,4,803,0,400Gbps,1ns
280,5,867,0,400Gbps,1ns
280,6,931,0,400Gbps,1ns
280,7,995,0,400Gbps,1ns
281,0,547,1,400Gbps,1ns
281,1,611,1,400Gbps,1ns
281,2,675,1,400Gbps,1ns
281,3,739,1,400Gbps,1ns
281,4,803,1,400Gbps,1ns
281,5,867,1,400Gbps,1ns
281,6,931,1,400Gbps,1ns
281,7,995,1,400Gbps,1ns
282,0,547,2,400Gbps,1ns
282,1,611,2,400Gbps,1ns
282,2,675,2,400Gbps,1ns
282,3,739,2,400Gbps,1ns
282,4,803,2,400Gbps,1ns
282,5,867,2,400Gbps,1ns
282,6,931,2,400Gbps,1ns
282,7,995,2,400Gbps,1ns
283,0,547,3,400Gbps,1ns
283,1,611,3,400Gbps,1ns
283,2,675,3,400Gbps,1ns
283,3,739,3,400Gbps,1ns
283,4,803,3,400Gbps,1ns
283,5,867,3,400Gbps,1ns
283,6,931,3,400Gbps,1ns
283,7,995,3,400Gbps,1ns
284,0,547,4,400Gbps,1ns
284,1,611,4,400Gbps,1ns
284,2,675,4,400Gbps,1ns
284,3,739,4,400Gbps,1ns
284,4,803,4,400Gbps,1ns
284,5,867,4,400Gbps,1ns
284,6,931,4,400Gbps,1ns
284,7,995,4,400Gbps,1ns
285,0,547,5,400Gbps,1ns
285,1,611,5,400Gbps,1ns
285,2,675,5,400Gbps,1ns
285,3,739,5,400Gbps,1ns
285,4,803,5,400Gbps,1ns
285,5,867,5,400Gbps,1ns
285,6,931,5,400Gbps,1ns
285,7,995,5,400Gbps,1ns
286,0,547,6,400Gbps,1ns
286,1,611,6,400Gbps,1ns
286,2,675,6,400Gbps,1ns
286,3,739,6,400Gbps,1ns
286,4,803,6,400Gbps,1ns
286,5,867,6,400Gbps,1ns
286,6,931,6,400Gbps,1ns
286,7,995,6,400Gbps,1ns
287,0,547,7,400Gbps,1ns
287,1,611,7,400Gbps,1ns
287,2,675,7,400Gbps,1ns
287,3,739,7,400Gbps,1ns
287,4,803,7,400Gbps,1ns
287,5,867,7,400Gbps,1ns
287,6,931,7,400Gbps,1ns
287,7,995,7,400Gbps,1ns
288,0,548,0,400Gbps,1ns
288,1,612,0,400Gbps,1ns
288,2,676,0,400Gbps,1ns
288,3,740,0,400Gbps,1ns
288,4,804,0,400Gbps,1ns
288,5,868,0,400Gbps,1ns
288,6,932,0,400Gbps,1ns
288,7,996,0,400Gbps,1ns
289,0,548,1,400Gbps,1ns
289,1,612,1,400Gbps,1ns
289,2,676,1,400Gbps,1ns
289,3,740,1,400Gbps,1ns
289,4,804,1,400Gbps,1ns
289,5,868,1,400Gbps,1ns
289,6,932,1,400Gbps,1ns
289,7,996,1,400Gbps,1ns
290,0,548,2,400Gbps,1ns
290,1,612,2,400Gbps,1ns
290,2,676,2,400Gbps,1ns
290,3,740,2,400Gbps,1ns
290,4,804,2,400Gbps,1ns
290,5,868,2,400Gbps,1ns
290,6,932,2,400Gbps,1ns
290,7,996,2,400Gbps,1ns
291,0,548,3,400Gbps,1ns
291,1,612,3,400Gbps,1ns
291,2,676,3,400Gbps,1ns
291,3,740,3,400Gbps,1ns
291,4,804,3,400Gbps,1ns
291,5,868,3,400Gbps,1ns
291,6,932,3,400Gbps,1ns
291,7,996,3,400Gbps,1ns
292,0,548,4,400Gbps,1ns
292,1,612,4,400Gbps,1ns
292,2,676,4,400Gbps,1ns
292,3,740,4,400Gbps,1ns
292,4,804,4,400Gbps,1ns
292,5,868,4,400Gbps,1ns
292,6,932,4,400Gbps,1ns
292,7,996,4,400Gbps,1ns
293,0,548,5,400Gbps,1ns
293,1,612,5,400Gbps,1ns
293,2,676,5,400Gbps,1ns
293,3,740,5,400Gbps,1ns
293,4,804,5,400Gbps,1ns
293,5,868,5,400Gbps,1ns
293,6,932,5,400Gbps,1ns
293,7,996,5,400Gbps,1ns
294,0,548,6,400Gbps,1ns
294,1,612,6,400Gbps,1ns
294,2,676,6,400Gbps,1ns
294,3,740,6,400Gbps,1ns
294,4,804,6,400Gbps,1ns
294,5,868,6,400Gbps,1ns
294,6,932,6,400Gbps,1ns
294,7,996,6,400Gbps,1ns
295,0,548,7,400Gbps,1ns
295,1,612,7,400Gbps,1ns
295,2,676,7,400Gbps,1ns
295,3,740,7,400Gbps,1ns
295,4,804,7,400Gbps,1ns
295,5,868,7,400Gbps,1ns
295,6,932,7,400Gbps,1ns
295,7,996,7,400Gbps,1ns
296,0,549,0,400Gbps,1ns
296,1,613,0,400Gbps,1ns
296,2,677,0,400Gbps,1ns
296,3,741,0,400Gbps,1ns
296,4,805,0,400Gbps,1ns
296,5,869,0,400Gbps,1ns
296,6,933,0,400Gbps,1ns
296,7,997,0,400Gbps,1ns
297,0,549,1,400Gbps,1ns
297,1,613,1,400Gbps,1ns
297,2,677,1,400Gbps,1ns
297,3,741,1,400Gbps,1ns
297,4,805,1,400Gbps,1ns
297,5,869,1,400Gbps,1ns
297,6,933,1,400Gbps,1ns
297,7,997,1,400Gbps,1ns
298,0,549,2,400Gbps,1ns
298,1,613,2,400Gbps,1ns
298,2,677,2,400Gbps,1ns
298,3,741,2,400Gbps,1ns
298,4,805,2,400Gbps,1ns
298,5,869,2,400Gbps,1ns
298,6,933,2,400Gbps,1ns
298,7,997,2,400Gbps,1ns
299,0,549,3,400Gbps,1ns
299,1,613,3,400Gbps,1ns
299,2,677,3,400Gbps,1ns
299,3,741,3,400Gbps,1ns
299,4,805,3,400Gbps,1ns
299,5,869,3,400Gbps,1ns
299,6,933,3,400Gbps,1ns
299,7,997,3,400Gbps,1ns
300,0,549,4,400Gbps,1ns
300,1,613,4,400Gbps,1ns
300,2,677,4,400Gbps,1ns
300,3,741,4,400Gbps,1ns
300,4,805,4,400Gbps,1ns
300,5,869,4,400Gbps,1ns
300,6,933,4,400Gbps,1ns
300,7,997,4,400Gbps,1ns
301,0,549,5,400Gbps,1ns
301,1,613,5,400Gbps,1ns
301,2,677,5,400Gbps,1ns
301,3,741,5,400Gbps,1ns
301,4,805,5,400Gbps,1ns
301,5,869,5,400Gbps,1ns
301,6,933,5,400Gbps,1ns
301,7,997,5,400Gbps,1ns
302,0,549,6,400Gbps,1ns
302,1,613,6,400Gbps,1ns
302,2,677,6,400Gbps,1ns
302,3,741,6,400Gbps,1ns
302,4,805,6,400Gbps,1ns
302,5,869,6,400Gbps,1ns
302,6,933,6,400Gbps,1ns
302,7,997,6,400Gbps,1ns
303,0,549,7,400Gbps,1ns
303,1,613,7,400Gbps,1ns
303,2,677,7,400Gbps,1ns
303,3,741,7,400Gbps,1ns
303,4,805,7,400Gbps,1ns
303,5,869,7,400Gbps,1ns
303,6,933,7,400Gbps,1ns
303,7,997,7,400Gbps,1ns
304,0,550,0,400Gbps,1ns
304,1,614,0,400Gbps,1ns
304,2,678,0,400Gbps,1ns
304,3,742,0,400Gbps,1ns
304,4,806,0,400Gbps,1ns
304,5,870,0,400Gbps,1ns
304,6,934,0,400Gbps,1ns
304,7,998,0,400Gbps,1ns
305,0,550,1,400Gbps,1ns
305,1,614,1,400Gbps,1ns
305,2,678,1,400Gbps,1ns
305,3,742,1,400Gbps,1ns
305,4,806,1,400Gbps,1ns
305,5,870,1,400Gbps,1ns
305,6,934,1,400Gbps,1ns
305,7,998,1,400Gbps,1ns
306,0,550,2,400Gbps,1ns
306,1,614,2,400Gbps,1ns
306,2,678,2,400Gbps,1ns
306,3,742,2,400Gbps,1ns
306,4,806,2,400Gbps,1ns
306,5,870,2,400Gbps,1ns
306,6,934,2,400Gbps,1ns
306,7,998,2,400Gbps,1ns
307,0,550,3,400Gbps,1ns
307,1,614,3,400Gbps,1ns
307,2,678,3,400Gbps,1ns
307,3,742,3,400Gbps,1ns
307,4,806,3,400Gbps,1ns
307,5,870,3,400Gbps,1ns
307,6,934,3,400Gbps,1ns
307,7,998,3,400Gbps,1ns
308,0,550,4,400Gbps,1ns
308,1,614,4,400Gbps,1ns
308,2,678,4,400Gbps,1ns
308,3,742,4,400Gbps,1ns
308,4,806,4,400Gbps,1ns
308,5,870,4,400Gbps,1ns
308,6,934,4,400Gbps,1ns
308,7,998,4,400Gbps,1ns
309,0,550,5,400Gbps,1ns
309,1,614,5,400Gbps,1ns
309,2,678,5,400Gbps,1ns
309,3,742,5,400Gbps,1ns
309,4,806,5,400Gbps,1ns
309,5,870,5,400Gbps,1ns
309,6,934,5,400Gbps,1ns
309,7,998,5,400Gbps,1ns
310,0,550,6,400Gbps,1ns
310,1,614,6,400Gbps,1ns
310,2,678,6,400Gbps,1ns
310,3,742,6,400Gbps,1ns
310,4,806,6,400Gbps,1ns
310,5,870,6,400Gbps,1ns
310,6,934,6,400Gbps,1ns
310,7,998,6,400Gbps,1ns
311,0,550,7,400Gbps,1ns
311,1,614,7,400Gbps,1ns
311,2,678,7,400Gbps,1ns
311,3,742,7,400Gbps,1ns
311,4,806,7,400Gbps,1ns
311,5,870,7,400Gbps,1ns
311,6,934,7,400Gbps,1ns
311,7,998,7,400Gbps,1ns
312,0,551,0,400Gbps,1ns
312,1,615,0,400Gbps,1ns
312,2,679,0,400Gbps,1ns
312,3,743,0,400Gbps,1ns
312,4,807,0,400Gbps,1ns
312,5,871,0,400Gbps,1ns
312,6,935,0,400Gbps,1ns
312,7,999,0,400Gbps,1ns
313,0,551,1,400Gbps,1ns
313,1,615,1,400Gbps,1ns
313,2,679,1,400Gbps,1ns
313,3,743,1,400Gbps,1ns
313,4,807,1,400Gbps,1ns
313,5,871,1,400Gbps,1ns
313,6,935,1,400Gbps,1ns
313,7,999,1,400Gbps,1ns
314,0,551,2,400Gbps,1ns
314,1,615,2,400Gbps,1ns
314,2,679,2,400Gbps,1ns
314,3,743,2,400Gbps,1ns
314,4,807,2,400Gbps,1ns
314,5,871,2,400Gbps,1ns
314,6,935,2,400Gbps,1ns
314,7,999,2,400Gbps,1ns
315,0,551,3,400Gbps,1ns
315,1,615,3,400Gbps,1ns
315,2,679,3,400Gbps,1ns
315,3,743,3,400Gbps,1ns
315,4,807,3,400Gbps,1ns
315,5,871,3,400Gbps,1ns
315,6,935,3,400Gbps,1ns
315,7,999,3,400Gbps,1ns
316,0,551,4,400Gbps,1ns
316,1,615,4,400Gbps,1ns
316,2,679,4,400Gbps,1ns
316,3,743,4,400Gbps,1ns
316,4,807,4,400Gbps,1ns
316,5,871,4,400Gbps,1ns
316,6,935,4,400Gbps,1ns
316,7,999,4,400Gbps,1ns
317,0,551,5,400Gbps,1ns
317,1,615,5,400Gbps,1ns
317,2,679,5,400Gbps,1ns
317,3,743,5,400Gbps,1ns
317,4,807,5,400Gbps,1ns
317,5,871,5,400Gbps,1ns
317,6,935,5,400Gbps,1ns
317,7,999,5,400Gbps,1ns
318,0,551,6,400Gbps,1ns
318,1,615,6,400Gbps,1ns
318,2,679,6,400Gbps,1ns
318,3,743,6,400Gbps,1ns
318,4,807,6,400Gbps,1ns
318,5,871,6,400Gbps,1ns
318,6,935,6,400Gbps,1ns
318,7,999,6,400Gbps,1ns
319,0,551,7,400Gbps,1ns
319,1,615,7,400Gbps,1ns
319,2,679,7,400Gbps,1ns
319,3,743,7,400Gbps,1ns
319,4,807,7,400Gbps,1ns
319,5,871,7,400Gbps,1ns
319,6,935,7,400Gbps,1ns
319,7,999,7,400Gbps,1ns
320,0,552,0,400Gbps,1ns
320,1,616,0,400Gbps,1ns
320,2,680,0,400Gbps,1ns
320,3,744,0,400Gbps,1ns
320,4,808,0,400Gbps,1ns
320,5,872,0,400Gbps,1ns
320,6,936,0,400Gbps,1ns
320,7,1000,0,400Gbps,1ns
321,0,552,1,400Gbps,1ns
321,1,616,1,400Gbps,1ns
321,2,680,1,400Gbps,1ns
321,3,744,1,400Gbps,1ns
321,4,808,1,400Gbps,1ns
321,5,872,1,400Gbps,1ns
321,6,936,1,400Gbps,1ns
321,7,1000,1,400Gbps,1ns
322,0,552,2,400Gbps,1ns
322,1,616,2,400Gbps,1ns
322,2,680,2,400Gbps,1ns
322,3,744,2,400Gbps,1ns
322,4,808,2,400Gbps,1ns
322,5,872,2,400Gbps,1ns
322,6,936,2,400Gbps,1ns
322,7,1000,2,400Gbps,1ns
323,0,552,3,400Gbps,1ns
323,1,616,3,400Gbps,1ns
323,2,680,3,400Gbps,1ns
323,3,744,3,400Gbps,1ns
323,4,808,3,400Gbps,1ns
323,5,872,3,400Gbps,1ns
323,6,936,3,400Gbps,1ns
323,7,1000,3,400Gbps,1ns
324,0,552,4,400Gbps,1ns
324,1,616,4,400Gbps,1ns
324,2,680,4,400Gbps,1ns
324,3,744,4,400Gbps,1ns
324,4,808,4,400Gbps,1ns
324,5,872,4,400Gbps,1ns
324,6,936,4,400Gbps,1ns
324,7,1000,4,400Gbps,1ns
325,0,552,5,400Gbps,1ns
325,1,616,5,400Gbps,1ns
325,2,680,5,400Gbps,1ns
325,3,744,5,400Gbps,1ns
325,4,808,5,400Gbps,1ns
325,5,872,5,400Gbps,1ns
325,6,936,5,400Gbps,1ns
325,7,1000,5,400Gbps,1ns
326,0,552,6,400Gbps,1ns
326,1,616,6,400Gbps,1ns
326,2,680,6,400Gbps,1ns
326,3,744,6,400Gbps,1ns
326,4,808,6,400Gbps,1ns
326,5,872,6,400Gbps,1ns
326,6,936,6,400Gbps,1ns
326,7,1000,6,400Gbps,1ns
327,0,552,7,400Gbps,1ns
327,1,616,7,400Gbps,1ns
327,2,680,7,400Gbps,1ns
327,3,744,7,400Gbps,1ns
327,4,808,7,400Gbps,1ns
327,5,872,7,400Gbps,1ns
327,6,936,7,400Gbps,1ns
327,7,1000,7,400Gbps,1ns
328,0,553,0,400Gbps,1ns
328,1,617,0,400Gbps,1ns
328,2,681,0,400Gbps,1ns
328,3,745,0,400Gbps,1ns
328,4,809,0,400Gbps,1ns
328,5,873,0,400Gbps,1ns
328,6,937,0,400Gbps,1ns
328,7,1001,0,400Gbps,1ns
329,0,553,1,400Gbps,1ns
329,1,617,1,400Gbps,1ns
329,2,681,1,400Gbps,1ns
329,3,745,1,400Gbps,1ns
329,4,809,1,400Gbps,1ns
329,5,873,1,400Gbps,1ns
329,6,937,1,400Gbps,1ns
329,7,1001,1,400Gbps,1ns
330,0,553,2,400Gbps,1ns
330,1,617,2,400Gbps,1ns
330,2,681,2,400Gbps,1ns
330,3,745,2,400Gbps,1ns
330,4,809,2,400Gbps,1ns
330,5,873,2,400Gbps,1ns
330,6,937,2,400Gbps,1ns
330,7,1001,2,400Gbps,1ns
331,0,553,3,400Gbps,1ns
331,1,617,3,400Gbps,1ns
331,2,681,3,400Gbps,1ns
331,3,745,3,400Gbps,1ns
331,4,809,3,400Gbps,1ns
331,5,873,3,400Gbps,1ns
331,6,937,3,400Gbps,1ns
331,7,1001,3,400Gbps,1ns
332,0,553,4,400Gbps,1ns
332,1,617,4,400Gbps,1ns
332,2,681,4,400Gbps,1ns
332,3,745,4,400Gbps,1ns
332,4,809,4,400Gbps,1ns
332,5,873,4,400Gbps,1ns
332,6,937,4,400Gbps,1ns
332,7,1001,4,400Gbps,1ns
333,0,553,5,400Gbps,1ns
333,1,617,5,400Gbps,1ns
333,2,681,5,400Gbps,1ns
333,3,745,5,400Gbps,1ns
333,4,809,5,400Gbps,1ns
333,5,873,5,400Gbps,1ns
333,6,937,5,400Gbps,1ns
333,7,1001,5,400Gbps,1ns
334,0,553,6,400Gbps,1ns
334,1,617,6,400Gbps,1ns
334,2,681,6,400Gbps,1ns
334,3,745,6,400Gbps,1ns
334,4,809,6,400Gbps,1ns
334,5,873,6,400Gbps,1ns
334,6,937,6,400Gbps,1ns
334,7,1001,6,400Gbps,1ns
335,0,553,7,400Gbps,1ns
335,1,617,7,400Gbps,1ns
335,2,681,7,400Gbps,1ns
335,3,745,7,400Gbps,1ns
335,4,809,7,400Gbps,1ns
335,5,873,7,400Gbps,1ns
335,6,937,7,400Gbps,1ns
335,7,1001,7,400Gbps,1ns
336,0,554,0,400Gbps,1ns
336,1,618,0,400Gbps,1ns
336,2,682,0,400Gbps,1ns
336,3,746,0,400Gbps,1ns
336,4,810,0,400Gbps,1ns
336,5,874,0,400Gbps,1ns
336,6,938,0,400Gbps,1ns
336,7,1002,0,400Gbps,1ns
337,0,554,1,400Gbps,1ns
337,1,618,1,400Gbps,1ns
337,2,682,1,400Gbps,1ns
337,3,746,1,400Gbps,1ns
337,4,810,1,400Gbps,1ns
337,5,874,1,400Gbps,1ns
337,6,938,1,400Gbps,1ns
337,7,1002,1,400Gbps,1ns
338,0,554,2,400Gbps,1ns
338,1,618,2,400Gbps,1ns
338,2,682,2,400Gbps,1ns
338,3,746,2,400Gbps,1ns
338,4,810,2,400Gbps,1ns
338,5,874,2,400Gbps,1ns
338,6,938,2,400Gbps,1ns
338,7,1002,2,400Gbps,1ns
339,0,554,3,400Gbps,1ns
339,1,618,3,400Gbps,1ns
339,2,682,3,400Gbps,1ns
339,3,746,3,400Gbps,1ns
339,4,810,3,400Gbps,1ns
339,5,874,3,400Gbps,1ns
339,6,938,3,400Gbps,1ns
339,7,1002,3,400Gbps,1ns
340,0,554,4,400Gbps,1ns
340,1,618,4,400Gbps,1ns
340,2,682,4,400Gbps,1ns
340,3,746,4,400Gbps,1ns
340,4,810,4,400Gbps,1ns
340,5,874,4,400Gbps,1ns
340,6,938,4,400Gbps,1ns
340,7,1002,4,400Gbps,1ns
341,0,554,5,400Gbps,1ns
341,1,618,5,400Gbps,1ns
341,2,682,5,400Gbps,1ns
341,3,746,5,400Gbps,1ns
341,4,810,5,400Gbps,1ns
341,5,874,5,400Gbps,1ns
341,6,938,5,400Gbps,1ns
341,7,1002,5,400Gbps,1ns
342,0,554,6,400Gbps,1ns
342,1,618,6,400Gbps,1ns
342,2,682,6,400Gbps,1ns
342,3,746,6,400Gbps,1ns
342,4,810,6,400Gbps,1ns
342,5,874,6,400Gbps,1ns
342,6,938,6,400Gbps,1ns
342,7,1002,6,400Gbps,1ns
343,0,554,7,400Gbps,1ns
343,1,618,7,400Gbps,1ns
343,2,682,7,400Gbps,1ns
343,3,746,7,400Gbps,1ns
343,4,810,7,400Gbps,1ns
343,5,874,7,400Gbps,1ns
343,6,938,7,400Gbps,1ns
343,7,1002,7,400Gbps,1ns
344,0,555,0,400Gbps,1ns
344,1,619,0,400Gbps,1ns
344,2,683,0,400Gbps,1ns
344,3,747,0,400Gbps,1ns
344,4,811,0,400Gbps,1ns
344,5,875,0,400Gbps,1ns
344,6,939,0,400Gbps,1ns
344,7,1003,0,400Gbps,1ns
345,0,555,1,400Gbps,1ns
345,1,619,1,400Gbps,1ns
345,2,683,1,400Gbps,1ns
345,3,747,1,400Gbps,1ns
345,4,811,1,400Gbps,1ns
345,5,875,1,400Gbps,1ns
345,6,939,1,400Gbps,1ns
345,7,1003,1,400Gbps,1ns
346,0,555,2,400Gbps,1ns
346,1,619,2,400Gbps,1ns
346,2,683,2,400Gbps,1ns
346,3,747,2,400Gbps,1ns
346,4,811,2,400Gbps,1ns
346,5,875,2,400Gbps,1ns
346,6,939,2,400Gbps,1ns
346,7,1003,2,400Gbps,1ns
347,0,555,3,400Gbps,1ns
347,1,619,3,400Gbps,1ns
347,2,683,3,400Gbps,1ns
347,3,747,3,400Gbps,1ns
347,4,811,3,400Gbps,1ns
347,5,875,3,400Gbps,1ns
347,6,939,3,400Gbps,1ns
347,7,1003,3,400Gbps,1ns
348,0,555,4,400Gbps,1ns
348,1,619,4,400Gbps,1ns
348,2,683,4,400Gbps,1ns
348,3,747,4,400Gbps,1ns
348,4,811,4,400Gbps,1ns
348,5,875,4,400Gbps,1ns
348,6,939,4,400Gbps,1ns
348,7,1003,4,400Gbps,1ns
349,0,555,5,400Gbps,1ns
349,1,619,5,400Gbps,1ns
349,2,683,5,400Gbps,1ns
349,3,747,5,400Gbps,1ns
349,4,811,5,400Gbps,1ns
349,5,875,5,400Gbps,1ns
349,6,939,5,400Gbps,1ns
349,7,1003,5,400Gbps,1ns
350,0,555,6,400Gbps,1ns
350,1,619,6,400Gbps,1ns
350,2,683,6,400Gbps,1ns
350,3,747,6,400Gbps,1ns
350,4,811,6,400Gbps,1ns
350,5,875,6,400Gbps,1ns
350,6,939,6,400Gbps,1ns
350,7,1003,6,400Gbps,1ns
351,0,555,7,400Gbps,1ns
351,1,619,7,400Gbps,1ns
351,2,683,7,400Gbps,1ns
351,3,747,7,400Gbps,1ns
351,4,811,7,400Gbps,1ns
351,5,875,7,400Gbps,1ns
351,6,939,7,400Gbps,1ns
351,7,1003,7,400Gbps,1ns
352,0,556,0,400Gbps,1ns
352,1,620,0,400Gbps,1ns
352,2,684,0,400Gbps,1ns
352,3,748,0,400Gbps,1ns
352,4,812,0,400Gbps,1ns
352,5,876,0,400Gbps,1ns
352,6,940,0,400Gbps,1ns
352,7,1004,0,400Gbps,1ns
353,0,556,1,400Gbps,1ns
353,1,620,1,400Gbps,1ns
353,2,684,1,400Gbps,1ns
353,3,748,1,400Gbps,1ns
353,4,812,1,400Gbps,1ns
353,5,876,1,400Gbps,1ns
353,6,940,1,400Gbps,1ns
353,7,1004,1,400Gbps,1ns
354,0,556,2,400Gbps,1ns
354,1,620,2,400Gbps,1ns
354,2,684,2,400Gbps,1ns
354,3,748,2,400Gbps,1ns
354,4,812,2,400Gbps,1ns
354,5,876,2,400Gbps,1ns
354,6,940,2,400Gbps,1ns
354,7,1004,2,400Gbps,1ns
355,0,556,3,400Gbps,1ns
355,1,620,3,400Gbps,1ns
355,2,684,3,400Gbps,1ns
355,3,748,3,400Gbps,1ns
355,4,812,3,400Gbps,1ns
355,5,876,3,400Gbps,1ns
355,6,940,3,400Gbps,1ns
355,7,1004,3,400Gbps,1ns
356,0,556,4,400Gbps,1ns
356,1,620,4,400Gbps,1ns
356,2,684,4,400Gbps,1ns
356,3,748,4,400Gbps,1ns
356,4,812,4,400Gbps,1ns
356,5,876,4,400Gbps,1ns
356,6,940,4,400Gbps,1ns
356,7,1004,4,400Gbps,1ns
357,0,556,5,400Gbps,1ns
357,1,620,5,400Gbps,1ns
357,2,684,5,400Gbps,1ns
357,3,748,5,400Gbps,1ns
357,4,812,5,400Gbps,1ns
357,5,876,5,400Gbps,1ns
357,6,940,5,400Gbps,1ns
357,7,1004,5,400Gbps,1ns
358,0,556,6,400Gbps,1ns
358,1,620,6,400Gbps,1ns
358,2,684,6,400Gbps,1ns
358,3,748,6,400Gbps,1ns
358,4,812,6,400Gbps,1ns
358,5,876,6,400Gbps,1ns
358,6,940,6,400Gbps,1ns
358,7,1004,6,400Gbps,1ns
359,0,556,7,400Gbps,1ns
359,1,620,7,400Gbps,1ns
359,2,684,7,400Gbps,1ns
359,3,748,7,400Gbps,1ns
359,4,812,7,400Gbps,1ns
359,5,876,7,400Gbps,1ns
359,6,940,7,400Gbps,1ns
359,7,1004,7,400Gbps,1ns
360,0,557,0,400Gbps,1ns
360,1,621,0,400Gbps,1ns
360,2,685,0,400Gbps,1ns
360,3,749,0,400Gbps,1ns
360,4,813,0,400Gbps,1ns
360,5,877,0,400Gbps,1ns
360,6,941,0,400Gbps,1ns
360,7,1005,0,400Gbps,1ns
361,0,557,1,400Gbps,1ns
361,1,621,1,400Gbps,1ns
361,2,685,1,400Gbps,1ns
361,3,749,1,400Gbps,1ns
361,4,813,1,400Gbps,1ns
361,5,877,1,400Gbps,1ns
361,6,941,1,400Gbps,1ns
361,7,1005,1,400Gbps,1ns
362,0,557,2,400Gbps,1ns
362,1,621,2,400Gbps,1ns
362,2,685,2,400Gbps,1ns
362,3,749,2,400Gbps,1ns
362,4,813,2,400Gbps,1ns
362,5,877,2,400Gbps,1ns
362,6,941,2,400Gbps,1ns
362,7,1005,2,400Gbps,1ns
363,0,557,3,400Gbps,1ns
363,1,621,3,400Gbps,1ns
363,2,685,3,400Gbps,1ns
363,3,749,3,400Gbps,1ns
363,4,813,3,400Gbps,1ns
363,5,877,3,400Gbps,1ns
363,6,941,3,400Gbps,1ns
363,7,1005,3,400Gbps,1ns
364,0,557,4,400Gbps,1ns
364,1,621,4,400Gbps,1ns
364,2,685,4,400Gbps,1ns
364,3,749,4,400Gbps,1ns
364,4,813,4,400Gbps,1ns
364,5,877,4,400Gbps,1ns
364,6,941,4,400Gbps,1ns
364,7,1005,4,400Gbps,1ns
365,0,557,5,400Gbps,1ns
365,1,621,5,400Gbps,1ns
365,2,685,5,400Gbps,1ns
365,3,749,5,400Gbps,1ns
365,4,813,5,400Gbps,1ns
365,5,877,5,400Gbps,1ns
365,6,941,5,400Gbps,1ns
365,7,1005,5,400Gbps,1ns
366,0,557,6,400Gbps,1ns
366,1,621,6,400Gbps,1ns
366,2,685,6,400Gbps,1ns
366,3,749,6,400Gbps,1ns
366,4,813,6,400Gbps,1ns
366,5,877,6,400Gbps,1ns
366,6,941,6,400Gbps,1ns
366,7,1005,6,400Gbps,1ns
367,0,557,7,400Gbps,1ns
367,1,621,7,400Gbps,1ns
367,2,685,7,400Gbps,1ns
367,3,749,7,400Gbps,1ns
367,4,813,7,400Gbps,1ns
367,5,877,7,400Gbps,1ns
367,6,941,7,400Gbps,1ns
367,7,1005,7,400Gbps,1ns
368,0,558,0,400Gbps,1ns
368,1,622,0,400Gbps,1ns
368,2,686,0,400Gbps,1ns
368,3,750,0,400Gbps,1ns
368,4,814,0,400Gbps,1ns
368,5,878,0,400Gbps,1ns
368,6,942,0,400Gbps,1ns
368,7,1006,0,400Gbps,1ns
369,0,558,1,400Gbps,1ns
369,1,622,1,400Gbps,1ns
369,2,686,1,400Gbps,1ns
369,3,750,1,400Gbps,1ns
369,4,814,1,400Gbps,1ns
369,5,878,1,400Gbps,1ns
369,6,942,1,400Gbps,1ns
369,7,1006,1,400Gbps,1ns
370,0,558,2,400Gbps,1ns
370,1,622,2,400Gbps,1ns
370,2,686,2,400Gbps,1ns
370,3,750,2,400Gbps,1ns
370,4,814,2,400Gbps,1ns
370,5,878,2,400Gbps,1ns
370,6,942,2,400Gbps,1ns
370,7,1006,2,400Gbps,1ns
371,0,558,3,400Gbps,1ns
371,1,622,3,400Gbps,1ns
371,2,686,3,400Gbps,1ns
371,3,750,3,400Gbps,1ns
371,4,814,3,400Gbps,1ns
371,5,878,3,400Gbps,1ns
371,6,942,3,400Gbps,1ns
371,7,1006,3,400Gbps,1ns
372,0,558,4,400Gbps,1ns
372,1,622,4,400Gbps,1ns
372,2,686,4,400Gbps,1ns
372,3,750,4,400Gbps,1ns
372,4,814,4,400Gbps,1ns
372,5,878,4,400Gbps,1ns
372,6,942,4,400Gbps,1ns
372,7,1006,4,400Gbps,1ns
373,0,558,5,400Gbps,1ns
373,1,622,5,400Gbps,1ns
373,2,686,5,400Gbps,1ns
373,3,750,5,400Gbps,1ns
373,4,814,5,400Gbps,1ns
373,5,878,5,400Gbps,1ns
373,6,942,5,400Gbps,1ns
373,7,1006,5,400Gbps,1ns
374,0,558,6,400Gbps,1ns
374,1,622,6,400Gbps,1ns
374,2,686,6,400Gbps,1ns
374,3,750,6,400Gbps,1ns
374,4,814,6,400Gbps,1ns
374,5,878,6,400Gbps,1ns
374,6,942,6,400Gbps,1ns
374,7,1006,6,400Gbps,1ns
375,0,558,7,400Gbps,1ns
375,1,622,7,400Gbps,1ns
375,2,686,7,400Gbps,1ns
375,3,750,7,400Gbps,1ns
375,4,814,7,400Gbps,1ns
375,5,878,7,400Gbps,1ns
375,6,942,7,400Gbps,1ns
375,7,1006,7,400Gbps,1ns
376,0,559,0,400Gbps,1ns
376,1,623,0,400Gbps,1ns
376,2,687,0,400Gbps,1ns
376,3,751,0,400Gbps,1ns
376,4,815,0,400Gbps,1ns
376,5,879,0,400Gbps,1ns
376,6,943,0,400Gbps,1ns
376,7,1007,0,400Gbps,1ns
377,0,559,1,400Gbps,1ns
377,1,623,1,400Gbps,1ns
377,2,687,1,400Gbps,1ns
377,3,751,1,400Gbps,1ns
377,4,815,1,400Gbps,1ns
377,5,879,1,400Gbps,1ns
377,6,943,1,400Gbps,1ns
377,7,1007,1,400Gbps,1ns
378,0,559,2,400Gbps,1ns
378,1,623,2,400Gbps,1ns
378,2,687,2,400Gbps,1ns
378,3,751,2,400Gbps,1ns
378,4,815,2,400Gbps,1ns
378,5,879,2,400Gbps,1ns
378,6,943,2,400Gbps,1ns
378,7,1007,2,400Gbps,1ns
379,0,559,3,400Gbps,1ns
379,1,623,3,400Gbps,1ns
379,2,687,3,400Gbps,1ns
379,3,751,3,400Gbps,1ns
379,4,815,3,400Gbps,1ns
379,5,879,3,400Gbps,1ns
379,6,943,3,400Gbps,1ns
379,7,1007,3,400Gbps,1ns
380,0,559,4,400Gbps,1ns
380,1,623,4,400Gbps,1ns
380,2,687,4,400Gbps,1ns
380,3,751,4,400Gbps,1ns
380,4,815,4,400Gbps,1ns
380,5,879,4,400Gbps,1ns
380,6,943,4,400Gbps,1ns
380,7,1007,4,400Gbps,1ns
381,0,559,5,400Gbps,1ns
381,1,623,5,400Gbps,1ns
381,2,687,5,400Gbps,1ns
381,3,751,5,400Gbps,1ns
381,4,815,5,400Gbps,1ns
381,5,879,5,400Gbps,1ns
381,6,943,5,400Gbps,1ns
381,7,1007,5,400Gbps,1ns
382,0,559,6,400Gbps,1ns
382,1,623,6,400Gbps,1ns
382,2,687,6,400Gbps,1ns
382,3,751,6,400Gbps,1ns
382,4,815,6,400Gbps,1ns
382,5,879,6,400Gbps,1ns
382,6,943,6,400Gbps,1ns
382,7,1007,6,400Gbps,1ns
383,0,559,7,400Gbps,1ns
383,1,623,7,400Gbps,1ns
383,2,687,7,400Gbps,1ns
383,3,751,7,400Gbps,1ns
383,4,815,7,400Gbps,1ns
383,5,879,7,400Gbps,1ns
383,6,943,7,400Gbps,1ns
383,7,1007,7,400Gbps,1ns
384,0,560,0,400Gbps,1ns
384,1,624,0,400Gbps,1ns
384,2,688,0,400Gbps,1ns
384,3,752,0,400Gbps,1ns
384,4,816,0,400Gbps,1ns
384,5,880,0,400Gbps,1ns
384,6,944,0,400Gbps,1ns
384,7,1008,0,400Gbps,1ns
385,0,560,1,400Gbps,1ns
385,1,624,1,400Gbps,1ns
385,2,688,1,400Gbps,1ns
385,3,752,1,400Gbps,1ns
385,4,816,1,400Gbps,1ns
385,5,880,1,400Gbps,1ns
385,6,944,1,400Gbps,1ns
385,7,1008,1,400Gbps,1ns
386,0,560,2,400Gbps,1ns
386,1,624,2,400Gbps,1ns
386,2,688,2,400Gbps,1ns
386,3,752,2,400Gbps,1ns
386,4,816,2,400Gbps,1ns
386,5,880,2,400Gbps,1ns
386,6,944,2,400Gbps,1ns
386,7,1008,2,400Gbps,1ns
387,0,560,3,400Gbps,1ns
387,1,624,3,400Gbps,1ns
387,2,688,3,400Gbps,1ns
387,3,752,3,400Gbps,1ns
387,4,816,3,400Gbps,1ns
387,5,880,3,400Gbps,1ns
387,6,944,3,400Gbps,1ns
387,7,1008,3,400Gbps,1ns
388,0,560,4,400Gbps,1ns
388,1,624,4,400Gbps,1ns
388,2,688,4,400Gbps,1ns
388,3,752,4,400Gbps,1ns
388,4,816,4,400Gbps,1ns
388,5,880,4,400Gbps,1ns
388,6,944,4,400Gbps,1ns
388,7,1008,4,400Gbps,1ns
389,0,560,5,400Gbps,1ns
389,1,624,5,400Gbps,1ns
389,2,688,5,400Gbps,1ns
389,3,752,5,400Gbps,1ns
389,4,816,5,400Gbps,1ns
389,5,880,5,400Gbps,1ns
389,6,944,5,400Gbps,1ns
389,7,1008,5,400Gbps,1ns
390,0,560,6,400Gbps,1ns
390,1,624,6,400Gbps,1ns
390,2,688,6,400Gbps,1ns
390,3,752,6,400Gbps,1ns
390,4,816,6,400Gbps,1ns
390,5,880,6,400Gbps,1ns
390,6,944,6,400Gbps,1ns
390,7,1008,6,400Gbps,1ns
391,0,560,7,400Gbps,1ns
391,1,624,7,400Gbps,1ns
391,2,688,7,400Gbps,1ns
391,3,752,7,400Gbps,1ns
391,4,816,7,400Gbps,1ns
391,5,880,7,400Gbps,1ns
391,6,944,7,400Gbps,1ns
391,7,1008,7,400Gbps,1ns
392,0,561,0,400Gbps,1ns
392,1,625,0,400Gbps,1ns
392,2,689,0,400Gbps,1ns
392,3,753,0,400Gbps,1ns
392,4,817,0,400Gbps,1ns
392,5,881,0,400Gbps,1ns
392,6,945,0,400Gbps,1ns
392,7,1009,0,400Gbps,1ns
393,0,561,1,400Gbps,1ns
393,1,625,1,400Gbps,1ns
393,2,689,1,400Gbps,1ns
393,3,753,1,400Gbps,1ns
393,4,817,1,400Gbps,1ns
393,5,881,1,400Gbps,1ns
393,6,945,1,400Gbps,1ns
393,7,1009,1,400Gbps,1ns
394,0,561,2,400Gbps,1ns
394,1,625,2,400Gbps,1ns
394,2,689,2,400Gbps,1ns
394,3,753,2,400Gbps,1ns
394,4,817,2,400Gbps,1ns
394,5,881,2,400Gbps,1ns
394,6,945,2,400Gbps,1ns
394,7,1009,2,400Gbps,1ns
395,0,561,3,400Gbps,1ns
395,1,625,3,400Gbps,1ns
395,2,689,3,400Gbps,1ns
395,3,753,3,400Gbps,1ns
395,4,817,3,400Gbps,1ns
395,5,881,3,400Gbps,1ns
395,6,945,3,400Gbps,1ns
395,7,1009,3,400Gbps,1ns
396,0,561,4,400Gbps,1ns
396,1,625,4,400Gbps,1ns
396,2,689,4,400Gbps,1ns
396,3,753,4,400Gbps,1ns
396,4,817,4,400Gbps,1ns
396,5,881,4,400Gbps,1ns
396,6,945,4,400Gbps,1ns
396,7,1009,4,400Gbps,1ns
397,0,561,5,400Gbps,1ns
397,1,625,5,400Gbps,1ns
397,2,689,5,400Gbps,1ns
397,3,753,5,400Gbps,1ns
397,4,817,5,400Gbps,1ns
397,5,881,5,400Gbps,1ns
397,6,945,5,400Gbps,1ns
397,7,1009,5,400Gbps,1ns
398,0,561,6,400Gbps,1ns
398,1,625,6,400Gbps,1ns
398,2,689,6,400Gbps,1ns
398,3,753,6,400Gbps,1ns
398,4,817,6,400Gbps,1ns
398,5,881,6,400Gbps,1ns
398,6,945,6,400Gbps,1ns
398,7,1009,6,400Gbps,1ns
399,0,561,7,400Gbps,1ns
399,1,625,7,400Gbps,1ns
399,2,689,7,400Gbps,1ns
399,3,753,7,400Gbps,1ns
399,4,817,7,400Gbps,1ns
399,5,881,7,400Gbps,1ns
399,6,945,7,400Gbps,1ns
399,7,1009,7,400Gbps,1ns
400,0,562,0,400Gbps,1ns
400,1,626,0,400Gbps,1ns
400,2,690,0,400Gbps,1ns
400,3,754,0,400Gbps,1ns
400,4,818,0,400Gbps,1ns
400,5,882,0,400Gbps,1ns
400,6,946,0,400Gbps,1ns
400,7,1010,0,400Gbps,1ns
401,0,562,1,400Gbps,1ns
401,1,626,1,400Gbps,1ns
401,2,690,1,400Gbps,1ns
401,3,754,1,400Gbps,1ns
401,4,818,1,400Gbps,1ns
401,5,882,1,400Gbps,1ns
401,6,946,1,400Gbps,1ns
401,7,1010,1,400Gbps,1ns
402,0,562,2,400Gbps,1ns
402,1,626,2,400Gbps,1ns
402,2,690,2,400Gbps,1ns
402,3,754,2,400Gbps,1ns
402,4,818,2,400Gbps,1ns
402,5,882,2,400Gbps,1ns
402,6,946,2,400Gbps,1ns
402,7,1010,2,400Gbps,1ns
403,0,562,3,400Gbps,1ns
403,1,626,3,400Gbps,1ns
403,2,690,3,400Gbps,1ns
403,3,754,3,400Gbps,1ns
403,4,818,3,400Gbps,1ns
403,5,882,3,400Gbps,1ns
403,6,946,3,400Gbps,1ns
403,7,1010,3,400Gbps,1ns
404,0,562,4,400Gbps,1ns
404,1,626,4,400Gbps,1ns
404,2,690,4,400Gbps,1ns
404,3,754,4,400Gbps,1ns
404,4,818,4,400Gbps,1ns
404,5,882,4,400Gbps,1ns
404,6,946,4,400Gbps,1ns
404,7,1010,4,400Gbps,1ns
405,0,562,5,400Gbps,1ns
405,1,626,5,400Gbps,1ns
405,2,690,5,400Gbps,1ns
405,3,754,5,400Gbps,1ns
405,4,818,5,400Gbps,1ns
405,5,882,5,400Gbps,1ns
405,6,946,5,400Gbps,1ns
405,7,1010,5,400Gbps,1ns
406,0,562,6,400Gbps,1ns
406,1,626,6,400Gbps,1ns
406,2,690,6,400Gbps,1ns
406,3,754,6,400Gbps,1ns
406,4,818,6,400Gbps,1ns
406,5,882,6,400Gbps,1ns
406,6,946,6,400Gbps,1ns
406,7,1010,6,400Gbps,1ns
407,0,562,7,400Gbps,1ns
407,1,626,7,400Gbps,1ns
407,2,690,7,400Gbps,1ns
407,3,754,7,400Gbps,1ns
407,4,818,7,400Gbps,1ns
407,5,882,7,400Gbps,1ns
407,6,946,7,400Gbps,1ns
407,7,1010,7,400Gbps,1ns
408,0,563,0,400Gbps,1ns
408,1,627,0,400Gbps,1ns
408,2,691,0,400Gbps,1ns
408,3,755,0,400Gbps,1ns
408,4,819,0,400Gbps,1ns
408,5,883,0,400Gbps,1ns
408,6,947,0,400Gbps,1ns
408,7,1011,0,400Gbps,1ns
409,0,563,1,400Gbps,1ns
409,1,627,1,400Gbps,1ns
409,2,691,1,400Gbps,1ns
409,3,755,1,400Gbps,1ns
409,4,819,1,400Gbps,1ns
409,5,883,1,400Gbps,1ns
409,6,947,1,400Gbps,1ns
409,7,1011,1,400Gbps,1ns
410,0,563,2,400Gbps,1ns
410,1,627,2,400Gbps,1ns
410,2,691,2,400Gbps,1ns
410,3,755,2,400Gbps,1ns
410,4,819,2,400Gbps,1ns
410,5,883,2,400Gbps,1ns
410,6,947,2,400Gbps,1ns
410,7,1011,2,400Gbps,1ns
411,0,563,3,400Gbps,1ns
411,1,627,3,400Gbps,1ns
411,2,691,3,400Gbps,1ns
411,3,755,3,400Gbps,1ns
411,4,819,3,400Gbps,1ns
411,5,883,3,400Gbps,1ns
411,6,947,3,400Gbps,1ns
411,7,1011,3,400Gbps,1ns
412,0,563,4,400Gbps,1ns
412,1,627,4,400Gbps,1ns
412,2,691,4,400Gbps,1ns
412,3,755,4,400Gbps,1ns
412,4,819,4,400Gbps,1ns
412,5,883,4,400Gbps,1ns
412,6,947,4,400Gbps,1ns
412,7,1011,4,400Gbps,1ns
413,0,563,5,400Gbps,1ns
413,1,627,5,400Gbps,1ns
413,2,691,5,400Gbps,1ns
413,3,755,5,400Gbps,1ns
413,4,819,5,400Gbps,1ns
413,5,883,5,400Gbps,1ns
413,6,947,5,400Gbps,1ns
413,7,1011,5,400Gbps,1ns
414,0,563,6,400Gbps,1ns
414,1,627,6,400Gbps,1ns
414,2,691,6,400Gbps,1ns
414,3,755,6,400Gbps,1ns
414,4,819,6,400Gbps,1ns
414,5,883,6,400Gbps,1ns
414,6,947,6,400Gbps,1ns
414,7,1011,6,400Gbps,1ns
415,0,563,7,400Gbps,1ns
415,1,627,7,400Gbps,1ns
415,2,691,7,400Gbps,1ns
415,3,755,7,400Gbps,1ns
415,4,819,7,400Gbps,1ns
415,5,883,7,400Gbps,1ns
415,6,947,7,400Gbps,1ns
415,7,1011,7,400Gbps,1ns
416,0,564,0,400Gbps,1ns
416,1,628,0,400Gbps,1ns
416,2,692,0,400Gbps,1ns
416,3,756,0,400Gbps,1ns
416,4,820,0,400Gbps,1ns
416,5,884,0,400Gbps,1ns
416,6,948,0,400Gbps,1ns
416,7,1012,0,400Gbps,1ns
417,0,564,1,400Gbps,1ns
417,1,628,1,400Gbps,1ns
417,2,692,1,400Gbps,1ns
417,3,756,1,400Gbps,1ns
417,4,820,1,400Gbps,1ns
417,5,884,1,400Gbps,1ns
417,6,948,1,400Gbps,1ns
417,7,1012,1,400Gbps,1ns
418,0,564,2,400Gbps,1ns
418,1,628,2,400Gbps,1ns
418,2,692,2,400Gbps,1ns
418,3,756,2,400Gbps,1ns
418,4,820,2,400Gbps,1ns
418,5,884,2,400Gbps,1ns
418,6,948,2,400Gbps,1ns
418,7,1012,2,400Gbps,1ns
419,0,564,3,400Gbps,1ns
419,1,628,3,400Gbps,1ns
419,2,692,3,400Gbps,1ns
419,3,756,3,400Gbps,1ns
419,4,820,3,400Gbps,1ns
419,5,884,3,400Gbps,1ns
419,6,948,3,400Gbps,1ns
419,7,1012,3,400Gbps,1ns
420,0,564,4,400Gbps,1ns
420,1,628,4,400Gbps,1ns
420,2,692,4,400Gbps,1ns
420,3,756,4,400Gbps,1ns
420,4,820,4,400Gbps,1ns
420,5,884,4,400Gbps,1ns
420,6,948,4,400Gbps,1ns
420,7,1012,4,400Gbps,1ns
421,0,564,5,400Gbps,1ns
421,1,628,5,400Gbps,1ns
421,2,692,5,400Gbps,1ns
421,3,756,5,400Gbps,1ns
421,4,820,5,400Gbps,1ns
421,5,884,5,400Gbps,1ns
421,6,948,5,400Gbps,1ns
421,7,1012,5,400Gbps,1ns
422,0,564,6,400Gbps,1ns
422,1,628,6,400Gbps,1ns
422,2,692,6,400Gbps,1ns
422,3,756,6,400Gbps,1ns
422,4,820,6,400Gbps,1ns
422,5,884,6,400Gbps,1ns
422,6,948,6,400Gbps,1ns
422,7,1012,6,400Gbps,1ns
423,0,564,7,400Gbps,1ns
423,1,628,7,400Gbps,1ns
423,2,692,7,400Gbps,1ns
423,3,756,7,400Gbps,1ns
423,4,820,7,400Gbps,1ns
423,5,884,7,400Gbps,1ns
423,6,948,7,400Gbps,1ns
423,7,1012,7,400Gbps,1ns
424,0,565,0,400Gbps,1ns
424,1,629,0,400Gbps,1ns
424,2,693,0,400Gbps,1ns
424,3,757,0,400Gbps,1ns
424,4,821,0,400Gbps,1ns
424,5,885,0,400Gbps,1ns
424,6,949,0,400Gbps,1ns
424,7,1013,0,400Gbps,1ns
425,0,565,1,400Gbps,1ns
425,1,629,1,400Gbps,1ns
425,2,693,1,400Gbps,1ns
425,3,757,1,400Gbps,1ns
425,4,821,1,400Gbps,1ns
425,5,885,1,400Gbps,1ns
425,6,949,1,400Gbps,1ns
425,7,1013,1,400Gbps,1ns
426,0,565,2,400Gbps,1ns
426,1,629,2,400Gbps,1ns
426,2,693,2,400Gbps,1ns
426,3,757,2,400Gbps,1ns
426,4,821,2,400Gbps,1ns
426,5,885,2,400Gbps,1ns
426,6,949,2,400Gbps,1ns
426,7,1013,2,400Gbps,1ns
427,0,565,3,400Gbps,1ns
427,1,629,3,400Gbps,1ns
427,2,693,3,400Gbps,1ns
427,3,757,3,400Gbps,1ns
427,4,821,3,400Gbps,1ns
427,5,885,3,400Gbps,1ns
427,6,949,3,400Gbps,1ns
427,7,1013,3,400Gbps,1ns
428,0,565,4,400Gbps,1ns
428,1,629,4,400Gbps,1ns
428,2,693,4,400Gbps,1ns
428,3,757,4,400Gbps,1ns
428,4,821,4,400Gbps,1ns
428,5,885,4,400Gbps,1ns
428,6,949,4,400Gbps,1ns
428,7,1013,4,400Gbps,1ns
429,0,565,5,400Gbps,1ns
429,1,629,5,400Gbps,1ns
429,2,693,5,400Gbps,1ns
429,3,757,5,400Gbps,1ns
429,4,821,5,400Gbps,1ns
429,5,885,5,400Gbps,1ns
429,6,949,5,400Gbps,1ns
429,7,1013,5,400Gbps,1ns
430,0,565,6,400Gbps,1ns
430,1,629,6,400Gbps,1ns
430,2,693,6,400Gbps,1ns
430,3,757,6,400Gbps,1ns
430,4,821,6,400Gbps,1ns
430,5,885,6,400Gbps,1ns
430,6,949,6,400Gbps,1ns
430,7,1013,6,400Gbps,1ns
431,0,565,7,400Gbps,1ns
431,1,629,7,400Gbps,1ns
431,2,693,7,400Gbps,1ns
431,3,757,7,400Gbps,1ns
431,4,821,7,400Gbps,1ns
431,5,885,7,400Gbps,1ns
431,6,949,7,400Gbps,1ns
431,7,1013,7,400Gbps,1ns
432,0,566,0,400Gbps,1ns
432,1,630,0,400Gbps,1ns
432,2,694,0,400Gbps,1ns
432,3,758,0,400Gbps,1ns
432,4,822,0,400Gbps,1ns
432,5,886,0,400Gbps,1ns
432,6,950,0,400Gbps,1ns
432,7,1014,0,400Gbps,1ns
433,0,566,1,400Gbps,1ns
433,1,630,1,400Gbps,1ns
433,2,694,1,400Gbps,1ns
433,3,758,1,400Gbps,1ns
433,4,822,1,400Gbps,1ns
433,5,886,1,400Gbps,1ns
433,6,950,1,400Gbps,1ns
433,7,1014,1,400Gbps,1ns
434,0,566,2,400Gbps,1ns
434,1,630,2,400Gbps,1ns
434,2,694,2,400Gbps,1ns
434,3,758,2,400Gbps,1ns
434,4,822,2,400Gbps,1ns
434,5,886,2,400Gbps,1ns
434,6,950,2,400Gbps,1ns
434,7,1014,2,400Gbps,1ns
435,0,566,3,400Gbps,1ns
435,1,630,3,400Gbps,1ns
435,2,694,3,400Gbps,1ns
435,3,758,3,400Gbps,1ns
435,4,822,3,400Gbps,1ns
435,5,886,3,400Gbps,1ns
435,6,950,3,400Gbps,1ns
435,7,1014,3,400Gbps,1ns
436,0,566,4,400Gbps,1ns
436,1,630,4,400Gbps,1ns
436,2,694,4,400Gbps,1ns
436,3,758,4,400Gbps,1ns
436,4,822,4,400Gbps,1ns
436,5,886,4,400Gbps,1ns
436,6,950,4,400Gbps,1ns
436,7,1014,4,400Gbps,1ns
437,0,566,5,400Gbps,1ns
437,1,630,5,400Gbps,1ns
437,2,694,5,400Gbps,1ns
437,3,758,5,400Gbps,1ns
437,4,822,5,400Gbps,1ns
437,5,886,5,400Gbps,1ns
437,6,950,5,400Gbps,1ns
437,7,1014,5,400Gbps,1ns
438,0,566,6,400Gbps,1ns
438,1,630,6,400Gbps,1ns
438,2,694,6,400Gbps,1ns
438,3,758,6,400Gbps,1ns
438,4,822,6,400Gbps,1ns
438,5,886,6,400Gbps,1ns
438,6,950,6,400Gbps,1ns
438,7,1014,6,400Gbps,1ns
439,0,566,7,400Gbps,1ns
439,1,630,7,400Gbps,1ns
439,2,694,7,400Gbps,1ns
439,3,758,7,400Gbps,1ns
439,4,822,7,400Gbps,1ns
439,5,886,7,400Gbps,1ns
439,6,950,7,400Gbps,1ns
439,7,1014,7,400Gbps,1ns
440,0,567,0,400Gbps,1ns
440,1,631,0,400Gbps,1ns
440,2,695,0,400Gbps,1ns
440,3,759,0,400Gbps,1ns
440,4,823,0,400Gbps,1ns
440,5,887,0,400Gbps,1ns
440,6,951,0,400Gbps,1ns
440,7,1015,0,400Gbps,1ns
441,0,567,1,400Gbps,1ns
441,1,631,1,400Gbps,1ns
441,2,695,1,400Gbps,1ns
441,3,759,1,400Gbps,1ns
441,4,823,1,400Gbps,1ns
441,5,887,1,400Gbps,1ns
441,6,951,1,400Gbps,1ns
441,7,1015,1,400Gbps,1ns
442,0,567,2,400Gbps,1ns
442,1,631,2,400Gbps,1ns
442,2,695,2,400Gbps,1ns
442,3,759,2,400Gbps,1ns
442,4,823,2,400Gbps,1ns
442,5,887,2,400Gbps,1ns
442,6,951,2,400Gbps,1ns
442,7,1015,2,400Gbps,1ns
443,0,567,3,400Gbps,1ns
443,1,631,3,400Gbps,1ns
443,2,695,3,400Gbps,1ns
443,3,759,3,400Gbps,1ns
443,4,823,3,400Gbps,1ns
443,5,887,3,400Gbps,1ns
443,6,951,3,400Gbps,1ns
443,7,1015,3,400Gbps,1ns
444,0,567,4,400Gbps,1ns
444,1,631,4,400Gbps,1ns
444,2,695,4,400Gbps,1ns
444,3,759,4,400Gbps,1ns
444,4,823,4,400Gbps,1ns
444,5,887,4,400Gbps,1ns
444,6,951,4,400Gbps,1ns
444,7,1015,4,400Gbps,1ns
445,0,567,5,400Gbps,1ns
445,1,631,5,400Gbps,1ns
445,2,695,5,400Gbps,1ns
445,3,759,5,400Gbps,1ns
445,4,823,5,400Gbps,1ns
445,5,887,5,400Gbps,1ns
445,6,951,5,400Gbps,1ns
445,7,1015,5,400Gbps,1ns
446,0,567,6,400Gbps,1ns
446,1,631,6,400Gbps,1ns
446,2,695,6,400Gbps,1ns
446,3,759,6,400Gbps,1ns
446,4,823,6,400Gbps,1ns
446,5,887,6,400Gbps,1ns
446,6,951,6,400Gbps,1ns
446,7,1015,6,400Gbps,1ns
447,0,567,7,400Gbps,1ns
447,1,631,7,400Gbps,1ns
447,2,695,7,400Gbps,1ns
447,3,759,7,400Gbps,1ns
447,4,823,7,400Gbps,1ns
447,5,887,7,400Gbps,1ns
447,6,951,7,400Gbps,1ns
447,7,1015,7,400Gbps,1ns
448,0,568,0,400Gbps,1ns
448,1,632,0,400Gbps,1ns
448,2,696,0,400Gbps,1ns
448,3,760,0,400Gbps,1ns
448,4,824,0,400Gbps,1ns
448,5,888,0,400Gbps,1ns
448,6,952,0,400Gbps,1ns
448,7,1016,0,400Gbps,1ns
449,0,568,1,400Gbps,1ns
449,1,632,1,400Gbps,1ns
449,2,696,1,400Gbps,1ns
449,3,760,1,400Gbps,1ns
449,4,824,1,400Gbps,1ns
449,5,888,1,400Gbps,1ns
449,6,952,1,400Gbps,1ns
449,7,1016,1,400Gbps,1ns
450,0,568,2,400Gbps,1ns
450,1,632,2,400Gbps,1ns
450,2,696,2,400Gbps,1ns
450,3,760,2,400Gbps,1ns
450,4,824,2,400Gbps,1ns
450,5,888,2,400Gbps,1ns
450,6,952,2,400Gbps,1ns
450,7,1016,2,400Gbps,1ns
451,0,568,3,400Gbps,1ns
451,1,632,3,400Gbps,1ns
451,2,696,3,400Gbps,1ns
451,3,760,3,400Gbps,1ns
451,4,824,3,400Gbps,1ns
451,5,888,3,400Gbps,1ns
451,6,952,3,400Gbps,1ns
451,7,1016,3,400Gbps,1ns
452,0,568,4,400Gbps,1ns
452,1,632,4,400Gbps,1ns
452,2,696,4,400Gbps,1ns
452,3,760,4,400Gbps,1ns
452,4,824,4,400Gbps,1ns
452,5,888,4,400Gbps,1ns
452,6,952,4,400Gbps,1ns
452,7,1016,4,400Gbps,1ns
453,0,568,5,400Gbps,1ns
453,1,632,5,400Gbps,1ns
453,2,696,5,400Gbps,1ns
453,3,760,5,400Gbps,1ns
453,4,824,5,400Gbps,1ns
453,5,888,5,400Gbps,1ns
453,6,952,5,400Gbps,1ns
453,7,1016,5,400Gbps,1ns
454,0,568,6,400Gbps,1ns
454,1,632,6,400Gbps,1ns
454,2,696,6,400Gbps,1ns
454,3,760,6,400Gbps,1ns
454,4,824,6,400Gbps,1ns
454,5,888,6,400Gbps,1ns
454,6,952,6,400Gbps,1ns
454,7,1016,6,400Gbps,1ns
455,0,568,7,400Gbps,1ns
455,1,632,7,400Gbps,1ns
455,2,696,7,400Gbps,1ns
455,3,760,7,400Gbps,1ns
455,4,824,7,400Gbps,1ns
455,5,888,7,400Gbps,1ns
455,6,952,7,400Gbps,1ns
455,7,1016,7,400Gbps,1ns
456,0,569,0,400Gbps,1ns
456,1,633,0,400Gbps,1ns
456,2,697,0,400Gbps,1ns
456,3,761,0,400Gbps,1ns
456,4,825,0,400Gbps,1ns
456,5,889,0,400Gbps,1ns
456,6,953,0,400Gbps,1ns
456,7,1017,0,400Gbps,1ns
457,0,569,1,400Gbps,1ns
457,1,633,1,400Gbps,1ns
457,2,697,1,400Gbps,1ns
457,3,761,1,400Gbps,1ns
457,4,825,1,400Gbps,1ns
457,5,889,1,400Gbps,1ns
457,6,953,1,400Gbps,1ns
457,7,1017,1,400Gbps,1ns
458,0,569,2,400Gbps,1ns
458,1,633,2,400Gbps,1ns
458,2,697,2,400Gbps,1ns
458,3,761,2,400Gbps,1ns
458,4,825,2,400Gbps,1ns
458,5,889,2,400Gbps,1ns
458,6,953,2,400Gbps,1ns
458,7,1017,2,400Gbps,1ns
459,0,569,3,400Gbps,1ns
459,1,633,3,400Gbps,1ns
459,2,697,3,400Gbps,1ns
459,3,761,3,400Gbps,1ns
459,4,825,3,400Gbps,1ns
459,5,889,3,400Gbps,1ns
459,6,953,3,400Gbps,1ns
459,7,1017,3,400Gbps,1ns
460,0,569,4,400Gbps,1ns
460,1,633,4,400Gbps,1ns
460,2,697,4,400Gbps,1ns
460,3,761,4,400Gbps,1ns
460,4,825,4,400Gbps,1ns
460,5,889,4,400Gbps,1ns
460,6,953,4,400Gbps,1ns
460,7,1017,4,400Gbps,1ns
461,0,569,5,400Gbps,1ns
461,1,633,5,400Gbps,1ns
461,2,697,5,400Gbps,1ns
461,3,761,5,400Gbps,1ns
461,4,825,5,400Gbps,1ns
461,5,889,5,400Gbps,1ns
461,6,953,5,400Gbps,1ns
461,7,1017,5,400Gbps,1ns
462,0,569,6,400Gbps,1ns
462,1,633,6,400Gbps,1ns
462,2,697,6,400Gbps,1ns
462,3,761,6,400Gbps,1ns
462,4,825,6,400Gbps,1ns
462,5,889,6,400Gbps,1ns
462,6,953,6,400Gbps,1ns
462,7,1017,6,400Gbps,1ns
463,0,569,7,400Gbps,1ns
463,1,633,7,400Gbps,1ns
463,2,697,7,400Gbps,1ns
463,3,761,7,400Gbps,1ns
463,4,825,7,400Gbps,1ns
463,5,889,7,400Gbps,1ns
463,6,953,7,400Gbps,1ns
463,7,1017,7,400Gbps,1ns
464,0,570,0,400Gbps,1ns
464,1,634,0,400Gbps,1ns
464,2,698,0,400Gbps,1ns
464,3,762,0,400Gbps,1ns
464,4,826,0,400Gbps,1ns
464,5,890,0,400Gbps,1ns
464,6,954,0,400Gbps,1ns
464,7,1018,0,400Gbps,1ns
465,0,570,1,400Gbps,1ns
465,1,634,1,400Gbps,1ns
465,2,698,1,400Gbps,1ns
465,3,762,1,400Gbps,1ns
465,4,826,1,400Gbps,1ns
465,5,890,1,400Gbps,1ns
465,6,954,1,400Gbps,1ns
465,7,1018,1,400Gbps,1ns
466,0,570,2,400Gbps,1ns
466,1,634,2,400Gbps,1ns
466,2,698,2,400Gbps,1ns
466,3,762,2,400Gbps,1ns
466,4,826,2,400Gbps,1ns
466,5,890,2,400Gbps,1ns
466,6,954,2,400Gbps,1ns
466,7,1018,2,400Gbps,1ns
467,0,570,3,400Gbps,1ns
467,1,634,3,400Gbps,1ns
467,2,698,3,400Gbps,1ns
467,3,762,3,400Gbps,1ns
467,4,826,3,400Gbps,1ns
467,5,890,3,400Gbps,1ns
467,6,954,3,400Gbps,1ns
467,7,1018,3,400Gbps,1ns
468,0,570,4,400Gbps,1ns
468,1,634,4,400Gbps,1ns
468,2,698,4,400Gbps,1ns
468,3,762,4,400Gbps,1ns
468,4,826,4,400Gbps,1ns
468,5,890,4,400Gbps,1ns
468,6,954,4,400Gbps,1ns
468,7,1018,4,400Gbps,1ns
469,0,570,5,400Gbps,1ns
469,1,634,5,400Gbps,1ns
469,2,698,5,400Gbps,1ns
469,3,762,5,400Gbps,1ns
469,4,826,5,400Gbps,1ns
469,5,890,5,400Gbps,1ns
469,6,954,5,400Gbps,1ns
469,7,1018,5,400Gbps,1ns
470,0,570,6,400Gbps,1ns
470,1,634,6,400Gbps,1ns
470,2,698,6,400Gbps,1ns
470,3,762,6,400Gbps,1ns
470,4,826,6,400Gbps,1ns
470,5,890,6,400Gbps,1ns
470,6,954,6,400Gbps,1ns
470,7,1018,6,400Gbps,1ns
471,0,570,7,400Gbps,1ns
471,1,634,7,400Gbps,1ns
471,2,698,7,400Gbps,1ns
471,3,762,7,400Gbps,1ns
471,4,826,7,400Gbps,1ns
471,5,890,7,400Gbps,1ns
471,6,954,7,400Gbps,1ns
471,7,1018,7,400Gbps,1ns
472,0,571,0,400Gbps,1ns
472,1,635,0,400Gbps,1ns
472,2,699,0,400Gbps,1ns
472,3,763,0,400Gbps,1ns
472,4,827,0,400Gbps,1ns
472,5,891,0,400Gbps,1ns
472,6,955,0,400Gbps,1ns
472,7,1019,0,400Gbps,1ns
473,0,571,1,400Gbps,1ns
473,1,635,1,400Gbps,1ns
473,2,699,1,400Gbps,1ns
473,3,763,1,400Gbps,1ns
473,4,827,1,400Gbps,1ns
473,5,891,1,400Gbps,1ns
473,6,955,1,400Gbps,1ns
473,7,1019,1,400Gbps,1ns
474,0,571,2,400Gbps,1ns
474,1,635,2,400Gbps,1ns
474,2,699,2,400Gbps,1ns
474,3,763,2,400Gbps,1ns
474,4,827,2,400Gbps,1ns
474,5,891,2,400Gbps,1ns
474,6,955,2,400Gbps,1ns
474,7,1019,2,400Gbps,1ns
475,0,571,3,400Gbps,1ns
475,1,635,3,400Gbps,1ns
475,2,699,3,400Gbps,1ns
475,3,763,3,400Gbps,1ns
475,4,827,3,400Gbps,1ns
475,5,891,3,400Gbps,1ns
475,6,955,3,400Gbps,1ns
475,7,1019,3,400Gbps,1ns
476,0,571,4,400Gbps,1ns
476,1,635,4,400Gbps,1ns
476,2,699,4,400Gbps,1ns
476,3,763,4,400Gbps,1ns
476,4,827,4,400Gbps,1ns
476,5,891,4,400Gbps,1ns
476,6,955,4,400Gbps,1ns
476,7,1019,4,400Gbps,1ns
477,0,571,5,400Gbps,1ns
477,1,635,5,400Gbps,1ns
477,2,699,5,400Gbps,1ns
477,3,763,5,400Gbps,1ns
477,4,827,5,400Gbps,1ns
477,5,891,5,400Gbps,1ns
477,6,955,5,400Gbps,1ns
477,7,1019,5,400Gbps,1ns
478,0,571,6,400Gbps,1ns
478,1,635,6,400Gbps,1ns
478,2,699,6,400Gbps,1ns
478,3,763,6,400Gbps,1ns
478,4,827,6,400Gbps,1ns
478,5,891,6,400Gbps,1ns
478,6,955,6,400Gbps,1ns
478,7,1019,6,400Gbps,1ns
479,0,571,7,400Gbps,1ns
479,1,635,7,400Gbps,1ns
479,2,699,7,400Gbps,1ns
479,3,763,7,400Gbps,1ns
479,4,827,7,400Gbps,1ns
479,5,891,7,400Gbps,1ns
479,6,955,7,400Gbps,1ns
479,7,1019,7,400Gbps,1ns
480,0,572,0,400Gbps,1ns
480,1,636,0,400Gbps,1ns
480,2,700,0,400Gbps,1ns
480,3,764,0,400Gbps,1ns
480,4,828,0,400Gbps,1ns
480,5,892,0,400Gbps,1ns
480,6,956,0,400Gbps,1ns
480,7,1020,0,400Gbps,1ns
481,0,572,1,400Gbps,1ns
481,1,636,1,400Gbps,1ns
481,2,700,1,400Gbps,1ns
481,3,764,1,400Gbps,1ns
481,4,828,1,400Gbps,1ns
481,5,892,1,400Gbps,1ns
481,6,956,1,400Gbps,1ns
481,7,1020,1,400Gbps,1ns
482,0,572,2,400Gbps,1ns
482,1,636,2,400Gbps,1ns
482,2,700,2,400Gbps,1ns
482,3,764,2,400Gbps,1ns
482,4,828,2,400Gbps,1ns
482,5,892,2,400Gbps,1ns
482,6,956,2,400Gbps,1ns
482,7,1020,2,400Gbps,1ns
483,0,572,3,400Gbps,1ns
483,1,636,3,400Gbps,1ns
483,2,700,3,400Gbps,1ns
483,3,764,3,400Gbps,1ns
483,4,828,3,400Gbps,1ns
483,5,892,3,400Gbps,1ns
483,6,956,3,400Gbps,1ns
483,7,1020,3,400Gbps,1ns
484,0,572,4,400Gbps,1ns
484,1,636,4,400Gbps,1ns
484,2,700,4,400Gbps,1ns
484,3,764,4,400Gbps,1ns
484,4,828,4,400Gbps,1ns
484,5,892,4,400Gbps,1ns
484,6,956,4,400Gbps,1ns
484,7,1020,4,400Gbps,1ns
485,0,572,5,400Gbps,1ns
485,1,636,5,400Gbps,1ns
485,2,700,5,400Gbps,1ns
485,3,764,5,400Gbps,1ns
485,4,828,5,400Gbps,1ns
485,5,892,5,400Gbps,1ns
485,6,956,5,400Gbps,1ns
485,7,1020,5,400Gbps,1ns
486,0,572,6,400Gbps,1ns
486,1,636,6,400Gbps,1ns
486,2,700,6,400Gbps,1ns
486,3,764,6,400Gbps,1ns
486,4,828,6,400Gbps,1ns
486,5,892,6,400Gbps,1ns
486,6,956,6,400Gbps,1ns
486,7,1020,6,400Gbps,1ns
487,0,572,7,400Gbps,1ns
487,1,636,7,400Gbps,1ns
487,2,700,7,400Gbps,1ns
487,3,764,7,400Gbps,1ns
487,4,828,7,400Gbps,1ns
487,5,892,7,400Gbps,1ns
487,6,956,7,400Gbps,1ns
487,7,1020,7,400Gbps,1ns
488,0,573,0,400Gbps,1ns
488,1,637,0,400Gbps,1ns
488,2,701,0,400Gbps,1ns
488,3,765,0,400Gbps,1ns
488,4,829,0,400Gbps,1ns
488,5,893,0,400Gbps,1ns
488,6,957,0,400Gbps,1ns
488,7,1021,0,400Gbps,1ns
489,0,573,1,400Gbps,1ns
489,1,637,1,400Gbps,1ns
489,2,701,1,400Gbps,1ns
489,3,765,1,400Gbps,1ns
489,4,829,1,400Gbps,1ns
489,5,893,1,400Gbps,1ns
489,6,957,1,400Gbps,1ns
489,7,1021,1,400Gbps,1ns
490,0,573,2,400Gbps,1ns
490,1,637,2,400Gbps,1ns
490,2,701,2,400Gbps,1ns
490,3,765,2,400Gbps,1ns
490,4,829,2,400Gbps,1ns
490,5,893,2,400Gbps,1ns
490,6,957,2,400Gbps,1ns
490,7,1021,2,400Gbps,1ns
491,0,573,3,400Gbps,1ns
491,1,637,3,400Gbps,1ns
491,2,701,3,400Gbps,1ns
491,3,765,3,400Gbps,1ns
491,4,829,3,400Gbps,1ns
491,5,893,3,400Gbps,1ns
491,6,957,3,400Gbps,1ns
491,7,1021,3,400Gbps,1ns
492,0,573,4,400Gbps,1ns
492,1,637,4,400Gbps,1ns
492,2,701,4,400Gbps,1ns
492,3,765,4,400Gbps,1ns
492,4,829,4,400Gbps,1ns
492,5,893,4,400Gbps,1ns
492,6,957,4,400Gbps,1ns
492,7,1021,4,400Gbps,1ns
493,0,573,5,400Gbps,1ns
493,1,637,5,400Gbps,1ns
493,2,701,5,400Gbps,1ns
493,3,765,5,400Gbps,1ns
493,4,829,5,400Gbps,1ns
493,5,893,5,400Gbps,1ns
493,6,957,5,400Gbps,1ns
493,7,1021,5,400Gbps,1ns
494,0,573,6,400Gbps,1ns
494,1,637,6,400Gbps,1ns
494,2,701,6,400Gbps,1ns
494,3,765,6,400Gbps,1ns
494,4,829,6,400Gbps,1ns
494,5,893,6,400Gbps,1ns
494,6,957,6,400Gbps,1ns
494,7,1021,6,400Gbps,1ns
495,0,573,7,400Gbps,1ns
495,1,637,7,400Gbps,1ns
495,2,701,7,400Gbps,1ns
495,3,765,7,400Gbps,1ns
495,4,829,7,400Gbps,1ns
495,5,893,7,400Gbps,1ns
495,6,957,7,400Gbps,1ns
495,7,1021,7,400Gbps,1ns
496,0,574,0,400Gbps,1ns
496,1,638,0,400Gbps,1ns
496,2,702,0,400Gbps,1ns
496,3,766,0,400Gbps,1ns
496,4,830,0,400Gbps,1ns
496,5,894,0,400Gbps,1ns
496,6,958,0,400Gbps,1ns
496,7,1022,0,400Gbps,1ns
497,0,574,1,400Gbps,1ns
497,1,638,1,400Gbps,1ns
497,2,702,1,400Gbps,1ns
497,3,766,1,400Gbps,1ns
497,4,830,1,400Gbps,1ns
497,5,894,1,400Gbps,1ns
497,6,958,1,400Gbps,1ns
497,7,1022,1,400Gbps,1ns
498,0,574,2,400Gbps,1ns
498,1,638,2,400Gbps,1ns
498,2,702,2,400Gbps,1ns
498,3,766,2,400Gbps,1ns
498,4,830,2,400Gbps,1ns
498,5,894,2,400Gbps,1ns
498,6,958,2,400Gbps,1ns
498,7,1022,2,400Gbps,1ns
499,0,574,3,400Gbps,1ns
499,1,638,3,400Gbps,1ns
499,2,702,3,400Gbps,1ns
499,3,766,3,400Gbps,1ns
499,4,830,3,400Gbps,1ns
499,5,894,3,400Gbps,1ns
499,6,958,3,400Gbps,1ns
499,7,1022,3,400Gbps,1ns
500,0,574,4,400Gbps,1ns
500,1,638,4,400Gbps,1ns
500,2,702,4,400Gbps,1ns
500,3,766,4,400Gbps,1ns
500,4,830,4,400Gbps,1ns
500,5,894,4,400Gbps,1ns
500,6,958,4,400Gbps,1ns
500,7,1022,4,400Gbps,1ns
501,0,574,5,400Gbps,1ns
501,1,638,5,400Gbps,1ns
501,2,702,5,400Gbps,1ns
501,3,766,5,400Gbps,1ns
501,4,830,5,400Gbps,1ns
501,5,894,5,400Gbps,1ns
501,6,958,5,400Gbps,1ns
501,7,1022,5,400Gbps,1ns
502,0,574,6,400Gbps,1ns
502,1,638,6,400Gbps,1ns
502,2,702,6,400Gbps,1ns
502,3,766,6,400Gbps,1ns
502,4,830,6,400Gbps,1ns
502,5,894,6,400Gbps,1ns
502,6,958,6,400Gbps,1ns
502,7,1022,6,400Gbps,1ns
503,0,574,7,400Gbps,1ns
503,1,638,7,400Gbps,1ns
503,2,702,7,400Gbps,1ns
503,3,766,7,400Gbps,1ns
503,4,830,7,400Gbps,1ns
503,5,894,7,400Gbps,1ns
503,6,958,7,400Gbps,1ns
503,7,1022,7,400Gbps,1ns
504,0,575,0,400Gbps,1ns
504,1,639,0,400Gbps,1ns
504,2,703,0,400Gbps,1ns
504,3,767,0,400Gbps,1ns
504,4,831,0,400Gbps,1ns
504,5,895,0,400Gbps,1ns
504,6,959,0,400Gbps,1ns
504,7,1023,0,400Gbps,1ns
505,0,575,1,400Gbps,1ns
505,1,639,1,400Gbps,1ns
505,2,703,1,400Gbps,1ns
505,3,767,1,400Gbps,1ns
505,4,831,1,400Gbps,1ns
505,5,895,1,400Gbps,1ns
505,6,959,1,400Gbps,1ns
505,7,1023,1,400Gbps,1ns
506,0,575,2,400Gbps,1ns
506,1,639,2,400Gbps,1ns
506,2,703,2,400Gbps,1ns
506,3,767,2,400Gbps,1ns
506,4,831,2,400Gbps,1ns
506,5,895,2,400Gbps,1ns
506,6,959,2,400Gbps,1ns
506,7,1023,2,400Gbps,1ns
507,0,575,3,400Gbps,1ns
507,1,639,3,400Gbps,1ns
507,2,703,3,400Gbps,1ns
507,3,767,3,400Gbps,1ns
507,4,831,3,400Gbps,1ns
507,5,895,3,400Gbps,1ns
507,6,959,3,400Gbps,1ns
507,7,1023,3,400Gbps,1ns
508,0,575,4,400Gbps,1ns
508,1,639,4,400Gbps,1ns
508,2,703,4,400Gbps,1ns
508,3,767,4,400Gbps,1ns
508,4,831,4,400Gbps,1ns
508,5,895,4,400Gbps,1ns
508,6,959,4,400Gbps,1ns
508,7,1023,4,400Gbps,1ns
509,0,575,5,400Gbps,1ns
509,1,639,5,400Gbps,1ns
509,2,703,5,400Gbps,1ns
509,3,767,5,400Gbps,1ns
509,4,831,5,400Gbps,1ns
509,5,895,5,400Gbps,1ns
509,6,959,5,400Gbps,1ns
509,7,1023,5,400Gbps,1ns
510,0,575,6,400Gbps,1ns
510,1,639,6,400Gbps,1ns
510,2,703,6,400Gbps,1ns
510,3,767,6,400Gbps,1ns
510,4,831,6,400Gbps,1ns
510,5,895,6,400Gbps,1ns
510,6,959,6,400Gbps,1ns
510,7,1023,6,400Gbps,1ns
511,0,575,7,400Gbps,1ns
511,1,639,7,400Gbps,1ns
511,2,703,7,400Gbps,1ns
511,3,767,7,400Gbps,1ns
511,4,831,7,400Gbps,1ns
511,5,895,7,400Gbps,1ns
511,6,959,7,400Gbps,1ns
511,7,1023,7,400Gbps,1ns
0,8,1,8,400Gbps,1ns
0,9,2,8,400Gbps,1ns
0,10,3,8,400Gbps,1ns
0,11,4,8,400Gbps,1ns
0,12,5,8,400Gbps,1ns
0,13,6,8,400Gbps,1ns
0,14,7,8,400Gbps,1ns
1,9,2,9,400Gbps,1ns
1,10,3,9,400Gbps,1ns
1,11,4,9,400Gbps,1ns
1,12,5,9,400Gbps,1ns
1,13,6,9,400Gbps,1ns
1,14,7,9,400Gbps,1ns
2,10,3,10,400Gbps,1ns
2,11,4,10,400Gbps,1ns
2,12,5,10,400Gbps,1ns
2,13,6,10,400Gbps,1ns
2,14,7,10,400Gbps,1ns
3,11,4,11,400Gbps,1ns
3,12,5,11,400Gbps,1ns
3,13,6,11,400Gbps,1ns
3,14,7,11,400Gbps,1ns
4,12,5,12,400Gbps,1ns
4,13,6,12,400Gbps,1ns
4,14,7,12,400Gbps,1ns
5,13,6,13,400Gbps,1ns
5,14,7,13,400Gbps,1ns
6,14,7,14,400Gbps,1ns
8,8,9,8,400Gbps,1ns
8,9,10,8,400Gbps,1ns
8,10,11,8,400Gbps,1ns
8,11,12,8,400Gbps,1ns
8,12,13,8,400Gbps,1ns
8,13,14,8,400Gbps,1ns
8,14,15,8,400Gbps,1ns
9,9,10,9,400Gbps,1ns
9,10,11,9,400Gbps,1ns
9,11,12,9,400Gbps,1ns
9,12,13,9,400Gbps,1ns
9,13,14,9,400Gbps,1ns
9,14,15,9,400Gbps,1ns
10,10,11,10,400Gbps,1ns
10,11,12,10,400Gbps,1ns
10,12,13,10,400Gbps,1ns
10,13,14,10,400Gbps,1ns
10,14,15,10,400Gbps,1ns
11,11,12,11,400Gbps,1ns
11,12,13,11,400Gbps,1ns
11,13,14,11,400Gbps,1ns
11,14,15,11,400Gbps,1ns
12,12,13,12,400Gbps,1ns
12,13,14,12,400Gbps,1ns
12,14,15,12,400Gbps,1ns
13,13,14,13,400Gbps,1ns
13,14,15,13,400Gbps,1ns
14,14,15,14,400Gbps,1ns
16,8,17,8,400Gbps,1ns
16,9,18,8,400Gbps,1ns
16,10,19,8,400Gbps,1ns
16,11,20,8,400Gbps,1ns
16,12,21,8,400Gbps,1ns
16,13,22,8,400Gbps,1ns
16,14,23,8,400Gbps,1ns
17,9,18,9,400Gbps,1ns
17,10,19,9,400Gbps,1ns
17,11,20,9,400Gbps,1ns
17,12,21,9,400Gbps,1ns
17,13,22,9,400Gbps,1ns
17,14,23,9,400Gbps,1ns
18,10,19,10,400Gbps,1ns
18,11,20,10,400Gbps,1ns
18,12,21,10,400Gbps,1ns
18,13,22,10,400Gbps,1ns
18,14,23,10,400Gbps,1ns
19,11,20,11,400Gbps,1ns
19,12,21,11,400Gbps,1ns
19,13,22,11,400Gbps,1ns
19,14,23,11,400Gbps,1ns
20,12,21,12,400Gbps,1ns
20,13,22,12,400Gbps,1ns
20,14,23,12,400Gbps,1ns
21,13,22,13,400Gbps,1ns
21,14,23,13,400Gbps,1ns
22,14,23,14,400Gbps,1ns
24,8,25,8,400Gbps,1ns
24,9,26,8,400Gbps,1ns
24,10,27,8,400Gbps,1ns
24,11,28,8,400Gbps,1ns
24,12,29,8,400Gbps,1ns
24,13,30,8,400Gbps,1ns
24,14,31,8,400Gbps,1ns
25,9,26,9,400Gbps,1ns
25,10,27,9,400Gbps,1ns
25,11,28,9,400Gbps,1ns
25,12,29,9,400Gbps,1ns
25,13,30,9,400Gbps,1ns
25,14,31,9,400Gbps,1ns
26,10,27,10,400Gbps,1ns
26,11,28,10,400Gbps,1ns
26,12,29,10,400Gbps,1ns
26,13,30,10,400Gbps,1ns
26,14,31,10,400Gbps,1ns
27,11,28,11,400Gbps,1ns
27,12,29,11,400Gbps,1ns
27,13,30,11,400Gbps,1ns
27,14,31,11,400Gbps,1ns
28,12,29,12,400Gbps,1ns
28,13,30,12,400Gbps,1ns
28,14,31,12,400Gbps,1ns
29,13,30,13,400Gbps,1ns
29,14,31,13,400Gbps,1ns
30,14,31,14,400Gbps,1ns
32,8,33,8,400Gbps,1ns
32,9,34,8,400Gbps,1ns
32,10,35,8,400Gbps,1ns
32,11,36,8,400Gbps,1ns
32,12,37,8,400Gbps,1ns
32,13,38,8,400Gbps,1ns
32,14,39,8,400Gbps,1ns
33,9,34,9,400Gbps,1ns
33,10,35,9,400Gbps,1ns
33,11,36,9,400Gbps,1ns
33,12,37,9,400Gbps,1ns
33,13,38,9,400Gbps,1ns
33,14,39,9,400Gbps,1ns
34,10,35,10,400Gbps,1ns
34,11,36,10,400Gbps,1ns
34,12,37,10,400Gbps,1ns
34,13,38,10,400Gbps,1ns
34,14,39,10,400Gbps,1ns
35,11,36,11,400Gbps,1ns
35,12,37,11,400Gbps,1ns
35,13,38,11,400Gbps,1ns
35,14,39,11,400Gbps,1ns
36,12,37,12,400Gbps,1ns
36,13,38,12,400Gbps,1ns
36,14,39,12,400Gbps,1ns
37,13,38,13,400Gbps,1ns
37,14,39,13,400Gbps,1ns
38,14,39,14,400Gbps,1ns
40,8,41,8,400Gbps,1ns
40,9,42,8,400Gbps,1ns
40,10,43,8,400Gbps,1ns
40,11,44,8,400Gbps,1ns
40,12,45,8,400Gbps,1ns
40,13,46,8,400Gbps,1ns
40,14,47,8,400Gbps,1ns
41,9,42,9,400Gbps,1ns
41,10,43,9,400Gbps,1ns
41,11,44,9,400Gbps,1ns
41,12,45,9,400Gbps,1ns
41,13,46,9,400Gbps,1ns
41,14,47,9,400Gbps,1ns
42,10,43,10,400Gbps,1ns
42,11,44,10,400Gbps,1ns
42,12,45,10,400Gbps,1ns
42,13,46,10,400Gbps,1ns
42,14,47,10,400Gbps,1ns
43,11,44,11,400Gbps,1ns
43,12,45,11,400Gbps,1ns
43,13,46,11,400Gbps,1ns
43,14,47,11,400Gbps,1ns
44,12,45,12,400Gbps,1ns
44,13,46,12,400Gbps,1ns
44,14,47,12,400Gbps,1ns
45,13,46,13,400Gbps,1ns
45,14,47,13,400Gbps,1ns
46,14,47,14,400Gbps,1ns
48,8,49,8,400Gbps,1ns
48,9,50,8,400Gbps,1ns
48,10,51,8,400Gbps,1ns
48,11,52,8,400Gbps,1ns
48,12,53,8,400Gbps,1ns
48,13,54,8,400Gbps,1ns
48,14,55,8,400Gbps,1ns
49,9,50,9,400Gbps,1ns
49,10,51,9,400Gbps,1ns
49,11,52,9,400Gbps,1ns
49,12,53,9,400Gbps,1ns
49,13,54,9,400Gbps,1ns
49,14,55,9,400Gbps,1ns
50,10,51,10,400Gbps,1ns
50,11,52,10,400Gbps,1ns
50,12,53,10,400Gbps,1ns
50,13,54,10,400Gbps,1ns
50,14,55,10,400Gbps,1ns
51,11,52,11,400Gbps,1ns
51,12,53,11,400Gbps,1ns
51,13,54,11,400Gbps,1ns
51,14,55,11,400Gbps,1ns
52,12,53,12,400Gbps,1ns
52,13,54,12,400Gbps,1ns
52,14,55,12,400Gbps,1ns
53,13,54,13,400Gbps,1ns
53,14,55,13,400Gbps,1ns
54,14,55,14,400Gbps,1ns
56,8,57,8,400Gbps,1ns
56,9,58,8,400Gbps,1ns
56,10,59,8,400Gbps,1ns
56,11,60,8,400Gbps,1ns
56,12,61,8,400Gbps,1ns
56,13,62,8,400Gbps,1ns
56,14,63,8,400Gbps,1ns
57,9,58,9,400Gbps,1ns
57,10,59,9,400Gbps,1ns
57,11,60,9,400Gbps,1ns
57,12,61,9,400Gbps,1ns
57,13,62,9,400Gbps,1ns
57,14,63,9,400Gbps,1ns
58,10,59,10,400Gbps,1ns
58,11,60,10,400Gbps,1ns
58,12,61,10,400Gbps,1ns
58,13,62,10,400Gbps,1ns
58,14,63,10,400Gbps,1ns
59,11,60,11,400Gbps,1ns
59,12,61,11,400Gbps,1ns
59,13,62,11,400Gbps,1ns
59,14,63,11,400Gbps,1ns
60,12,61,12,400Gbps,1ns
60,13,62,12,400Gbps,1ns
60,14,63,12,400Gbps,1ns
61,13,62,13,400Gbps,1ns
61,14,63,13,400Gbps,1ns
62,14,63,14,400Gbps,1ns
64,8,65,8,400Gbps,1ns
64,9,66,8,400Gbps,1ns
64,10,67,8,400Gbps,1ns
64,11,68,8,400Gbps,1ns
64,12,69,8,400Gbps,1ns
64,13,70,8,400Gbps,1ns
64,14,71,8,400Gbps,1ns
65,9,66,9,400Gbps,1ns
65,10,67,9,400Gbps,1ns
65,11,68,9,400Gbps,1ns
65,12,69,9,400Gbps,1ns
65,13,70,9,400Gbps,1ns
65,14,71,9,400Gbps,1ns
66,10,67,10,400Gbps,1ns
66,11,68,10,400Gbps,1ns
66,12,69,10,400Gbps,1ns
66,13,70,10,400Gbps,1ns
66,14,71,10,400Gbps,1ns
67,11,68,11,400Gbps,1ns
67,12,69,11,400Gbps,1ns
67,13,70,11,400Gbps,1ns
67,14,71,11,400Gbps,1ns
68,12,69,12,400Gbps,1ns
68,13,70,12,400Gbps,1ns
68,14,71,12,400Gbps,1ns
69,13,70,13,400Gbps,1ns
69,14,71,13,400Gbps,1ns
70,14,71,14,400Gbps,1ns
72,8,73,8,400Gbps,1ns
72,9,74,8,400Gbps,1ns
72,10,75,8,400Gbps,1ns
72,11,76,8,400Gbps,1ns
72,12,77,8,400Gbps,1ns
72,13,78,8,400Gbps,1ns
72,14,79,8,400Gbps,1ns
73,9,74,9,400Gbps,1ns
73,10,75,9,400Gbps,1ns
73,11,76,9,400Gbps,1ns
73,12,77,9,400Gbps,1ns
73,13,78,9,400Gbps,1ns
73,14,79,9,400Gbps,1ns
74,10,75,10,400Gbps,1ns
74,11,76,10,400Gbps,1ns
74,12,77,10,400Gbps,1ns
74,13,78,10,400Gbps,1ns
74,14,79,10,400Gbps,1ns
75,11,76,11,400Gbps,1ns
75,12,77,11,400Gbps,1ns
75,13,78,11,400Gbps,1ns
75,14,79,11,400Gbps,1ns
76,12,77,12,400Gbps,1ns
76,13,78,12,400Gbps,1ns
76,14,79,12,400Gbps,1ns
77,13,78,13,400Gbps,1ns
77,14,79,13,400Gbps,1ns
78,14,79,14,400Gbps,1ns
80,8,81,8,400Gbps,1ns
80,9,82,8,400Gbps,1ns
80,10,83,8,400Gbps,1ns
80,11,84,8,400Gbps,1ns
80,12,85,8,400Gbps,1ns
80,13,86,8,400Gbps,1ns
80,14,87,8,400Gbps,1ns
81,9,82,9,400Gbps,1ns
81,10,83,9,400Gbps,1ns
81,11,84,9,400Gbps,1ns
81,12,85,9,400Gbps,1ns
81,13,86,9,400Gbps,1ns
81,14,87,9,400Gbps,1ns
82,10,83,10,400Gbps,1ns
82,11,84,10,400Gbps,1ns
82,12,85,10,400Gbps,1ns
82,13,86,10,400Gbps,1ns
82,14,87,10,400Gbps,1ns
83,11,84,11,400Gbps,1ns
83,12,85,11,400Gbps,1ns
83,13,86,11,400Gbps,1ns
83,14,87,11,400Gbps,1ns
84,12,85,12,400Gbps,1ns
84,13,86,12,400Gbps,1ns
84,14,87,12,400Gbps,1ns
85,13,86,13,400Gbps,1ns
85,14,87,13,400Gbps,1ns
86,14,87,14,400Gbps,1ns
88,8,89,8,400Gbps,1ns
88,9,90,8,400Gbps,1ns
88,10,91,8,400Gbps,1ns
88,11,92,8,400Gbps,1ns
88,12,93,8,400Gbps,1ns
88,13,94,8,400Gbps,1ns
88,14,95,8,400Gbps,1ns
89,9,90,9,400Gbps,1ns
89,10,91,9,400Gbps,1ns
89,11,92,9,400Gbps,1ns
89,12,93,9,400Gbps,1ns
89,13,94,9,400Gbps,1ns
89,14,95,9,400Gbps,1ns
90,10,91,10,400Gbps,1ns
90,11,92,10,400Gbps,1ns
90,12,93,10,400Gbps,1ns
90,13,94,10,400Gbps,1ns
90,14,95,10,400Gbps,1ns
91,11,92,11,400Gbps,1ns
91,12,93,11,400Gbps,1ns
91,13,94,11,400Gbps,1ns
91,14,95,11,400Gbps,1ns
92,12,93,12,400Gbps,1ns
92,13,94,12,400Gbps,1ns
92,14,95,12,400Gbps,1ns
93,13,94,13,400Gbps,1ns
93,14,95,13,400Gbps,1ns
94,14,95,14,400Gbps,1ns
96,8,97,8,400Gbps,1ns
96,9,98,8,400Gbps,1ns
96,10,99,8,400Gbps,1ns
96,11,100,8,400Gbps,1ns
96,12,101,8,400Gbps,1ns
96,13,102,8,400Gbps,1ns
96,14,103,8,400Gbps,1ns
97,9,98,9,400Gbps,1ns
97,10,99,9,400Gbps,1ns
97,11,100,9,400Gbps,1ns
97,12,101,9,400Gbps,1ns
97,13,102,9,400Gbps,1ns
97,14,103,9,400Gbps,1ns
98,10,99,10,400Gbps,1ns
98,11,100,10,400Gbps,1ns
98,12,101,10,400Gbps,1ns
98,13,102,10,400Gbps,1ns
98,14,103,10,400Gbps,1ns
99,11,100,11,400Gbps,1ns
99,12,101,11,400Gbps,1ns
99,13,102,11,400Gbps,1ns
99,14,103,11,400Gbps,1ns
100,12,101,12,400Gbps,1ns
100,13,102,12,400Gbps,1ns
100,14,103,12,400Gbps,1ns
101,13,102,13,400Gbps,1ns
101,14,103,13,400Gbps,1ns
102,14,103,14,400Gbps,1ns
104,8,105,8,400Gbps,1ns
104,9,106,8,400Gbps,1ns
104,10,107,8,400Gbps,1ns
104,11,108,8,400Gbps,1ns
104,12,109,8,400Gbps,1ns
104,13,110,8,400Gbps,1ns
104,14,111,8,400Gbps,1ns
105,9,106,9,400Gbps,1ns
105,10,107,9,400Gbps,1ns
105,11,108,9,400Gbps,1ns
105,12,109,9,400Gbps,1ns
105,13,110,9,400Gbps,1ns
105,14,111,9,400Gbps,1ns
106,10,107,10,400Gbps,1ns
106,11,108,10,400Gbps,1ns
106,12,109,10,400Gbps,1ns
106,13,110,10,400Gbps,1ns
106,14,111,10,400Gbps,1ns
107,11,108,11,400Gbps,1ns
107,12,109,11,400Gbps,1ns
107,13,110,11,400Gbps,1ns
107,14,111,11,400Gbps,1ns
108,12,109,12,400Gbps,1ns
108,13,110,12,400Gbps,1ns
108,14,111,12,400Gbps,1ns
109,13,110,13,400Gbps,1ns
109,14,111,13,400Gbps,1ns
110,14,111,14,400Gbps,1ns
112,8,113,8,400Gbps,1ns
112,9,114,8,400Gbps,1ns
112,10,115,8,400Gbps,1ns
112,11,116,8,400Gbps,1ns
112,12,117,8,400Gbps,1ns
112,13,118,8,400Gbps,1ns
112,14,119,8,400Gbps,1ns
113,9,114,9,400Gbps,1ns
113,10,115,9,400Gbps,1ns
113,11,116,9,400Gbps,1ns
113,12,117,9,400Gbps,1ns
113,13,118,9,400Gbps,1ns
113,14,119,9,400Gbps,1ns
114,10,115,10,400Gbps,1ns
114,11,116,10,400Gbps,1ns
114,12,117,10,400Gbps,1ns
114,13,118,10,400Gbps,1ns
114,14,119,10,400Gbps,1ns
115,11,116,11,400Gbps,1ns
115,12,117,11,400Gbps,1ns
115,13,118,11,400Gbps,1ns
115,14,119,11,400Gbps,1ns
116,12,117,12,400Gbps,1ns
116,13,118,12,400Gbps,1ns
116,14,119,12,400Gbps,1ns
117,13,118,13,400Gbps,1ns
117,14,119,13,400Gbps,1ns
118,14,119,14,400Gbps,1ns
120,8,121,8,400Gbps,1ns
120,9,122,8,400Gbps,1ns
120,10,123,8,400Gbps,1ns
120,11,124,8,400Gbps,1ns
120,12,125,8,400Gbps,1ns
120,13,126,8,400Gbps,1ns
120,14,127,8,400Gbps,1ns
121,9,122,9,400Gbps,1ns
121,10,123,9,400Gbps,1ns
121,11,124,9,400Gbps,1ns
121,12,125,9,400Gbps,1ns
121,13,126,9,400Gbps,1ns
121,14,127,9,400Gbps,1ns
122,10,123,10,400Gbps,1ns
122,11,124,10,400Gbps,1ns
122,12,125,10,400Gbps,1ns
122,13,126,10,400Gbps,1ns
122,14,127,10,400Gbps,1ns
123,11,124,11,400Gbps,1ns
123,12,125,11,400Gbps,1ns
123,13,126,11,400Gbps,1ns
123,14,127,11,400Gbps,1ns
124,12,125,12,400Gbps,1ns
124,13,126,12,400Gbps,1ns
124,14,127,12,400Gbps,1ns
125,13,126,13,400Gbps,1ns
125,14,127,13,400Gbps,1ns
126,14,127,14,400Gbps,1ns
128,8,129,8,400Gbps,1ns
128,9,130,8,400Gbps,1ns
128,10,131,8,400Gbps,1ns
128,11,132,8,400Gbps,1ns
128,12,133,8,400Gbps,1ns
128,13,134,8,400Gbps,1ns
128,14,135,8,400Gbps,1ns
129,9,130,9,400Gbps,1ns
129,10,131,9,400Gbps,1ns
129,11,132,9,400Gbps,1ns
129,12,133,9,400Gbps,1ns
129,13,134,9,400Gbps,1ns
129,14,135,9,400Gbps,1ns
130,10,131,10,400Gbps,1ns
130,11,132,10,400Gbps,1ns
130,12,133,10,400Gbps,1ns
130,13,134,10,400Gbps,1ns
130,14,135,10,400Gbps,1ns
131,11,132,11,400Gbps,1ns
131,12,133,11,400Gbps,1ns
131,13,134,11,400Gbps,1ns
131,14,135,11,400Gbps,1ns
132,12,133,12,400Gbps,1ns
132,13,134,12,400Gbps,1ns
132,14,135,12,400Gbps,1ns
133,13,134,13,400Gbps,1ns
133,14,135,13,400Gbps,1ns
134,14,135,14,400Gbps,1ns
136,8,137,8,400Gbps,1ns
136,9,138,8,400Gbps,1ns
136,10,139,8,400Gbps,1ns
136,11,140,8,400Gbps,1ns
136,12,141,8,400Gbps,1ns
136,13,142,8,400Gbps,1ns
136,14,143,8,400Gbps,1ns
137,9,138,9,400Gbps,1ns
137,10,139,9,400Gbps,1ns
137,11,140,9,400Gbps,1ns
137,12,141,9,400Gbps,1ns
137,13,142,9,400Gbps,1ns
137,14,143,9,400Gbps,1ns
138,10,139,10,400Gbps,1ns
138,11,140,10,400Gbps,1ns
138,12,141,10,400Gbps,1ns
138,13,142,10,400Gbps,1ns
138,14,143,10,400Gbps,1ns
139,11,140,11,400Gbps,1ns
139,12,141,11,400Gbps,1ns
139,13,142,11,400Gbps,1ns
139,14,143,11,400Gbps,1ns
140,12,141,12,400Gbps,1ns
140,13,142,12,400Gbps,1ns
140,14,143,12,400Gbps,1ns
141,13,142,13,400Gbps,1ns
141,14,143,13,400Gbps,1ns
142,14,143,14,400Gbps,1ns
144,8,145,8,400Gbps,1ns
144,9,146,8,400Gbps,1ns
144,10,147,8,400Gbps,1ns
144,11,148,8,400Gbps,1ns
144,12,149,8,400Gbps,1ns
144,13,150,8,400Gbps,1ns
144,14,151,8,400Gbps,1ns
145,9,146,9,400Gbps,1ns
145,10,147,9,400Gbps,1ns
145,11,148,9,400Gbps,1ns
145,12,149,9,400Gbps,1ns
145,13,150,9,400Gbps,1ns
145,14,151,9,400Gbps,1ns
146,10,147,10,400Gbps,1ns
146,11,148,10,400Gbps,1ns
146,12,149,10,400Gbps,1ns
146,13,150,10,400Gbps,1ns
146,14,151,10,400Gbps,1ns
147,11,148,11,400Gbps,1ns
147,12,149,11,400Gbps,1ns
147,13,150,11,400Gbps,1ns
147,14,151,11,400Gbps,1ns
148,12,149,12,400Gbps,1ns
148,13,150,12,400Gbps,1ns
148,14,151,12,400Gbps,1ns
149,13,150,13,400Gbps,1ns
149,14,151,13,400Gbps,1ns
150,14,151,14,400Gbps,1ns
152,8,153,8,400Gbps,1ns
152,9,154,8,400Gbps,1ns
152,10,155,8,400Gbps,1ns
152,11,156,8,400Gbps,1ns
152,12,157,8,400Gbps,1ns
152,13,158,8,400Gbps,1ns
152,14,159,8,400Gbps,1ns
153,9,154,9,400Gbps,1ns
153,10,155,9,400Gbps,1ns
153,11,156,9,400Gbps,1ns
153,12,157,9,400Gbps,1ns
153,13,158,9,400Gbps,1ns
153,14,159,9,400Gbps,1ns
154,10,155,10,400Gbps,1ns
154,11,156,10,400Gbps,1ns
154,12,157,10,400Gbps,1ns
154,13,158,10,400Gbps,1ns
154,14,159,10,400Gbps,1ns
155,11,156,11,400Gbps,1ns
155,12,157,11,400Gbps,1ns
155,13,158,11,400Gbps,1ns
155,14,159,11,400Gbps,1ns
156,12,157,12,400Gbps,1ns
156,13,158,12,400Gbps,1ns
156,14,159,12,400Gbps,1ns
157,13,158,13,400Gbps,1ns
157,14,159,13,400Gbps,1ns
158,14,159,14,400Gbps,1ns
160,8,161,8,400Gbps,1ns
160,9,162,8,400Gbps,1ns
160,10,163,8,400Gbps,1ns
160,11,164,8,400Gbps,1ns
160,12,165,8,400Gbps,1ns
160,13,166,8,400Gbps,1ns
160,14,167,8,400Gbps,1ns
161,9,162,9,400Gbps,1ns
161,10,163,9,400Gbps,1ns
161,11,164,9,400Gbps,1ns
161,12,165,9,400Gbps,1ns
161,13,166,9,400Gbps,1ns
161,14,167,9,400Gbps,1ns
162,10,163,10,400Gbps,1ns
162,11,164,10,400Gbps,1ns
162,12,165,10,400Gbps,1ns
162,13,166,10,400Gbps,1ns
162,14,167,10,400Gbps,1ns
163,11,164,11,400Gbps,1ns
163,12,165,11,400Gbps,1ns
163,13,166,11,400Gbps,1ns
163,14,167,11,400Gbps,1ns
164,12,165,12,400Gbps,1ns
164,13,166,12,400Gbps,1ns
164,14,167,12,400Gbps,1ns
165,13,166,13,400Gbps,1ns
165,14,167,13,400Gbps,1ns
166,14,167,14,400Gbps,1ns
168,8,169,8,400Gbps,1ns
168,9,170,8,400Gbps,1ns
168,10,171,8,400Gbps,1ns
168,11,172,8,400Gbps,1ns
168,12,173,8,400Gbps,1ns
168,13,174,8,400Gbps,1ns
168,14,175,8,400Gbps,1ns
169,9,170,9,400Gbps,1ns
169,10,171,9,400Gbps,1ns
169,11,172,9,400Gbps,1ns
169,12,173,9,400Gbps,1ns
169,13,174,9,400Gbps,1ns
169,14,175,9,400Gbps,1ns
170,10,171,10,400Gbps,1ns
170,11,172,10,400Gbps,1ns
170,12,173,10,400Gbps,1ns
170,13,174,10,400Gbps,1ns
170,14,175,10,400Gbps,1ns
171,11,172,11,400Gbps,1ns
171,12,173,11,400Gbps,1ns
171,13,174,11,400Gbps,1ns
171,14,175,11,400Gbps,1ns
172,12,173,12,400Gbps,1ns
172,13,174,12,400Gbps,1ns
172,14,175,12,400Gbps,1ns
173,13,174,13,400Gbps,1ns
173,14,175,13,400Gbps,1ns
174,14,175,14,400Gbps,1ns
176,8,177,8,400Gbps,1ns
176,9,178,8,400Gbps,1ns
176,10,179,8,400Gbps,1ns
176,11,180,8,400Gbps,1ns
176,12,181,8,400Gbps,1ns
176,13,182,8,400Gbps,1ns
176,14,183,8,400Gbps,1ns
177,9,178,9,400Gbps,1ns
177,10,179,9,400Gbps,1ns
177,11,180,9,400Gbps,1ns
177,12,181,9,400Gbps,1ns
177,13,182,9,400Gbps,1ns
177,14,183,9,400Gbps,1ns
178,10,179,10,400Gbps,1ns
178,11,180,10,400Gbps,1ns
178,12,181,10,400Gbps,1ns
178,13,182,10,400Gbps,1ns
178,14,183,10,400Gbps,1ns
179,11,180,11,400Gbps,1ns
179,12,181,11,400Gbps,1ns
179,13,182,11,400Gbps,1ns
179,14,183,11,400Gbps,1ns
180,12,181,12,400Gbps,1ns
180,13,182,12,400Gbps,1ns
180,14,183,12,400Gbps,1ns
181,13,182,13,400Gbps,1ns
181,14,183,13,400Gbps,1ns
182,14,183,14,400Gbps,1ns
184,8,185,8,400Gbps,1ns
184,9,186,8,400Gbps,1ns
184,10,187,8,400Gbps,1ns
184,11,188,8,400Gbps,1ns
184,12,189,8,400Gbps,1ns
184,13,190,8,400Gbps,1ns
184,14,191,8,400Gbps,1ns
185,9,186,9,400Gbps,1ns
185,10,187,9,400Gbps,1ns
185,11,188,9,400Gbps,1ns
185,12,189,9,400Gbps,1ns
185,13,190,9,400Gbps,1ns
185,14,191,9,400Gbps,1ns
186,10,187,10,400Gbps,1ns
186,11,188,10,400Gbps,1ns
186,12,189,10,400Gbps,1ns
186,13,190,10,400Gbps,1ns
186,14,191,10,400Gbps,1ns
187,11,188,11,400Gbps,1ns
187,12,189,11,400Gbps,1ns
187,13,190,11,400Gbps,1ns
187,14,191,11,400Gbps,1ns
188,12,189,12,400Gbps,1ns
188,13,190,12,400Gbps,1ns
188,14,191,12,400Gbps,1ns
189,13,190,13,400Gbps,1ns
189,14,191,13,400Gbps,1ns
190,14,191,14,400Gbps,1ns
192,8,193,8,400Gbps,1ns
192,9,194,8,400Gbps,1ns
192,10,195,8,400Gbps,1ns
192,11,196,8,400Gbps,1ns
192,12,197,8,400Gbps,1ns
192,13,198,8,400Gbps,1ns
192,14,199,8,400Gbps,1ns
193,9,194,9,400Gbps,1ns
193,10,195,9,400Gbps,1ns
193,11,196,9,400Gbps,1ns
193,12,197,9,400Gbps,1ns
193,13,198,9,400Gbps,1ns
193,14,199,9,400Gbps,1ns
194,10,195,10,400Gbps,1ns
194,11,196,10,400Gbps,1ns
194,12,197,10,400Gbps,1ns
194,13,198,10,400Gbps,1ns
194,14,199,10,400Gbps,1ns
195,11,196,11,400Gbps,1ns
195,12,197,11,400Gbps,1ns
195,13,198,11,400Gbps,1ns
195,14,199,11,400Gbps,1ns
196,12,197,12,400Gbps,1ns
196,13,198,12,400Gbps,1ns
196,14,199,12,400Gbps,1ns
197,13,198,13,400Gbps,1ns
197,14,199,13,400Gbps,1ns
198,14,199,14,400Gbps,1ns
200,8,201,8,400Gbps,1ns
200,9,202,8,400Gbps,1ns
200,10,203,8,400Gbps,1ns
200,11,204,8,400Gbps,1ns
200,12,205,8,400Gbps,1ns
200,13,206,8,400Gbps,1ns
200,14,207,8,400Gbps,1ns
201,9,202,9,400Gbps,1ns
201,10,203,9,400Gbps,1ns
201,11,204,9,400Gbps,1ns
201,12,205,9,400Gbps,1ns
201,13,206,9,400Gbps,1ns
201,14,207,9,400Gbps,1ns
202,10,203,10,400Gbps,1ns
202,11,204,10,400Gbps,1ns
202,12,205,10,400Gbps,1ns
202,13,206,10,400Gbps,1ns
202,14,207,10,400Gbps,1ns
203,11,204,11,400Gbps,1ns
203,12,205,11,400Gbps,1ns
203,13,206,11,400Gbps,1ns
203,14,207,11,400Gbps,1ns
204,12,205,12,400Gbps,1ns
204,13,206,12,400Gbps,1ns
204,14,207,12,400Gbps,1ns
205,13,206,13,400Gbps,1ns
205,14,207,13,400Gbps,1ns
206,14,207,14,400Gbps,1ns
208,8,209,8,400Gbps,1ns
208,9,210,8,400Gbps,1ns
208,10,211,8,400Gbps,1ns
208,11,212,8,400Gbps,1ns
208,12,213,8,400Gbps,1ns
208,13,214,8,400Gbps,1ns
208,14,215,8,400Gbps,1ns
209,9,210,9,400Gbps,1ns
209,10,211,9,400Gbps,1ns
209,11,212,9,400Gbps,1ns
209,12,213,9,400Gbps,1ns
209,13,214,9,400Gbps,1ns
209,14,215,9,400Gbps,1ns
210,10,211,10,400Gbps,1ns
210,11,212,10,400Gbps,1ns
210,12,213,10,400Gbps,1ns
210,13,214,10,400Gbps,1ns
210,14,215,10,400Gbps,1ns
211,11,212,11,400Gbps,1ns
211,12,213,11,400Gbps,1ns
211,13,214,11,400Gbps,1ns
211,14,215,11,400Gbps,1ns
212,12,213,12,400Gbps,1ns
212,13,214,12,400Gbps,1ns
212,14,215,12,400Gbps,1ns
213,13,214,13,400Gbps,1ns
213,14,215,13,400Gbps,1ns
214,14,215,14,400Gbps,1ns
216,8,217,8,400Gbps,1ns
216,9,218,8,400Gbps,1ns
216,10,219,8,400Gbps,1ns
216,11,220,8,400Gbps,1ns
216,12,221,8,400Gbps,1ns
216,13,222,8,400Gbps,1ns
216,14,223,8,400Gbps,1ns
217,9,218,9,400Gbps,1ns
217,10,219,9,400Gbps,1ns
217,11,220,9,400Gbps,1ns
217,12,221,9,400Gbps,1ns
217,13,222,9,400Gbps,1ns
217,14,223,9,400Gbps,1ns
218,10,219,10,400Gbps,1ns
218,11,220,10,400Gbps,1ns
218,12,221,10,400Gbps,1ns
218,13,222,10,400Gbps,1ns
218,14,223,10,400Gbps,1ns
219,11,220,11,400Gbps,1ns
219,12,221,11,400Gbps,1ns
219,13,222,11,400Gbps,1ns
219,14,223,11,400Gbps,1ns
220,12,221,12,400Gbps,1ns
220,13,222,12,400Gbps,1ns
220,14,223,12,400Gbps,1ns
221,13,222,13,400Gbps,1ns
221,14,223,13,400Gbps,1ns
222,14,223,14,400Gbps,1ns
224,8,225,8,400Gbps,1ns
224,9,226,8,400Gbps,1ns
224,10,227,8,400Gbps,1ns
224,11,228,8,400Gbps,1ns
224,12,229,8,400Gbps,1ns
224,13,230,8,400Gbps,1ns
224,14,231,8,400Gbps,1ns
225,9,226,9,400Gbps,1ns
225,10,227,9,400Gbps,1ns
225,11,228,9,400Gbps,1ns
225,12,229,9,400Gbps,1ns
225,13,230,9,400Gbps,1ns
225,14,231,9,400Gbps,1ns
226,10,227,10,400Gbps,1ns
226,11,228,10,400Gbps,1ns
226,12,229,10,400Gbps,1ns
226,13,230,10,400Gbps,1ns
226,14,231,10,400Gbps,1ns
227,11,228,11,400Gbps,1ns
227,12,229,11,400Gbps,1ns
227,13,230,11,400Gbps,1ns
227,14,231,11,400Gbps,1ns
228,12,229,12,400Gbps,1ns
228,13,230,12,400Gbps,1ns
228,14,231,12,400Gbps,1ns
229,13,230,13,400Gbps,1ns
229,14,231,13,400Gbps,1ns
230,14,231,14,400Gbps,1ns
232,8,233,8,400Gbps,1ns
232,9,234,8,400Gbps,1ns
232,10,235,8,400Gbps,1ns
232,11,236,8,400Gbps,1ns
232,12,237,8,400Gbps,1ns
232,13,238,8,400Gbps,1ns
232,14,239,8,400Gbps,1ns
233,9,234,9,400Gbps,1ns
233,10,235,9,400Gbps,1ns
233,11,236,9,400Gbps,1ns
233,12,237,9,400Gbps,1ns
233,13,238,9,400Gbps,1ns
233,14,239,9,400Gbps,1ns
234,10,235,10,400Gbps,1ns
234,11,236,10,400Gbps,1ns
234,12,237,10,400Gbps,1ns
234,13,238,10,400Gbps,1ns
234,14,239,10,400Gbps,1ns
235,11,236,11,400Gbps,1ns
235,12,237,11,400Gbps,1ns
235,13,238,11,400Gbps,1ns
235,14,239,11,400Gbps,1ns
236,12,237,12,400Gbps,1ns
236,13,238,12,400Gbps,1ns
236,14,239,12,400Gbps,1ns
237,13,238,13,400Gbps,1ns
237,14,239,13,400Gbps,1ns
238,14,239,14,400Gbps,1ns
240,8,241,8,400Gbps,1ns
240,9,242,8,400Gbps,1ns
240,10,243,8,400Gbps,1ns
240,11,244,8,400Gbps,1ns
240,12,245,8,400Gbps,1ns
240,13,246,8,400Gbps,1ns
240,14,247,8,400Gbps,1ns
241,9,242,9,400Gbps,1ns
241,10,243,9,400Gbps,1ns
241,11,244,9,400Gbps,1ns
241,12,245,9,400Gbps,1ns
241,13,246,9,400Gbps,1ns
241,14,247,9,400Gbps,1ns
242,10,243,10,400Gbps,1ns
242,11,244,10,400Gbps,1ns
242,12,245,10,400Gbps,1ns
242,13,246,10,400Gbps,1ns
242,14,247,10,400Gbps,1ns
243,11,244,11,400Gbps,1ns
243,12,245,11,400Gbps,1ns
243,13,246,11,400Gbps,1ns
243,14,247,11,400Gbps,1ns
244,12,245,12,400Gbps,1ns
244,13,246,12,400Gbps,1ns
244,14,247,12,400Gbps,1ns
245,13,246,13,400Gbps,1ns
245,14,247,13,400Gbps,1ns
246,14,247,14,400Gbps,1ns
248,8,249,8,400Gbps,1ns
248,9,250,8,400Gbps,1ns
248,10,251,8,400Gbps,1ns
248,11,252,8,400Gbps,1ns
248,12,253,8,400Gbps,1ns
248,13,254,8,400Gbps,1ns
248,14,255,8,400Gbps,1ns
249,9,250,9,400Gbps,1ns
249,10,251,9,400Gbps,1ns
249,11,252,9,400Gbps,1ns
249,12,253,9,400Gbps,1ns
249,13,254,9,400Gbps,1ns
249,14,255,9,400Gbps,1ns
250,10,251,10,400Gbps,1ns
250,11,252,10,400Gbps,1ns
250,12,253,10,400Gbps,1ns
250,13,254,10,400Gbps,1ns
250,14,255,10,400Gbps,1ns
251,11,252,11,400Gbps,1ns
251,12,253,11,400Gbps,1ns
251,13,254,11,400Gbps,1ns
251,14,255,11,400Gbps,1ns
252,12,253,12,400Gbps,1ns
252,13,254,12,400Gbps,1ns
252,14,255,12,400Gbps,1ns
253,13,254,13,400Gbps,1ns
253,14,255,13,400Gbps,1ns
254,14,255,14,400Gbps,1ns
256,8,257,8,400Gbps,1ns
256,9,258,8,400Gbps,1ns
256,10,259,8,400Gbps,1ns
256,11,260,8,400Gbps,1ns
256,12,261,8,400Gbps,1ns
256,13,262,8,400Gbps,1ns
256,14,263,8,400Gbps,1ns
257,9,258,9,400Gbps,1ns
257,10,259,9,400Gbps,1ns
257,11,260,9,400Gbps,1ns
257,12,261,9,400Gbps,1ns
257,13,262,9,400Gbps,1ns
257,14,263,9,400Gbps,1ns
258,10,259,10,400Gbps,1ns
258,11,260,10,400Gbps,1ns
258,12,261,10,400Gbps,1ns
258,13,262,10,400Gbps,1ns
258,14,263,10,400Gbps,1ns
259,11,260,11,400Gbps,1ns
259,12,261,11,400Gbps,1ns
259,13,262,11,400Gbps,1ns
259,14,263,11,400Gbps,1ns
260,12,261,12,400Gbps,1ns
260,13,262,12,400Gbps,1ns
260,14,263,12,400Gbps,1ns
261,13,262,13,400Gbps,1ns
261,14,263,13,400Gbps,1ns
262,14,263,14,400Gbps,1ns
264,8,265,8,400Gbps,1ns
264,9,266,8,400Gbps,1ns
264,10,267,8,400Gbps,1ns
264,11,268,8,400Gbps,1ns
264,12,269,8,400Gbps,1ns
264,13,270,8,400Gbps,1ns
264,14,271,8,400Gbps,1ns
265,9,266,9,400Gbps,1ns
265,10,267,9,400Gbps,1ns
265,11,268,9,400Gbps,1ns
265,12,269,9,400Gbps,1ns
265,13,270,9,400Gbps,1ns
265,14,271,9,400Gbps,1ns
266,10,267,10,400Gbps,1ns
266,11,268,10,400Gbps,1ns
266,12,269,10,400Gbps,1ns
266,13,270,10,400Gbps,1ns
266,14,271,10,400Gbps,1ns
267,11,268,11,400Gbps,1ns
267,12,269,11,400Gbps,1ns
267,13,270,11,400Gbps,1ns
267,14,271,11,400Gbps,1ns
268,12,269,12,400Gbps,1ns
268,13,270,12,400Gbps,1ns
268,14,271,12,400Gbps,1ns
269,13,270,13,400Gbps,1ns
269,14,271,13,400Gbps,1ns
270,14,271,14,400Gbps,1ns
272,8,273,8,400Gbps,1ns
272,9,274,8,400Gbps,1ns
272,10,275,8,400Gbps,1ns
272,11,276,8,400Gbps,1ns
272,12,277,8,400Gbps,1ns
272,13,278,8,400Gbps,1ns
272,14,279,8,400Gbps,1ns
273,9,274,9,400Gbps,1ns
273,10,275,9,400Gbps,1ns
273,11,276,9,400Gbps,1ns
273,12,277,9,400Gbps,1ns
273,13,278,9,400Gbps,1ns
273,14,279,9,400Gbps,1ns
274,10,275,10,400Gbps,1ns
274,11,276,10,400Gbps,1ns
274,12,277,10,400Gbps,1ns
274,13,278,10,400Gbps,1ns
274,14,279,10,400Gbps,1ns
275,11,276,11,400Gbps,1ns
275,12,277,11,400Gbps,1ns
275,13,278,11,400Gbps,1ns
275,14,279,11,400Gbps,1ns
276,12,277,12,400Gbps,1ns
276,13,278,12,400Gbps,1ns
276,14,279,12,400Gbps,1ns
277,13,278,13,400Gbps,1ns
277,14,279,13,400Gbps,1ns
278,14,279,14,400Gbps,1ns
280,8,281,8,400Gbps,1ns
280,9,282,8,400Gbps,1ns
280,10,283,8,400Gbps,1ns
280,11,284,8,400Gbps,1ns
280,12,285,8,400Gbps,1ns
280,13,286,8,400Gbps,1ns
280,14,287,8,400Gbps,1ns
281,9,282,9,400Gbps,1ns
281,10,283,9,400Gbps,1ns
281,11,284,9,400Gbps,1ns
281,12,285,9,400Gbps,1ns
281,13,286,9,400Gbps,1ns
281,14,287,9,400Gbps,1ns
282,10,283,10,400Gbps,1ns
282,11,284,10,400Gbps,1ns
282,12,285,10,400Gbps,1ns
282,13,286,10,400Gbps,1ns
282,14,287,10,400Gbps,1ns
283,11,284,11,400Gbps,1ns
283,12,285,11,400Gbps,1ns
283,13,286,11,400Gbps,1ns
283,14,287,11,400Gbps,1ns
284,12,285,12,400Gbps,1ns
284,13,286,12,400Gbps,1ns
284,14,287,12,400Gbps,1ns
285,13,286,13,400Gbps,1ns
285,14,287,13,400Gbps,1ns
286,14,287,14,400Gbps,1ns
288,8,289,8,400Gbps,1ns
288,9,290,8,400Gbps,1ns
288,10,291,8,400Gbps,1ns
288,11,292,8,400Gbps,1ns
288,12,293,8,400Gbps,1ns
288,13,294,8,400Gbps,1ns
288,14,295,8,400Gbps,1ns
289,9,290,9,400Gbps,1ns
289,10,291,9,400Gbps,1ns
289,11,292,9,400Gbps,1ns
289,12,293,9,400Gbps,1ns
289,13,294,9,400Gbps,1ns
289,14,295,9,400Gbps,1ns
290,10,291,10,400Gbps,1ns
290,11,292,10,400Gbps,1ns
290,12,293,10,400Gbps,1ns
290,13,294,10,400Gbps,1ns
290,14,295,10,400Gbps,1ns
291,11,292,11,400Gbps,1ns
291,12,293,11,400Gbps,1ns
291,13,294,11,400Gbps,1ns
291,14,295,11,400Gbps,1ns
292,12,293,12,400Gbps,1ns
292,13,294,12,400Gbps,1ns
292,14,295,12,400Gbps,1ns
293,13,294,13,400Gbps,1ns
293,14,295,13,400Gbps,1ns
294,14,295,14,400Gbps,1ns
296,8,297,8,400Gbps,1ns
296,9,298,8,400Gbps,1ns
296,10,299,8,400Gbps,1ns
296,11,300,8,400Gbps,1ns
296,12,301,8,400Gbps,1ns
296,13,302,8,400Gbps,1ns
296,14,303,8,400Gbps,1ns
297,9,298,9,400Gbps,1ns
297,10,299,9,400Gbps,1ns
297,11,300,9,400Gbps,1ns
297,12,301,9,400Gbps,1ns
297,13,302,9,400Gbps,1ns
297,14,303,9,400Gbps,1ns
298,10,299,10,400Gbps,1ns
298,11,300,10,400Gbps,1ns
298,12,301,10,400Gbps,1ns
298,13,302,10,400Gbps,1ns
298,14,303,10,400Gbps,1ns
299,11,300,11,400Gbps,1ns
299,12,301,11,400Gbps,1ns
299,13,302,11,400Gbps,1ns
299,14,303,11,400Gbps,1ns
300,12,301,12,400Gbps,1ns
300,13,302,12,400Gbps,1ns
300,14,303,12,400Gbps,1ns
301,13,302,13,400Gbps,1ns
301,14,303,13,400Gbps,1ns
302,14,303,14,400Gbps,1ns
304,8,305,8,400Gbps,1ns
304,9,306,8,400Gbps,1ns
304,10,307,8,400Gbps,1ns
304,11,308,8,400Gbps,1ns
304,12,309,8,400Gbps,1ns
304,13,310,8,400Gbps,1ns
304,14,311,8,400Gbps,1ns
305,9,306,9,400Gbps,1ns
305,10,307,9,400Gbps,1ns
305,11,308,9,400Gbps,1ns
305,12,309,9,400Gbps,1ns
305,13,310,9,400Gbps,1ns
305,14,311,9,400Gbps,1ns
306,10,307,10,400Gbps,1ns
306,11,308,10,400Gbps,1ns
306,12,309,10,400Gbps,1ns
306,13,310,10,400Gbps,1ns
306,14,311,10,400Gbps,1ns
307,11,308,11,400Gbps,1ns
307,12,309,11,400Gbps,1ns
307,13,310,11,400Gbps,1ns
307,14,311,11,400Gbps,1ns
308,12,309,12,400Gbps,1ns
308,13,310,12,400Gbps,1ns
308,14,311,12,400Gbps,1ns
309,13,310,13,400Gbps,1ns
309,14,311,13,400Gbps,1ns
310,14,311,14,400Gbps,1ns
312,8,313,8,400Gbps,1ns
312,9,314,8,400Gbps,1ns
312,10,315,8,400Gbps,1ns
312,11,316,8,400Gbps,1ns
312,12,317,8,400Gbps,1ns
312,13,318,8,400Gbps,1ns
312,14,319,8,400Gbps,1ns
313,9,314,9,400Gbps,1ns
313,10,315,9,400Gbps,1ns
313,11,316,9,400Gbps,1ns
313,12,317,9,400Gbps,1ns
313,13,318,9,400Gbps,1ns
313,14,319,9,400Gbps,1ns
314,10,315,10,400Gbps,1ns
314,11,316,10,400Gbps,1ns
314,12,317,10,400Gbps,1ns
314,13,318,10,400Gbps,1ns
314,14,319,10,400Gbps,1ns
315,11,316,11,400Gbps,1ns
315,12,317,11,400Gbps,1ns
315,13,318,11,400Gbps,1ns
315,14,319,11,400Gbps,1ns
316,12,317,12,400Gbps,1ns
316,13,318,12,400Gbps,1ns
316,14,319,12,400Gbps,1ns
317,13,318,13,400Gbps,1ns
317,14,319,13,400Gbps,1ns
318,14,319,14,400Gbps,1ns
320,8,321,8,400Gbps,1ns
320,9,322,8,400Gbps,1ns
320,10,323,8,400Gbps,1ns
320,11,324,8,400Gbps,1ns
320,12,325,8,400Gbps,1ns
320,13,326,8,400Gbps,1ns
320,14,327,8,400Gbps,1ns
321,9,322,9,400Gbps,1ns
321,10,323,9,400Gbps,1ns
321,11,324,9,400Gbps,1ns
321,12,325,9,400Gbps,1ns
321,13,326,9,400Gbps,1ns
321,14,327,9,400Gbps,1ns
322,10,323,10,400Gbps,1ns
322,11,324,10,400Gbps,1ns
322,12,325,10,400Gbps,1ns
322,13,326,10,400Gbps,1ns
322,14,327,10,400Gbps,1ns
323,11,324,11,400Gbps,1ns
323,12,325,11,400Gbps,1ns
323,13,326,11,400Gbps,1ns
323,14,327,11,400Gbps,1ns
324,12,325,12,400Gbps,1ns
324,13,326,12,400Gbps,1ns
324,14,327,12,400Gbps,1ns
325,13,326,13,400Gbps,1ns
325,14,327,13,400Gbps,1ns
326,14,327,14,400Gbps,1ns
328,8,329,8,400Gbps,1ns
328,9,330,8,400Gbps,1ns
328,10,331,8,400Gbps,1ns
328,11,332,8,400Gbps,1ns
328,12,333,8,400Gbps,1ns
328,13,334,8,400Gbps,1ns
328,14,335,8,400Gbps,1ns
329,9,330,9,400Gbps,1ns
329,10,331,9,400Gbps,1ns
329,11,332,9,400Gbps,1ns
329,12,333,9,400Gbps,1ns
329,13,334,9,400Gbps,1ns
329,14,335,9,400Gbps,1ns
330,10,331,10,400Gbps,1ns
330,11,332,10,400Gbps,1ns
330,12,333,10,400Gbps,1ns
330,13,334,10,400Gbps,1ns
330,14,335,10,400Gbps,1ns
331,11,332,11,400Gbps,1ns
331,12,333,11,400Gbps,1ns
331,13,334,11,400Gbps,1ns
331,14,335,11,400Gbps,1ns
332,12,333,12,400Gbps,1ns
332,13,334,12,400Gbps,1ns
332,14,335,12,400Gbps,1ns
333,13,334,13,400Gbps,1ns
333,14,335,13,400Gbps,1ns
334,14,335,14,400Gbps,1ns
336,8,337,8,400Gbps,1ns
336,9,338,8,400Gbps,1ns
336,10,339,8,400Gbps,1ns
336,11,340,8,400Gbps,1ns
336,12,341,8,400Gbps,1ns
336,13,342,8,400Gbps,1ns
336,14,343,8,400Gbps,1ns
337,9,338,9,400Gbps,1ns
337,10,339,9,400Gbps,1ns
337,11,340,9,400Gbps,1ns
337,12,341,9,400Gbps,1ns
337,13,342,9,400Gbps,1ns
337,14,343,9,400Gbps,1ns
338,10,339,10,400Gbps,1ns
338,11,340,10,400Gbps,1ns
338,12,341,10,400Gbps,1ns
338,13,342,10,400Gbps,1ns
338,14,343,10,400Gbps,1ns
339,11,340,11,400Gbps,1ns
339,12,341,11,400Gbps,1ns
339,13,342,11,400Gbps,1ns
339,14,343,11,400Gbps,1ns
340,12,341,12,400Gbps,1ns
340,13,342,12,400Gbps,1ns
340,14,343,12,400Gbps,1ns
341,13,342,13,400Gbps,1ns
341,14,343,13,400Gbps,1ns
342,14,343,14,400Gbps,1ns
344,8,345,8,400Gbps,1ns
344,9,346,8,400Gbps,1ns
344,10,347,8,400Gbps,1ns
344,11,348,8,400Gbps,1ns
344,12,349,8,400Gbps,1ns
344,13,350,8,400Gbps,1ns
344,14,351,8,400Gbps,1ns
345,9,346,9,400Gbps,1ns
345,10,347,9,400Gbps,1ns
345,11,348,9,400Gbps,1ns
345,12,349,9,400Gbps,1ns
345,13,350,9,400Gbps,1ns
345,14,351,9,400Gbps,1ns
346,10,347,10,400Gbps,1ns
346,11,348,10,400Gbps,1ns
346,12,349,10,400Gbps,1ns
346,13,350,10,400Gbps,1ns
346,14,351,10,400Gbps,1ns
347,11,348,11,400Gbps,1ns
347,12,349,11,400Gbps,1ns
347,13,350,11,400Gbps,1ns
347,14,351,11,400Gbps,1ns
348,12,349,12,400Gbps,1ns
348,13,350,12,400Gbps,1ns
348,14,351,12,400Gbps,1ns
349,13,350,13,400Gbps,1ns
349,14,351,13,400Gbps,1ns
350,14,351,14,400Gbps,1ns
352,8,353,8,400Gbps,1ns
352,9,354,8,400Gbps,1ns
352,10,355,8,400Gbps,1ns
352,11,356,8,400Gbps,1ns
352,12,357,8,400Gbps,1ns
352,13,358,8,400Gbps,1ns
352,14,359,8,400Gbps,1ns
353,9,354,9,400Gbps,1ns
353,10,355,9,400Gbps,1ns
353,11,356,9,400Gbps,1ns
353,12,357,9,400Gbps,1ns
353,13,358,9,400Gbps,1ns
353,14,359,9,400Gbps,1ns
354,10,355,10,400Gbps,1ns
354,11,356,10,400Gbps,1ns
354,12,357,10,400Gbps,1ns
354,13,358,10,400Gbps,1ns
354,14,359,10,400Gbps,1ns
355,11,356,11,400Gbps,1ns
355,12,357,11,400Gbps,1ns
355,13,358,11,400Gbps,1ns
355,14,359,11,400Gbps,1ns
356,12,357,12,400Gbps,1ns
356,13,358,12,400Gbps,1ns
356,14,359,12,400Gbps,1ns
357,13,358,13,400Gbps,1ns
357,14,359,13,400Gbps,1ns
358,14,359,14,400Gbps,1ns
360,8,361,8,400Gbps,1ns
360,9,362,8,400Gbps,1ns
360,10,363,8,400Gbps,1ns
360,11,364,8,400Gbps,1ns
360,12,365,8,400Gbps,1ns
360,13,366,8,400Gbps,1ns
360,14,367,8,400Gbps,1ns
361,9,362,9,400Gbps,1ns
361,10,363,9,400Gbps,1ns
361,11,364,9,400Gbps,1ns
361,12,365,9,400Gbps,1ns
361,13,366,9,400Gbps,1ns
361,14,367,9,400Gbps,1ns
362,10,363,10,400Gbps,1ns
362,11,364,10,400Gbps,1ns
362,12,365,10,400Gbps,1ns
362,13,366,10,400Gbps,1ns
362,14,367,10,400Gbps,1ns
363,11,364,11,400Gbps,1ns
363,12,365,11,400Gbps,1ns
363,13,366,11,400Gbps,1ns
363,14,367,11,400Gbps,1ns
364,12,365,12,400Gbps,1ns
364,13,366,12,400Gbps,1ns
364,14,367,12,400Gbps,1ns
365,13,366,13,400Gbps,1ns
365,14,367,13,400Gbps,1ns
366,14,367,14,400Gbps,1ns
368,8,369,8,400Gbps,1ns
368,9,370,8,400Gbps,1ns
368,10,371,8,400Gbps,1ns
368,11,372,8,400Gbps,1ns
368,12,373,8,400Gbps,1ns
368,13,374,8,400Gbps,1ns
368,14,375,8,400Gbps,1ns
369,9,370,9,400Gbps,1ns
369,10,371,9,400Gbps,1ns
369,11,372,9,400Gbps,1ns
369,12,373,9,400Gbps,1ns
369,13,374,9,400Gbps,1ns
369,14,375,9,400Gbps,1ns
370,10,371,10,400Gbps,1ns
370,11,372,10,400Gbps,1ns
370,12,373,10,400Gbps,1ns
370,13,374,10,400Gbps,1ns
370,14,375,10,400Gbps,1ns
371,11,372,11,400Gbps,1ns
371,12,373,11,400Gbps,1ns
371,13,374,11,400Gbps,1ns
371,14,375,11,400Gbps,1ns
372,12,373,12,400Gbps,1ns
372,13,374,12,400Gbps,1ns
372,14,375,12,400Gbps,1ns
373,13,374,13,400Gbps,1ns
373,14,375,13,400Gbps,1ns
374,14,375,14,400Gbps,1ns
376,8,377,8,400Gbps,1ns
376,9,378,8,400Gbps,1ns
376,10,379,8,400Gbps,1ns
376,11,380,8,400Gbps,1ns
376,12,381,8,400Gbps,1ns
376,13,382,8,400Gbps,1ns
376,14,383,8,400Gbps,1ns
377,9,378,9,400Gbps,1ns
377,10,379,9,400Gbps,1ns
377,11,380,9,400Gbps,1ns
377,12,381,9,400Gbps,1ns
377,13,382,9,400Gbps,1ns
377,14,383,9,400Gbps,1ns
378,10,379,10,400Gbps,1ns
378,11,380,10,400Gbps,1ns
378,12,381,10,400Gbps,1ns
378,13,382,10,400Gbps,1ns
378,14,383,10,400Gbps,1ns
379,11,380,11,400Gbps,1ns
379,12,381,11,400Gbps,1ns
379,13,382,11,400Gbps,1ns
379,14,383,11,400Gbps,1ns
380,12,381,12,400Gbps,1ns
380,13,382,12,400Gbps,1ns
380,14,383,12,400Gbps,1ns
381,13,382,13,400Gbps,1ns
381,14,383,13,400Gbps,1ns
382,14,383,14,400Gbps,1ns
384,8,385,8,400Gbps,1ns
384,9,386,8,400Gbps,1ns
384,10,387,8,400Gbps,1ns
384,11,388,8,400Gbps,1ns
384,12,389,8,400Gbps,1ns
384,13,390,8,400Gbps,1ns
384,14,391,8,400Gbps,1ns
385,9,386,9,400Gbps,1ns
385,10,387,9,400Gbps,1ns
385,11,388,9,400Gbps,1ns
385,12,389,9,400Gbps,1ns
385,13,390,9,400Gbps,1ns
385,14,391,9,400Gbps,1ns
386,10,387,10,400Gbps,1ns
386,11,388,10,400Gbps,1ns
386,12,389,10,400Gbps,1ns
386,13,390,10,400Gbps,1ns
386,14,391,10,400Gbps,1ns
387,11,388,11,400Gbps,1ns
387,12,389,11,400Gbps,1ns
387,13,390,11,400Gbps,1ns
387,14,391,11,400Gbps,1ns
388,12,389,12,400Gbps,1ns
388,13,390,12,400Gbps,1ns
388,14,391,12,400Gbps,1ns
389,13,390,13,400Gbps,1ns
389,14,391,13,400Gbps,1ns
390,14,391,14,400Gbps,1ns
392,8,393,8,400Gbps,1ns
392,9,394,8,400Gbps,1ns
392,10,395,8,400Gbps,1ns
392,11,396,8,400Gbps,1ns
392,12,397,8,400Gbps,1ns
392,13,398,8,400Gbps,1ns
392,14,399,8,400Gbps,1ns
393,9,394,9,400Gbps,1ns
393,10,395,9,400Gbps,1ns
393,11,396,9,400Gbps,1ns
393,12,397,9,400Gbps,1ns
393,13,398,9,400Gbps,1ns
393,14,399,9,400Gbps,1ns
394,10,395,10,400Gbps,1ns
394,11,396,10,400Gbps,1ns
394,12,397,10,400Gbps,1ns
394,13,398,10,400Gbps,1ns
394,14,399,10,400Gbps,1ns
395,11,396,11,400Gbps,1ns
395,12,397,11,400Gbps,1ns
395,13,398,11,400Gbps,1ns
395,14,399,11,400Gbps,1ns
396,12,397,12,400Gbps,1ns
396,13,398,12,400Gbps,1ns
396,14,399,12,400Gbps,1ns
397,13,398,13,400Gbps,1ns
397,14,399,13,400Gbps,1ns
398,14,399,14,400Gbps,1ns
400,8,401,8,400Gbps,1ns
400,9,402,8,400Gbps,1ns
400,10,403,8,400Gbps,1ns
400,11,404,8,400Gbps,1ns
400,12,405,8,400Gbps,1ns
400,13,406,8,400Gbps,1ns
400,14,407,8,400Gbps,1ns
401,9,402,9,400Gbps,1ns
401,10,403,9,400Gbps,1ns
401,11,404,9,400Gbps,1ns
401,12,405,9,400Gbps,1ns
401,13,406,9,400Gbps,1ns
401,14,407,9,400Gbps,1ns
402,10,403,10,400Gbps,1ns
402,11,404,10,400Gbps,1ns
402,12,405,10,400Gbps,1ns
402,13,406,10,400Gbps,1ns
402,14,407,10,400Gbps,1ns
403,11,404,11,400Gbps,1ns
403,12,405,11,400Gbps,1ns
403,13,406,11,400Gbps,1ns
403,14,407,11,400Gbps,1ns
404,12,405,12,400Gbps,1ns
404,13,406,12,400Gbps,1ns
404,14,407,12,400Gbps,1ns
405,13,406,13,400Gbps,1ns
405,14,407,13,400Gbps,1ns
406,14,407,14,400Gbps,1ns
408,8,409,8,400Gbps,1ns
408,9,410,8,400Gbps,1ns
408,10,411,8,400Gbps,1ns
408,11,412,8,400Gbps,1ns
408,12,413,8,400Gbps,1ns
408,13,414,8,400Gbps,1ns
408,14,415,8,400Gbps,1ns
409,9,410,9,400Gbps,1ns
409,10,411,9,400Gbps,1ns
409,11,412,9,400Gbps,1ns
409,12,413,9,400Gbps,1ns
409,13,414,9,400Gbps,1ns
409,14,415,9,400Gbps,1ns
410,10,411,10,400Gbps,1ns
410,11,412,10,400Gbps,1ns
410,12,413,10,400Gbps,1ns
410,13,414,10,400Gbps,1ns
410,14,415,10,400Gbps,1ns
411,11,412,11,400Gbps,1ns
411,12,413,11,400Gbps,1ns
411,13,414,11,400Gbps,1ns
411,14,415,11,400Gbps,1ns
412,12,413,12,400Gbps,1ns
412,13,414,12,400Gbps,1ns
412,14,415,12,400Gbps,1ns
413,13,414,13,400Gbps,1ns
413,14,415,13,400Gbps,1ns
414,14,415,14,400Gbps,1ns
416,8,417,8,400Gbps,1ns
416,9,418,8,400Gbps,1ns
416,10,419,8,400Gbps,1ns
416,11,420,8,400Gbps,1ns
416,12,421,8,400Gbps,1ns
416,13,422,8,400Gbps,1ns
416,14,423,8,400Gbps,1ns
417,9,418,9,400Gbps,1ns
417,10,419,9,400Gbps,1ns
417,11,420,9,400Gbps,1ns
417,12,421,9,400Gbps,1ns
417,13,422,9,400Gbps,1ns
417,14,423,9,400Gbps,1ns
418,10,419,10,400Gbps,1ns
418,11,420,10,400Gbps,1ns
418,12,421,10,400Gbps,1ns
418,13,422,10,400Gbps,1ns
418,14,423,10,400Gbps,1ns
419,11,420,11,400Gbps,1ns
419,12,421,11,400Gbps,1ns
419,13,422,11,400Gbps,1ns
419,14,423,11,400Gbps,1ns
420,12,421,12,400Gbps,1ns
420,13,422,12,400Gbps,1ns
420,14,423,12,400Gbps,1ns
421,13,422,13,400Gbps,1ns
421,14,423,13,400Gbps,1ns
422,14,423,14,400Gbps,1ns
424,8,425,8,400Gbps,1ns
424,9,426,8,400Gbps,1ns
424,10,427,8,400Gbps,1ns
424,11,428,8,400Gbps,1ns
424,12,429,8,400Gbps,1ns
424,13,430,8,400Gbps,1ns
424,14,431,8,400Gbps,1ns
425,9,426,9,400Gbps,1ns
425,10,427,9,400Gbps,1ns
425,11,428,9,400Gbps,1ns
425,12,429,9,400Gbps,1ns
425,13,430,9,400Gbps,1ns
425,14,431,9,400Gbps,1ns
426,10,427,10,400Gbps,1ns
426,11,428,10,400Gbps,1ns
426,12,429,10,400Gbps,1ns
426,13,430,10,400Gbps,1ns
426,14,431,10,400Gbps,1ns
427,11,428,11,400Gbps,1ns
427,12,429,11,400Gbps,1ns
427,13,430,11,400Gbps,1ns
427,14,431,11,400Gbps,1ns
428,12,429,12,400Gbps,1ns
428,13,430,12,400Gbps,1ns
428,14,431,12,400Gbps,1ns
429,13,430,13,400Gbps,1ns
429,14,431,13,400Gbps,1ns
430,14,431,14,400Gbps,1ns
432,8,433,8,400Gbps,1ns
432,9,434,8,400Gbps,1ns
432,10,435,8,400Gbps,1ns
432,11,436,8,400Gbps,1ns
432,12,437,8,400Gbps,1ns
432,13,438,8,400Gbps,1ns
432,14,439,8,400Gbps,1ns
433,9,434,9,400Gbps,1ns
433,10,435,9,400Gbps,1ns
433,11,436,9,400Gbps,1ns
433,12,437,9,400Gbps,1ns
433,13,438,9,400Gbps,1ns
433,14,439,9,400Gbps,1ns
434,10,435,10,400Gbps,1ns
434,11,436,10,400Gbps,1ns
434,12,437,10,400Gbps,1ns
434,13,438,10,400Gbps,1ns
434,14,439,10,400Gbps,1ns
435,11,436,11,400Gbps,1ns
435,12,437,11,400Gbps,1ns
435,13,438,11,400Gbps,1ns
435,14,439,11,400Gbps,1ns
436,12,437,12,400Gbps,1ns
436,13,438,12,400Gbps,1ns
436,14,439,12,400Gbps,1ns
437,13,438,13,400Gbps,1ns
437,14,439,13,400Gbps,1ns
438,14,439,14,400Gbps,1ns
440,8,441,8,400Gbps,1ns
440,9,442,8,400Gbps,1ns
440,10,443,8,400Gbps,1ns
440,11,444,8,400Gbps,1ns
440,12,445,8,400Gbps,1ns
440,13,446,8,400Gbps,1ns
440,14,447,8,400Gbps,1ns
441,9,442,9,400Gbps,1ns
441,10,443,9,400Gbps,1ns
441,11,444,9,400Gbps,1ns
441,12,445,9,400Gbps,1ns
441,13,446,9,400Gbps,1ns
441,14,447,9,400Gbps,1ns
442,10,443,10,400Gbps,1ns
442,11,444,10,400Gbps,1ns
442,12,445,10,400Gbps,1ns
442,13,446,10,400Gbps,1ns
442,14,447,10,400Gbps,1ns
443,11,444,11,400Gbps,1ns
443,12,445,11,400Gbps,1ns
443,13,446,11,400Gbps,1ns
443,14,447,11,400Gbps,1ns
444,12,445,12,400Gbps,1ns
444,13,446,12,400Gbps,1ns
444,14,447,12,400Gbps,1ns
445,13,446,13,400Gbps,1ns
445,14,447,13,400Gbps,1ns
446,14,447,14,400Gbps,1ns
448,8,449,8,400Gbps,1ns
448,9,450,8,400Gbps,1ns
448,10,451,8,400Gbps,1ns
448,11,452,8,400Gbps,1ns
448,12,453,8,400Gbps,1ns
448,13,454,8,400Gbps,1ns
448,14,455,8,400Gbps,1ns
449,9,450,9,400Gbps,1ns
449,10,451,9,400Gbps,1ns
449,11,452,9,400Gbps,1ns
449,12,453,9,400Gbps,1ns
449,13,454,9,400Gbps,1ns
449,14,455,9,400Gbps,1ns
450,10,451,10,400Gbps,1ns
450,11,452,10,400Gbps,1ns
450,12,453,10,400Gbps,1ns
450,13,454,10,400Gbps,1ns
450,14,455,10,400Gbps,1ns
451,11,452,11,400Gbps,1ns
451,12,453,11,400Gbps,1ns
451,13,454,11,400Gbps,1ns
451,14,455,11,400Gbps,1ns
452,12,453,12,400Gbps,1ns
452,13,454,12,400Gbps,1ns
452,14,455,12,400Gbps,1ns
453,13,454,13,400Gbps,1ns
453,14,455,13,400Gbps,1ns
454,14,455,14,400Gbps,1ns
456,8,457,8,400Gbps,1ns
456,9,458,8,400Gbps,1ns
456,10,459,8,400Gbps,1ns
456,11,460,8,400Gbps,1ns
456,12,461,8,400Gbps,1ns
456,13,462,8,400Gbps,1ns
456,14,463,8,400Gbps,1ns
457,9,458,9,400Gbps,1ns
457,10,459,9,400Gbps,1ns
457,11,460,9,400Gbps,1ns
457,12,461,9,400Gbps,1ns
457,13,462,9,400Gbps,1ns
457,14,463,9,400Gbps,1ns
458,10,459,10,400Gbps,1ns
458,11,460,10,400Gbps,1ns
458,12,461,10,400Gbps,1ns
458,13,462,10,400Gbps,1ns
458,14,463,10,400Gbps,1ns
459,11,460,11,400Gbps,1ns
459,12,461,11,400Gbps,1ns
459,13,462,11,400Gbps,1ns
459,14,463,11,400Gbps,1ns
460,12,461,12,400Gbps,1ns
460,13,462,12,400Gbps,1ns
460,14,463,12,400Gbps,1ns
461,13,462,13,400Gbps,1ns
461,14,463,13,400Gbps,1ns
462,14,463,14,400Gbps,1ns
464,8,465,8,400Gbps,1ns
464,9,466,8,400Gbps,1ns
464,10,467,8,400Gbps,1ns
464,11,468,8,400Gbps,1ns
464,12,469,8,400Gbps,1ns
464,13,470,8,400Gbps,1ns
464,14,471,8,400Gbps,1ns
465,9,466,9,400Gbps,1ns
465,10,467,9,400Gbps,1ns
465,11,468,9,400Gbps,1ns
465,12,469,9,400Gbps,1ns
465,13,470,9,400Gbps,1ns
465,14,471,9,400Gbps,1ns
466,10,467,10,400Gbps,1ns
466,11,468,10,400Gbps,1ns
466,12,469,10,400Gbps,1ns
466,13,470,10,400Gbps,1ns
466,14,471,10,400Gbps,1ns
467,11,468,11,400Gbps,1ns
467,12,469,11,400Gbps,1ns
467,13,470,11,400Gbps,1ns
467,14,471,11,400Gbps,1ns
468,12,469,12,400Gbps,1ns
468,13,470,12,400Gbps,1ns
468,14,471,12,400Gbps,1ns
469,13,470,13,400Gbps,1ns
469,14,471,13,400Gbps,1ns
470,14,471,14,400Gbps,1ns
472,8,473,8,400Gbps,1ns
472,9,474,8,400Gbps,1ns
472,10,475,8,400Gbps,1ns
472,11,476,8,400Gbps,1ns
472,12,477,8,400Gbps,1ns
472,13,478,8,400Gbps,1ns
472,14,479,8,400Gbps,1ns
473,9,474,9,400Gbps,1ns
473,10,475,9,400Gbps,1ns
473,11,476,9,400Gbps,1ns
473,12,477,9,400Gbps,1ns
473,13,478,9,400Gbps,1ns
473,14,479,9,400Gbps,1ns
474,10,475,10,400Gbps,1ns
474,11,476,10,400Gbps,1ns
474,12,477,10,400Gbps,1ns
474,13,478,10,400Gbps,1ns
474,14,479,10,400Gbps,1ns
475,11,476,11,400Gbps,1ns
475,12,477,11,400Gbps,1ns
475,13,478,11,400Gbps,1ns
475,14,479,11,400Gbps,1ns
476,12,477,12,400Gbps,1ns
476,13,478,12,400Gbps,1ns
476,14,479,12,400Gbps,1ns
477,13,478,13,400Gbps,1ns
477,14,479,13,400Gbps,1ns
478,14,479,14,400Gbps,1ns
480,8,481,8,400Gbps,1ns
480,9,482,8,400Gbps,1ns
480,10,483,8,400Gbps,1ns
480,11,484,8,400Gbps,1ns
480,12,485,8,400Gbps,1ns
480,13,486,8,400Gbps,1ns
480,14,487,8,400Gbps,1ns
481,9,482,9,400Gbps,1ns
481,10,483,9,400Gbps,1ns
481,11,484,9,400Gbps,1ns
481,12,485,9,400Gbps,1ns
481,13,486,9,400Gbps,1ns
481,14,487,9,400Gbps,1ns
482,10,483,10,400Gbps,1ns
482,11,484,10,400Gbps,1ns
482,12,485,10,400Gbps,1ns
482,13,486,10,400Gbps,1ns
482,14,487,10,400Gbps,1ns
483,11,484,11,400Gbps,1ns
483,12,485,11,400Gbps,1ns
483,13,486,11,400Gbps,1ns
483,14,487,11,400Gbps,1ns
484,12,485,12,400Gbps,1ns
484,13,486,12,400Gbps,1ns
484,14,487,12,400Gbps,1ns
485,13,486,13,400Gbps,1ns
485,14,487,13,400Gbps,1ns
486,14,487,14,400Gbps,1ns
488,8,489,8,400Gbps,1ns
488,9,490,8,400Gbps,1ns
488,10,491,8,400Gbps,1ns
488,11,492,8,400Gbps,1ns
488,12,493,8,400Gbps,1ns
488,13,494,8,400Gbps,1ns
488,14,495,8,400Gbps,1ns
489,9,490,9,400Gbps,1ns
489,10,491,9,400Gbps,1ns
489,11,492,9,400Gbps,1ns
489,12,493,9,400Gbps,1ns
489,13,494,9,400Gbps,1ns
489,14,495,9,400Gbps,1ns
490,10,491,10,400Gbps,1ns
490,11,492,10,400Gbps,1ns
490,12,493,10,400Gbps,1ns
490,13,494,10,400Gbps,1ns
490,14,495,10,400Gbps,1ns
491,11,492,11,400Gbps,1ns
491,12,493,11,400Gbps,1ns
491,13,494,11,400Gbps,1ns
491,14,495,11,400Gbps,1ns
492,12,493,12,400Gbps,1ns
492,13,494,12,400Gbps,1ns
492,14,495,12,400Gbps,1ns
493,13,494,13,400Gbps,1ns
493,14,495,13,400Gbps,1ns
494,14,495,14,400Gbps,1ns
496,8,497,8,400Gbps,1ns
496,9,498,8,400Gbps,1ns
496,10,499,8,400Gbps,1ns
496,11,500,8,400Gbps,1ns
496,12,501,8,400Gbps,1ns
496,13,502,8,400Gbps,1ns
496,14,503,8,400Gbps,1ns
497,9,498,9,400Gbps,1ns
497,10,499,9,400Gbps,1ns
497,11,500,9,400Gbps,1ns
497,12,501,9,400Gbps,1ns
497,13,502,9,400Gbps,1ns
497,14,503,9,400Gbps,1ns
498,10,499,10,400Gbps,1ns
498,11,500,10,400Gbps,1ns
498,12,501,10,400Gbps,1ns
498,13,502,10,400Gbps,1ns
498,14,503,10,400Gbps,1ns
499,11,500,11,400Gbps,1ns
499,12,501,11,400Gbps,1ns
499,13,502,11,400Gbps,1ns
499,14,503,11,400Gbps,1ns
500,12,501,12,400Gbps,1ns
500,13,502,12,400Gbps,1ns
500,14,503,12,400Gbps,1ns
501,13,502,13,400Gbps,1ns
501,14,503,13,400Gbps,1ns
502,14,503,14,400Gbps,1ns
504,8,505,8,400Gbps,1ns
504,9,506,8,400Gbps,1ns
504,10,507,8,400Gbps,1ns
504,11,508,8,400Gbps,1ns
504,12,509,8,400Gbps,1ns
504,13,510,8,400Gbps,1ns
504,14,511,8,400Gbps,1ns
505,9,506,9,400Gbps,1ns
505,10,507,9,400Gbps,1ns
505,11,508,9,400Gbps,1ns
505,12,509,9,400Gbps,1ns
505,13,510,9,400Gbps,1ns
505,14,511,9,400Gbps,1ns
506,10,507,10,400Gbps,1ns
506,11,508,10,400Gbps,1ns
506,12,509,10,400Gbps,1ns
506,13,510,10,400Gbps,1ns
506,14,511,10,400Gbps,1ns
507,11,508,11,400Gbps,1ns
507,12,509,11,400Gbps,1ns
507,13,510,11,400Gbps,1ns
507,14,511,11,400Gbps,1ns
508,12,509,12,400Gbps,1ns
508,13,510,12,400Gbps,1ns
508,14,511,12,400Gbps,1ns
509,13,510,13,400Gbps,1ns
509,14,511,13,400Gbps,1ns
510,14,511,14,400Gbps,1ns
512,8,1024,0,400Gbps,1ns
512,9,1024,1,400Gbps,1ns
512,10,1025,0,400Gbps,1ns
512,11,1025,1,400Gbps,1ns
512,12,1152,0,400Gbps,1ns
512,13,1153,0,400Gbps,1ns
512,14,1154,0,400Gbps,1ns
512,15,1155,0,400Gbps,1ns
513,8,1024,2,400Gbps,1ns
513,9,1024,3,400Gbps,1ns
513,10,1025,2,400Gbps,1ns
513,11,1025,3,400Gbps,1ns
513,12,1152,1,400Gbps,1ns
513,13,1153,1,400Gbps,1ns
513,14,1154,1,400Gbps,1ns
513,15,1155,1,400Gbps,1ns
514,8,1024,4,400Gbps,1ns
514,9,1024,5,400Gbps,1ns
514,10,1025,4,400Gbps,1ns
514,11,1025,5,400Gbps,1ns
514,12,1152,2,400Gbps,1ns
514,13,1153,2,400Gbps,1ns
514,14,1154,2,400Gbps,1ns
514,15,1155,2,400Gbps,1ns
515,8,1024,6,400Gbps,1ns
515,9,1024,7,400Gbps,1ns
515,10,1025,6,400Gbps,1ns
515,11,1025,7,400Gbps,1ns
515,12,1152,3,400Gbps,1ns
515,13,1153,3,400Gbps,1ns
515,14,1154,3,400Gbps,1ns
515,15,1155,3,400Gbps,1ns
516,8,1024,8,400Gbps,1ns
516,9,1024,9,400Gbps,1ns
516,10,1025,8,400Gbps,1ns
516,11,1025,9,400Gbps,1ns
516,12,1152,4,400Gbps,1ns
516,13,1153,4,400Gbps,1ns
516,14,1154,4,400Gbps,1ns
516,15,1155,4,400Gbps,1ns
517,8,1024,10,400Gbps,1ns
517,9,1024,11,400Gbps,1ns
517,10,1025,10,400Gbps,1ns
517,11,1025,11,400Gbps,1ns
517,12,1152,5,400Gbps,1ns
517,13,1153,5,400Gbps,1ns
517,14,1154,5,400Gbps,1ns
517,15,1155,5,400Gbps,1ns
518,8,1024,12,400Gbps,1ns
518,9,1024,13,400Gbps,1ns
518,10,1025,12,400Gbps,1ns
518,11,1025,13,400Gbps,1ns
518,12,1152,6,400Gbps,1ns
518,13,1153,6,400Gbps,1ns
518,14,1154,6,400Gbps,1ns
518,15,1155,6,400Gbps,1ns
519,8,1024,14,400Gbps,1ns
519,9,1024,15,400Gbps,1ns
519,10,1025,14,400Gbps,1ns
519,11,1025,15,400Gbps,1ns
519,12,1152,7,400Gbps,1ns
519,13,1153,7,400Gbps,1ns
519,14,1154,7,400Gbps,1ns
519,15,1155,7,400Gbps,1ns
520,8,1026,0,400Gbps,1ns
520,9,1026,1,400Gbps,1ns
520,10,1027,0,400Gbps,1ns
520,11,1027,1,400Gbps,1ns
520,12,1152,8,400Gbps,1ns
520,13,1153,8,400Gbps,1ns
520,14,1154,8,400Gbps,1ns
520,15,1155,8,400Gbps,1ns
521,8,1026,2,400Gbps,1ns
521,9,1026,3,400Gbps,1ns
521,10,1027,2,400Gbps,1ns
521,11,1027,3,400Gbps,1ns
521,12,1152,9,400Gbps,1ns
521,13,1153,9,400Gbps,1ns
521,14,1154,9,400Gbps,1ns
521,15,1155,9,400Gbps,1ns
522,8,1026,4,400Gbps,1ns
522,9,1026,5,400Gbps,1ns
522,10,1027,4,400Gbps,1ns
522,11,1027,5,400Gbps,1ns
522,12,1152,10,400Gbps,1ns
522,13,1153,10,400Gbps,1ns
522,14,1154,10,400Gbps,1ns
522,15,1155,10,400Gbps,1ns
523,8,1026,6,400Gbps,1ns
523,9,1026,7,400Gbps,1ns
523,10,1027,6,400Gbps,1ns
523,11,1027,7,400Gbps,1ns
523,12,1152,11,400Gbps,1ns
523,13,1153,11,400Gbps,1ns
523,14,1154,11,400Gbps,1ns
523,15,1155,11,400Gbps,1ns
524,8,1026,8,400Gbps,1ns
524,9,1026,9,400Gbps,1ns
524,10,1027,8,400Gbps,1ns
524,11,1027,9,400Gbps,1ns
524,12,1152,12,400Gbps,1ns
524,13,1153,12,400Gbps,1ns
524,14,1154,12,400Gbps,1ns
524,15,1155,12,400Gbps,1ns
525,8,1026,10,400Gbps,1ns
525,9,1026,11,400Gbps,1ns
525,10,1027,10,400Gbps,1ns
525,11,1027,11,400Gbps,1ns
525,12,1152,13,400Gbps,1ns
525,13,1153,13,400Gbps,1ns
525,14,1154,13,400Gbps,1ns
525,15,1155,13,400Gbps,1ns
526,8,1026,12,400Gbps,1ns
526,9,1026,13,400Gbps,1ns
526,10,1027,12,400Gbps,1ns
526,11,1027,13,400Gbps,1ns
526,12,1152,14,400Gbps,1ns
526,13,1153,14,400Gbps,1ns
526,14,1154,14,400Gbps,1ns
526,15,1155,14,400Gbps,1ns
527,8,1026,14,400Gbps,1ns
527,9,1026,15,400Gbps,1ns
527,10,1027,14,400Gbps,1ns
527,11,1027,15,400Gbps,1ns
527,12,1152,15,400Gbps,1ns
527,13,1153,15,400Gbps,1ns
527,14,1154,15,400Gbps,1ns
527,15,1155,15,400Gbps,1ns
528,8,1028,0,400Gbps,1ns
528,9,1028,1,400Gbps,1ns
528,10,1029,0,400Gbps,1ns
528,11,1029,1,400Gbps,1ns
528,12,1152,16,400Gbps,1ns
528,13,1153,16,400Gbps,1ns
528,14,1154,16,400Gbps,1ns
528,15,1155,16,400Gbps,1ns
529,8,1028,2,400Gbps,1ns
529,9,1028,3,400Gbps,1ns
529,10,1029,2,400Gbps,1ns
529,11,1029,3,400Gbps,1ns
529,12,1152,17,400Gbps,1ns
529,13,1153,17,400Gbps,1ns
529,14,1154,17,400Gbps,1ns
529,15,1155,17,400Gbps,1ns
530,8,1028,4,400Gbps,1ns
530,9,1028,5,400Gbps,1ns
530,10,1029,4,400Gbps,1ns
530,11,1029,5,400Gbps,1ns
530,12,1152,18,400Gbps,1ns
530,13,1153,18,400Gbps,1ns
530,14,1154,18,400Gbps,1ns
530,15,1155,18,400Gbps,1ns
531,8,1028,6,400Gbps,1ns
531,9,1028,7,400Gbps,1ns
531,10,1029,6,400Gbps,1ns
531,11,1029,7,400Gbps,1ns
531,12,1152,19,400Gbps,1ns
531,13,1153,19,400Gbps,1ns
531,14,1154,19,400Gbps,1ns
531,15,1155,19,400Gbps,1ns
532,8,1028,8,400Gbps,1ns
532,9,1028,9,400Gbps,1ns
532,10,1029,8,400Gbps,1ns
532,11,1029,9,400Gbps,1ns
532,12,1152,20,400Gbps,1ns
532,13,1153,20,400Gbps,1ns
532,14,1154,20,400Gbps,1ns
532,15,1155,20,400Gbps,1ns
533,8,1028,10,400Gbps,1ns
533,9,1028,11,400Gbps,1ns
533,10,1029,10,400Gbps,1ns
533,11,1029,11,400Gbps,1ns
533,12,1152,21,400Gbps,1ns
533,13,1153,21,400Gbps,1ns
533,14,1154,21,400Gbps,1ns
533,15,1155,21,400Gbps,1ns
534,8,1028,12,400Gbps,1ns
534,9,1028,13,400Gbps,1ns
534,10,1029,12,400Gbps,1ns
534,11,1029,13,400Gbps,1ns
534,12,1152,22,400Gbps,1ns
534,13,1153,22,400Gbps,1ns
534,14,1154,22,400Gbps,1ns
534,15,1155,22,400Gbps,1ns
535,8,1028,14,400Gbps,1ns
535,9,1028,15,400Gbps,1ns
535,10,1029,14,400Gbps,1ns
535,11,1029,15,400Gbps,1ns
535,12,1152,23,400Gbps,1ns
535,13,1153,23,400Gbps,1ns
535,14,1154,23,400Gbps,1ns
535,15,1155,23,400Gbps,1ns
536,8,1030,0,400Gbps,1ns
536,9,1030,1,400Gbps,1ns
536,10,1031,0,400Gbps,1ns
536,11,1031,1,400Gbps,1ns
536,12,1152,24,400Gbps,1ns
536,13,1153,24,400Gbps,1ns
536,14,1154,24,400Gbps,1ns
536,15,1155,24,400Gbps,1ns
537,8,1030,2,400Gbps,1ns
537,9,1030,3,400Gbps,1ns
537,10,1031,2,400Gbps,1ns
537,11,1031,3,400Gbps,1ns
537,12,1152,25,400Gbps,1ns
537,13,1153,25,400Gbps,1ns
537,14,1154,25,400Gbps,1ns
537,15,1155,25,400Gbps,1ns
538,8,1030,4,400Gbps,1ns
538,9,1030,5,400Gbps,1ns
538,10,1031,4,400Gbps,1ns
538,11,1031,5,400Gbps,1ns
538,12,1152,26,400Gbps,1ns
538,13,1153,26,400Gbps,1ns
538,14,1154,26,400Gbps,1ns
538,15,1155,26,400Gbps,1ns
539,8,1030,6,400Gbps,1ns
539,9,1030,7,400Gbps,1ns
539,10,1031,6,400Gbps,1ns
539,11,1031,7,400Gbps,1ns
539,12,1152,27,400Gbps,1ns
539,13,1153,27,400Gbps,1ns
539,14,1154,27,400Gbps,1ns
539,15,1155,27,400Gbps,1ns
540,8,1030,8,400Gbps,1ns
540,9,1030,9,400Gbps,1ns
540,10,1031,8,400Gbps,1ns
540,11,1031,9,400Gbps,1ns
540,12,1152,28,400Gbps,1ns
540,13,1153,28,400Gbps,1ns
540,14,1154,28,400Gbps,1ns
540,15,1155,28,400Gbps,1ns
541,8,1030,10,400Gbps,1ns
541,9,1030,11,400Gbps,1ns
541,10,1031,10,400Gbps,1ns
541,11,1031,11,400Gbps,1ns
541,12,1152,29,400Gbps,1ns
541,13,1153,29,400Gbps,1ns
541,14,1154,29,400Gbps,1ns
541,15,1155,29,400Gbps,1ns
542,8,1030,12,400Gbps,1ns
542,9,1030,13,400Gbps,1ns
542,10,1031,12,400Gbps,1ns
542,11,1031,13,400Gbps,1ns
542,12,1152,30,400Gbps,1ns
542,13,1153,30,400Gbps,1ns
542,14,1154,30,400Gbps,1ns
542,15,1155,30,400Gbps,1ns
543,8,1030,14,400Gbps,1ns
543,9,1030,15,400Gbps,1ns
543,10,1031,14,400Gbps,1ns
543,11,1031,15,400Gbps,1ns
543,12,1152,31,400Gbps,1ns
543,13,1153,31,400Gbps,1ns
543,14,1154,31,400Gbps,1ns
543,15,1155,31,400Gbps,1ns
544,8,1032,0,400Gbps,1ns
544,9,1032,1,400Gbps,1ns
544,10,1033,0,400Gbps,1ns
544,11,1033,1,400Gbps,1ns
544,12,1152,32,400Gbps,1ns
544,13,1153,32,400Gbps,1ns
544,14,1154,32,400Gbps,1ns
544,15,1155,32,400Gbps,1ns
545,8,1032,2,400Gbps,1ns
545,9,1032,3,400Gbps,1ns
545,10,1033,2,400Gbps,1ns
545,11,1033,3,400Gbps,1ns
545,12,1152,33,400Gbps,1ns
545,13,1153,33,400Gbps,1ns
545,14,1154,33,400Gbps,1ns
545,15,1155,33,400Gbps,1ns
546,8,1032,4,400Gbps,1ns
546,9,1032,5,400Gbps,1ns
546,10,1033,4,400Gbps,1ns
546,11,1033,5,400Gbps,1ns
546,12,1152,34,400Gbps,1ns
546,13,1153,34,400Gbps,1ns
546,14,1154,34,400Gbps,1ns
546,15,1155,34,400Gbps,1ns
547,8,1032,6,400Gbps,1ns
547,9,1032,7,400Gbps,1ns
547,10,1033,6,400Gbps,1ns
547,11,1033,7,400Gbps,1ns
547,12,1152,35,400Gbps,1ns
547,13,1153,35,400Gbps,1ns
547,14,1154,35,400Gbps,1ns
547,15,1155,35,400Gbps,1ns
548,8,1032,8,400Gbps,1ns
548,9,1032,9,400Gbps,1ns
548,10,1033,8,400Gbps,1ns
548,11,1033,9,400Gbps,1ns
548,12,1152,36,400Gbps,1ns
548,13,1153,36,400Gbps,1ns
548,14,1154,36,400Gbps,1ns
548,15,1155,36,400Gbps,1ns
549,8,1032,10,400Gbps,1ns
549,9,1032,11,400Gbps,1ns
549,10,1033,10,400Gbps,1ns
549,11,1033,11,400Gbps,1ns
549,12,1152,37,400Gbps,1ns
549,13,1153,37,400Gbps,1ns
549,14,1154,37,400Gbps,1ns
549,15,1155,37,400Gbps,1ns
550,8,1032,12,400Gbps,1ns
550,9,1032,13,400Gbps,1ns
550,10,1033,12,400Gbps,1ns
550,11,1033,13,400Gbps,1ns
550,12,1152,38,400Gbps,1ns
550,13,1153,38,400Gbps,1ns
550,14,1154,38,400Gbps,1ns
550,15,1155,38,400Gbps,1ns
551,8,1032,14,400Gbps,1ns
551,9,1032,15,400Gbps,1ns
551,10,1033,14,400Gbps,1ns
551,11,1033,15,400Gbps,1ns
551,12,1152,39,400Gbps,1ns
551,13,1153,39,400Gbps,1ns
551,14,1154,39,400Gbps,1ns
551,15,1155,39,400Gbps,1ns
552,8,1034,0,400Gbps,1ns
552,9,1034,1,400Gbps,1ns
552,10,1035,0,400Gbps,1ns
552,11,1035,1,400Gbps,1ns
552,12,1152,40,400Gbps,1ns
552,13,1153,40,400Gbps,1ns
552,14,1154,40,400Gbps,1ns
552,15,1155,40,400Gbps,1ns
553,8,1034,2,400Gbps,1ns
553,9,1034,3,400Gbps,1ns
553,10,1035,2,400Gbps,1ns
553,11,1035,3,400Gbps,1ns
553,12,1152,41,400Gbps,1ns
553,13,1153,41,400Gbps,1ns
553,14,1154,41,400Gbps,1ns
553,15,1155,41,400Gbps,1ns
554,8,1034,4,400Gbps,1ns
554,9,1034,5,400Gbps,1ns
554,10,1035,4,400Gbps,1ns
554,11,1035,5,400Gbps,1ns
554,12,1152,42,400Gbps,1ns
554,13,1153,42,400Gbps,1ns
554,14,1154,42,400Gbps,1ns
554,15,1155,42,400Gbps,1ns
555,8,1034,6,400Gbps,1ns
555,9,1034,7,400Gbps,1ns
555,10,1035,6,400Gbps,1ns
555,11,1035,7,400Gbps,1ns
555,12,1152,43,400Gbps,1ns
555,13,1153,43,400Gbps,1ns
555,14,1154,43,400Gbps,1ns
555,15,1155,43,400Gbps,1ns
556,8,1034,8,400Gbps,1ns
556,9,1034,9,400Gbps,1ns
556,10,1035,8,400Gbps,1ns
556,11,1035,9,400Gbps,1ns
556,12,1152,44,400Gbps,1ns
556,13,1153,44,400Gbps,1ns
556,14,1154,44,400Gbps,1ns
556,15,1155,44,400Gbps,1ns
557,8,1034,10,400Gbps,1ns
557,9,1034,11,400Gbps,1ns
557,10,1035,10,400Gbps,1ns
557,11,1035,11,400Gbps,1ns
557,12,1152,45,400Gbps,1ns
557,13,1153,45,400Gbps,1ns
557,14,1154,45,400Gbps,1ns
557,15,1155,45,400Gbps,1ns
558,8,1034,12,400Gbps,1ns
558,9,1034,13,400Gbps,1ns
558,10,1035,12,400Gbps,1ns
558,11,1035,13,400Gbps,1ns
558,12,1152,46,400Gbps,1ns
558,13,1153,46,400Gbps,1ns
558,14,1154,46,400Gbps,1ns
558,15,1155,46,400Gbps,1ns
559,8,1034,14,400Gbps,1ns
559,9,1034,15,400Gbps,1ns
559,10,1035,14,400Gbps,1ns
559,11,1035,15,400Gbps,1ns
559,12,1152,47,400Gbps,1ns
559,13,1153,47,400Gbps,1ns
559,14,1154,47,400Gbps,1ns
559,15,1155,47,400Gbps,1ns
560,8,1036,0,400Gbps,1ns
560,9,1036,1,400Gbps,1ns
560,10,1037,0,400Gbps,1ns
560,11,1037,1,400Gbps,1ns
560,12,1152,48,400Gbps,1ns
560,13,1153,48,400Gbps,1ns
560,14,1154,48,400Gbps,1ns
560,15,1155,48,400Gbps,1ns
561,8,1036,2,400Gbps,1ns
561,9,1036,3,400Gbps,1ns
561,10,1037,2,400Gbps,1ns
561,11,1037,3,400Gbps,1ns
561,12,1152,49,400Gbps,1ns
561,13,1153,49,400Gbps,1ns
561,14,1154,49,400Gbps,1ns
561,15,1155,49,400Gbps,1ns
562,8,1036,4,400Gbps,1ns
562,9,1036,5,400Gbps,1ns
562,10,1037,4,400Gbps,1ns
562,11,1037,5,400Gbps,1ns
562,12,1152,50,400Gbps,1ns
562,13,1153,50,400Gbps,1ns
562,14,1154,50,400Gbps,1ns
562,15,1155,50,400Gbps,1ns
563,8,1036,6,400Gbps,1ns
563,9,1036,7,400Gbps,1ns
563,10,1037,6,400Gbps,1ns
563,11,1037,7,400Gbps,1ns
563,12,1152,51,400Gbps,1ns
563,13,1153,51,400Gbps,1ns
563,14,1154,51,400Gbps,1ns
563,15,1155,51,400Gbps,1ns
564,8,1036,8,400Gbps,1ns
564,9,1036,9,400Gbps,1ns
564,10,1037,8,400Gbps,1ns
564,11,1037,9,400Gbps,1ns
564,12,1152,52,400Gbps,1ns
564,13,1153,52,400Gbps,1ns
564,14,1154,52,400Gbps,1ns
564,15,1155,52,400Gbps,1ns
565,8,1036,10,400Gbps,1ns
565,9,1036,11,400Gbps,1ns
565,10,1037,10,400Gbps,1ns
565,11,1037,11,400Gbps,1ns
565,12,1152,53,400Gbps,1ns
565,13,1153,53,400Gbps,1ns
565,14,1154,53,400Gbps,1ns
565,15,1155,53,400Gbps,1ns
566,8,1036,12,400Gbps,1ns
566,9,1036,13,400Gbps,1ns
566,10,1037,12,400Gbps,1ns
566,11,1037,13,400Gbps,1ns
566,12,1152,54,400Gbps,1ns
566,13,1153,54,400Gbps,1ns
566,14,1154,54,400Gbps,1ns
566,15,1155,54,400Gbps,1ns
567,8,1036,14,400Gbps,1ns
567,9,1036,15,400Gbps,1ns
567,10,1037,14,400Gbps,1ns
567,11,1037,15,400Gbps,1ns
567,12,1152,55,400Gbps,1ns
567,13,1153,55,400Gbps,1ns
567,14,1154,55,400Gbps,1ns
567,15,1155,55,400Gbps,1ns
568,8,1038,0,400Gbps,1ns
568,9,1038,1,400Gbps,1ns
568,10,1039,0,400Gbps,1ns
568,11,1039,1,400Gbps,1ns
568,12,1152,56,400Gbps,1ns
568,13,1153,56,400Gbps,1ns
568,14,1154,56,400Gbps,1ns
568,15,1155,56,400Gbps,1ns
569,8,1038,2,400Gbps,1ns
569,9,1038,3,400Gbps,1ns
569,10,1039,2,400Gbps,1ns
569,11,1039,3,400Gbps,1ns
569,12,1152,57,400Gbps,1ns
569,13,1153,57,400Gbps,1ns
569,14,1154,57,400Gbps,1ns
569,15,1155,57,400Gbps,1ns
570,8,1038,4,400Gbps,1ns
570,9,1038,5,400Gbps,1ns
570,10,1039,4,400Gbps,1ns
570,11,1039,5,400Gbps,1ns
570,12,1152,58,400Gbps,1ns
570,13,1153,58,400Gbps,1ns
570,14,1154,58,400Gbps,1ns
570,15,1155,58,400Gbps,1ns
571,8,1038,6,400Gbps,1ns
571,9,1038,7,400Gbps,1ns
571,10,1039,6,400Gbps,1ns
571,11,1039,7,400Gbps,1ns
571,12,1152,59,400Gbps,1ns
571,13,1153,59,400Gbps,1ns
571,14,1154,59,400Gbps,1ns
571,15,1155,59,400Gbps,1ns
572,8,1038,8,400Gbps,1ns
572,9,1038,9,400Gbps,1ns
572,10,1039,8,400Gbps,1ns
572,11,1039,9,400Gbps,1ns
572,12,1152,60,400Gbps,1ns
572,13,1153,60,400Gbps,1ns
572,14,1154,60,400Gbps,1ns
572,15,1155,60,400Gbps,1ns
573,8,1038,10,400Gbps,1ns
573,9,1038,11,400Gbps,1ns
573,10,1039,10,400Gbps,1ns
573,11,1039,11,400Gbps,1ns
573,12,1152,61,400Gbps,1ns
573,13,1153,61,400Gbps,1ns
573,14,1154,61,400Gbps,1ns
573,15,1155,61,400Gbps,1ns
574,8,1038,12,400Gbps,1ns
574,9,1038,13,400Gbps,1ns
574,10,1039,12,400Gbps,1ns
574,11,1039,13,400Gbps,1ns
574,12,1152,62,400Gbps,1ns
574,13,1153,62,400Gbps,1ns
574,14,1154,62,400Gbps,1ns
574,15,1155,62,400Gbps,1ns
575,8,1038,14,400Gbps,1ns
575,9,1038,15,400Gbps,1ns
575,10,1039,14,400Gbps,1ns
575,11,1039,15,400Gbps,1ns
575,12,1152,63,400Gbps,1ns
575,13,1153,63,400Gbps,1ns
575,14,1154,63,400Gbps,1ns
575,15,1155,63,400Gbps,1ns
576,8,1040,0,400Gbps,1ns
576,9,1040,1,400Gbps,1ns
576,10,1041,0,400Gbps,1ns
576,11,1041,1,400Gbps,1ns
576,12,1156,0,400Gbps,1ns
576,13,1157,0,400Gbps,1ns
576,14,1158,0,400Gbps,1ns
576,15,1159,0,400Gbps,1ns
577,8,1040,2,400Gbps,1ns
577,9,1040,3,400Gbps,1ns
577,10,1041,2,400Gbps,1ns
577,11,1041,3,400Gbps,1ns
577,12,1156,1,400Gbps,1ns
577,13,1157,1,400Gbps,1ns
577,14,1158,1,400Gbps,1ns
577,15,1159,1,400Gbps,1ns
578,8,1040,4,400Gbps,1ns
578,9,1040,5,400Gbps,1ns
578,10,1041,4,400Gbps,1ns
578,11,1041,5,400Gbps,1ns
578,12,1156,2,400Gbps,1ns
578,13,1157,2,400Gbps,1ns
578,14,1158,2,400Gbps,1ns
578,15,1159,2,400Gbps,1ns
579,8,1040,6,400Gbps,1ns
579,9,1040,7,400Gbps,1ns
579,10,1041,6,400Gbps,1ns
579,11,1041,7,400Gbps,1ns
579,12,1156,3,400Gbps,1ns
579,13,1157,3,400Gbps,1ns
579,14,1158,3,400Gbps,1ns
579,15,1159,3,400Gbps,1ns
580,8,1040,8,400Gbps,1ns
580,9,1040,9,400Gbps,1ns
580,10,1041,8,400Gbps,1ns
580,11,1041,9,400Gbps,1ns
580,12,1156,4,400Gbps,1ns
580,13,1157,4,400Gbps,1ns
580,14,1158,4,400Gbps,1ns
580,15,1159,4,400Gbps,1ns
581,8,1040,10,400Gbps,1ns
581,9,1040,11,400Gbps,1ns
581,10,1041,10,400Gbps,1ns
581,11,1041,11,400Gbps,1ns
581,12,1156,5,400Gbps,1ns
581,13,1157,5,400Gbps,1ns
581,14,1158,5,400Gbps,1ns
581,15,1159,5,400Gbps,1ns
582,8,1040,12,400Gbps,1ns
582,9,1040,13,400Gbps,1ns
582,10,1041,12,400Gbps,1ns
582,11,1041,13,400Gbps,1ns
582,12,1156,6,400Gbps,1ns
582,13,1157,6,400Gbps,1ns
582,14,1158,6,400Gbps,1ns
582,15,1159,6,400Gbps,1ns
583,8,1040,14,400Gbps,1ns
583,9,1040,15,400Gbps,1ns
583,10,1041,14,400Gbps,1ns
583,11,1041,15,400Gbps,1ns
583,12,1156,7,400Gbps,1ns
583,13,1157,7,400Gbps,1ns
583,14,1158,7,400Gbps,1ns
583,15,1159,7,400Gbps,1ns
584,8,1042,0,400Gbps,1ns
584,9,1042,1,400Gbps,1ns
584,10,1043,0,400Gbps,1ns
584,11,1043,1,400Gbps,1ns
584,12,1156,8,400Gbps,1ns
584,13,1157,8,400Gbps,1ns
584,14,1158,8,400Gbps,1ns
584,15,1159,8,400Gbps,1ns
585,8,1042,2,400Gbps,1ns
585,9,1042,3,400Gbps,1ns
585,10,1043,2,400Gbps,1ns
585,11,1043,3,400Gbps,1ns
585,12,1156,9,400Gbps,1ns
585,13,1157,9,400Gbps,1ns
585,14,1158,9,400Gbps,1ns
585,15,1159,9,400Gbps,1ns
586,8,1042,4,400Gbps,1ns
586,9,1042,5,400Gbps,1ns
586,10,1043,4,400Gbps,1ns
586,11,1043,5,400Gbps,1ns
586,12,1156,10,400Gbps,1ns
586,13,1157,10,400Gbps,1ns
586,14,1158,10,400Gbps,1ns
586,15,1159,10,400Gbps,1ns
587,8,1042,6,400Gbps,1ns
587,9,1042,7,400Gbps,1ns
587,10,1043,6,400Gbps,1ns
587,11,1043,7,400Gbps,1ns
587,12,1156,11,400Gbps,1ns
587,13,1157,11,400Gbps,1ns
587,14,1158,11,400Gbps,1ns
587,15,1159,11,400Gbps,1ns
588,8,1042,8,400Gbps,1ns
588,9,1042,9,400Gbps,1ns
588,10,1043,8,400Gbps,1ns
588,11,1043,9,400Gbps,1ns
588,12,1156,12,400Gbps,1ns
588,13,1157,12,400Gbps,1ns
588,14,1158,12,400Gbps,1ns
588,15,1159,12,400Gbps,1ns
589,8,1042,10,400Gbps,1ns
589,9,1042,11,400Gbps,1ns
589,10,1043,10,400Gbps,1ns
589,11,1043,11,400Gbps,1ns
589,12,1156,13,400Gbps,1ns
589,13,1157,13,400Gbps,1ns
589,14,1158,13,400Gbps,1ns
589,15,1159,13,400Gbps,1ns
590,8,1042,12,400Gbps,1ns
590,9,1042,13,400Gbps,1ns
590,10,1043,12,400Gbps,1ns
590,11,1043,13,400Gbps,1ns
590,12,1156,14,400Gbps,1ns
590,13,1157,14,400Gbps,1ns
590,14,1158,14,400Gbps,1ns
590,15,1159,14,400Gbps,1ns
591,8,1042,14,400Gbps,1ns
591,9,1042,15,400Gbps,1ns
591,10,1043,14,400Gbps,1ns
591,11,1043,15,400Gbps,1ns
591,12,1156,15,400Gbps,1ns
591,13,1157,15,400Gbps,1ns
591,14,1158,15,400Gbps,1ns
591,15,1159,15,400Gbps,1ns
592,8,1044,0,400Gbps,1ns
592,9,1044,1,400Gbps,1ns
592,10,1045,0,400Gbps,1ns
592,11,1045,1,400Gbps,1ns
592,12,1156,16,400Gbps,1ns
592,13,1157,16,400Gbps,1ns
592,14,1158,16,400Gbps,1ns
592,15,1159,16,400Gbps,1ns
593,8,1044,2,400Gbps,1ns
593,9,1044,3,400Gbps,1ns
593,10,1045,2,400Gbps,1ns
593,11,1045,3,400Gbps,1ns
593,12,1156,17,400Gbps,1ns
593,13,1157,17,400Gbps,1ns
593,14,1158,17,400Gbps,1ns
593,15,1159,17,400Gbps,1ns
594,8,1044,4,400Gbps,1ns
594,9,1044,5,400Gbps,1ns
594,10,1045,4,400Gbps,1ns
594,11,1045,5,400Gbps,1ns
594,12,1156,18,400Gbps,1ns
594,13,1157,18,400Gbps,1ns
594,14,1158,18,400Gbps,1ns
594,15,1159,18,400Gbps,1ns
595,8,1044,6,400Gbps,1ns
595,9,1044,7,400Gbps,1ns
595,10,1045,6,400Gbps,1ns
595,11,1045,7,400Gbps,1ns
595,12,1156,19,400Gbps,1ns
595,13,1157,19,400Gbps,1ns
595,14,1158,19,400Gbps,1ns
595,15,1159,19,400Gbps,1ns
596,8,1044,8,400Gbps,1ns
596,9,1044,9,400Gbps,1ns
596,10,1045,8,400Gbps,1ns
596,11,1045,9,400Gbps,1ns
596,12,1156,20,400Gbps,1ns
596,13,1157,20,400Gbps,1ns
596,14,1158,20,400Gbps,1ns
596,15,1159,20,400Gbps,1ns
597,8,1044,10,400Gbps,1ns
597,9,1044,11,400Gbps,1ns
597,10,1045,10,400Gbps,1ns
597,11,1045,11,400Gbps,1ns
597,12,1156,21,400Gbps,1ns
597,13,1157,21,400Gbps,1ns
597,14,1158,21,400Gbps,1ns
597,15,1159,21,400Gbps,1ns
598,8,1044,12,400Gbps,1ns
598,9,1044,13,400Gbps,1ns
598,10,1045,12,400Gbps,1ns
598,11,1045,13,400Gbps,1ns
598,12,1156,22,400Gbps,1ns
598,13,1157,22,400Gbps,1ns
598,14,1158,22,400Gbps,1ns
598,15,1159,22,400Gbps,1ns
599,8,1044,14,400Gbps,1ns
599,9,1044,15,400Gbps,1ns
599,10,1045,14,400Gbps,1ns
599,11,1045,15,400Gbps,1ns
599,12,1156,23,400Gbps,1ns
599,13,1157,23,400Gbps,1ns
599,14,1158,23,400Gbps,1ns
599,15,1159,23,400Gbps,1ns
600,8,1046,0,400Gbps,1ns
600,9,1046,1,400Gbps,1ns
600,10,1047,0,400Gbps,1ns
600,11,1047,1,400Gbps,1ns
600,12,1156,24,400Gbps,1ns
600,13,1157,24,400Gbps,1ns
600,14,1158,24,400Gbps,1ns
600,15,1159,24,400Gbps,1ns
601,8,1046,2,400Gbps,1ns
601,9,1046,3,400Gbps,1ns
601,10,1047,2,400Gbps,1ns
601,11,1047,3,400Gbps,1ns
601,12,1156,25,400Gbps,1ns
601,13,1157,25,400Gbps,1ns
601,14,1158,25,400Gbps,1ns
601,15,1159,25,400Gbps,1ns
602,8,1046,4,400Gbps,1ns
602,9,1046,5,400Gbps,1ns
602,10,1047,4,400Gbps,1ns
602,11,1047,5,400Gbps,1ns
602,12,1156,26,400Gbps,1ns
602,13,1157,26,400Gbps,1ns
602,14,1158,26,400Gbps,1ns
602,15,1159,26,400Gbps,1ns
603,8,1046,6,400Gbps,1ns
603,9,1046,7,400Gbps,1ns
603,10,1047,6,400Gbps,1ns
603,11,1047,7,400Gbps,1ns
603,12,1156,27,400Gbps,1ns
603,13,1157,27,400Gbps,1ns
603,14,1158,27,400Gbps,1ns
603,15,1159,27,400Gbps,1ns
604,8,1046,8,400Gbps,1ns
604,9,1046,9,400Gbps,1ns
604,10,1047,8,400Gbps,1ns
604,11,1047,9,400Gbps,1ns
604,12,1156,28,400Gbps,1ns
604,13,1157,28,400Gbps,1ns
604,14,1158,28,400Gbps,1ns
604,15,1159,28,400Gbps,1ns
605,8,1046,10,400Gbps,1ns
605,9,1046,11,400Gbps,1ns
605,10,1047,10,400Gbps,1ns
605,11,1047,11,400Gbps,1ns
605,12,1156,29,400Gbps,1ns
605,13,1157,29,400Gbps,1ns
605,14,1158,29,400Gbps,1ns
605,15,1159,29,400Gbps,1ns
606,8,1046,12,400Gbps,1ns
606,9,1046,13,400Gbps,1ns
606,10,1047,12,400Gbps,1ns
606,11,1047,13,400Gbps,1ns
606,12,1156,30,400Gbps,1ns
606,13,1157,30,400Gbps,1ns
606,14,1158,30,400Gbps,1ns
606,15,1159,30,400Gbps,1ns
607,8,1046,14,400Gbps,1ns
607,9,1046,15,400Gbps,1ns
607,10,1047,14,400Gbps,1ns
607,11,1047,15,400Gbps,1ns
607,12,1156,31,400Gbps,1ns
607,13,1157,31,400Gbps,1ns
607,14,1158,31,400Gbps,1ns
607,15,1159,31,400Gbps,1ns
608,8,1048,0,400Gbps,1ns
608,9,1048,1,400Gbps,1ns
608,10,1049,0,400Gbps,1ns
608,11,1049,1,400Gbps,1ns
608,12,1156,32,400Gbps,1ns
608,13,1157,32,400Gbps,1ns
608,14,1158,32,400Gbps,1ns
608,15,1159,32,400Gbps,1ns
609,8,1048,2,400Gbps,1ns
609,9,1048,3,400Gbps,1ns
609,10,1049,2,400Gbps,1ns
609,11,1049,3,400Gbps,1ns
609,12,1156,33,400Gbps,1ns
609,13,1157,33,400Gbps,1ns
609,14,1158,33,400Gbps,1ns
609,15,1159,33,400Gbps,1ns
610,8,1048,4,400Gbps,1ns
610,9,1048,5,400Gbps,1ns
610,10,1049,4,400Gbps,1ns
610,11,1049,5,400Gbps,1ns
610,12,1156,34,400Gbps,1ns
610,13,1157,34,400Gbps,1ns
610,14,1158,34,400Gbps,1ns
610,15,1159,34,400Gbps,1ns
611,8,1048,6,400Gbps,1ns
611,9,1048,7,400Gbps,1ns
611,10,1049,6,400Gbps,1ns
611,11,1049,7,400Gbps,1ns
611,12,1156,35,400Gbps,1ns
611,13,1157,35,400Gbps,1ns
611,14,1158,35,400Gbps,1ns
611,15,1159,35,400Gbps,1ns
612,8,1048,8,400Gbps,1ns
612,9,1048,9,400Gbps,1ns
612,10,1049,8,400Gbps,1ns
612,11,1049,9,400Gbps,1ns
612,12,1156,36,400Gbps,1ns
612,13,1157,36,400Gbps,1ns
612,14,1158,36,400Gbps,1ns
612,15,1159,36,400Gbps,1ns
613,8,1048,10,400Gbps,1ns
613,9,1048,11,400Gbps,1ns
613,10,1049,10,400Gbps,1ns
613,11,1049,11,400Gbps,1ns
613,12,1156,37,400Gbps,1ns
613,13,1157,37,400Gbps,1ns
613,14,1158,37,400Gbps,1ns
613,15,1159,37,400Gbps,1ns
614,8,1048,12,400Gbps,1ns
614,9,1048,13,400Gbps,1ns
614,10,1049,12,400Gbps,1ns
614,11,1049,13,400Gbps,1ns
614,12,1156,38,400Gbps,1ns
614,13,1157,38,400Gbps,1ns
614,14,1158,38,400Gbps,1ns
614,15,1159,38,400Gbps,1ns
615,8,1048,14,400Gbps,1ns
615,9,1048,15,400Gbps,1ns
615,10,1049,14,400Gbps,1ns
615,11,1049,15,400Gbps,1ns
615,12,1156,39,400Gbps,1ns
615,13,1157,39,400Gbps,1ns
615,14,1158,39,400Gbps,1ns
615,15,1159,39,400Gbps,1ns
616,8,1050,0,400Gbps,1ns
616,9,1050,1,400Gbps,1ns
616,10,1051,0,400Gbps,1ns
616,11,1051,1,400Gbps,1ns
616,12,1156,40,400Gbps,1ns
616,13,1157,40,400Gbps,1ns
616,14,1158,40,400Gbps,1ns
616,15,1159,40,400Gbps,1ns
617,8,1050,2,400Gbps,1ns
617,9,1050,3,400Gbps,1ns
617,10,1051,2,400Gbps,1ns
617,11,1051,3,400Gbps,1ns
617,12,1156,41,400Gbps,1ns
617,13,1157,41,400Gbps,1ns
617,14,1158,41,400Gbps,1ns
617,15,1159,41,400Gbps,1ns
618,8,1050,4,400Gbps,1ns
618,9,1050,5,400Gbps,1ns
618,10,1051,4,400Gbps,1ns
618,11,1051,5,400Gbps,1ns
618,12,1156,42,400Gbps,1ns
618,13,1157,42,400Gbps,1ns
618,14,1158,42,400Gbps,1ns
618,15,1159,42,400Gbps,1ns
619,8,1050,6,400Gbps,1ns
619,9,1050,7,400Gbps,1ns
619,10,1051,6,400Gbps,1ns
619,11,1051,7,400Gbps,1ns
619,12,1156,43,400Gbps,1ns
619,13,1157,43,400Gbps,1ns
619,14,1158,43,400Gbps,1ns
619,15,1159,43,400Gbps,1ns
620,8,1050,8,400Gbps,1ns
620,9,1050,9,400Gbps,1ns
620,10,1051,8,400Gbps,1ns
620,11,1051,9,400Gbps,1ns
620,12,1156,44,400Gbps,1ns
620,13,1157,44,400Gbps,1ns
620,14,1158,44,400Gbps,1ns
620,15,1159,44,400Gbps,1ns
621,8,1050,10,400Gbps,1ns
621,9,1050,11,400Gbps,1ns
621,10,1051,10,400Gbps,1ns
621,11,1051,11,400Gbps,1ns
621,12,1156,45,400Gbps,1ns
621,13,1157,45,400Gbps,1ns
621,14,1158,45,400Gbps,1ns
621,15,1159,45,400Gbps,1ns
622,8,1050,12,400Gbps,1ns
622,9,1050,13,400Gbps,1ns
622,10,1051,12,400Gbps,1ns
622,11,1051,13,400Gbps,1ns
622,12,1156,46,400Gbps,1ns
622,13,1157,46,400Gbps,1ns
622,14,1158,46,400Gbps,1ns
622,15,1159,46,400Gbps,1ns
623,8,1050,14,400Gbps,1ns
623,9,1050,15,400Gbps,1ns
623,10,1051,14,400Gbps,1ns
623,11,1051,15,400Gbps,1ns
623,12,1156,47,400Gbps,1ns
623,13,1157,47,400Gbps,1ns
623,14,1158,47,400Gbps,1ns
623,15,1159,47,400Gbps,1ns
624,8,1052,0,400Gbps,1ns
624,9,1052,1,400Gbps,1ns
624,10,1053,0,400Gbps,1ns
624,11,1053,1,400Gbps,1ns
624,12,1156,48,400Gbps,1ns
624,13,1157,48,400Gbps,1ns
624,14,1158,48,400Gbps,1ns
624,15,1159,48,400Gbps,1ns
625,8,1052,2,400Gbps,1ns
625,9,1052,3,400Gbps,1ns
625,10,1053,2,400Gbps,1ns
625,11,1053,3,400Gbps,1ns
625,12,1156,49,400Gbps,1ns
625,13,1157,49,400Gbps,1ns
625,14,1158,49,400Gbps,1ns
625,15,1159,49,400Gbps,1ns
626,8,1052,4,400Gbps,1ns
626,9,1052,5,400Gbps,1ns
626,10,1053,4,400Gbps,1ns
626,11,1053,5,400Gbps,1ns
626,12,1156,50,400Gbps,1ns
626,13,1157,50,400Gbps,1ns
626,14,1158,50,400Gbps,1ns
626,15,1159,50,400Gbps,1ns
627,8,1052,6,400Gbps,1ns
627,9,1052,7,400Gbps,1ns
627,10,1053,6,400Gbps,1ns
627,11,1053,7,400Gbps,1ns
627,12,1156,51,400Gbps,1ns
627,13,1157,51,400Gbps,1ns
627,14,1158,51,400Gbps,1ns
627,15,1159,51,400Gbps,1ns
628,8,1052,8,400Gbps,1ns
628,9,1052,9,400Gbps,1ns
628,10,1053,8,400Gbps,1ns
628,11,1053,9,400Gbps,1ns
628,12,1156,52,400Gbps,1ns
628,13,1157,52,400Gbps,1ns
628,14,1158,52,400Gbps,1ns
628,15,1159,52,400Gbps,1ns
629,8,1052,10,400Gbps,1ns
629,9,1052,11,400Gbps,1ns
629,10,1053,10,400Gbps,1ns
629,11,1053,11,400Gbps,1ns
629,12,1156,53,400Gbps,1ns
629,13,1157,53,400Gbps,1ns
629,14,1158,53,400Gbps,1ns
629,15,1159,53,400Gbps,1ns
630,8,1052,12,400Gbps,1ns
630,9,1052,13,400Gbps,1ns
630,10,1053,12,400Gbps,1ns
630,11,1053,13,400Gbps,1ns
630,12,1156,54,400Gbps,1ns
630,13,1157,54,400Gbps,1ns
630,14,1158,54,400Gbps,1ns
630,15,1159,54,400Gbps,1ns
631,8,1052,14,400Gbps,1ns
631,9,1052,15,400Gbps,1ns
631,10,1053,14,400Gbps,1ns
631,11,1053,15,400Gbps,1ns
631,12,1156,55,400Gbps,1ns
631,13,1157,55,400Gbps,1ns
631,14,1158,55,400Gbps,1ns
631,15,1159,55,400Gbps,1ns
632,8,1054,0,400Gbps,1ns
632,9,1054,1,400Gbps,1ns
632,10,1055,0,400Gbps,1ns
632,11,1055,1,400Gbps,1ns
632,12,1156,56,400Gbps,1ns
632,13,1157,56,400Gbps,1ns
632,14,1158,56,400Gbps,1ns
632,15,1159,56,400Gbps,1ns
633,8,1054,2,400Gbps,1ns
633,9,1054,3,400Gbps,1ns
633,10,1055,2,400Gbps,1ns
633,11,1055,3,400Gbps,1ns
633,12,1156,57,400Gbps,1ns
633,13,1157,57,400Gbps,1ns
633,14,1158,57,400Gbps,1ns
633,15,1159,57,400Gbps,1ns
634,8,1054,4,400Gbps,1ns
634,9,1054,5,400Gbps,1ns
634,10,1055,4,400Gbps,1ns
634,11,1055,5,400Gbps,1ns
634,12,1156,58,400Gbps,1ns
634,13,1157,58,400Gbps,1ns
634,14,1158,58,400Gbps,1ns
634,15,1159,58,400Gbps,1ns
635,8,1054,6,400Gbps,1ns
635,9,1054,7,400Gbps,1ns
635,10,1055,6,400Gbps,1ns
635,11,1055,7,400Gbps,1ns
635,12,1156,59,400Gbps,1ns
635,13,1157,59,400Gbps,1ns
635,14,1158,59,400Gbps,1ns
635,15,1159,59,400Gbps,1ns
636,8,1054,8,400Gbps,1ns
636,9,1054,9,400Gbps,1ns
636,10,1055,8,400Gbps,1ns
636,11,1055,9,400Gbps,1ns
636,12,1156,60,400Gbps,1ns
636,13,1157,60,400Gbps,1ns
636,14,1158,60,400Gbps,1ns
636,15,1159,60,400Gbps,1ns
637,8,1054,10,400Gbps,1ns
637,9,1054,11,400Gbps,1ns
637,10,1055,10,400Gbps,1ns
637,11,1055,11,400Gbps,1ns
637,12,1156,61,400Gbps,1ns
637,13,1157,61,400Gbps,1ns
637,14,1158,61,400Gbps,1ns
637,15,1159,61,400Gbps,1ns
638,8,1054,12,400Gbps,1ns
638,9,1054,13,400Gbps,1ns
638,10,1055,12,400Gbps,1ns
638,11,1055,13,400Gbps,1ns
638,12,1156,62,400Gbps,1ns
638,13,1157,62,400Gbps,1ns
638,14,1158,62,400Gbps,1ns
638,15,1159,62,400Gbps,1ns
639,8,1054,14,400Gbps,1ns
639,9,1054,15,400Gbps,1ns
639,10,1055,14,400Gbps,1ns
639,11,1055,15,400Gbps,1ns
639,12,1156,63,400Gbps,1ns
639,13,1157,63,400Gbps,1ns
639,14,1158,63,400Gbps,1ns
639,15,1159,63,400Gbps,1ns
640,8,1056,0,400Gbps,1ns
640,9,1056,1,400Gbps,1ns
640,10,1057,0,400Gbps,1ns
640,11,1057,1,400Gbps,1ns
640,12,1160,0,400Gbps,1ns
640,13,1161,0,400Gbps,1ns
640,14,1162,0,400Gbps,1ns
640,15,1163,0,400Gbps,1ns
641,8,1056,2,400Gbps,1ns
641,9,1056,3,400Gbps,1ns
641,10,1057,2,400Gbps,1ns
641,11,1057,3,400Gbps,1ns
641,12,1160,1,400Gbps,1ns
641,13,1161,1,400Gbps,1ns
641,14,1162,1,400Gbps,1ns
641,15,1163,1,400Gbps,1ns
642,8,1056,4,400Gbps,1ns
642,9,1056,5,400Gbps,1ns
642,10,1057,4,400Gbps,1ns
642,11,1057,5,400Gbps,1ns
642,12,1160,2,400Gbps,1ns
642,13,1161,2,400Gbps,1ns
642,14,1162,2,400Gbps,1ns
642,15,1163,2,400Gbps,1ns
643,8,1056,6,400Gbps,1ns
643,9,1056,7,400Gbps,1ns
643,10,1057,6,400Gbps,1ns
643,11,1057,7,400Gbps,1ns
643,12,1160,3,400Gbps,1ns
643,13,1161,3,400Gbps,1ns
643,14,1162,3,400Gbps,1ns
643,15,1163,3,400Gbps,1ns
644,8,1056,8,400Gbps,1ns
644,9,1056,9,400Gbps,1ns
644,10,1057,8,400Gbps,1ns
644,11,1057,9,400Gbps,1ns
644,12,1160,4,400Gbps,1ns
644,13,1161,4,400Gbps,1ns
644,14,1162,4,400Gbps,1ns
644,15,1163,4,400Gbps,1ns
645,8,1056,10,400Gbps,1ns
645,9,1056,11,400Gbps,1ns
645,10,1057,10,400Gbps,1ns
645,11,1057,11,400Gbps,1ns
645,12,1160,5,400Gbps,1ns
645,13,1161,5,400Gbps,1ns
645,14,1162,5,400Gbps,1ns
645,15,1163,5,400Gbps,1ns
646,8,1056,12,400Gbps,1ns
646,9,1056,13,400Gbps,1ns
646,10,1057,12,400Gbps,1ns
646,11,1057,13,400Gbps,1ns
646,12,1160,6,400Gbps,1ns
646,13,1161,6,400Gbps,1ns
646,14,1162,6,400Gbps,1ns
646,15,1163,6,400Gbps,1ns
647,8,1056,14,400Gbps,1ns
647,9,1056,15,400Gbps,1ns
647,10,1057,14,400Gbps,1ns
647,11,1057,15,400Gbps,1ns
647,12,1160,7,400Gbps,1ns
647,13,1161,7,400Gbps,1ns
647,14,1162,7,400Gbps,1ns
647,15,1163,7,400Gbps,1ns
648,8,1058,0,400Gbps,1ns
648,9,1058,1,400Gbps,1ns
648,10,1059,0,400Gbps,1ns
648,11,1059,1,400Gbps,1ns
648,12,1160,8,400Gbps,1ns
648,13,1161,8,400Gbps,1ns
648,14,1162,8,400Gbps,1ns
648,15,1163,8,400Gbps,1ns
649,8,1058,2,400Gbps,1ns
649,9,1058,3,400Gbps,1ns
649,10,1059,2,400Gbps,1ns
649,11,1059,3,400Gbps,1ns
649,12,1160,9,400Gbps,1ns
649,13,1161,9,400Gbps,1ns
649,14,1162,9,400Gbps,1ns
649,15,1163,9,400Gbps,1ns
650,8,1058,4,400Gbps,1ns
650,9,1058,5,400Gbps,1ns
650,10,1059,4,400Gbps,1ns
650,11,1059,5,400Gbps,1ns
650,12,1160,10,400Gbps,1ns
650,13,1161,10,400Gbps,1ns
650,14,1162,10,400Gbps,1ns
650,15,1163,10,400Gbps,1ns
651,8,1058,6,400Gbps,1ns
651,9,1058,7,400Gbps,1ns
651,10,1059,6,400Gbps,1ns
651,11,1059,7,400Gbps,1ns
651,12,1160,11,400Gbps,1ns
651,13,1161,11,400Gbps,1ns
651,14,1162,11,400Gbps,1ns
651,15,1163,11,400Gbps,1ns
652,8,1058,8,400Gbps,1ns
652,9,1058,9,400Gbps,1ns
652,10,1059,8,400Gbps,1ns
652,11,1059,9,400Gbps,1ns
652,12,1160,12,400Gbps,1ns
652,13,1161,12,400Gbps,1ns
652,14,1162,12,400Gbps,1ns
652,15,1163,12,400Gbps,1ns
653,8,1058,10,400Gbps,1ns
653,9,1058,11,400Gbps,1ns
653,10,1059,10,400Gbps,1ns
653,11,1059,11,400Gbps,1ns
653,12,1160,13,400Gbps,1ns
653,13,1161,13,400Gbps,1ns
653,14,1162,13,400Gbps,1ns
653,15,1163,13,400Gbps,1ns
654,8,1058,12,400Gbps,1ns
654,9,1058,13,400Gbps,1ns
654,10,1059,12,400Gbps,1ns
654,11,1059,13,400Gbps,1ns
654,12,1160,14,400Gbps,1ns
654,13,1161,14,400Gbps,1ns
654,14,1162,14,400Gbps,1ns
654,15,1163,14,400Gbps,1ns
655,8,1058,14,400Gbps,1ns
655,9,1058,15,400Gbps,1ns
655,10,1059,14,400Gbps,1ns
655,11,1059,15,400Gbps,1ns
655,12,1160,15,400Gbps,1ns
655,13,1161,15,400Gbps,1ns
655,14,1162,15,400Gbps,1ns
655,15,1163,15,400Gbps,1ns
656,8,1060,0,400Gbps,1ns
656,9,1060,1,400Gbps,1ns
656,10,1061,0,400Gbps,1ns
656,11,1061,1,400Gbps,1ns
656,12,1160,16,400Gbps,1ns
656,13,1161,16,400Gbps,1ns
656,14,1162,16,400Gbps,1ns
656,15,1163,16,400Gbps,1ns
657,8,1060,2,400Gbps,1ns
657,9,1060,3,400Gbps,1ns
657,10,1061,2,400Gbps,1ns
657,11,1061,3,400Gbps,1ns
657,12,1160,17,400Gbps,1ns
657,13,1161,17,400Gbps,1ns
657,14,1162,17,400Gbps,1ns
657,15,1163,17,400Gbps,1ns
658,8,1060,4,400Gbps,1ns
658,9,1060,5,400Gbps,1ns
658,10,1061,4,400Gbps,1ns
658,11,1061,5,400Gbps,1ns
658,12,1160,18,400Gbps,1ns
658,13,1161,18,400Gbps,1ns
658,14,1162,18,400Gbps,1ns
658,15,1163,18,400Gbps,1ns
659,8,1060,6,400Gbps,1ns
659,9,1060,7,400Gbps,1ns
659,10,1061,6,400Gbps,1ns
659,11,1061,7,400Gbps,1ns
659,12,1160,19,400Gbps,1ns
659,13,1161,19,400Gbps,1ns
659,14,1162,19,400Gbps,1ns
659,15,1163,19,400Gbps,1ns
660,8,1060,8,400Gbps,1ns
660,9,1060,9,400Gbps,1ns
660,10,1061,8,400Gbps,1ns
660,11,1061,9,400Gbps,1ns
660,12,1160,20,400Gbps,1ns
660,13,1161,20,400Gbps,1ns
660,14,1162,20,400Gbps,1ns
660,15,1163,20,400Gbps,1ns
661,8,1060,10,400Gbps,1ns
661,9,1060,11,400Gbps,1ns
661,10,1061,10,400Gbps,1ns
661,11,1061,11,400Gbps,1ns
661,12,1160,21,400Gbps,1ns
661,13,1161,21,400Gbps,1ns
661,14,1162,21,400Gbps,1ns
661,15,1163,21,400Gbps,1ns
662,8,1060,12,400Gbps,1ns
662,9,1060,13,400Gbps,1ns
662,10,1061,12,400Gbps,1ns
662,11,1061,13,400Gbps,1ns
662,12,1160,22,400Gbps,1ns
662,13,1161,22,400Gbps,1ns
662,14,1162,22,400Gbps,1ns
662,15,1163,22,400Gbps,1ns
663,8,1060,14,400Gbps,1ns
663,9,1060,15,400Gbps,1ns
663,10,1061,14,400Gbps,1ns
663,11,1061,15,400Gbps,1ns
663,12,1160,23,400Gbps,1ns
663,13,1161,23,400Gbps,1ns
663,14,1162,23,400Gbps,1ns
663,15,1163,23,400Gbps,1ns
664,8,1062,0,400Gbps,1ns
664,9,1062,1,400Gbps,1ns
664,10,1063,0,400Gbps,1ns
664,11,1063,1,400Gbps,1ns
664,12,1160,24,400Gbps,1ns
664,13,1161,24,400Gbps,1ns
664,14,1162,24,400Gbps,1ns
664,15,1163,24,400Gbps,1ns
665,8,1062,2,400Gbps,1ns
665,9,1062,3,400Gbps,1ns
665,10,1063,2,400Gbps,1ns
665,11,1063,3,400Gbps,1ns
665,12,1160,25,400Gbps,1ns
665,13,1161,25,400Gbps,1ns
665,14,1162,25,400Gbps,1ns
665,15,1163,25,400Gbps,1ns
666,8,1062,4,400Gbps,1ns
666,9,1062,5,400Gbps,1ns
666,10,1063,4,400Gbps,1ns
666,11,1063,5,400Gbps,1ns
666,12,1160,26,400Gbps,1ns
666,13,1161,26,400Gbps,1ns
666,14,1162,26,400Gbps,1ns
666,15,1163,26,400Gbps,1ns
667,8,1062,6,400Gbps,1ns
667,9,1062,7,400Gbps,1ns
667,10,1063,6,400Gbps,1ns
667,11,1063,7,400Gbps,1ns
667,12,1160,27,400Gbps,1ns
667,13,1161,27,400Gbps,1ns
667,14,1162,27,400Gbps,1ns
667,15,1163,27,400Gbps,1ns
668,8,1062,8,400Gbps,1ns
668,9,1062,9,400Gbps,1ns
668,10,1063,8,400Gbps,1ns
668,11,1063,9,400Gbps,1ns
668,12,1160,28,400Gbps,1ns
668,13,1161,28,400Gbps,1ns
668,14,1162,28,400Gbps,1ns
668,15,1163,28,400Gbps,1ns
669,8,1062,10,400Gbps,1ns
669,9,1062,11,400Gbps,1ns
669,10,1063,10,400Gbps,1ns
669,11,1063,11,400Gbps,1ns
669,12,1160,29,400Gbps,1ns
669,13,1161,29,400Gbps,1ns
669,14,1162,29,400Gbps,1ns
669,15,1163,29,400Gbps,1ns
670,8,1062,12,400Gbps,1ns
670,9,1062,13,400Gbps,1ns
670,10,1063,12,400Gbps,1ns
670,11,1063,13,400Gbps,1ns
670,12,1160,30,400Gbps,1ns
670,13,1161,30,400Gbps,1ns
670,14,1162,30,400Gbps,1ns
670,15,1163,30,400Gbps,1ns
671,8,1062,14,400Gbps,1ns
671,9,1062,15,400Gbps,1ns
671,10,1063,14,400Gbps,1ns
671,11,1063,15,400Gbps,1ns
671,12,1160,31,400Gbps,1ns
671,13,1161,31,400Gbps,1ns
671,14,1162,31,400Gbps,1ns
671,15,1163,31,400Gbps,1ns
672,8,1064,0,400Gbps,1ns
672,9,1064,1,400Gbps,1ns
672,10,1065,0,400Gbps,1ns
672,11,1065,1,400Gbps,1ns
672,12,1160,32,400Gbps,1ns
672,13,1161,32,400Gbps,1ns
672,14,1162,32,400Gbps,1ns
672,15,1163,32,400Gbps,1ns
673,8,1064,2,400Gbps,1ns
673,9,1064,3,400Gbps,1ns
673,10,1065,2,400Gbps,1ns
673,11,1065,3,400Gbps,1ns
673,12,1160,33,400Gbps,1ns
673,13,1161,33,400Gbps,1ns
673,14,1162,33,400Gbps,1ns
673,15,1163,33,400Gbps,1ns
674,8,1064,4,400Gbps,1ns
674,9,1064,5,400Gbps,1ns
674,10,1065,4,400Gbps,1ns
674,11,1065,5,400Gbps,1ns
674,12,1160,34,400Gbps,1ns
674,13,1161,34,400Gbps,1ns
674,14,1162,34,400Gbps,1ns
674,15,1163,34,400Gbps,1ns
675,8,1064,6,400Gbps,1ns
675,9,1064,7,400Gbps,1ns
675,10,1065,6,400Gbps,1ns
675,11,1065,7,400Gbps,1ns
675,12,1160,35,400Gbps,1ns
675,13,1161,35,400Gbps,1ns
675,14,1162,35,400Gbps,1ns
675,15,1163,35,400Gbps,1ns
676,8,1064,8,400Gbps,1ns
676,9,1064,9,400Gbps,1ns
676,10,1065,8,400Gbps,1ns
676,11,1065,9,400Gbps,1ns
676,12,1160,36,400Gbps,1ns
676,13,1161,36,400Gbps,1ns
676,14,1162,36,400Gbps,1ns
676,15,1163,36,400Gbps,1ns
677,8,1064,10,400Gbps,1ns
677,9,1064,11,400Gbps,1ns
677,10,1065,10,400Gbps,1ns
677,11,1065,11,400Gbps,1ns
677,12,1160,37,400Gbps,1ns
677,13,1161,37,400Gbps,1ns
677,14,1162,37,400Gbps,1ns
677,15,1163,37,400Gbps,1ns
678,8,1064,12,400Gbps,1ns
678,9,1064,13,400Gbps,1ns
678,10,1065,12,400Gbps,1ns
678,11,1065,13,400Gbps,1ns
678,12,1160,38,400Gbps,1ns
678,13,1161,38,400Gbps,1ns
678,14,1162,38,400Gbps,1ns
678,15,1163,38,400Gbps,1ns
679,8,1064,14,400Gbps,1ns
679,9,1064,15,400Gbps,1ns
679,10,1065,14,400Gbps,1ns
679,11,1065,15,400Gbps,1ns
679,12,1160,39,400Gbps,1ns
679,13,1161,39,400Gbps,1ns
679,14,1162,39,400Gbps,1ns
679,15,1163,39,400Gbps,1ns
680,8,1066,0,400Gbps,1ns
680,9,1066,1,400Gbps,1ns
680,10,1067,0,400Gbps,1ns
680,11,1067,1,400Gbps,1ns
680,12,1160,40,400Gbps,1ns
680,13,1161,40,400Gbps,1ns
680,14,1162,40,400Gbps,1ns
680,15,1163,40,400Gbps,1ns
681,8,1066,2,400Gbps,1ns
681,9,1066,3,400Gbps,1ns
681,10,1067,2,400Gbps,1ns
681,11,1067,3,400Gbps,1ns
681,12,1160,41,400Gbps,1ns
681,13,1161,41,400Gbps,1ns
681,14,1162,41,400Gbps,1ns
681,15,1163,41,400Gbps,1ns
682,8,1066,4,400Gbps,1ns
682,9,1066,5,400Gbps,1ns
682,10,1067,4,400Gbps,1ns
682,11,1067,5,400Gbps,1ns
682,12,1160,42,400Gbps,1ns
682,13,1161,42,400Gbps,1ns
682,14,1162,42,400Gbps,1ns
682,15,1163,42,400Gbps,1ns
683,8,1066,6,400Gbps,1ns
683,9,1066,7,400Gbps,1ns
683,10,1067,6,400Gbps,1ns
683,11,1067,7,400Gbps,1ns
683,12,1160,43,400Gbps,1ns
683,13,1161,43,400Gbps,1ns
683,14,1162,43,400Gbps,1ns
683,15,1163,43,400Gbps,1ns
684,8,1066,8,400Gbps,1ns
684,9,1066,9,400Gbps,1ns
684,10,1067,8,400Gbps,1ns
684,11,1067,9,400Gbps,1ns
684,12,1160,44,400Gbps,1ns
684,13,1161,44,400Gbps,1ns
684,14,1162,44,400Gbps,1ns
684,15,1163,44,400Gbps,1ns
685,8,1066,10,400Gbps,1ns
685,9,1066,11,400Gbps,1ns
685,10,1067,10,400Gbps,1ns
685,11,1067,11,400Gbps,1ns
685,12,1160,45,400Gbps,1ns
685,13,1161,45,400Gbps,1ns
685,14,1162,45,400Gbps,1ns
685,15,1163,45,400Gbps,1ns
686,8,1066,12,400Gbps,1ns
686,9,1066,13,400Gbps,1ns
686,10,1067,12,400Gbps,1ns
686,11,1067,13,400Gbps,1ns
686,12,1160,46,400Gbps,1ns
686,13,1161,46,400Gbps,1ns
686,14,1162,46,400Gbps,1ns
686,15,1163,46,400Gbps,1ns
687,8,1066,14,400Gbps,1ns
687,9,1066,15,400Gbps,1ns
687,10,1067,14,400Gbps,1ns
687,11,1067,15,400Gbps,1ns
687,12,1160,47,400Gbps,1ns
687,13,1161,47,400Gbps,1ns
687,14,1162,47,400Gbps,1ns
687,15,1163,47,400Gbps,1ns
688,8,1068,0,400Gbps,1ns
688,9,1068,1,400Gbps,1ns
688,10,1069,0,400Gbps,1ns
688,11,1069,1,400Gbps,1ns
688,12,1160,48,400Gbps,1ns
688,13,1161,48,400Gbps,1ns
688,14,1162,48,400Gbps,1ns
688,15,1163,48,400Gbps,1ns
689,8,1068,2,400Gbps,1ns
689,9,1068,3,400Gbps,1ns
689,10,1069,2,400Gbps,1ns
689,11,1069,3,400Gbps,1ns
689,12,1160,49,400Gbps,1ns
689,13,1161,49,400Gbps,1ns
689,14,1162,49,400Gbps,1ns
689,15,1163,49,400Gbps,1ns
690,8,1068,4,400Gbps,1ns
690,9,1068,5,400Gbps,1ns
690,10,1069,4,400Gbps,1ns
690,11,1069,5,400Gbps,1ns
690,12,1160,50,400Gbps,1ns
690,13,1161,50,400Gbps,1ns
690,14,1162,50,400Gbps,1ns
690,15,1163,50,400Gbps,1ns
691,8,1068,6,400Gbps,1ns
691,9,1068,7,400Gbps,1ns
691,10,1069,6,400Gbps,1ns
691,11,1069,7,400Gbps,1ns
691,12,1160,51,400Gbps,1ns
691,13,1161,51,400Gbps,1ns
691,14,1162,51,400Gbps,1ns
691,15,1163,51,400Gbps,1ns
692,8,1068,8,400Gbps,1ns
692,9,1068,9,400Gbps,1ns
692,10,1069,8,400Gbps,1ns
692,11,1069,9,400Gbps,1ns
692,12,1160,52,400Gbps,1ns
692,13,1161,52,400Gbps,1ns
692,14,1162,52,400Gbps,1ns
692,15,1163,52,400Gbps,1ns
693,8,1068,10,400Gbps,1ns
693,9,1068,11,400Gbps,1ns
693,10,1069,10,400Gbps,1ns
693,11,1069,11,400Gbps,1ns
693,12,1160,53,400Gbps,1ns
693,13,1161,53,400Gbps,1ns
693,14,1162,53,400Gbps,1ns
693,15,1163,53,400Gbps,1ns
694,8,1068,12,400Gbps,1ns
694,9,1068,13,400Gbps,1ns
694,10,1069,12,400Gbps,1ns
694,11,1069,13,400Gbps,1ns
694,12,1160,54,400Gbps,1ns
694,13,1161,54,400Gbps,1ns
694,14,1162,54,400Gbps,1ns
694,15,1163,54,400Gbps,1ns
695,8,1068,14,400Gbps,1ns
695,9,1068,15,400Gbps,1ns
695,10,1069,14,400Gbps,1ns
695,11,1069,15,400Gbps,1ns
695,12,1160,55,400Gbps,1ns
695,13,1161,55,400Gbps,1ns
695,14,1162,55,400Gbps,1ns
695,15,1163,55,400Gbps,1ns
696,8,1070,0,400Gbps,1ns
696,9,1070,1,400Gbps,1ns
696,10,1071,0,400Gbps,1ns
696,11,1071,1,400Gbps,1ns
696,12,1160,56,400Gbps,1ns
696,13,1161,56,400Gbps,1ns
696,14,1162,56,400Gbps,1ns
696,15,1163,56,400Gbps,1ns
697,8,1070,2,400Gbps,1ns
697,9,1070,3,400Gbps,1ns
697,10,1071,2,400Gbps,1ns
697,11,1071,3,400Gbps,1ns
697,12,1160,57,400Gbps,1ns
697,13,1161,57,400Gbps,1ns
697,14,1162,57,400Gbps,1ns
697,15,1163,57,400Gbps,1ns
698,8,1070,4,400Gbps,1ns
698,9,1070,5,400Gbps,1ns
698,10,1071,4,400Gbps,1ns
698,11,1071,5,400Gbps,1ns
698,12,1160,58,400Gbps,1ns
698,13,1161,58,400Gbps,1ns
698,14,1162,58,400Gbps,1ns
698,15,1163,58,400Gbps,1ns
699,8,1070,6,400Gbps,1ns
699,9,1070,7,400Gbps,1ns
699,10,1071,6,400Gbps,1ns
699,11,1071,7,400Gbps,1ns
699,12,1160,59,400Gbps,1ns
699,13,1161,59,400Gbps,1ns
699,14,1162,59,400Gbps,1ns
699,15,1163,59,400Gbps,1ns
700,8,1070,8,400Gbps,1ns
700,9,1070,9,400Gbps,1ns
700,10,1071,8,400Gbps,1ns
700,11,1071,9,400Gbps,1ns
700,12,1160,60,400Gbps,1ns
700,13,1161,60,400Gbps,1ns
700,14,1162,60,400Gbps,1ns
700,15,1163,60,400Gbps,1ns
701,8,1070,10,400Gbps,1ns
701,9,1070,11,400Gbps,1ns
701,10,1071,10,400Gbps,1ns
701,11,1071,11,400Gbps,1ns
701,12,1160,61,400Gbps,1ns
701,13,1161,61,400Gbps,1ns
701,14,1162,61,400Gbps,1ns
701,15,1163,61,400Gbps,1ns
702,8,1070,12,400Gbps,1ns
702,9,1070,13,400Gbps,1ns
702,10,1071,12,400Gbps,1ns
702,11,1071,13,400Gbps,1ns
702,12,1160,62,400Gbps,1ns
702,13,1161,62,400Gbps,1ns
702,14,1162,62,400Gbps,1ns
702,15,1163,62,400Gbps,1ns
703,8,1070,14,400Gbps,1ns
703,9,1070,15,400Gbps,1ns
703,10,1071,14,400Gbps,1ns
703,11,1071,15,400Gbps,1ns
703,12,1160,63,400Gbps,1ns
703,13,1161,63,400Gbps,1ns
703,14,1162,63,400Gbps,1ns
703,15,1163,63,400Gbps,1ns
704,8,1072,0,400Gbps,1ns
704,9,1072,1,400Gbps,1ns
704,10,1073,0,400Gbps,1ns
704,11,1073,1,400Gbps,1ns
704,12,1164,0,400Gbps,1ns
704,13,1165,0,400Gbps,1ns
704,14,1166,0,400Gbps,1ns
704,15,1167,0,400Gbps,1ns
705,8,1072,2,400Gbps,1ns
705,9,1072,3,400Gbps,1ns
705,10,1073,2,400Gbps,1ns
705,11,1073,3,400Gbps,1ns
705,12,1164,1,400Gbps,1ns
705,13,1165,1,400Gbps,1ns
705,14,1166,1,400Gbps,1ns
705,15,1167,1,400Gbps,1ns
706,8,1072,4,400Gbps,1ns
706,9,1072,5,400Gbps,1ns
706,10,1073,4,400Gbps,1ns
706,11,1073,5,400Gbps,1ns
706,12,1164,2,400Gbps,1ns
706,13,1165,2,400Gbps,1ns
706,14,1166,2,400Gbps,1ns
706,15,1167,2,400Gbps,1ns
707,8,1072,6,400Gbps,1ns
707,9,1072,7,400Gbps,1ns
707,10,1073,6,400Gbps,1ns
707,11,1073,7,400Gbps,1ns
707,12,1164,3,400Gbps,1ns
707,13,1165,3,400Gbps,1ns
707,14,1166,3,400Gbps,1ns
707,15,1167,3,400Gbps,1ns
708,8,1072,8,400Gbps,1ns
708,9,1072,9,400Gbps,1ns
708,10,1073,8,400Gbps,1ns
708,11,1073,9,400Gbps,1ns
708,12,1164,4,400Gbps,1ns
708,13,1165,4,400Gbps,1ns
708,14,1166,4,400Gbps,1ns
708,15,1167,4,400Gbps,1ns
709,8,1072,10,400Gbps,1ns
709,9,1072,11,400Gbps,1ns
709,10,1073,10,400Gbps,1ns
709,11,1073,11,400Gbps,1ns
709,12,1164,5,400Gbps,1ns
709,13,1165,5,400Gbps,1ns
709,14,1166,5,400Gbps,1ns
709,15,1167,5,400Gbps,1ns
710,8,1072,12,400Gbps,1ns
710,9,1072,13,400Gbps,1ns
710,10,1073,12,400Gbps,1ns
710,11,1073,13,400Gbps,1ns
710,12,1164,6,400Gbps,1ns
710,13,1165,6,400Gbps,1ns
710,14,1166,6,400Gbps,1ns
710,15,1167,6,400Gbps,1ns
711,8,1072,14,400Gbps,1ns
711,9,1072,15,400Gbps,1ns
711,10,1073,14,400Gbps,1ns
711,11,1073,15,400Gbps,1ns
711,12,1164,7,400Gbps,1ns
711,13,1165,7,400Gbps,1ns
711,14,1166,7,400Gbps,1ns
711,15,1167,7,400Gbps,1ns
712,8,1074,0,400Gbps,1ns
712,9,1074,1,400Gbps,1ns
712,10,1075,0,400Gbps,1ns
712,11,1075,1,400Gbps,1ns
712,12,1164,8,400Gbps,1ns
712,13,1165,8,400Gbps,1ns
712,14,1166,8,400Gbps,1ns
712,15,1167,8,400Gbps,1ns
713,8,1074,2,400Gbps,1ns
713,9,1074,3,400Gbps,1ns
713,10,1075,2,400Gbps,1ns
713,11,1075,3,400Gbps,1ns
713,12,1164,9,400Gbps,1ns
713,13,1165,9,400Gbps,1ns
713,14,1166,9,400Gbps,1ns
713,15,1167,9,400Gbps,1ns
714,8,1074,4,400Gbps,1ns
714,9,1074,5,400Gbps,1ns
714,10,1075,4,400Gbps,1ns
714,11,1075,5,400Gbps,1ns
714,12,1164,10,400Gbps,1ns
714,13,1165,10,400Gbps,1ns
714,14,1166,10,400Gbps,1ns
714,15,1167,10,400Gbps,1ns
715,8,1074,6,400Gbps,1ns
715,9,1074,7,400Gbps,1ns
715,10,1075,6,400Gbps,1ns
715,11,1075,7,400Gbps,1ns
715,12,1164,11,400Gbps,1ns
715,13,1165,11,400Gbps,1ns
715,14,1166,11,400Gbps,1ns
715,15,1167,11,400Gbps,1ns
716,8,1074,8,400Gbps,1ns
716,9,1074,9,400Gbps,1ns
716,10,1075,8,400Gbps,1ns
716,11,1075,9,400Gbps,1ns
716,12,1164,12,400Gbps,1ns
716,13,1165,12,400Gbps,1ns
716,14,1166,12,400Gbps,1ns
716,15,1167,12,400Gbps,1ns
717,8,1074,10,400Gbps,1ns
717,9,1074,11,400Gbps,1ns
717,10,1075,10,400Gbps,1ns
717,11,1075,11,400Gbps,1ns
717,12,1164,13,400Gbps,1ns
717,13,1165,13,400Gbps,1ns
717,14,1166,13,400Gbps,1ns
717,15,1167,13,400Gbps,1ns
718,8,1074,12,400Gbps,1ns
718,9,1074,13,400Gbps,1ns
718,10,1075,12,400Gbps,1ns
718,11,1075,13,400Gbps,1ns
718,12,1164,14,400Gbps,1ns
718,13,1165,14,400Gbps,1ns
718,14,1166,14,400Gbps,1ns
718,15,1167,14,400Gbps,1ns
719,8,1074,14,400Gbps,1ns
719,9,1074,15,400Gbps,1ns
719,10,1075,14,400Gbps,1ns
719,11,1075,15,400Gbps,1ns
719,12,1164,15,400Gbps,1ns
719,13,1165,15,400Gbps,1ns
719,14,1166,15,400Gbps,1ns
719,15,1167,15,400Gbps,1ns
720,8,1076,0,400Gbps,1ns
720,9,1076,1,400Gbps,1ns
720,10,1077,0,400Gbps,1ns
720,11,1077,1,400Gbps,1ns
720,12,1164,16,400Gbps,1ns
720,13,1165,16,400Gbps,1ns
720,14,1166,16,400Gbps,1ns
720,15,1167,16,400Gbps,1ns
721,8,1076,2,400Gbps,1ns
721,9,1076,3,400Gbps,1ns
721,10,1077,2,400Gbps,1ns
721,11,1077,3,400Gbps,1ns
721,12,1164,17,400Gbps,1ns
721,13,1165,17,400Gbps,1ns
721,14,1166,17,400Gbps,1ns
721,15,1167,17,400Gbps,1ns
722,8,1076,4,400Gbps,1ns
722,9,1076,5,400Gbps,1ns
722,10,1077,4,400Gbps,1ns
722,11,1077,5,400Gbps,1ns
722,12,1164,18,400Gbps,1ns
722,13,1165,18,400Gbps,1ns
722,14,1166,18,400Gbps,1ns
722,15,1167,18,400Gbps,1ns
723,8,1076,6,400Gbps,1ns
723,9,1076,7,400Gbps,1ns
723,10,1077,6,400Gbps,1ns
723,11,1077,7,400Gbps,1ns
723,12,1164,19,400Gbps,1ns
723,13,1165,19,400Gbps,1ns
723,14,1166,19,400Gbps,1ns
723,15,1167,19,400Gbps,1ns
724,8,1076,8,400Gbps,1ns
724,9,1076,9,400Gbps,1ns
724,10,1077,8,400Gbps,1ns
724,11,1077,9,400Gbps,1ns
724,12,1164,20,400Gbps,1ns
724,13,1165,20,400Gbps,1ns
724,14,1166,20,400Gbps,1ns
724,15,1167,20,400Gbps,1ns
725,8,1076,10,400Gbps,1ns
725,9,1076,11,400Gbps,1ns
725,10,1077,10,400Gbps,1ns
725,11,1077,11,400Gbps,1ns
725,12,1164,21,400Gbps,1ns
725,13,1165,21,400Gbps,1ns
725,14,1166,21,400Gbps,1ns
725,15,1167,21,400Gbps,1ns
726,8,1076,12,400Gbps,1ns
726,9,1076,13,400Gbps,1ns
726,10,1077,12,400Gbps,1ns
726,11,1077,13,400Gbps,1ns
726,12,1164,22,400Gbps,1ns
726,13,1165,22,400Gbps,1ns
726,14,1166,22,400Gbps,1ns
726,15,1167,22,400Gbps,1ns
727,8,1076,14,400Gbps,1ns
727,9,1076,15,400Gbps,1ns
727,10,1077,14,400Gbps,1ns
727,11,1077,15,400Gbps,1ns
727,12,1164,23,400Gbps,1ns
727,13,1165,23,400Gbps,1ns
727,14,1166,23,400Gbps,1ns
727,15,1167,23,400Gbps,1ns
728,8,1078,0,400Gbps,1ns
728,9,1078,1,400Gbps,1ns
728,10,1079,0,400Gbps,1ns
728,11,1079,1,400Gbps,1ns
728,12,1164,24,400Gbps,1ns
728,13,1165,24,400Gbps,1ns
728,14,1166,24,400Gbps,1ns
728,15,1167,24,400Gbps,1ns
729,8,1078,2,400Gbps,1ns
729,9,1078,3,400Gbps,1ns
729,10,1079,2,400Gbps,1ns
729,11,1079,3,400Gbps,1ns
729,12,1164,25,400Gbps,1ns
729,13,1165,25,400Gbps,1ns
729,14,1166,25,400Gbps,1ns
729,15,1167,25,400Gbps,1ns
730,8,1078,4,400Gbps,1ns
730,9,1078,5,400Gbps,1ns
730,10,1079,4,400Gbps,1ns
730,11,1079,5,400Gbps,1ns
730,12,1164,26,400Gbps,1ns
730,13,1165,26,400Gbps,1ns
730,14,1166,26,400Gbps,1ns
730,15,1167,26,400Gbps,1ns
731,8,1078,6,400Gbps,1ns
731,9,1078,7,400Gbps,1ns
731,10,1079,6,400Gbps,1ns
731,11,1079,7,400Gbps,1ns
731,12,1164,27,400Gbps,1ns
731,13,1165,27,400Gbps,1ns
731,14,1166,27,400Gbps,1ns
731,15,1167,27,400Gbps,1ns
732,8,1078,8,400Gbps,1ns
732,9,1078,9,400Gbps,1ns
732,10,1079,8,400Gbps,1ns
732,11,1079,9,400Gbps,1ns
732,12,1164,28,400Gbps,1ns
732,13,1165,28,400Gbps,1ns
732,14,1166,28,400Gbps,1ns
732,15,1167,28,400Gbps,1ns
733,8,1078,10,400Gbps,1ns
733,9,1078,11,400Gbps,1ns
733,10,1079,10,400Gbps,1ns
733,11,1079,11,400Gbps,1ns
733,12,1164,29,400Gbps,1ns
733,13,1165,29,400Gbps,1ns
733,14,1166,29,400Gbps,1ns
733,15,1167,29,400Gbps,1ns
734,8,1078,12,400Gbps,1ns
734,9,1078,13,400Gbps,1ns
734,10,1079,12,400Gbps,1ns
734,11,1079,13,400Gbps,1ns
734,12,1164,30,400Gbps,1ns
734,13,1165,30,400Gbps,1ns
734,14,1166,30,400Gbps,1ns
734,15,1167,30,400Gbps,1ns
735,8,1078,14,400Gbps,1ns
735,9,1078,15,400Gbps,1ns
735,10,1079,14,400Gbps,1ns
735,11,1079,15,400Gbps,1ns
735,12,1164,31,400Gbps,1ns
735,13,1165,31,400Gbps,1ns
735,14,1166,31,400Gbps,1ns
735,15,1167,31,400Gbps,1ns
736,8,1080,0,400Gbps,1ns
736,9,1080,1,400Gbps,1ns
736,10,1081,0,400Gbps,1ns
736,11,1081,1,400Gbps,1ns
736,12,1164,32,400Gbps,1ns
736,13,1165,32,400Gbps,1ns
736,14,1166,32,400Gbps,1ns
736,15,1167,32,400Gbps,1ns
737,8,1080,2,400Gbps,1ns
737,9,1080,3,400Gbps,1ns
737,10,1081,2,400Gbps,1ns
737,11,1081,3,400Gbps,1ns
737,12,1164,33,400Gbps,1ns
737,13,1165,33,400Gbps,1ns
737,14,1166,33,400Gbps,1ns
737,15,1167,33,400Gbps,1ns
738,8,1080,4,400Gbps,1ns
738,9,1080,5,400Gbps,1ns
738,10,1081,4,400Gbps,1ns
738,11,1081,5,400Gbps,1ns
738,12,1164,34,400Gbps,1ns
738,13,1165,34,400Gbps,1ns
738,14,1166,34,400Gbps,1ns
738,15,1167,34,400Gbps,1ns
739,8,1080,6,400Gbps,1ns
739,9,1080,7,400Gbps,1ns
739,10,1081,6,400Gbps,1ns
739,11,1081,7,400Gbps,1ns
739,12,1164,35,400Gbps,1ns
739,13,1165,35,400Gbps,1ns
739,14,1166,35,400Gbps,1ns
739,15,1167,35,400Gbps,1ns
740,8,1080,8,400Gbps,1ns
740,9,1080,9,400Gbps,1ns
740,10,1081,8,400Gbps,1ns
740,11,1081,9,400Gbps,1ns
740,12,1164,36,400Gbps,1ns
740,13,1165,36,400Gbps,1ns
740,14,1166,36,400Gbps,1ns
740,15,1167,36,400Gbps,1ns
741,8,1080,10,400Gbps,1ns
741,9,1080,11,400Gbps,1ns
741,10,1081,10,400Gbps,1ns
741,11,1081,11,400Gbps,1ns
741,12,1164,37,400Gbps,1ns
741,13,1165,37,400Gbps,1ns
741,14,1166,37,400Gbps,1ns
741,15,1167,37,400Gbps,1ns
742,8,1080,12,400Gbps,1ns
742,9,1080,13,400Gbps,1ns
742,10,1081,12,400Gbps,1ns
742,11,1081,13,400Gbps,1ns
742,12,1164,38,400Gbps,1ns
742,13,1165,38,400Gbps,1ns
742,14,1166,38,400Gbps,1ns
742,15,1167,38,400Gbps,1ns
743,8,1080,14,400Gbps,1ns
743,9,1080,15,400Gbps,1ns
743,10,1081,14,400Gbps,1ns
743,11,1081,15,400Gbps,1ns
743,12,1164,39,400Gbps,1ns
743,13,1165,39,400Gbps,1ns
743,14,1166,39,400Gbps,1ns
743,15,1167,39,400Gbps,1ns
744,8,1082,0,400Gbps,1ns
744,9,1082,1,400Gbps,1ns
744,10,1083,0,400Gbps,1ns
744,11,1083,1,400Gbps,1ns
744,12,1164,40,400Gbps,1ns
744,13,1165,40,400Gbps,1ns
744,14,1166,40,400Gbps,1ns
744,15,1167,40,400Gbps,1ns
745,8,1082,2,400Gbps,1ns
745,9,1082,3,400Gbps,1ns
745,10,1083,2,400Gbps,1ns
745,11,1083,3,400Gbps,1ns
745,12,1164,41,400Gbps,1ns
745,13,1165,41,400Gbps,1ns
745,14,1166,41,400Gbps,1ns
745,15,1167,41,400Gbps,1ns
746,8,1082,4,400Gbps,1ns
746,9,1082,5,400Gbps,1ns
746,10,1083,4,400Gbps,1ns
746,11,1083,5,400Gbps,1ns
746,12,1164,42,400Gbps,1ns
746,13,1165,42,400Gbps,1ns
746,14,1166,42,400Gbps,1ns
746,15,1167,42,400Gbps,1ns
747,8,1082,6,400Gbps,1ns
747,9,1082,7,400Gbps,1ns
747,10,1083,6,400Gbps,1ns
747,11,1083,7,400Gbps,1ns
747,12,1164,43,400Gbps,1ns
747,13,1165,43,400Gbps,1ns
747,14,1166,43,400Gbps,1ns
747,15,1167,43,400Gbps,1ns
748,8,1082,8,400Gbps,1ns
748,9,1082,9,400Gbps,1ns
748,10,1083,8,400Gbps,1ns
748,11,1083,9,400Gbps,1ns
748,12,1164,44,400Gbps,1ns
748,13,1165,44,400Gbps,1ns
748,14,1166,44,400Gbps,1ns
748,15,1167,44,400Gbps,1ns
749,8,1082,10,400Gbps,1ns
749,9,1082,11,400Gbps,1ns
749,10,1083,10,400Gbps,1ns
749,11,1083,11,400Gbps,1ns
749,12,1164,45,400Gbps,1ns
749,13,1165,45,400Gbps,1ns
749,14,1166,45,400Gbps,1ns
749,15,1167,45,400Gbps,1ns
750,8,1082,12,400Gbps,1ns
750,9,1082,13,400Gbps,1ns
750,10,1083,12,400Gbps,1ns
750,11,1083,13,400Gbps,1ns
750,12,1164,46,400Gbps,1ns
750,13,1165,46,400Gbps,1ns
750,14,1166,46,400Gbps,1ns
750,15,1167,46,400Gbps,1ns
751,8,1082,14,400Gbps,1ns
751,9,1082,15,400Gbps,1ns
751,10,1083,14,400Gbps,1ns
751,11,1083,15,400Gbps,1ns
751,12,1164,47,400Gbps,1ns
751,13,1165,47,400Gbps,1ns
751,14,1166,47,400Gbps,1ns
751,15,1167,47,400Gbps,1ns
752,8,1084,0,400Gbps,1ns
752,9,1084,1,400Gbps,1ns
752,10,1085,0,400Gbps,1ns
752,11,1085,1,400Gbps,1ns
752,12,1164,48,400Gbps,1ns
752,13,1165,48,400Gbps,1ns
752,14,1166,48,400Gbps,1ns
752,15,1167,48,400Gbps,1ns
753,8,1084,2,400Gbps,1ns
753,9,1084,3,400Gbps,1ns
753,10,1085,2,400Gbps,1ns
753,11,1085,3,400Gbps,1ns
753,12,1164,49,400Gbps,1ns
753,13,1165,49,400Gbps,1ns
753,14,1166,49,400Gbps,1ns
753,15,1167,49,400Gbps,1ns
754,8,1084,4,400Gbps,1ns
754,9,1084,5,400Gbps,1ns
754,10,1085,4,400Gbps,1ns
754,11,1085,5,400Gbps,1ns
754,12,1164,50,400Gbps,1ns
754,13,1165,50,400Gbps,1ns
754,14,1166,50,400Gbps,1ns
754,15,1167,50,400Gbps,1ns
755,8,1084,6,400Gbps,1ns
755,9,1084,7,400Gbps,1ns
755,10,1085,6,400Gbps,1ns
755,11,1085,7,400Gbps,1ns
755,12,1164,51,400Gbps,1ns
755,13,1165,51,400Gbps,1ns
755,14,1166,51,400Gbps,1ns
755,15,1167,51,400Gbps,1ns
756,8,1084,8,400Gbps,1ns
756,9,1084,9,400Gbps,1ns
756,10,1085,8,400Gbps,1ns
756,11,1085,9,400Gbps,1ns
756,12,1164,52,400Gbps,1ns
756,13,1165,52,400Gbps,1ns
756,14,1166,52,400Gbps,1ns
756,15,1167,52,400Gbps,1ns
757,8,1084,10,400Gbps,1ns
757,9,1084,11,400Gbps,1ns
757,10,1085,10,400Gbps,1ns
757,11,1085,11,400Gbps,1ns
757,12,1164,53,400Gbps,1ns
757,13,1165,53,400Gbps,1ns
757,14,1166,53,400Gbps,1ns
757,15,1167,53,400Gbps,1ns
758,8,1084,12,400Gbps,1ns
758,9,1084,13,400Gbps,1ns
758,10,1085,12,400Gbps,1ns
758,11,1085,13,400Gbps,1ns
758,12,1164,54,400Gbps,1ns
758,13,1165,54,400Gbps,1ns
758,14,1166,54,400Gbps,1ns
758,15,1167,54,400Gbps,1ns
759,8,1084,14,400Gbps,1ns
759,9,1084,15,400Gbps,1ns
759,10,1085,14,400Gbps,1ns
759,11,1085,15,400Gbps,1ns
759,12,1164,55,400Gbps,1ns
759,13,1165,55,400Gbps,1ns
759,14,1166,55,400Gbps,1ns
759,15,1167,55,400Gbps,1ns
760,8,1086,0,400Gbps,1ns
760,9,1086,1,400Gbps,1ns
760,10,1087,0,400Gbps,1ns
760,11,1087,1,400Gbps,1ns
760,12,1164,56,400Gbps,1ns
760,13,1165,56,400Gbps,1ns
760,14,1166,56,400Gbps,1ns
760,15,1167,56,400Gbps,1ns
761,8,1086,2,400Gbps,1ns
761,9,1086,3,400Gbps,1ns
761,10,1087,2,400Gbps,1ns
761,11,1087,3,400Gbps,1ns
761,12,1164,57,400Gbps,1ns
761,13,1165,57,400Gbps,1ns
761,14,1166,57,400Gbps,1ns
761,15,1167,57,400Gbps,1ns
762,8,1086,4,400Gbps,1ns
762,9,1086,5,400Gbps,1ns
762,10,1087,4,400Gbps,1ns
762,11,1087,5,400Gbps,1ns
762,12,1164,58,400Gbps,1ns
762,13,1165,58,400Gbps,1ns
762,14,1166,58,400Gbps,1ns
762,15,1167,58,400Gbps,1ns
763,8,1086,6,400Gbps,1ns
763,9,1086,7,400Gbps,1ns
763,10,1087,6,400Gbps,1ns
763,11,1087,7,400Gbps,1ns
763,12,1164,59,400Gbps,1ns
763,13,1165,59,400Gbps,1ns
763,14,1166,59,400Gbps,1ns
763,15,1167,59,400Gbps,1ns
764,8,1086,8,400Gbps,1ns
764,9,1086,9,400Gbps,1ns
764,10,1087,8,400Gbps,1ns
764,11,1087,9,400Gbps,1ns
764,12,1164,60,400Gbps,1ns
764,13,1165,60,400Gbps,1ns
764,14,1166,60,400Gbps,1ns
764,15,1167,60,400Gbps,1ns
765,8,1086,10,400Gbps,1ns
765,9,1086,11,400Gbps,1ns
765,10,1087,10,400Gbps,1ns
765,11,1087,11,400Gbps,1ns
765,12,1164,61,400Gbps,1ns
765,13,1165,61,400Gbps,1ns
765,14,1166,61,400Gbps,1ns
765,15,1167,61,400Gbps,1ns
766,8,1086,12,400Gbps,1ns
766,9,1086,13,400Gbps,1ns
766,10,1087,12,400Gbps,1ns
766,11,1087,13,400Gbps,1ns
766,12,1164,62,400Gbps,1ns
766,13,1165,62,400Gbps,1ns
766,14,1166,62,400Gbps,1ns
766,15,1167,62,400Gbps,1ns
767,8,1086,14,400Gbps,1ns
767,9,1086,15,400Gbps,1ns
767,10,1087,14,400Gbps,1ns
767,11,1087,15,400Gbps,1ns
767,12,1164,63,400Gbps,1ns
767,13,1165,63,400Gbps,1ns
767,14,1166,63,400Gbps,1ns
767,15,1167,63,400Gbps,1ns
768,8,1088,0,400Gbps,1ns
768,9,1088,1,400Gbps,1ns
768,10,1089,0,400Gbps,1ns
768,11,1089,1,400Gbps,1ns
768,12,1168,0,400Gbps,1ns
768,13,1169,0,400Gbps,1ns
768,14,1170,0,400Gbps,1ns
768,15,1171,0,400Gbps,1ns
769,8,1088,2,400Gbps,1ns
769,9,1088,3,400Gbps,1ns
769,10,1089,2,400Gbps,1ns
769,11,1089,3,400Gbps,1ns
769,12,1168,1,400Gbps,1ns
769,13,1169,1,400Gbps,1ns
769,14,1170,1,400Gbps,1ns
769,15,1171,1,400Gbps,1ns
770,8,1088,4,400Gbps,1ns
770,9,1088,5,400Gbps,1ns
770,10,1089,4,400Gbps,1ns
770,11,1089,5,400Gbps,1ns
770,12,1168,2,400Gbps,1ns
770,13,1169,2,400Gbps,1ns
770,14,1170,2,400Gbps,1ns
770,15,1171,2,400Gbps,1ns
771,8,1088,6,400Gbps,1ns
771,9,1088,7,400Gbps,1ns
771,10,1089,6,400Gbps,1ns
771,11,1089,7,400Gbps,1ns
771,12,1168,3,400Gbps,1ns
771,13,1169,3,400Gbps,1ns
771,14,1170,3,400Gbps,1ns
771,15,1171,3,400Gbps,1ns
772,8,1088,8,400Gbps,1ns
772,9,1088,9,400Gbps,1ns
772,10,1089,8,400Gbps,1ns
772,11,1089,9,400Gbps,1ns
772,12,1168,4,400Gbps,1ns
772,13,1169,4,400Gbps,1ns
772,14,1170,4,400Gbps,1ns
772,15,1171,4,400Gbps,1ns
773,8,1088,10,400Gbps,1ns
773,9,1088,11,400Gbps,1ns
773,10,1089,10,400Gbps,1ns
773,11,1089,11,400Gbps,1ns
773,12,1168,5,400Gbps,1ns
773,13,1169,5,400Gbps,1ns
773,14,1170,5,400Gbps,1ns
773,15,1171,5,400Gbps,1ns
774,8,1088,12,400Gbps,1ns
774,9,1088,13,400Gbps,1ns
774,10,1089,12,400Gbps,1ns
774,11,1089,13,400Gbps,1ns
774,12,1168,6,400Gbps,1ns
774,13,1169,6,400Gbps,1ns
774,14,1170,6,400Gbps,1ns
774,15,1171,6,400Gbps,1ns
775,8,1088,14,400Gbps,1ns
775,9,1088,15,400Gbps,1ns
775,10,1089,14,400Gbps,1ns
775,11,1089,15,400Gbps,1ns
775,12,1168,7,400Gbps,1ns
775,13,1169,7,400Gbps,1ns
775,14,1170,7,400Gbps,1ns
775,15,1171,7,400Gbps,1ns
776,8,1090,0,400Gbps,1ns
776,9,1090,1,400Gbps,1ns
776,10,1091,0,400Gbps,1ns
776,11,1091,1,400Gbps,1ns
776,12,1168,8,400Gbps,1ns
776,13,1169,8,400Gbps,1ns
776,14,1170,8,400Gbps,1ns
776,15,1171,8,400Gbps,1ns
777,8,1090,2,400Gbps,1ns
777,9,1090,3,400Gbps,1ns
777,10,1091,2,400Gbps,1ns
777,11,1091,3,400Gbps,1ns
777,12,1168,9,400Gbps,1ns
777,13,1169,9,400Gbps,1ns
777,14,1170,9,400Gbps,1ns
777,15,1171,9,400Gbps,1ns
778,8,1090,4,400Gbps,1ns
778,9,1090,5,400Gbps,1ns
778,10,1091,4,400Gbps,1ns
778,11,1091,5,400Gbps,1ns
778,12,1168,10,400Gbps,1ns
778,13,1169,10,400Gbps,1ns
778,14,1170,10,400Gbps,1ns
778,15,1171,10,400Gbps,1ns
779,8,1090,6,400Gbps,1ns
779,9,1090,7,400Gbps,1ns
779,10,1091,6,400Gbps,1ns
779,11,1091,7,400Gbps,1ns
779,12,1168,11,400Gbps,1ns
779,13,1169,11,400Gbps,1ns
779,14,1170,11,400Gbps,1ns
779,15,1171,11,400Gbps,1ns
780,8,1090,8,400Gbps,1ns
780,9,1090,9,400Gbps,1ns
780,10,1091,8,400Gbps,1ns
780,11,1091,9,400Gbps,1ns
780,12,1168,12,400Gbps,1ns
780,13,1169,12,400Gbps,1ns
780,14,1170,12,400Gbps,1ns
780,15,1171,12,400Gbps,1ns
781,8,1090,10,400Gbps,1ns
781,9,1090,11,400Gbps,1ns
781,10,1091,10,400Gbps,1ns
781,11,1091,11,400Gbps,1ns
781,12,1168,13,400Gbps,1ns
781,13,1169,13,400Gbps,1ns
781,14,1170,13,400Gbps,1ns
781,15,1171,13,400Gbps,1ns
782,8,1090,12,400Gbps,1ns
782,9,1090,13,400Gbps,1ns
782,10,1091,12,400Gbps,1ns
782,11,1091,13,400Gbps,1ns
782,12,1168,14,400Gbps,1ns
782,13,1169,14,400Gbps,1ns
782,14,1170,14,400Gbps,1ns
782,15,1171,14,400Gbps,1ns
783,8,1090,14,400Gbps,1ns
783,9,1090,15,400Gbps,1ns
783,10,1091,14,400Gbps,1ns
783,11,1091,15,400Gbps,1ns
783,12,1168,15,400Gbps,1ns
783,13,1169,15,400Gbps,1ns
783,14,1170,15,400Gbps,1ns
783,15,1171,15,400Gbps,1ns
784,8,1092,0,400Gbps,1ns
784,9,1092,1,400Gbps,1ns
784,10,1093,0,400Gbps,1ns
784,11,1093,1,400Gbps,1ns
784,12,1168,16,400Gbps,1ns
784,13,1169,16,400Gbps,1ns
784,14,1170,16,400Gbps,1ns
784,15,1171,16,400Gbps,1ns
785,8,1092,2,400Gbps,1ns
785,9,1092,3,400Gbps,1ns
785,10,1093,2,400Gbps,1ns
785,11,1093,3,400Gbps,1ns
785,12,1168,17,400Gbps,1ns
785,13,1169,17,400Gbps,1ns
785,14,1170,17,400Gbps,1ns
785,15,1171,17,400Gbps,1ns
786,8,1092,4,400Gbps,1ns
786,9,1092,5,400Gbps,1ns
786,10,1093,4,400Gbps,1ns
786,11,1093,5,400Gbps,1ns
786,12,1168,18,400Gbps,1ns
786,13,1169,18,400Gbps,1ns
786,14,1170,18,400Gbps,1ns
786,15,1171,18,400Gbps,1ns
787,8,1092,6,400Gbps,1ns
787,9,1092,7,400Gbps,1ns
787,10,1093,6,400Gbps,1ns
787,11,1093,7,400Gbps,1ns
787,12,1168,19,400Gbps,1ns
787,13,1169,19,400Gbps,1ns
787,14,1170,19,400Gbps,1ns
787,15,1171,19,400Gbps,1ns
788,8,1092,8,400Gbps,1ns
788,9,1092,9,400Gbps,1ns
788,10,1093,8,400Gbps,1ns
788,11,1093,9,400Gbps,1ns
788,12,1168,20,400Gbps,1ns
788,13,1169,20,400Gbps,1ns
788,14,1170,20,400Gbps,1ns
788,15,1171,20,400Gbps,1ns
789,8,1092,10,400Gbps,1ns
789,9,1092,11,400Gbps,1ns
789,10,1093,10,400Gbps,1ns
789,11,1093,11,400Gbps,1ns
789,12,1168,21,400Gbps,1ns
789,13,1169,21,400Gbps,1ns
789,14,1170,21,400Gbps,1ns
789,15,1171,21,400Gbps,1ns
790,8,1092,12,400Gbps,1ns
790,9,1092,13,400Gbps,1ns
790,10,1093,12,400Gbps,1ns
790,11,1093,13,400Gbps,1ns
790,12,1168,22,400Gbps,1ns
790,13,1169,22,400Gbps,1ns
790,14,1170,22,400Gbps,1ns
790,15,1171,22,400Gbps,1ns
791,8,1092,14,400Gbps,1ns
791,9,1092,15,400Gbps,1ns
791,10,1093,14,400Gbps,1ns
791,11,1093,15,400Gbps,1ns
791,12,1168,23,400Gbps,1ns
791,13,1169,23,400Gbps,1ns
791,14,1170,23,400Gbps,1ns
791,15,1171,23,400Gbps,1ns
792,8,1094,0,400Gbps,1ns
792,9,1094,1,400Gbps,1ns
792,10,1095,0,400Gbps,1ns
792,11,1095,1,400Gbps,1ns
792,12,1168,24,400Gbps,1ns
792,13,1169,24,400Gbps,1ns
792,14,1170,24,400Gbps,1ns
792,15,1171,24,400Gbps,1ns
793,8,1094,2,400Gbps,1ns
793,9,1094,3,400Gbps,1ns
793,10,1095,2,400Gbps,1ns
793,11,1095,3,400Gbps,1ns
793,12,1168,25,400Gbps,1ns
793,13,1169,25,400Gbps,1ns
793,14,1170,25,400Gbps,1ns
793,15,1171,25,400Gbps,1ns
794,8,1094,4,400Gbps,1ns
794,9,1094,5,400Gbps,1ns
794,10,1095,4,400Gbps,1ns
794,11,1095,5,400Gbps,1ns
794,12,1168,26,400Gbps,1ns
794,13,1169,26,400Gbps,1ns
794,14,1170,26,400Gbps,1ns
794,15,1171,26,400Gbps,1ns
795,8,1094,6,400Gbps,1ns
795,9,1094,7,400Gbps,1ns
795,10,1095,6,400Gbps,1ns
795,11,1095,7,400Gbps,1ns
795,12,1168,27,400Gbps,1ns
795,13,1169,27,400Gbps,1ns
795,14,1170,27,400Gbps,1ns
795,15,1171,27,400Gbps,1ns
796,8,1094,8,400Gbps,1ns
796,9,1094,9,400Gbps,1ns
796,10,1095,8,400Gbps,1ns
796,11,1095,9,400Gbps,1ns
796,12,1168,28,400Gbps,1ns
796,13,1169,28,400Gbps,1ns
796,14,1170,28,400Gbps,1ns
796,15,1171,28,400Gbps,1ns
797,8,1094,10,400Gbps,1ns
797,9,1094,11,400Gbps,1ns
797,10,1095,10,400Gbps,1ns
797,11,1095,11,400Gbps,1ns
797,12,1168,29,400Gbps,1ns
797,13,1169,29,400Gbps,1ns
797,14,1170,29,400Gbps,1ns
797,15,1171,29,400Gbps,1ns
798,8,1094,12,400Gbps,1ns
798,9,1094,13,400Gbps,1ns
798,10,1095,12,400Gbps,1ns
798,11,1095,13,400Gbps,1ns
798,12,1168,30,400Gbps,1ns
798,13,1169,30,400Gbps,1ns
798,14,1170,30,400Gbps,1ns
798,15,1171,30,400Gbps,1ns
799,8,1094,14,400Gbps,1ns
799,9,1094,15,400Gbps,1ns
799,10,1095,14,400Gbps,1ns
799,11,1095,15,400Gbps,1ns
799,12,1168,31,400Gbps,1ns
799,13,1169,31,400Gbps,1ns
799,14,1170,31,400Gbps,1ns
799,15,1171,31,400Gbps,1ns
800,8,1096,0,400Gbps,1ns
800,9,1096,1,400Gbps,1ns
800,10,1097,0,400Gbps,1ns
800,11,1097,1,400Gbps,1ns
800,12,1168,32,400Gbps,1ns
800,13,1169,32,400Gbps,1ns
800,14,1170,32,400Gbps,1ns
800,15,1171,32,400Gbps,1ns
801,8,1096,2,400Gbps,1ns
801,9,1096,3,400Gbps,1ns
801,10,1097,2,400Gbps,1ns
801,11,1097,3,400Gbps,1ns
801,12,1168,33,400Gbps,1ns
801,13,1169,33,400Gbps,1ns
801,14,1170,33,400Gbps,1ns
801,15,1171,33,400Gbps,1ns
802,8,1096,4,400Gbps,1ns
802,9,1096,5,400Gbps,1ns
802,10,1097,4,400Gbps,1ns
802,11,1097,5,400Gbps,1ns
802,12,1168,34,400Gbps,1ns
802,13,1169,34,400Gbps,1ns
802,14,1170,34,400Gbps,1ns
802,15,1171,34,400Gbps,1ns
803,8,1096,6,400Gbps,1ns
803,9,1096,7,400Gbps,1ns
803,10,1097,6,400Gbps,1ns
803,11,1097,7,400Gbps,1ns
803,12,1168,35,400Gbps,1ns
803,13,1169,35,400Gbps,1ns
803,14,1170,35,400Gbps,1ns
803,15,1171,35,400Gbps,1ns
804,8,1096,8,400Gbps,1ns
804,9,1096,9,400Gbps,1ns
804,10,1097,8,400Gbps,1ns
804,11,1097,9,400Gbps,1ns
804,12,1168,36,400Gbps,1ns
804,13,1169,36,400Gbps,1ns
804,14,1170,36,400Gbps,1ns
804,15,1171,36,400Gbps,1ns
805,8,1096,10,400Gbps,1ns
805,9,1096,11,400Gbps,1ns
805,10,1097,10,400Gbps,1ns
805,11,1097,11,400Gbps,1ns
805,12,1168,37,400Gbps,1ns
805,13,1169,37,400Gbps,1ns
805,14,1170,37,400Gbps,1ns
805,15,1171,37,400Gbps,1ns
806,8,1096,12,400Gbps,1ns
806,9,1096,13,400Gbps,1ns
806,10,1097,12,400Gbps,1ns
806,11,1097,13,400Gbps,1ns
806,12,1168,38,400Gbps,1ns
806,13,1169,38,400Gbps,1ns
806,14,1170,38,400Gbps,1ns
806,15,1171,38,400Gbps,1ns
807,8,1096,14,400Gbps,1ns
807,9,1096,15,400Gbps,1ns
807,10,1097,14,400Gbps,1ns
807,11,1097,15,400Gbps,1ns
807,12,1168,39,400Gbps,1ns
807,13,1169,39,400Gbps,1ns
807,14,1170,39,400Gbps,1ns
807,15,1171,39,400Gbps,1ns
808,8,1098,0,400Gbps,1ns
808,9,1098,1,400Gbps,1ns
808,10,1099,0,400Gbps,1ns
808,11,1099,1,400Gbps,1ns
808,12,1168,40,400Gbps,1ns
808,13,1169,40,400Gbps,1ns
808,14,1170,40,400Gbps,1ns
808,15,1171,40,400Gbps,1ns
809,8,1098,2,400Gbps,1ns
809,9,1098,3,400Gbps,1ns
809,10,1099,2,400Gbps,1ns
809,11,1099,3,400Gbps,1ns
809,12,1168,41,400Gbps,1ns
809,13,1169,41,400Gbps,1ns
809,14,1170,41,400Gbps,1ns
809,15,1171,41,400Gbps,1ns
810,8,1098,4,400Gbps,1ns
810,9,1098,5,400Gbps,1ns
810,10,1099,4,400Gbps,1ns
810,11,1099,5,400Gbps,1ns
810,12,1168,42,400Gbps,1ns
810,13,1169,42,400Gbps,1ns
810,14,1170,42,400Gbps,1ns
810,15,1171,42,400Gbps,1ns
811,8,1098,6,400Gbps,1ns
811,9,1098,7,400Gbps,1ns
811,10,1099,6,400Gbps,1ns
811,11,1099,7,400Gbps,1ns
811,12,1168,43,400Gbps,1ns
811,13,1169,43,400Gbps,1ns
811,14,1170,43,400Gbps,1ns
811,15,1171,43,400Gbps,1ns
812,8,1098,8,400Gbps,1ns
812,9,1098,9,400Gbps,1ns
812,10,1099,8,400Gbps,1ns
812,11,1099,9,400Gbps,1ns
812,12,1168,44,400Gbps,1ns
812,13,1169,44,400Gbps,1ns
812,14,1170,44,400Gbps,1ns
812,15,1171,44,400Gbps,1ns
813,8,1098,10,400Gbps,1ns
813,9,1098,11,400Gbps,1ns
813,10,1099,10,400Gbps,1ns
813,11,1099,11,400Gbps,1ns
813,12,1168,45,400Gbps,1ns
813,13,1169,45,400Gbps,1ns
813,14,1170,45,400Gbps,1ns
813,15,1171,45,400Gbps,1ns
814,8,1098,12,400Gbps,1ns
814,9,1098,13,400Gbps,1ns
814,10,1099,12,400Gbps,1ns
814,11,1099,13,400Gbps,1ns
814,12,1168,46,400Gbps,1ns
814,13,1169,46,400Gbps,1ns
814,14,1170,46,400Gbps,1ns
814,15,1171,46,400Gbps,1ns
815,8,1098,14,400Gbps,1ns
815,9,1098,15,400Gbps,1ns
815,10,1099,14,400Gbps,1ns
815,11,1099,15,400Gbps,1ns
815,12,1168,47,400Gbps,1ns
815,13,1169,47,400Gbps,1ns
815,14,1170,47,400Gbps,1ns
815,15,1171,47,400Gbps,1ns
816,8,1100,0,400Gbps,1ns
816,9,1100,1,400Gbps,1ns
816,10,1101,0,400Gbps,1ns
816,11,1101,1,400Gbps,1ns
816,12,1168,48,400Gbps,1ns
816,13,1169,48,400Gbps,1ns
816,14,1170,48,400Gbps,1ns
816,15,1171,48,400Gbps,1ns
817,8,1100,2,400Gbps,1ns
817,9,1100,3,400Gbps,1ns
817,10,1101,2,400Gbps,1ns
817,11,1101,3,400Gbps,1ns
817,12,1168,49,400Gbps,1ns
817,13,1169,49,400Gbps,1ns
817,14,1170,49,400Gbps,1ns
817,15,1171,49,400Gbps,1ns
818,8,1100,4,400Gbps,1ns
818,9,1100,5,400Gbps,1ns
818,10,1101,4,400Gbps,1ns
818,11,1101,5,400Gbps,1ns
818,12,1168,50,400Gbps,1ns
818,13,1169,50,400Gbps,1ns
818,14,1170,50,400Gbps,1ns
818,15,1171,50,400Gbps,1ns
819,8,1100,6,400Gbps,1ns
819,9,1100,7,400Gbps,1ns
819,10,1101,6,400Gbps,1ns
819,11,1101,7,400Gbps,1ns
819,12,1168,51,400Gbps,1ns
819,13,1169,51,400Gbps,1ns
819,14,1170,51,400Gbps,1ns
819,15,1171,51,400Gbps,1ns
820,8,1100,8,400Gbps,1ns
820,9,1100,9,400Gbps,1ns
820,10,1101,8,400Gbps,1ns
820,11,1101,9,400Gbps,1ns
820,12,1168,52,400Gbps,1ns
820,13,1169,52,400Gbps,1ns
820,14,1170,52,400Gbps,1ns
820,15,1171,52,400Gbps,1ns
821,8,1100,10,400Gbps,1ns
821,9,1100,11,400Gbps,1ns
821,10,1101,10,400Gbps,1ns
821,11,1101,11,400Gbps,1ns
821,12,1168,53,400Gbps,1ns
821,13,1169,53,400Gbps,1ns
821,14,1170,53,400Gbps,1ns
821,15,1171,53,400Gbps,1ns
822,8,1100,12,400Gbps,1ns
822,9,1100,13,400Gbps,1ns
822,10,1101,12,400Gbps,1ns
822,11,1101,13,400Gbps,1ns
822,12,1168,54,400Gbps,1ns
822,13,1169,54,400Gbps,1ns
822,14,1170,54,400Gbps,1ns
822,15,1171,54,400Gbps,1ns
823,8,1100,14,400Gbps,1ns
823,9,1100,15,400Gbps,1ns
823,10,1101,14,400Gbps,1ns
823,11,1101,15,400Gbps,1ns
823,12,1168,55,400Gbps,1ns
823,13,1169,55,400Gbps,1ns
823,14,1170,55,400Gbps,1ns
823,15,1171,55,400Gbps,1ns
824,8,1102,0,400Gbps,1ns
824,9,1102,1,400Gbps,1ns
824,10,1103,0,400Gbps,1ns
824,11,1103,1,400Gbps,1ns
824,12,1168,56,400Gbps,1ns
824,13,1169,56,400Gbps,1ns
824,14,1170,56,400Gbps,1ns
824,15,1171,56,400Gbps,1ns
825,8,1102,2,400Gbps,1ns
825,9,1102,3,400Gbps,1ns
825,10,1103,2,400Gbps,1ns
825,11,1103,3,400Gbps,1ns
825,12,1168,57,400Gbps,1ns
825,13,1169,57,400Gbps,1ns
825,14,1170,57,400Gbps,1ns
825,15,1171,57,400Gbps,1ns
826,8,1102,4,400Gbps,1ns
826,9,1102,5,400Gbps,1ns
826,10,1103,4,400Gbps,1ns
826,11,1103,5,400Gbps,1ns
826,12,1168,58,400Gbps,1ns
826,13,1169,58,400Gbps,1ns
826,14,1170,58,400Gbps,1ns
826,15,1171,58,400Gbps,1ns
827,8,1102,6,400Gbps,1ns
827,9,1102,7,400Gbps,1ns
827,10,1103,6,400Gbps,1ns
827,11,1103,7,400Gbps,1ns
827,12,1168,59,400Gbps,1ns
827,13,1169,59,400Gbps,1ns
827,14,1170,59,400Gbps,1ns
827,15,1171,59,400Gbps,1ns
828,8,1102,8,400Gbps,1ns
828,9,1102,9,400Gbps,1ns
828,10,1103,8,400Gbps,1ns
828,11,1103,9,400Gbps,1ns
828,12,1168,60,400Gbps,1ns
828,13,1169,60,400Gbps,1ns
828,14,1170,60,400Gbps,1ns
828,15,1171,60,400Gbps,1ns
829,8,1102,10,400Gbps,1ns
829,9,1102,11,400Gbps,1ns
829,10,1103,10,400Gbps,1ns
829,11,1103,11,400Gbps,1ns
829,12,1168,61,400Gbps,1ns
829,13,1169,61,400Gbps,1ns
829,14,1170,61,400Gbps,1ns
829,15,1171,61,400Gbps,1ns
830,8,1102,12,400Gbps,1ns
830,9,1102,13,400Gbps,1ns
830,10,1103,12,400Gbps,1ns
830,11,1103,13,400Gbps,1ns
830,12,1168,62,400Gbps,1ns
830,13,1169,62,400Gbps,1ns
830,14,1170,62,400Gbps,1ns
830,15,1171,62,400Gbps,1ns
831,8,1102,14,400Gbps,1ns
831,9,1102,15,400Gbps,1ns
831,10,1103,14,400Gbps,1ns
831,11,1103,15,400Gbps,1ns
831,12,1168,63,400Gbps,1ns
831,13,1169,63,400Gbps,1ns
831,14,1170,63,400Gbps,1ns
831,15,1171,63,400Gbps,1ns
832,8,1104,0,400Gbps,1ns
832,9,1104,1,400Gbps,1ns
832,10,1105,0,400Gbps,1ns
832,11,1105,1,400Gbps,1ns
832,12,1172,0,400Gbps,1ns
832,13,1173,0,400Gbps,1ns
832,14,1174,0,400Gbps,1ns
832,15,1175,0,400Gbps,1ns
833,8,1104,2,400Gbps,1ns
833,9,1104,3,400Gbps,1ns
833,10,1105,2,400Gbps,1ns
833,11,1105,3,400Gbps,1ns
833,12,1172,1,400Gbps,1ns
833,13,1173,1,400Gbps,1ns
833,14,1174,1,400Gbps,1ns
833,15,1175,1,400Gbps,1ns
834,8,1104,4,400Gbps,1ns
834,9,1104,5,400Gbps,1ns
834,10,1105,4,400Gbps,1ns
834,11,1105,5,400Gbps,1ns
834,12,1172,2,400Gbps,1ns
834,13,1173,2,400Gbps,1ns
834,14,1174,2,400Gbps,1ns
834,15,1175,2,400Gbps,1ns
835,8,1104,6,400Gbps,1ns
835,9,1104,7,400Gbps,1ns
835,10,1105,6,400Gbps,1ns
835,11,1105,7,400Gbps,1ns
835,12,1172,3,400Gbps,1ns
835,13,1173,3,400Gbps,1ns
835,14,1174,3,400Gbps,1ns
835,15,1175,3,400Gbps,1ns
836,8,1104,8,400Gbps,1ns
836,9,1104,9,400Gbps,1ns
836,10,1105,8,400Gbps,1ns
836,11,1105,9,400Gbps,1ns
836,12,1172,4,400Gbps,1ns
836,13,1173,4,400Gbps,1ns
836,14,1174,4,400Gbps,1ns
836,15,1175,4,400Gbps,1ns
837,8,1104,10,400Gbps,1ns
837,9,1104,11,400Gbps,1ns
837,10,1105,10,400Gbps,1ns
837,11,1105,11,400Gbps,1ns
837,12,1172,5,400Gbps,1ns
837,13,1173,5,400Gbps,1ns
837,14,1174,5,400Gbps,1ns
837,15,1175,5,400Gbps,1ns
838,8,1104,12,400Gbps,1ns
838,9,1104,13,400Gbps,1ns
838,10,1105,12,400Gbps,1ns
838,11,1105,13,400Gbps,1ns
838,12,1172,6,400Gbps,1ns
838,13,1173,6,400Gbps,1ns
838,14,1174,6,400Gbps,1ns
838,15,1175,6,400Gbps,1ns
839,8,1104,14,400Gbps,1ns
839,9,1104,15,400Gbps,1ns
839,10,1105,14,400Gbps,1ns
839,11,1105,15,400Gbps,1ns
839,12,1172,7,400Gbps,1ns
839,13,1173,7,400Gbps,1ns
839,14,1174,7,400Gbps,1ns
839,15,1175,7,400Gbps,1ns
840,8,1106,0,400Gbps,1ns
840,9,1106,1,400Gbps,1ns
840,10,1107,0,400Gbps,1ns
840,11,1107,1,400Gbps,1ns
840,12,1172,8,400Gbps,1ns
840,13,1173,8,400Gbps,1ns
840,14,1174,8,400Gbps,1ns
840,15,1175,8,400Gbps,1ns
841,8,1106,2,400Gbps,1ns
841,9,1106,3,400Gbps,1ns
841,10,1107,2,400Gbps,1ns
841,11,1107,3,400Gbps,1ns
841,12,1172,9,400Gbps,1ns
841,13,1173,9,400Gbps,1ns
841,14,1174,9,400Gbps,1ns
841,15,1175,9,400Gbps,1ns
842,8,1106,4,400Gbps,1ns
842,9,1106,5,400Gbps,1ns
842,10,1107,4,400Gbps,1ns
842,11,1107,5,400Gbps,1ns
842,12,1172,10,400Gbps,1ns
842,13,1173,10,400Gbps,1ns
842,14,1174,10,400Gbps,1ns
842,15,1175,10,400Gbps,1ns
843,8,1106,6,400Gbps,1ns
843,9,1106,7,400Gbps,1ns
843,10,1107,6,400Gbps,1ns
843,11,1107,7,400Gbps,1ns
843,12,1172,11,400Gbps,1ns
843,13,1173,11,400Gbps,1ns
843,14,1174,11,400Gbps,1ns
843,15,1175,11,400Gbps,1ns
844,8,1106,8,400Gbps,1ns
844,9,1106,9,400Gbps,1ns
844,10,1107,8,400Gbps,1ns
844,11,1107,9,400Gbps,1ns
844,12,1172,12,400Gbps,1ns
844,13,1173,12,400Gbps,1ns
844,14,1174,12,400Gbps,1ns
844,15,1175,12,400Gbps,1ns
845,8,1106,10,400Gbps,1ns
845,9,1106,11,400Gbps,1ns
845,10,1107,10,400Gbps,1ns
845,11,1107,11,400Gbps,1ns
845,12,1172,13,400Gbps,1ns
845,13,1173,13,400Gbps,1ns
845,14,1174,13,400Gbps,1ns
845,15,1175,13,400Gbps,1ns
846,8,1106,12,400Gbps,1ns
846,9,1106,13,400Gbps,1ns
846,10,1107,12,400Gbps,1ns
846,11,1107,13,400Gbps,1ns
846,12,1172,14,400Gbps,1ns
846,13,1173,14,400Gbps,1ns
846,14,1174,14,400Gbps,1ns
846,15,1175,14,400Gbps,1ns
847,8,1106,14,400Gbps,1ns
847,9,1106,15,400Gbps,1ns
847,10,1107,14,400Gbps,1ns
847,11,1107,15,400Gbps,1ns
847,12,1172,15,400Gbps,1ns
847,13,1173,15,400Gbps,1ns
847,14,1174,15,400Gbps,1ns
847,15,1175,15,400Gbps,1ns
848,8,1108,0,400Gbps,1ns
848,9,1108,1,400Gbps,1ns
848,10,1109,0,400Gbps,1ns
848,11,1109,1,400Gbps,1ns
848,12,1172,16,400Gbps,1ns
848,13,1173,16,400Gbps,1ns
848,14,1174,16,400Gbps,1ns
848,15,1175,16,400Gbps,1ns
849,8,1108,2,400Gbps,1ns
849,9,1108,3,400Gbps,1ns
849,10,1109,2,400Gbps,1ns
849,11,1109,3,400Gbps,1ns
849,12,1172,17,400Gbps,1ns
849,13,1173,17,400Gbps,1ns
849,14,1174,17,400Gbps,1ns
849,15,1175,17,400Gbps,1ns
850,8,1108,4,400Gbps,1ns
850,9,1108,5,400Gbps,1ns
850,10,1109,4,400Gbps,1ns
850,11,1109,5,400Gbps,1ns
850,12,1172,18,400Gbps,1ns
850,13,1173,18,400Gbps,1ns
850,14,1174,18,400Gbps,1ns
850,15,1175,18,400Gbps,1ns
851,8,1108,6,400Gbps,1ns
851,9,1108,7,400Gbps,1ns
851,10,1109,6,400Gbps,1ns
851,11,1109,7,400Gbps,1ns
851,12,1172,19,400Gbps,1ns
851,13,1173,19,400Gbps,1ns
851,14,1174,19,400Gbps,1ns
851,15,1175,19,400Gbps,1ns
852,8,1108,8,400Gbps,1ns
852,9,1108,9,400Gbps,1ns
852,10,1109,8,400Gbps,1ns
852,11,1109,9,400Gbps,1ns
852,12,1172,20,400Gbps,1ns
852,13,1173,20,400Gbps,1ns
852,14,1174,20,400Gbps,1ns
852,15,1175,20,400Gbps,1ns
853,8,1108,10,400Gbps,1ns
853,9,1108,11,400Gbps,1ns
853,10,1109,10,400Gbps,1ns
853,11,1109,11,400Gbps,1ns
853,12,1172,21,400Gbps,1ns
853,13,1173,21,400Gbps,1ns
853,14,1174,21,400Gbps,1ns
853,15,1175,21,400Gbps,1ns
854,8,1108,12,400Gbps,1ns
854,9,1108,13,400Gbps,1ns
854,10,1109,12,400Gbps,1ns
854,11,1109,13,400Gbps,1ns
854,12,1172,22,400Gbps,1ns
854,13,1173,22,400Gbps,1ns
854,14,1174,22,400Gbps,1ns
854,15,1175,22,400Gbps,1ns
855,8,1108,14,400Gbps,1ns
855,9,1108,15,400Gbps,1ns
855,10,1109,14,400Gbps,1ns
855,11,1109,15,400Gbps,1ns
855,12,1172,23,400Gbps,1ns
855,13,1173,23,400Gbps,1ns
855,14,1174,23,400Gbps,1ns
855,15,1175,23,400Gbps,1ns
856,8,1110,0,400Gbps,1ns
856,9,1110,1,400Gbps,1ns
856,10,1111,0,400Gbps,1ns
856,11,1111,1,400Gbps,1ns
856,12,1172,24,400Gbps,1ns
856,13,1173,24,400Gbps,1ns
856,14,1174,24,400Gbps,1ns
856,15,1175,24,400Gbps,1ns
857,8,1110,2,400Gbps,1ns
857,9,1110,3,400Gbps,1ns
857,10,1111,2,400Gbps,1ns
857,11,1111,3,400Gbps,1ns
857,12,1172,25,400Gbps,1ns
857,13,1173,25,400Gbps,1ns
857,14,1174,25,400Gbps,1ns
857,15,1175,25,400Gbps,1ns
858,8,1110,4,400Gbps,1ns
858,9,1110,5,400Gbps,1ns
858,10,1111,4,400Gbps,1ns
858,11,1111,5,400Gbps,1ns
858,12,1172,26,400Gbps,1ns
858,13,1173,26,400Gbps,1ns
858,14,1174,26,400Gbps,1ns
858,15,1175,26,400Gbps,1ns
859,8,1110,6,400Gbps,1ns
859,9,1110,7,400Gbps,1ns
859,10,1111,6,400Gbps,1ns
859,11,1111,7,400Gbps,1ns
859,12,1172,27,400Gbps,1ns
859,13,1173,27,400Gbps,1ns
859,14,1174,27,400Gbps,1ns
859,15,1175,27,400Gbps,1ns
860,8,1110,8,400Gbps,1ns
860,9,1110,9,400Gbps,1ns
860,10,1111,8,400Gbps,1ns
860,11,1111,9,400Gbps,1ns
860,12,1172,28,400Gbps,1ns
860,13,1173,28,400Gbps,1ns
860,14,1174,28,400Gbps,1ns
860,15,1175,28,400Gbps,1ns
861,8,1110,10,400Gbps,1ns
861,9,1110,11,400Gbps,1ns
861,10,1111,10,400Gbps,1ns
861,11,1111,11,400Gbps,1ns
861,12,1172,29,400Gbps,1ns
861,13,1173,29,400Gbps,1ns
861,14,1174,29,400Gbps,1ns
861,15,1175,29,400Gbps,1ns
862,8,1110,12,400Gbps,1ns
862,9,1110,13,400Gbps,1ns
862,10,1111,12,400Gbps,1ns
862,11,1111,13,400Gbps,1ns
862,12,1172,30,400Gbps,1ns
862,13,1173,30,400Gbps,1ns
862,14,1174,30,400Gbps,1ns
862,15,1175,30,400Gbps,1ns
863,8,1110,14,400Gbps,1ns
863,9,1110,15,400Gbps,1ns
863,10,1111,14,400Gbps,1ns
863,11,1111,15,400Gbps,1ns
863,12,1172,31,400Gbps,1ns
863,13,1173,31,400Gbps,1ns
863,14,1174,31,400Gbps,1ns
863,15,1175,31,400Gbps,1ns
864,8,1112,0,400Gbps,1ns
864,9,1112,1,400Gbps,1ns
864,10,1113,0,400Gbps,1ns
864,11,1113,1,400Gbps,1ns
864,12,1172,32,400Gbps,1ns
864,13,1173,32,400Gbps,1ns
864,14,1174,32,400Gbps,1ns
864,15,1175,32,400Gbps,1ns
865,8,1112,2,400Gbps,1ns
865,9,1112,3,400Gbps,1ns
865,10,1113,2,400Gbps,1ns
865,11,1113,3,400Gbps,1ns
865,12,1172,33,400Gbps,1ns
865,13,1173,33,400Gbps,1ns
865,14,1174,33,400Gbps,1ns
865,15,1175,33,400Gbps,1ns
866,8,1112,4,400Gbps,1ns
866,9,1112,5,400Gbps,1ns
866,10,1113,4,400Gbps,1ns
866,11,1113,5,400Gbps,1ns
866,12,1172,34,400Gbps,1ns
866,13,1173,34,400Gbps,1ns
866,14,1174,34,400Gbps,1ns
866,15,1175,34,400Gbps,1ns
867,8,1112,6,400Gbps,1ns
867,9,1112,7,400Gbps,1ns
867,10,1113,6,400Gbps,1ns
867,11,1113,7,400Gbps,1ns
867,12,1172,35,400Gbps,1ns
867,13,1173,35,400Gbps,1ns
867,14,1174,35,400Gbps,1ns
867,15,1175,35,400Gbps,1ns
868,8,1112,8,400Gbps,1ns
868,9,1112,9,400Gbps,1ns
868,10,1113,8,400Gbps,1ns
868,11,1113,9,400Gbps,1ns
868,12,1172,36,400Gbps,1ns
868,13,1173,36,400Gbps,1ns
868,14,1174,36,400Gbps,1ns
868,15,1175,36,400Gbps,1ns
869,8,1112,10,400Gbps,1ns
869,9,1112,11,400Gbps,1ns
869,10,1113,10,400Gbps,1ns
869,11,1113,11,400Gbps,1ns
869,12,1172,37,400Gbps,1ns
869,13,1173,37,400Gbps,1ns
869,14,1174,37,400Gbps,1ns
869,15,1175,37,400Gbps,1ns
870,8,1112,12,400Gbps,1ns
870,9,1112,13,400Gbps,1ns
870,10,1113,12,400Gbps,1ns
870,11,1113,13,400Gbps,1ns
870,12,1172,38,400Gbps,1ns
870,13,1173,38,400Gbps,1ns
870,14,1174,38,400Gbps,1ns
870,15,1175,38,400Gbps,1ns
871,8,1112,14,400Gbps,1ns
871,9,1112,15,400Gbps,1ns
871,10,1113,14,400Gbps,1ns
871,11,1113,15,400Gbps,1ns
871,12,1172,39,400Gbps,1ns
871,13,1173,39,400Gbps,1ns
871,14,1174,39,400Gbps,1ns
871,15,1175,39,400Gbps,1ns
872,8,1114,0,400Gbps,1ns
872,9,1114,1,400Gbps,1ns
872,10,1115,0,400Gbps,1ns
872,11,1115,1,400Gbps,1ns
872,12,1172,40,400Gbps,1ns
872,13,1173,40,400Gbps,1ns
872,14,1174,40,400Gbps,1ns
872,15,1175,40,400Gbps,1ns
873,8,1114,2,400Gbps,1ns
873,9,1114,3,400Gbps,1ns
873,10,1115,2,400Gbps,1ns
873,11,1115,3,400Gbps,1ns
873,12,1172,41,400Gbps,1ns
873,13,1173,41,400Gbps,1ns
873,14,1174,41,400Gbps,1ns
873,15,1175,41,400Gbps,1ns
874,8,1114,4,400Gbps,1ns
874,9,1114,5,400Gbps,1ns
874,10,1115,4,400Gbps,1ns
874,11,1115,5,400Gbps,1ns
874,12,1172,42,400Gbps,1ns
874,13,1173,42,400Gbps,1ns
874,14,1174,42,400Gbps,1ns
874,15,1175,42,400Gbps,1ns
875,8,1114,6,400Gbps,1ns
875,9,1114,7,400Gbps,1ns
875,10,1115,6,400Gbps,1ns
875,11,1115,7,400Gbps,1ns
875,12,1172,43,400Gbps,1ns
875,13,1173,43,400Gbps,1ns
875,14,1174,43,400Gbps,1ns
875,15,1175,43,400Gbps,1ns
876,8,1114,8,400Gbps,1ns
876,9,1114,9,400Gbps,1ns
876,10,1115,8,400Gbps,1ns
876,11,1115,9,400Gbps,1ns
876,12,1172,44,400Gbps,1ns
876,13,1173,44,400Gbps,1ns
876,14,1174,44,400Gbps,1ns
876,15,1175,44,400Gbps,1ns
877,8,1114,10,400Gbps,1ns
877,9,1114,11,400Gbps,1ns
877,10,1115,10,400Gbps,1ns
877,11,1115,11,400Gbps,1ns
877,12,1172,45,400Gbps,1ns
877,13,1173,45,400Gbps,1ns
877,14,1174,45,400Gbps,1ns
877,15,1175,45,400Gbps,1ns
878,8,1114,12,400Gbps,1ns
878,9,1114,13,400Gbps,1ns
878,10,1115,12,400Gbps,1ns
878,11,1115,13,400Gbps,1ns
878,12,1172,46,400Gbps,1ns
878,13,1173,46,400Gbps,1ns
878,14,1174,46,400Gbps,1ns
878,15,1175,46,400Gbps,1ns
879,8,1114,14,400Gbps,1ns
879,9,1114,15,400Gbps,1ns
879,10,1115,14,400Gbps,1ns
879,11,1115,15,400Gbps,1ns
879,12,1172,47,400Gbps,1ns
879,13,1173,47,400Gbps,1ns
879,14,1174,47,400Gbps,1ns
879,15,1175,47,400Gbps,1ns
880,8,1116,0,400Gbps,1ns
880,9,1116,1,400Gbps,1ns
880,10,1117,0,400Gbps,1ns
880,11,1117,1,400Gbps,1ns
880,12,1172,48,400Gbps,1ns
880,13,1173,48,400Gbps,1ns
880,14,1174,48,400Gbps,1ns
880,15,1175,48,400Gbps,1ns
881,8,1116,2,400Gbps,1ns
881,9,1116,3,400Gbps,1ns
881,10,1117,2,400Gbps,1ns
881,11,1117,3,400Gbps,1ns
881,12,1172,49,400Gbps,1ns
881,13,1173,49,400Gbps,1ns
881,14,1174,49,400Gbps,1ns
881,15,1175,49,400Gbps,1ns
882,8,1116,4,400Gbps,1ns
882,9,1116,5,400Gbps,1ns
882,10,1117,4,400Gbps,1ns
882,11,1117,5,400Gbps,1ns
882,12,1172,50,400Gbps,1ns
882,13,1173,50,400Gbps,1ns
882,14,1174,50,400Gbps,1ns
882,15,1175,50,400Gbps,1ns
883,8,1116,6,400Gbps,1ns
883,9,1116,7,400Gbps,1ns
883,10,1117,6,400Gbps,1ns
883,11,1117,7,400Gbps,1ns
883,12,1172,51,400Gbps,1ns
883,13,1173,51,400Gbps,1ns
883,14,1174,51,400Gbps,1ns
883,15,1175,51,400Gbps,1ns
884,8,1116,8,400Gbps,1ns
884,9,1116,9,400Gbps,1ns
884,10,1117,8,400Gbps,1ns
884,11,1117,9,400Gbps,1ns
884,12,1172,52,400Gbps,1ns
884,13,1173,52,400Gbps,1ns
884,14,1174,52,400Gbps,1ns
884,15,1175,52,400Gbps,1ns
885,8,1116,10,400Gbps,1ns
885,9,1116,11,400Gbps,1ns
885,10,1117,10,400Gbps,1ns
885,11,1117,11,400Gbps,1ns
885,12,1172,53,400Gbps,1ns
885,13,1173,53,400Gbps,1ns
885,14,1174,53,400Gbps,1ns
885,15,1175,53,400Gbps,1ns
886,8,1116,12,400Gbps,1ns
886,9,1116,13,400Gbps,1ns
886,10,1117,12,400Gbps,1ns
886,11,1117,13,400Gbps,1ns
886,12,1172,54,400Gbps,1ns
886,13,1173,54,400Gbps,1ns
886,14,1174,54,400Gbps,1ns
886,15,1175,54,400Gbps,1ns
887,8,1116,14,400Gbps,1ns
887,9,1116,15,400Gbps,1ns
887,10,1117,14,400Gbps,1ns
887,11,1117,15,400Gbps,1ns
887,12,1172,55,400Gbps,1ns
887,13,1173,55,400Gbps,1ns
887,14,1174,55,400Gbps,1ns
887,15,1175,55,400Gbps,1ns
888,8,1118,0,400Gbps,1ns
888,9,1118,1,400Gbps,1ns
888,10,1119,0,400Gbps,1ns
888,11,1119,1,400Gbps,1ns
888,12,1172,56,400Gbps,1ns
888,13,1173,56,400Gbps,1ns
888,14,1174,56,400Gbps,1ns
888,15,1175,56,400Gbps,1ns
889,8,1118,2,400Gbps,1ns
889,9,1118,3,400Gbps,1ns
889,10,1119,2,400Gbps,1ns
889,11,1119,3,400Gbps,1ns
889,12,1172,57,400Gbps,1ns
889,13,1173,57,400Gbps,1ns
889,14,1174,57,400Gbps,1ns
889,15,1175,57,400Gbps,1ns
890,8,1118,4,400Gbps,1ns
890,9,1118,5,400Gbps,1ns
890,10,1119,4,400Gbps,1ns
890,11,1119,5,400Gbps,1ns
890,12,1172,58,400Gbps,1ns
890,13,1173,58,400Gbps,1ns
890,14,1174,58,400Gbps,1ns
890,15,1175,58,400Gbps,1ns
891,8,1118,6,400Gbps,1ns
891,9,1118,7,400Gbps,1ns
891,10,1119,6,400Gbps,1ns
891,11,1119,7,400Gbps,1ns
891,12,1172,59,400Gbps,1ns
891,13,1173,59,400Gbps,1ns
891,14,1174,59,400Gbps,1ns
891,15,1175,59,400Gbps,1ns
892,8,1118,8,400Gbps,1ns
892,9,1118,9,400Gbps,1ns
892,10,1119,8,400Gbps,1ns
892,11,1119,9,400Gbps,1ns
892,12,1172,60,400Gbps,1ns
892,13,1173,60,400Gbps,1ns
892,14,1174,60,400Gbps,1ns
892,15,1175,60,400Gbps,1ns
893,8,1118,10,400Gbps,1ns
893,9,1118,11,400Gbps,1ns
893,10,1119,10,400Gbps,1ns
893,11,1119,11,400Gbps,1ns
893,12,1172,61,400Gbps,1ns
893,13,1173,61,400Gbps,1ns
893,14,1174,61,400Gbps,1ns
893,15,1175,61,400Gbps,1ns
894,8,1118,12,400Gbps,1ns
894,9,1118,13,400Gbps,1ns
894,10,1119,12,400Gbps,1ns
894,11,1119,13,400Gbps,1ns
894,12,1172,62,400Gbps,1ns
894,13,1173,62,400Gbps,1ns
894,14,1174,62,400Gbps,1ns
894,15,1175,62,400Gbps,1ns
895,8,1118,14,400Gbps,1ns
895,9,1118,15,400Gbps,1ns
895,10,1119,14,400Gbps,1ns
895,11,1119,15,400Gbps,1ns
895,12,1172,63,400Gbps,1ns
895,13,1173,63,400Gbps,1ns
895,14,1174,63,400Gbps,1ns
895,15,1175,63,400Gbps,1ns
896,8,1120,0,400Gbps,1ns
896,9,1120,1,400Gbps,1ns
896,10,1121,0,400Gbps,1ns
896,11,1121,1,400Gbps,1ns
896,12,1176,0,400Gbps,1ns
896,13,1177,0,400Gbps,1ns
896,14,1178,0,400Gbps,1ns
896,15,1179,0,400Gbps,1ns
897,8,1120,2,400Gbps,1ns
897,9,1120,3,400Gbps,1ns
897,10,1121,2,400Gbps,1ns
897,11,1121,3,400Gbps,1ns
897,12,1176,1,400Gbps,1ns
897,13,1177,1,400Gbps,1ns
897,14,1178,1,400Gbps,1ns
897,15,1179,1,400Gbps,1ns
898,8,1120,4,400Gbps,1ns
898,9,1120,5,400Gbps,1ns
898,10,1121,4,400Gbps,1ns
898,11,1121,5,400Gbps,1ns
898,12,1176,2,400Gbps,1ns
898,13,1177,2,400Gbps,1ns
898,14,1178,2,400Gbps,1ns
898,15,1179,2,400Gbps,1ns
899,8,1120,6,400Gbps,1ns
899,9,1120,7,400Gbps,1ns
899,10,1121,6,400Gbps,1ns
899,11,1121,7,400Gbps,1ns
899,12,1176,3,400Gbps,1ns
899,13,1177,3,400Gbps,1ns
899,14,1178,3,400Gbps,1ns
899,15,1179,3,400Gbps,1ns
900,8,1120,8,400Gbps,1ns
900,9,1120,9,400Gbps,1ns
900,10,1121,8,400Gbps,1ns
900,11,1121,9,400Gbps,1ns
900,12,1176,4,400Gbps,1ns
900,13,1177,4,400Gbps,1ns
900,14,1178,4,400Gbps,1ns
900,15,1179,4,400Gbps,1ns
901,8,1120,10,400Gbps,1ns
901,9,1120,11,400Gbps,1ns
901,10,1121,10,400Gbps,1ns
901,11,1121,11,400Gbps,1ns
901,12,1176,5,400Gbps,1ns
901,13,1177,5,400Gbps,1ns
901,14,1178,5,400Gbps,1ns
901,15,1179,5,400Gbps,1ns
902,8,1120,12,400Gbps,1ns
902,9,1120,13,400Gbps,1ns
902,10,1121,12,400Gbps,1ns
902,11,1121,13,400Gbps,1ns
902,12,1176,6,400Gbps,1ns
902,13,1177,6,400Gbps,1ns
902,14,1178,6,400Gbps,1ns
902,15,1179,6,400Gbps,1ns
903,8,1120,14,400Gbps,1ns
903,9,1120,15,400Gbps,1ns
903,10,1121,14,400Gbps,1ns
903,11,1121,15,400Gbps,1ns
903,12,1176,7,400Gbps,1ns
903,13,1177,7,400Gbps,1ns
903,14,1178,7,400Gbps,1ns
903,15,1179,7,400Gbps,1ns
904,8,1122,0,400Gbps,1ns
904,9,1122,1,400Gbps,1ns
904,10,1123,0,400Gbps,1ns
904,11,1123,1,400Gbps,1ns
904,12,1176,8,400Gbps,1ns
904,13,1177,8,400Gbps,1ns
904,14,1178,8,400Gbps,1ns
904,15,1179,8,400Gbps,1ns
905,8,1122,2,400Gbps,1ns
905,9,1122,3,400Gbps,1ns
905,10,1123,2,400Gbps,1ns
905,11,1123,3,400Gbps,1ns
905,12,1176,9,400Gbps,1ns
905,13,1177,9,400Gbps,1ns
905,14,1178,9,400Gbps,1ns
905,15,1179,9,400Gbps,1ns
906,8,1122,4,400Gbps,1ns
906,9,1122,5,400Gbps,1ns
906,10,1123,4,400Gbps,1ns
906,11,1123,5,400Gbps,1ns
906,12,1176,10,400Gbps,1ns
906,13,1177,10,400Gbps,1ns
906,14,1178,10,400Gbps,1ns
906,15,1179,10,400Gbps,1ns
907,8,1122,6,400Gbps,1ns
907,9,1122,7,400Gbps,1ns
907,10,1123,6,400Gbps,1ns
907,11,1123,7,400Gbps,1ns
907,12,1176,11,400Gbps,1ns
907,13,1177,11,400Gbps,1ns
907,14,1178,11,400Gbps,1ns
907,15,1179,11,400Gbps,1ns
908,8,1122,8,400Gbps,1ns
908,9,1122,9,400Gbps,1ns
908,10,1123,8,400Gbps,1ns
908,11,1123,9,400Gbps,1ns
908,12,1176,12,400Gbps,1ns
908,13,1177,12,400Gbps,1ns
908,14,1178,12,400Gbps,1ns
908,15,1179,12,400Gbps,1ns
909,8,1122,10,400Gbps,1ns
909,9,1122,11,400Gbps,1ns
909,10,1123,10,400Gbps,1ns
909,11,1123,11,400Gbps,1ns
909,12,1176,13,400Gbps,1ns
909,13,1177,13,400Gbps,1ns
909,14,1178,13,400Gbps,1ns
909,15,1179,13,400Gbps,1ns
910,8,1122,12,400Gbps,1ns
910,9,1122,13,400Gbps,1ns
910,10,1123,12,400Gbps,1ns
910,11,1123,13,400Gbps,1ns
910,12,1176,14,400Gbps,1ns
910,13,1177,14,400Gbps,1ns
910,14,1178,14,400Gbps,1ns
910,15,1179,14,400Gbps,1ns
911,8,1122,14,400Gbps,1ns
911,9,1122,15,400Gbps,1ns
911,10,1123,14,400Gbps,1ns
911,11,1123,15,400Gbps,1ns
911,12,1176,15,400Gbps,1ns
911,13,1177,15,400Gbps,1ns
911,14,1178,15,400Gbps,1ns
911,15,1179,15,400Gbps,1ns
912,8,1124,0,400Gbps,1ns
912,9,1124,1,400Gbps,1ns
912,10,1125,0,400Gbps,1ns
912,11,1125,1,400Gbps,1ns
912,12,1176,16,400Gbps,1ns
912,13,1177,16,400Gbps,1ns
912,14,1178,16,400Gbps,1ns
912,15,1179,16,400Gbps,1ns
913,8,1124,2,400Gbps,1ns
913,9,1124,3,400Gbps,1ns
913,10,1125,2,400Gbps,1ns
913,11,1125,3,400Gbps,1ns
913,12,1176,17,400Gbps,1ns
913,13,1177,17,400Gbps,1ns
913,14,1178,17,400Gbps,1ns
913,15,1179,17,400Gbps,1ns
914,8,1124,4,400Gbps,1ns
914,9,1124,5,400Gbps,1ns
914,10,1125,4,400Gbps,1ns
914,11,1125,5,400Gbps,1ns
914,12,1176,18,400Gbps,1ns
914,13,1177,18,400Gbps,1ns
914,14,1178,18,400Gbps,1ns
914,15,1179,18,400Gbps,1ns
915,8,1124,6,400Gbps,1ns
915,9,1124,7,400Gbps,1ns
915,10,1125,6,400Gbps,1ns
915,11,1125,7,400Gbps,1ns
915,12,1176,19,400Gbps,1ns
915,13,1177,19,400Gbps,1ns
915,14,1178,19,400Gbps,1ns
915,15,1179,19,400Gbps,1ns
916,8,1124,8,400Gbps,1ns
916,9,1124,9,400Gbps,1ns
916,10,1125,8,400Gbps,1ns
916,11,1125,9,400Gbps,1ns
916,12,1176,20,400Gbps,1ns
916,13,1177,20,400Gbps,1ns
916,14,1178,20,400Gbps,1ns
916,15,1179,20,400Gbps,1ns
917,8,1124,10,400Gbps,1ns
917,9,1124,11,400Gbps,1ns
917,10,1125,10,400Gbps,1ns
917,11,1125,11,400Gbps,1ns
917,12,1176,21,400Gbps,1ns
917,13,1177,21,400Gbps,1ns
917,14,1178,21,400Gbps,1ns
917,15,1179,21,400Gbps,1ns
918,8,1124,12,400Gbps,1ns
918,9,1124,13,400Gbps,1ns
918,10,1125,12,400Gbps,1ns
918,11,1125,13,400Gbps,1ns
918,12,1176,22,400Gbps,1ns
918,13,1177,22,400Gbps,1ns
918,14,1178,22,400Gbps,1ns
918,15,1179,22,400Gbps,1ns
919,8,1124,14,400Gbps,1ns
919,9,1124,15,400Gbps,1ns
919,10,1125,14,400Gbps,1ns
919,11,1125,15,400Gbps,1ns
919,12,1176,23,400Gbps,1ns
919,13,1177,23,400Gbps,1ns
919,14,1178,23,400Gbps,1ns
919,15,1179,23,400Gbps,1ns
920,8,1126,0,400Gbps,1ns
920,9,1126,1,400Gbps,1ns
920,10,1127,0,400Gbps,1ns
920,11,1127,1,400Gbps,1ns
920,12,1176,24,400Gbps,1ns
920,13,1177,24,400Gbps,1ns
920,14,1178,24,400Gbps,1ns
920,15,1179,24,400Gbps,1ns
921,8,1126,2,400Gbps,1ns
921,9,1126,3,400Gbps,1ns
921,10,1127,2,400Gbps,1ns
921,11,1127,3,400Gbps,1ns
921,12,1176,25,400Gbps,1ns
921,13,1177,25,400Gbps,1ns
921,14,1178,25,400Gbps,1ns
921,15,1179,25,400Gbps,1ns
922,8,1126,4,400Gbps,1ns
922,9,1126,5,400Gbps,1ns
922,10,1127,4,400Gbps,1ns
922,11,1127,5,400Gbps,1ns
922,12,1176,26,400Gbps,1ns
922,13,1177,26,400Gbps,1ns
922,14,1178,26,400Gbps,1ns
922,15,1179,26,400Gbps,1ns
923,8,1126,6,400Gbps,1ns
923,9,1126,7,400Gbps,1ns
923,10,1127,6,400Gbps,1ns
923,11,1127,7,400Gbps,1ns
923,12,1176,27,400Gbps,1ns
923,13,1177,27,400Gbps,1ns
923,14,1178,27,400Gbps,1ns
923,15,1179,27,400Gbps,1ns
924,8,1126,8,400Gbps,1ns
924,9,1126,9,400Gbps,1ns
924,10,1127,8,400Gbps,1ns
924,11,1127,9,400Gbps,1ns
924,12,1176,28,400Gbps,1ns
924,13,1177,28,400Gbps,1ns
924,14,1178,28,400Gbps,1ns
924,15,1179,28,400Gbps,1ns
925,8,1126,10,400Gbps,1ns
925,9,1126,11,400Gbps,1ns
925,10,1127,10,400Gbps,1ns
925,11,1127,11,400Gbps,1ns
925,12,1176,29,400Gbps,1ns
925,13,1177,29,400Gbps,1ns
925,14,1178,29,400Gbps,1ns
925,15,1179,29,400Gbps,1ns
926,8,1126,12,400Gbps,1ns
926,9,1126,13,400Gbps,1ns
926,10,1127,12,400Gbps,1ns
926,11,1127,13,400Gbps,1ns
926,12,1176,30,400Gbps,1ns
926,13,1177,30,400Gbps,1ns
926,14,1178,30,400Gbps,1ns
926,15,1179,30,400Gbps,1ns
927,8,1126,14,400Gbps,1ns
927,9,1126,15,400Gbps,1ns
927,10,1127,14,400Gbps,1ns
927,11,1127,15,400Gbps,1ns
927,12,1176,31,400Gbps,1ns
927,13,1177,31,400Gbps,1ns
927,14,1178,31,400Gbps,1ns
927,15,1179,31,400Gbps,1ns
928,8,1128,0,400Gbps,1ns
928,9,1128,1,400Gbps,1ns
928,10,1129,0,400Gbps,1ns
928,11,1129,1,400Gbps,1ns
928,12,1176,32,400Gbps,1ns
928,13,1177,32,400Gbps,1ns
928,14,1178,32,400Gbps,1ns
928,15,1179,32,400Gbps,1ns
929,8,1128,2,400Gbps,1ns
929,9,1128,3,400Gbps,1ns
929,10,1129,2,400Gbps,1ns
929,11,1129,3,400Gbps,1ns
929,12,1176,33,400Gbps,1ns
929,13,1177,33,400Gbps,1ns
929,14,1178,33,400Gbps,1ns
929,15,1179,33,400Gbps,1ns
930,8,1128,4,400Gbps,1ns
930,9,1128,5,400Gbps,1ns
930,10,1129,4,400Gbps,1ns
930,11,1129,5,400Gbps,1ns
930,12,1176,34,400Gbps,1ns
930,13,1177,34,400Gbps,1ns
930,14,1178,34,400Gbps,1ns
930,15,1179,34,400Gbps,1ns
931,8,1128,6,400Gbps,1ns
931,9,1128,7,400Gbps,1ns
931,10,1129,6,400Gbps,1ns
931,11,1129,7,400Gbps,1ns
931,12,1176,35,400Gbps,1ns
931,13,1177,35,400Gbps,1ns
931,14,1178,35,400Gbps,1ns
931,15,1179,35,400Gbps,1ns
932,8,1128,8,400Gbps,1ns
932,9,1128,9,400Gbps,1ns
932,10,1129,8,400Gbps,1ns
932,11,1129,9,400Gbps,1ns
932,12,1176,36,400Gbps,1ns
932,13,1177,36,400Gbps,1ns
932,14,1178,36,400Gbps,1ns
932,15,1179,36,400Gbps,1ns
933,8,1128,10,400Gbps,1ns
933,9,1128,11,400Gbps,1ns
933,10,1129,10,400Gbps,1ns
933,11,1129,11,400Gbps,1ns
933,12,1176,37,400Gbps,1ns
933,13,1177,37,400Gbps,1ns
933,14,1178,37,400Gbps,1ns
933,15,1179,37,400Gbps,1ns
934,8,1128,12,400Gbps,1ns
934,9,1128,13,400Gbps,1ns
934,10,1129,12,400Gbps,1ns
934,11,1129,13,400Gbps,1ns
934,12,1176,38,400Gbps,1ns
934,13,1177,38,400Gbps,1ns
934,14,1178,38,400Gbps,1ns
934,15,1179,38,400Gbps,1ns
935,8,1128,14,400Gbps,1ns
935,9,1128,15,400Gbps,1ns
935,10,1129,14,400Gbps,1ns
935,11,1129,15,400Gbps,1ns
935,12,1176,39,400Gbps,1ns
935,13,1177,39,400Gbps,1ns
935,14,1178,39,400Gbps,1ns
935,15,1179,39,400Gbps,1ns
936,8,1130,0,400Gbps,1ns
936,9,1130,1,400Gbps,1ns
936,10,1131,0,400Gbps,1ns
936,11,1131,1,400Gbps,1ns
936,12,1176,40,400Gbps,1ns
936,13,1177,40,400Gbps,1ns
936,14,1178,40,400Gbps,1ns
936,15,1179,40,400Gbps,1ns
937,8,1130,2,400Gbps,1ns
937,9,1130,3,400Gbps,1ns
937,10,1131,2,400Gbps,1ns
937,11,1131,3,400Gbps,1ns
937,12,1176,41,400Gbps,1ns
937,13,1177,41,400Gbps,1ns
937,14,1178,41,400Gbps,1ns
937,15,1179,41,400Gbps,1ns
938,8,1130,4,400Gbps,1ns
938,9,1130,5,400Gbps,1ns
938,10,1131,4,400Gbps,1ns
938,11,1131,5,400Gbps,1ns
938,12,1176,42,400Gbps,1ns
938,13,1177,42,400Gbps,1ns
938,14,1178,42,400Gbps,1ns
938,15,1179,42,400Gbps,1ns
939,8,1130,6,400Gbps,1ns
939,9,1130,7,400Gbps,1ns
939,10,1131,6,400Gbps,1ns
939,11,1131,7,400Gbps,1ns
939,12,1176,43,400Gbps,1ns
939,13,1177,43,400Gbps,1ns
939,14,1178,43,400Gbps,1ns
939,15,1179,43,400Gbps,1ns
940,8,1130,8,400Gbps,1ns
940,9,1130,9,400Gbps,1ns
940,10,1131,8,400Gbps,1ns
940,11,1131,9,400Gbps,1ns
940,12,1176,44,400Gbps,1ns
940,13,1177,44,400Gbps,1ns
940,14,1178,44,400Gbps,1ns
940,15,1179,44,400Gbps,1ns
941,8,1130,10,400Gbps,1ns
941,9,1130,11,400Gbps,1ns
941,10,1131,10,400Gbps,1ns
941,11,1131,11,400Gbps,1ns
941,12,1176,45,400Gbps,1ns
941,13,1177,45,400Gbps,1ns
941,14,1178,45,400Gbps,1ns
941,15,1179,45,400Gbps,1ns
942,8,1130,12,400Gbps,1ns
942,9,1130,13,400Gbps,1ns
942,10,1131,12,400Gbps,1ns
942,11,1131,13,400Gbps,1ns
942,12,1176,46,400Gbps,1ns
942,13,1177,46,400Gbps,1ns
942,14,1178,46,400Gbps,1ns
942,15,1179,46,400Gbps,1ns
943,8,1130,14,400Gbps,1ns
943,9,1130,15,400Gbps,1ns
943,10,1131,14,400Gbps,1ns
943,11,1131,15,400Gbps,1ns
943,12,1176,47,400Gbps,1ns
943,13,1177,47,400Gbps,1ns
943,14,1178,47,400Gbps,1ns
943,15,1179,47,400Gbps,1ns
944,8,1132,0,400Gbps,1ns
944,9,1132,1,400Gbps,1ns
944,10,1133,0,400Gbps,1ns
944,11,1133,1,400Gbps,1ns
944,12,1176,48,400Gbps,1ns
944,13,1177,48,400Gbps,1ns
944,14,1178,48,400Gbps,1ns
944,15,1179,48,400Gbps,1ns
945,8,1132,2,400Gbps,1ns
945,9,1132,3,400Gbps,1ns
945,10,1133,2,400Gbps,1ns
945,11,1133,3,400Gbps,1ns
945,12,1176,49,400Gbps,1ns
945,13,1177,49,400Gbps,1ns
945,14,1178,49,400Gbps,1ns
945,15,1179,49,400Gbps,1ns
946,8,1132,4,400Gbps,1ns
946,9,1132,5,400Gbps,1ns
946,10,1133,4,400Gbps,1ns
946,11,1133,5,400Gbps,1ns
946,12,1176,50,400Gbps,1ns
946,13,1177,50,400Gbps,1ns
946,14,1178,50,400Gbps,1ns
946,15,1179,50,400Gbps,1ns
947,8,1132,6,400Gbps,1ns
947,9,1132,7,400Gbps,1ns
947,10,1133,6,400Gbps,1ns
947,11,1133,7,400Gbps,1ns
947,12,1176,51,400Gbps,1ns
947,13,1177,51,400Gbps,1ns
947,14,1178,51,400Gbps,1ns
947,15,1179,51,400Gbps,1ns
948,8,1132,8,400Gbps,1ns
948,9,1132,9,400Gbps,1ns
948,10,1133,8,400Gbps,1ns
948,11,1133,9,400Gbps,1ns
948,12,1176,52,400Gbps,1ns
948,13,1177,52,400Gbps,1ns
948,14,1178,52,400Gbps,1ns
948,15,1179,52,400Gbps,1ns
949,8,1132,10,400Gbps,1ns
949,9,1132,11,400Gbps,1ns
949,10,1133,10,400Gbps,1ns
949,11,1133,11,400Gbps,1ns
949,12,1176,53,400Gbps,1ns
949,13,1177,53,400Gbps,1ns
949,14,1178,53,400Gbps,1ns
949,15,1179,53,400Gbps,1ns
950,8,1132,12,400Gbps,1ns
950,9,1132,13,400Gbps,1ns
950,10,1133,12,400Gbps,1ns
950,11,1133,13,400Gbps,1ns
950,12,1176,54,400Gbps,1ns
950,13,1177,54,400Gbps,1ns
950,14,1178,54,400Gbps,1ns
950,15,1179,54,400Gbps,1ns
951,8,1132,14,400Gbps,1ns
951,9,1132,15,400Gbps,1ns
951,10,1133,14,400Gbps,1ns
951,11,1133,15,400Gbps,1ns
951,12,1176,55,400Gbps,1ns
951,13,1177,55,400Gbps,1ns
951,14,1178,55,400Gbps,1ns
951,15,1179,55,400Gbps,1ns
952,8,1134,0,400Gbps,1ns
952,9,1134,1,400Gbps,1ns
952,10,1135,0,400Gbps,1ns
952,11,1135,1,400Gbps,1ns
952,12,1176,56,400Gbps,1ns
952,13,1177,56,400Gbps,1ns
952,14,1178,56,400Gbps,1ns
952,15,1179,56,400Gbps,1ns
953,8,1134,2,400Gbps,1ns
953,9,1134,3,400Gbps,1ns
953,10,1135,2,400Gbps,1ns
953,11,1135,3,400Gbps,1ns
953,12,1176,57,400Gbps,1ns
953,13,1177,57,400Gbps,1ns
953,14,1178,57,400Gbps,1ns
953,15,1179,57,400Gbps,1ns
954,8,1134,4,400Gbps,1ns
954,9,1134,5,400Gbps,1ns
954,10,1135,4,400Gbps,1ns
954,11,1135,5,400Gbps,1ns
954,12,1176,58,400Gbps,1ns
954,13,1177,58,400Gbps,1ns
954,14,1178,58,400Gbps,1ns
954,15,1179,58,400Gbps,1ns
955,8,1134,6,400Gbps,1ns
955,9,1134,7,400Gbps,1ns
955,10,1135,6,400Gbps,1ns
955,11,1135,7,400Gbps,1ns
955,12,1176,59,400Gbps,1ns
955,13,1177,59,400Gbps,1ns
955,14,1178,59,400Gbps,1ns
955,15,1179,59,400Gbps,1ns
956,8,1134,8,400Gbps,1ns
956,9,1134,9,400Gbps,1ns
956,10,1135,8,400Gbps,1ns
956,11,1135,9,400Gbps,1ns
956,12,1176,60,400Gbps,1ns
956,13,1177,60,400Gbps,1ns
956,14,1178,60,400Gbps,1ns
956,15,1179,60,400Gbps,1ns
957,8,1134,10,400Gbps,1ns
957,9,1134,11,400Gbps,1ns
957,10,1135,10,400Gbps,1ns
957,11,1135,11,400Gbps,1ns
957,12,1176,61,400Gbps,1ns
957,13,1177,61,400Gbps,1ns
957,14,1178,61,400Gbps,1ns
957,15,1179,61,400Gbps,1ns
958,8,1134,12,400Gbps,1ns
958,9,1134,13,400Gbps,1ns
958,10,1135,12,400Gbps,1ns
958,11,1135,13,400Gbps,1ns
958,12,1176,62,400Gbps,1ns
958,13,1177,62,400Gbps,1ns
958,14,1178,62,400Gbps,1ns
958,15,1179,62,400Gbps,1ns
959,8,1134,14,400Gbps,1ns
959,9,1134,15,400Gbps,1ns
959,10,1135,14,400Gbps,1ns
959,11,1135,15,400Gbps,1ns
959,12,1176,63,400Gbps,1ns
959,13,1177,63,400Gbps,1ns
959,14,1178,63,400Gbps,1ns
959,15,1179,63,400Gbps,1ns
960,8,1136,0,400Gbps,1ns
960,9,1136,1,400Gbps,1ns
960,10,1137,0,400Gbps,1ns
960,11,1137,1,400Gbps,1ns
960,12,1180,0,400Gbps,1ns
960,13,1181,0,400Gbps,1ns
960,14,1182,0,400Gbps,1ns
960,15,1183,0,400Gbps,1ns
961,8,1136,2,400Gbps,1ns
961,9,1136,3,400Gbps,1ns
961,10,1137,2,400Gbps,1ns
961,11,1137,3,400Gbps,1ns
961,12,1180,1,400Gbps,1ns
961,13,1181,1,400Gbps,1ns
961,14,1182,1,400Gbps,1ns
961,15,1183,1,400Gbps,1ns
962,8,1136,4,400Gbps,1ns
962,9,1136,5,400Gbps,1ns
962,10,1137,4,400Gbps,1ns
962,11,1137,5,400Gbps,1ns
962,12,1180,2,400Gbps,1ns
962,13,1181,2,400Gbps,1ns
962,14,1182,2,400Gbps,1ns
962,15,1183,2,400Gbps,1ns
963,8,1136,6,400Gbps,1ns
963,9,1136,7,400Gbps,1ns
963,10,1137,6,400Gbps,1ns
963,11,1137,7,400Gbps,1ns
963,12,1180,3,400Gbps,1ns
963,13,1181,3,400Gbps,1ns
963,14,1182,3,400Gbps,1ns
963,15,1183,3,400Gbps,1ns
964,8,1136,8,400Gbps,1ns
964,9,1136,9,400Gbps,1ns
964,10,1137,8,400Gbps,1ns
964,11,1137,9,400Gbps,1ns
964,12,1180,4,400Gbps,1ns
964,13,1181,4,400Gbps,1ns
964,14,1182,4,400Gbps,1ns
964,15,1183,4,400Gbps,1ns
965,8,1136,10,400Gbps,1ns
965,9,1136,11,400Gbps,1ns
965,10,1137,10,400Gbps,1ns
965,11,1137,11,400Gbps,1ns
965,12,1180,5,400Gbps,1ns
965,13,1181,5,400Gbps,1ns
965,14,1182,5,400Gbps,1ns
965,15,1183,5,400Gbps,1ns
966,8,1136,12,400Gbps,1ns
966,9,1136,13,400Gbps,1ns
966,10,1137,12,400Gbps,1ns
966,11,1137,13,400Gbps,1ns
966,12,1180,6,400Gbps,1ns
966,13,1181,6,400Gbps,1ns
966,14,1182,6,400Gbps,1ns
966,15,1183,6,400Gbps,1ns
967,8,1136,14,400Gbps,1ns
967,9,1136,15,400Gbps,1ns
967,10,1137,14,400Gbps,1ns
967,11,1137,15,400Gbps,1ns
967,12,1180,7,400Gbps,1ns
967,13,1181,7,400Gbps,1ns
967,14,1182,7,400Gbps,1ns
967,15,1183,7,400Gbps,1ns
968,8,1138,0,400Gbps,1ns
968,9,1138,1,400Gbps,1ns
968,10,1139,0,400Gbps,1ns
968,11,1139,1,400Gbps,1ns
968,12,1180,8,400Gbps,1ns
968,13,1181,8,400Gbps,1ns
968,14,1182,8,400Gbps,1ns
968,15,1183,8,400Gbps,1ns
969,8,1138,2,400Gbps,1ns
969,9,1138,3,400Gbps,1ns
969,10,1139,2,400Gbps,1ns
969,11,1139,3,400Gbps,1ns
969,12,1180,9,400Gbps,1ns
969,13,1181,9,400Gbps,1ns
969,14,1182,9,400Gbps,1ns
969,15,1183,9,400Gbps,1ns
970,8,1138,4,400Gbps,1ns
970,9,1138,5,400Gbps,1ns
970,10,1139,4,400Gbps,1ns
970,11,1139,5,400Gbps,1ns
970,12,1180,10,400Gbps,1ns
970,13,1181,10,400Gbps,1ns
970,14,1182,10,400Gbps,1ns
970,15,1183,10,400Gbps,1ns
971,8,1138,6,400Gbps,1ns
971,9,1138,7,400Gbps,1ns
971,10,1139,6,400Gbps,1ns
971,11,1139,7,400Gbps,1ns
971,12,1180,11,400Gbps,1ns
971,13,1181,11,400Gbps,1ns
971,14,1182,11,400Gbps,1ns
971,15,1183,11,400Gbps,1ns
972,8,1138,8,400Gbps,1ns
972,9,1138,9,400Gbps,1ns
972,10,1139,8,400Gbps,1ns
972,11,1139,9,400Gbps,1ns
972,12,1180,12,400Gbps,1ns
972,13,1181,12,400Gbps,1ns
972,14,1182,12,400Gbps,1ns
972,15,1183,12,400Gbps,1ns
973,8,1138,10,400Gbps,1ns
973,9,1138,11,400Gbps,1ns
973,10,1139,10,400Gbps,1ns
973,11,1139,11,400Gbps,1ns
973,12,1180,13,400Gbps,1ns
973,13,1181,13,400Gbps,1ns
973,14,1182,13,400Gbps,1ns
973,15,1183,13,400Gbps,1ns
974,8,1138,12,400Gbps,1ns
974,9,1138,13,400Gbps,1ns
974,10,1139,12,400Gbps,1ns
974,11,1139,13,400Gbps,1ns
974,12,1180,14,400Gbps,1ns
974,13,1181,14,400Gbps,1ns
974,14,1182,14,400Gbps,1ns
974,15,1183,14,400Gbps,1ns
975,8,1138,14,400Gbps,1ns
975,9,1138,15,400Gbps,1ns
975,10,1139,14,400Gbps,1ns
975,11,1139,15,400Gbps,1ns
975,12,1180,15,400Gbps,1ns
975,13,1181,15,400Gbps,1ns
975,14,1182,15,400Gbps,1ns
975,15,1183,15,400Gbps,1ns
976,8,1140,0,400Gbps,1ns
976,9,1140,1,400Gbps,1ns
976,10,1141,0,400Gbps,1ns
976,11,1141,1,400Gbps,1ns
976,12,1180,16,400Gbps,1ns
976,13,1181,16,400Gbps,1ns
976,14,1182,16,400Gbps,1ns
976,15,1183,16,400Gbps,1ns
977,8,1140,2,400Gbps,1ns
977,9,1140,3,400Gbps,1ns
977,10,1141,2,400Gbps,1ns
977,11,1141,3,400Gbps,1ns
977,12,1180,17,400Gbps,1ns
977,13,1181,17,400Gbps,1ns
977,14,1182,17,400Gbps,1ns
977,15,1183,17,400Gbps,1ns
978,8,1140,4,400Gbps,1ns
978,9,1140,5,400Gbps,1ns
978,10,1141,4,400Gbps,1ns
978,11,1141,5,400Gbps,1ns
978,12,1180,18,400Gbps,1ns
978,13,1181,18,400Gbps,1ns
978,14,1182,18,400Gbps,1ns
978,15,1183,18,400Gbps,1ns
979,8,1140,6,400Gbps,1ns
979,9,1140,7,400Gbps,1ns
979,10,1141,6,400Gbps,1ns
979,11,1141,7,400Gbps,1ns
979,12,1180,19,400Gbps,1ns
979,13,1181,19,400Gbps,1ns
979,14,1182,19,400Gbps,1ns
979,15,1183,19,400Gbps,1ns
980,8,1140,8,400Gbps,1ns
980,9,1140,9,400Gbps,1ns
980,10,1141,8,400Gbps,1ns
980,11,1141,9,400Gbps,1ns
980,12,1180,20,400Gbps,1ns
980,13,1181,20,400Gbps,1ns
980,14,1182,20,400Gbps,1ns
980,15,1183,20,400Gbps,1ns
981,8,1140,10,400Gbps,1ns
981,9,1140,11,400Gbps,1ns
981,10,1141,10,400Gbps,1ns
981,11,1141,11,400Gbps,1ns
981,12,1180,21,400Gbps,1ns
981,13,1181,21,400Gbps,1ns
981,14,1182,21,400Gbps,1ns
981,15,1183,21,400Gbps,1ns
982,8,1140,12,400Gbps,1ns
982,9,1140,13,400Gbps,1ns
982,10,1141,12,400Gbps,1ns
982,11,1141,13,400Gbps,1ns
982,12,1180,22,400Gbps,1ns
982,13,1181,22,400Gbps,1ns
982,14,1182,22,400Gbps,1ns
982,15,1183,22,400Gbps,1ns
983,8,1140,14,400Gbps,1ns
983,9,1140,15,400Gbps,1ns
983,10,1141,14,400Gbps,1ns
983,11,1141,15,400Gbps,1ns
983,12,1180,23,400Gbps,1ns
983,13,1181,23,400Gbps,1ns
983,14,1182,23,400Gbps,1ns
983,15,1183,23,400Gbps,1ns
984,8,1142,0,400Gbps,1ns
984,9,1142,1,400Gbps,1ns
984,10,1143,0,400Gbps,1ns
984,11,1143,1,400Gbps,1ns
984,12,1180,24,400Gbps,1ns
984,13,1181,24,400Gbps,1ns
984,14,1182,24,400Gbps,1ns
984,15,1183,24,400Gbps,1ns
985,8,1142,2,400Gbps,1ns
985,9,1142,3,400Gbps,1ns
985,10,1143,2,400Gbps,1ns
985,11,1143,3,400Gbps,1ns
985,12,1180,25,400Gbps,1ns
985,13,1181,25,400Gbps,1ns
985,14,1182,25,400Gbps,1ns
985,15,1183,25,400Gbps,1ns
986,8,1142,4,400Gbps,1ns
986,9,1142,5,400Gbps,1ns
986,10,1143,4,400Gbps,1ns
986,11,1143,5,400Gbps,1ns
986,12,1180,26,400Gbps,1ns
986,13,1181,26,400Gbps,1ns
986,14,1182,26,400Gbps,1ns
986,15,1183,26,400Gbps,1ns
987,8,1142,6,400Gbps,1ns
987,9,1142,7,400Gbps,1ns
987,10,1143,6,400Gbps,1ns
987,11,1143,7,400Gbps,1ns
987,12,1180,27,400Gbps,1ns
987,13,1181,27,400Gbps,1ns
987,14,1182,27,400Gbps,1ns
987,15,1183,27,400Gbps,1ns
988,8,1142,8,400Gbps,1ns
988,9,1142,9,400Gbps,1ns
988,10,1143,8,400Gbps,1ns
988,11,1143,9,400Gbps,1ns
988,12,1180,28,400Gbps,1ns
988,13,1181,28,400Gbps,1ns
988,14,1182,28,400Gbps,1ns
988,15,1183,28,400Gbps,1ns
989,8,1142,10,400Gbps,1ns
989,9,1142,11,400Gbps,1ns
989,10,1143,10,400Gbps,1ns
989,11,1143,11,400Gbps,1ns
989,12,1180,29,400Gbps,1ns
989,13,1181,29,400Gbps,1ns
989,14,1182,29,400Gbps,1ns
989,15,1183,29,400Gbps,1ns
990,8,1142,12,400Gbps,1ns
990,9,1142,13,400Gbps,1ns
990,10,1143,12,400Gbps,1ns
990,11,1143,13,400Gbps,1ns
990,12,1180,30,400Gbps,1ns
990,13,1181,30,400Gbps,1ns
990,14,1182,30,400Gbps,1ns
990,15,1183,30,400Gbps,1ns
991,8,1142,14,400Gbps,1ns
991,9,1142,15,400Gbps,1ns
991,10,1143,14,400Gbps,1ns
991,11,1143,15,400Gbps,1ns
991,12,1180,31,400Gbps,1ns
991,13,1181,31,400Gbps,1ns
991,14,1182,31,400Gbps,1ns
991,15,1183,31,400Gbps,1ns
992,8,1144,0,400Gbps,1ns
992,9,1144,1,400Gbps,1ns
992,10,1145,0,400Gbps,1ns
992,11,1145,1,400Gbps,1ns
992,12,1180,32,400Gbps,1ns
992,13,1181,32,400Gbps,1ns
992,14,1182,32,400Gbps,1ns
992,15,1183,32,400Gbps,1ns
993,8,1144,2,400Gbps,1ns
993,9,1144,3,400Gbps,1ns
993,10,1145,2,400Gbps,1ns
993,11,1145,3,400Gbps,1ns
993,12,1180,33,400Gbps,1ns
993,13,1181,33,400Gbps,1ns
993,14,1182,33,400Gbps,1ns
993,15,1183,33,400Gbps,1ns
994,8,1144,4,400Gbps,1ns
994,9,1144,5,400Gbps,1ns
994,10,1145,4,400Gbps,1ns
994,11,1145,5,400Gbps,1ns
994,12,1180,34,400Gbps,1ns
994,13,1181,34,400Gbps,1ns
994,14,1182,34,400Gbps,1ns
994,15,1183,34,400Gbps,1ns
995,8,1144,6,400Gbps,1ns
995,9,1144,7,400Gbps,1ns
995,10,1145,6,400Gbps,1ns
995,11,1145,7,400Gbps,1ns
995,12,1180,35,400Gbps,1ns
995,13,1181,35,400Gbps,1ns
995,14,1182,35,400Gbps,1ns
995,15,1183,35,400Gbps,1ns
996,8,1144,8,400Gbps,1ns
996,9,1144,9,400Gbps,1ns
996,10,1145,8,400Gbps,1ns
996,11,1145,9,400Gbps,1ns
996,12,1180,36,400Gbps,1ns
996,13,1181,36,400Gbps,1ns
996,14,1182,36,400Gbps,1ns
996,15,1183,36,400Gbps,1ns
997,8,1144,10,400Gbps,1ns
997,9,1144,11,400Gbps,1ns
997,10,1145,10,400Gbps,1ns
997,11,1145,11,400Gbps,1ns
997,12,1180,37,400Gbps,1ns
997,13,1181,37,400Gbps,1ns
997,14,1182,37,400Gbps,1ns
997,15,1183,37,400Gbps,1ns
998,8,1144,12,400Gbps,1ns
998,9,1144,13,400Gbps,1ns
998,10,1145,12,400Gbps,1ns
998,11,1145,13,400Gbps,1ns
998,12,1180,38,400Gbps,1ns
998,13,1181,38,400Gbps,1ns
998,14,1182,38,400Gbps,1ns
998,15,1183,38,400Gbps,1ns
999,8,1144,14,400Gbps,1ns
999,9,1144,15,400Gbps,1ns
999,10,1145,14,400Gbps,1ns
999,11,1145,15,400Gbps,1ns
999,12,1180,39,400Gbps,1ns
999,13,1181,39,400Gbps,1ns
999,14,1182,39,400Gbps,1ns
999,15,1183,39,400Gbps,1ns
1000,8,1146,0,400Gbps,1ns
1000,9,1146,1,400Gbps,1ns
1000,10,1147,0,400Gbps,1ns
1000,11,1147,1,400Gbps,1ns
1000,12,1180,40,400Gbps,1ns
1000,13,1181,40,400Gbps,1ns
1000,14,1182,40,400Gbps,1ns
1000,15,1183,40,400Gbps,1ns
1001,8,1146,2,400Gbps,1ns
1001,9,1146,3,400Gbps,1ns
1001,10,1147,2,400Gbps,1ns
1001,11,1147,3,400Gbps,1ns
1001,12,1180,41,400Gbps,1ns
1001,13,1181,41,400Gbps,1ns
1001,14,1182,41,400Gbps,1ns
1001,15,1183,41,400Gbps,1ns
1002,8,1146,4,400Gbps,1ns
1002,9,1146,5,400Gbps,1ns
1002,10,1147,4,400Gbps,1ns
1002,11,1147,5,400Gbps,1ns
1002,12,1180,42,400Gbps,1ns
1002,13,1181,42,400Gbps,1ns
1002,14,1182,42,400Gbps,1ns
1002,15,1183,42,400Gbps,1ns
1003,8,1146,6,400Gbps,1ns
1003,9,1146,7,400Gbps,1ns
1003,10,1147,6,400Gbps,1ns
1003,11,1147,7,400Gbps,1ns
1003,12,1180,43,400Gbps,1ns
1003,13,1181,43,400Gbps,1ns
1003,14,1182,43,400Gbps,1ns
1003,15,1183,43,400Gbps,1ns
1004,8,1146,8,400Gbps,1ns
1004,9,1146,9,400Gbps,1ns
1004,10,1147,8,400Gbps,1ns
1004,11,1147,9,400Gbps,1ns
1004,12,1180,44,400Gbps,1ns
1004,13,1181,44,400Gbps,1ns
1004,14,1182,44,400Gbps,1ns
1004,15,1183,44,400Gbps,1ns
1005,8,1146,10,400Gbps,1ns
1005,9,1146,11,400Gbps,1ns
1005,10,1147,10,400Gbps,1ns
1005,11,1147,11,400Gbps,1ns
1005,12,1180,45,400Gbps,1ns
1005,13,1181,45,400Gbps,1ns
1005,14,1182,45,400Gbps,1ns
1005,15,1183,45,400Gbps,1ns
1006,8,1146,12,400Gbps,1ns
1006,9,1146,13,400Gbps,1ns
1006,10,1147,12,400Gbps,1ns
1006,11,1147,13,400Gbps,1ns
1006,12,1180,46,400Gbps,1ns
1006,13,1181,46,400Gbps,1ns
1006,14,1182,46,400Gbps,1ns
1006,15,1183,46,400Gbps,1ns
1007,8,1146,14,400Gbps,1ns
1007,9,1146,15,400Gbps,1ns
1007,10,1147,14,400Gbps,1ns
1007,11,1147,15,400Gbps,1ns
1007,12,1180,47,400Gbps,1ns
1007,13,1181,47,400Gbps,1ns
1007,14,1182,47,400Gbps,1ns
1007,15,1183,47,400Gbps,1ns
1008,8,1148,0,400Gbps,1ns
1008,9,1148,1,400Gbps,1ns
1008,10,1149,0,400Gbps,1ns
1008,11,1149,1,400Gbps,1ns
1008,12,1180,48,400Gbps,1ns
1008,13,1181,48,400Gbps,1ns
1008,14,1182,48,400Gbps,1ns
1008,15,1183,48,400Gbps,1ns
1009,8,1148,2,400Gbps,1ns
1009,9,1148,3,400Gbps,1ns
1009,10,1149,2,400Gbps,1ns
1009,11,1149,3,400Gbps,1ns
1009,12,1180,49,400Gbps,1ns
1009,13,1181,49,400Gbps,1ns
1009,14,1182,49,400Gbps,1ns
1009,15,1183,49,400Gbps,1ns
1010,8,1148,4,400Gbps,1ns
1010,9,1148,5,400Gbps,1ns
1010,10,1149,4,400Gbps,1ns
1010,11,1149,5,400Gbps,1ns
1010,12,1180,50,400Gbps,1ns
1010,13,1181,50,400Gbps,1ns
1010,14,1182,50,400Gbps,1ns
1010,15,1183,50,400Gbps,1ns
1011,8,1148,6,400Gbps,1ns
1011,9,1148,7,400Gbps,1ns
1011,10,1149,6,400Gbps,1ns
1011,11,1149,7,400Gbps,1ns
1011,12,1180,51,400Gbps,1ns
1011,13,1181,51,400Gbps,1ns
1011,14,1182,51,400Gbps,1ns
1011,15,1183,51,400Gbps,1ns
1012,8,1148,8,400Gbps,1ns
1012,9,1148,9,400Gbps,1ns
1012,10,1149,8,400Gbps,1ns
1012,11,1149,9,400Gbps,1ns
1012,12,1180,52,400Gbps,1ns
1012,13,1181,52,400Gbps,1ns
1012,14,1182,52,400Gbps,1ns
1012,15,1183,52,400Gbps,1ns
1013,8,1148,10,400Gbps,1ns
1013,9,1148,11,400Gbps,1ns
1013,10,1149,10,400Gbps,1ns
1013,11,1149,11,400Gbps,1ns
1013,12,1180,53,400Gbps,1ns
1013,13,1181,53,400Gbps,1ns
1013,14,1182,53,400Gbps,1ns
1013,15,1183,53,400Gbps,1ns
1014,8,1148,12,400Gbps,1ns
1014,9,1148,13,400Gbps,1ns
1014,10,1149,12,400Gbps,1ns
1014,11,1149,13,400Gbps,1ns
1014,12,1180,54,400Gbps,1ns
1014,13,1181,54,400Gbps,1ns
1014,14,1182,54,400Gbps,1ns
1014,15,1183,54,400Gbps,1ns
1015,8,1148,14,400Gbps,1ns
1015,9,1148,15,400Gbps,1ns
1015,10,1149,14,400Gbps,1ns
1015,11,1149,15,400Gbps,1ns
1015,12,1180,55,400Gbps,1ns
1015,13,1181,55,400Gbps,1ns
1015,14,1182,55,400Gbps,1ns
1015,15,1183,55,400Gbps,1ns
1016,8,1150,0,400Gbps,1ns
1016,9,1150,1,400Gbps,1ns
1016,10,1151,0,400Gbps,1ns
1016,11,1151,1,400Gbps,1ns
1016,12,1180,56,400Gbps,1ns
1016,13,1181,56,400Gbps,1ns
1016,14,1182,56,400Gbps,1ns
1016,15,1183,56,400Gbps,1ns
1017,8,1150,2,400Gbps,1ns
1017,9,1150,3,400Gbps,1ns
1017,10,1151,2,400Gbps,1ns
1017,11,1151,3,400Gbps,1ns
1017,12,1180,57,400Gbps,1ns
1017,13,1181,57,400Gbps,1ns
1017,14,1182,57,400Gbps,1ns
1017,15,1183,57,400Gbps,1ns
1018,8,1150,4,400Gbps,1ns
1018,9,1150,5,400Gbps,1ns
1018,10,1151,4,400Gbps,1ns
1018,11,1151,5,400Gbps,1ns
1018,12,1180,58,400Gbps,1ns
1018,13,1181,58,400Gbps,1ns
1018,14,1182,58,400Gbps,1ns
1018,15,1183,58,400Gbps,1ns
1019,8,1150,6,400Gbps,1ns
1019,9,1150,7,400Gbps,1ns
1019,10,1151,6,400Gbps,1ns
1019,11,1151,7,400Gbps,1ns
1019,12,1180,59,400Gbps,1ns
1019,13,1181,59,400Gbps,1ns
1019,14,1182,59,400Gbps,1ns
1019,15,1183,59,400Gbps,1ns
1020,8,1150,8,400Gbps,1ns
1020,9,1150,9,400Gbps,1ns
1020,10,1151,8,400Gbps,1ns
1020,11,1151,9,400Gbps,1ns
1020,12,1180,60,400Gbps,1ns
1020,13,1181,60,400Gbps,1ns
1020,14,1182,60,400Gbps,1ns
1020,15,1183,60,400Gbps,1ns
1021,8,1150,10,400Gbps,1ns
1021,9,1150,11,400Gbps,1ns
1021,10,1151,10,400Gbps,1ns
1021,11,1151,11,400Gbps,1ns
1021,12,1180,61,400Gbps,1ns
1021,13,1181,61,400Gbps,1ns
1021,14,1182,61,400Gbps,1ns
1021,15,1183,61,400Gbps,1ns
1022,8,1150,12,400Gbps,1ns
1022,9,1150,13,400Gbps,1ns
1022,10,1151,12,400Gbps,1ns
1022,11,1151,13,400Gbps,1ns
1022,12,1180,62,400Gbps,1ns
1022,13,1181,62,400Gbps,1ns
1022,14,1182,62,400Gbps,1ns
1022,15,1183,62,400Gbps,1ns
1023,8,1150,14,400Gbps,1ns
1023,9,1150,15,400Gbps,1ns
1023,10,1151,14,400Gbps,1ns
1023,11,1151,15,400Gbps,1ns
1023,12,1180,63,400Gbps,1ns
1023,13,1181,63,400Gbps,1ns
1023,14,1182,63,400Gbps,1ns
1023,15,1183,63,400Gbps,1ns
