nodeId,dstNodeId,dstPortId,outPorts,metrics
0,1,8,8,1
0,2,8,9,1
0,3,8,10,1
0,4,8,11,1
0,5,8,12,1
0,6,8,13,1
0,7,8,14,1
0..7,8..511,0,0,4
0..7,8..511,1,1,4
0..7,8..511,2,2,4
0..7,8..511,3,3,4
0..7,8..511,4,4,4
0..7,8..511,5,5,4
0..7,8..511,6,6,4
0..7,8..511,7,7,4
1,0,8,8,1
1,2,9,9,1
1,3,9,10,1
1,4,9,11,1
1,5,9,12,1
1,6,9,13,1
1,7,9,14,1
2,0,9,8,1
2,1,9,9,1
2,3,10,10,1
2,4,10,11,1
2,5,10,12,1
2,6,10,13,1
2,7,10,14,1
3,0,10,8,1
3,1,10,9,1
3,2,10,10,1
3,4,11,11,1
3,5,11,12,1
3,6,11,13,1
3,7,11,14,1
4,0,11,8,1
4,1,11,9,1
4,2,11,10,1
4,3,11,11,1
4,5,12,12,1
4,6,12,13,1
4,7,12,14,1
5,0,12,8,1
5,1,12,9,1
5,2,12,10,1
5,3,12,11,1
5,4,12,12,1
5,6,13,13,1
5,7,13,14,1
6,0,13,8,1
6,1,13,9,1
6,2,13,10,1
6,3,13,11,1
6,4,13,12,1
6,5,13,13,1
6,7,14,14,1
7,0,14,8,1
7,1,14,9,1
7,2,14,10,1
7,3,14,11,1
7,4,14,12,1
7,5,14,13,1
7,6,14,14,1
8..15,0..7,0,0,4
8..15,0..7,1,1,4
8..15,0..7,2,2,4
8..15,0..7,3,3,4
8..15,0..7,4,4,4
8..15,0..7,5,5,4
8..15,0..7,6,6,4
8..15,0..7,7,7,4
8,9,8,8,1
8,10,8,9,1
8,11,8,10,1
8,12,8,11,1
8,13,8,12,1
8,14,8,13,1
8,15,8,14,1
8..15,16..511,0,0,4
8..15,16..511,1,1,4
8..15,16..511,2,2,4
8..15,16..511,3,3,4
8..15,16..511,4,4,4
8..15,16..511,5,5,4
8..15,16..511,6,6,4
8..15,16..511,7,7,4
9,8,8,8,1
9,10,9,9,1
9,11,9,10,1
9,12,9,11,1
9,13,9,12,1
9,14,9,13,1
9,15,9,14,1
10,8,9,8,1
10,9,9,9,1
10,11,10,10,1
10,12,10,11,1
10,13,10,12,1
10,14,10,13,1
10,15,10,14,1
11,8,10,8,1
11,9,10,9,1
11,10,10,10,1
11,12,11,11,1
11,13,11,12,1
11,14,11,13,1
11,15,11,14,1
12,8,11,8,1
12,9,11,9,1
12,10,11,10,1
12,11,11,11,1
12,13,12,12,1
12,14,12,13,1
12,15,12,14,1
13,8,12,8,1
13,9,12,9,1
13,10,12,10,1
13,11,12,11,1
13,12,12,12,1
13,14,13,13,1
13,15,13,14,1
14,8,13,8,1
14,9,13,9,1
14,10,13,10,1
14,11,13,11,1
14,12,13,12,1
14,13,13,13,1
14,15,14,14,1
15,8,14,8,1
15,9,14,9,1
15,10,14,10,1
15,11,14,11,1
15,12,14,12,1
15,13,14,13,1
15,14,14,14,1
16..23,0..15,0,0,4
16..23,0..15,1,1,4
16..23,0..15,2,2,4
16..23,0..15,3,3,4
16..23,0..15,4,4,4
16..23,0..15,5,5,4
16..23,0..15,6,6,4
16..23,0..15,7,7,4
16,17,8,8,1
16,18,8,9,1
16,19,8,10,1
16,20,8,11,1
16,21,8,12,1
16,22,8,13,1
16,23,8,14,1
16..23,24..511,0,0,4
16..23,24..511,1,1,4
16..23,24..511,2,2,4
16..23,24..511,3,3,4
16..23,24..511,4,4,4
16..23,24..511,5,5,4
16..23,24..511,6,6,4
16..23,24..511,7,7,4
17,16,8,8,1
17,18,9,9,1
17,19,9,10,1
17,20,9,11,1
17,21,9,12,1
17,22,9,13,1
17,23,9,14,1
18,16,9,8,1
18,17,9,9,1
18,19,10,10,1
18,20,10,11,1
18,21,10,12,1
18,22,10,13,1
18,23,10,14,1
19,16,10,8,1
19,17,10,9,1
19,18,10,10,1
19,20,11,11,1
19,21,11,12,1
19,22,11,13,1
19,23,11,14,1
20,16,11,8,1
20,17,11,9,1
20,18,11,10,1
20,19,11,11,1
20,21,12,12,1
20,22,12,13,1
20,23,12,14,1
21,16,12,8,1
21,17,12,9,1
21,18,12,10,1
21,19,12,11,1
21,20,12,12,1
21,22,13,13,1
21,23,13,14,1
22,16,13,8,1
22,17,13,9,1
22,18,13,10,1
22,19,13,11,1
22,20,13,12,1
22,21,13,13,1
22,23,14,14,1
23,16,14,8,1
23,17,14,9,1
23,18,14,10,1
23,19,14,11,1
23,20,14,12,1
23,21,14,13,1
23,22,14,14,1
24..31,0..23,0,0,4
24..31,0..23,1,1,4
24..31,0..23,2,2,4
24..31,0..23,3,3,4
24..31,0..23,4,4,4
24..31,0..23,5,5,4
24..31,0..23,6,6,4
24..31,0..23,7,7,4
24,25,8,8,1
24,26,8,9,1
24,27,8,10,1
24,28,8,11,1
24,29,8,12,1
24,30,8,13,1
24,31,8,14,1
24..31,32..511,0,0,4
24..31,32..511,1,1,4
24..31,32..511,2,2,4
24..31,32..511,3,3,4
24..31,32..511,4,4,4
24..31,32..511,5,5,4
24..31,32..511,6,6,4
24..31,32..511,7,7,4
25,24,8,8,1
25,26,9,9,1
25,27,9,10,1
25,28,9,11,1
25,29,9,12,1
25,30,9,13,1
25,31,9,14,1
26,24,9,8,1
26,25,9,9,1
26,27,10,10,1
26,28,10,11,1
26,29,10,12,1
26,30,10,13,1
26,31,10,14,1
27,24,10,8,1
27,25,10,9,1
27,26,10,10,1
27,28,11,11,1
27,29,11,12,1
27,30,11,13,1
27,31,11,14,1
28,24,11,8,1
28,25,11,9,1
28,26,11,10,1
28,27,11,11,1
28,29,12,12,1
28,30,12,13,1
28,31,12,14,1
29,24,12,8,1
29,25,12,9,1
29,26,12,10,1
29,27,12,11,1
29,28,12,12,1
29,30,13,13,1
29,31,13,14,1
30,24,13,8,1
30,25,13,9,1
30,26,13,10,1
30,27,13,11,1
30,28,13,12,1
30,29,13,13,1
30,31,14,14,1
31,24,14,8,1
31,25,14,9,1
31,26,14,10,1
31,27,14,11,1
31,28,14,12,1
31,29,14,13,1
31,30,14,14,1
32..39,0..31,0,0,4
32..39,0..31,1,1,4
32..39,0..31,2,2,4
32..39,0..31,3,3,4
32..39,0..31,4,4,4
32..39,0..31,5,5,4
32..39,0..31,6,6,4
32..39,0..31,7,7,4
32,33,8,8,1
32,34,8,9,1
32,35,8,10,1
32,36,8,11,1
32,37,8,12,1
32,38,8,13,1
32,39,8,14,1
32..39,40..511,0,0,4
32..39,40..511,1,1,4
32..39,40..511,2,2,4
32..39,40..511,3,3,4
32..39,40..511,4,4,4
32..39,40..511,5,5,4
32..39,40..511,6,6,4
32..39,40..511,7,7,4
33,32,8,8,1
33,34,9,9,1
33,35,9,10,1
33,36,9,11,1
33,37,9,12,1
33,38,9,13,1
33,39,9,14,1
34,32,9,8,1
34,33,9,9,1
34,35,10,10,1
34,36,10,11,1
34,37,10,12,1
34,38,10,13,1
34,39,10,14,1
35,32,10,8,1
35,33,10,9,1
35,34,10,10,1
35,36,11,11,1
35,37,11,12,1
35,38,11,13,1
35,39,11,14,1
36,32,11,8,1
36,33,11,9,1
36,34,11,10,1
36,35,11,11,1
36,37,12,12,1
36,38,12,13,1
36,39,12,14,1
37,32,12,8,1
37,33,12,9,1
37,34,12,10,1
37,35,12,11,1
37,36,12,12,1
37,38,13,13,1
37,39,13,14,1
38,32,13,8,1
38,33,13,9,1
38,34,13,10,1
38,35,13,11,1
38,36,13,12,1
38,37,13,13,1
38,39,14,14,1
39,32,14,8,1
39,33,14,9,1
39,34,14,10,1
39,35,14,11,1
39,36,14,12,1
39,37,14,13,1
39,38,14,14,1
40..47,0..39,0,0,4
40..47,0..39,1,1,4
40..47,0..39,2,2,4
40..47,0..39,3,3,4
40..47,0..39,4,4,4
40..47,0..39,5,5,4
40..47,0..39,6,6,4
40..47,0..39,7,7,4
40,41,8,8,1
40,42,8,9,1
40,43,8,10,1
40,44,8,11,1
40,45,8,12,1
40,46,8,13,1
40,47,8,14,1
40..47,48..511,0,0,4
40..47,48..511,1,1,4
40..47,48..511,2,2,4
40..47,48..511,3,3,4
40..47,48..511,4,4,4
40..47,48..511,5,5,4
40..47,48..511,6,6,4
40..47,48..511,7,7,4
41,40,8,8,1
41,42,9,9,1
41,43,9,10,1
41,44,9,11,1
41,45,9,12,1
41,46,9,13,1
41,47,9,14,1
42,40,9,8,1
42,41,9,9,1
42,43,10,10,1
42,44,10,11,1
42,45,10,12,1
42,46,10,13,1
42,47,10,14,1
43,40,10,8,1
43,41,10,9,1
43,42,10,10,1
43,44,11,11,1
43,45,11,12,1
43,46,11,13,1
43,47,11,14,1
44,40,11,8,1
44,41,11,9,1
44,42,11,10,1
44,43,11,11,1
44,45,12,12,1
44,46,12,13,1
44,47,12,14,1
45,40,12,8,1
45,41,12,9,1
45,42,12,10,1
45,43,12,11,1
45,44,12,12,1
45,46,13,13,1
45,47,13,14,1
46,40,13,8,1
46,41,13,9,1
46,42,13,10,1
46,43,13,11,1
46,44,13,12,1
46,45,13,13,1
46,47,14,14,1
47,40,14,8,1
47,41,14,9,1
47,42,14,10,1
47,43,14,11,1
47,44,14,12,1
47,45,14,13,1
47,46,14,14,1
48..55,0..47,0,0,4
48..55,0..47,1,1,4
48..55,0..47,2,2,4
48..55,0..47,3,3,4
48..55,0..47,4,4,4
48..55,0..47,5,5,4
48..55,0..47,6,6,4
48..55,0..47,7,7,4
48,49,8,8,1
48,50,8,9,1
48,51,8,10,1
48,52,8,11,1
48,53,8,12,1
48,54,8,13,1
48,55,8,14,1
48..55,56..511,0,0,4
48..55,56..511,1,1,4
48..55,56..511,2,2,4
48..55,56..511,3,3,4
48..55,56..511,4,4,4
48..55,56..511,5,5,4
48..55,56..511,6,6,4
48..55,56..511,7,7,4
49,48,8,8,1
49,50,9,9,1
49,51,9,10,1
49,52,9,11,1
49,53,9,12,1
49,54,9,13,1
49,55,9,14,1
50,48,9,8,1
50,49,9,9,1
50,51,10,10,1
50,52,10,11,1
50,53,10,12,1
50,54,10,13,1
50,55,10,14,1
51,48,10,8,1
51,49,10,9,1
51,50,10,10,1
51,52,11,11,1
51,53,11,12,1
51,54,11,13,1
51,55,11,14,1
52,48,11,8,1
52,49,11,9,1
52,50,11,10,1
52,51,11,11,1
52,53,12,12,1
52,54,12,13,1
52,55,12,14,1
53,48,12,8,1
53,49,12,9,1
53,50,12,10,1
53,51,12,11,1
53,52,12,12,1
53,54,13,13,1
53,55,13,14,1
54,48,13,8,1
54,49,13,9,1
54,50,13,10,1
54,51,13,11,1
54,52,13,12,1
54,53,13,13,1
54,55,14,14,1
55,48,14,8,1
55,49,14,9,1
55,50,14,10,1
55,51,14,11,1
55,52,14,12,1
55,53,14,13,1
55,54,14,14,1
56..63,0..55,0,0,4
56..63,0..55,1,1,4
56..63,0..55,2,2,4
56..63,0..55,3,3,4
56..63,0..55,4,4,4
56..63,0..55,5,5,4
56..63,0..55,6,6,4
56..63,0..55,7,7,4
56,57,8,8,1
56,58,8,9,1
56,59,8,10,1
56,60,8,11,1
56,61,8,12,1
56,62,8,13,1
56,63,8,14,1
56..63,64..511,0,0,4
56..63,64..511,1,1,4
56..63,64..511,2,2,4
56..63,64..511,3,3,4
56..63,64..511,4,4,4
56..63,64..511,5,5,4
56..63,64..511,6,6,4
56..63,64..511,7,7,4
57,56,8,8,1
57,58,9,9,1
57,59,9,10,1
57,60,9,11,1
57,61,9,12,1
57,62,9,13,1
57,63,9,14,1
58,56,9,8,1
58,57,9,9,1
58,59,10,10,1
58,60,10,11,1
58,61,10,12,1
58,62,10,13,1
58,63,10,14,1
59,56,10,8,1
59,57,10,9,1
59,58,10,10,1
59,60,11,11,1
59,61,11,12,1
59,62,11,13,1
59,63,11,14,1
60,56,11,8,1
60,57,11,9,1
60,58,11,10,1
60,59,11,11,1
60,61,12,12,1
60,62,12,13,1
60,63,12,14,1
61,56,12,8,1
61,57,12,9,1
61,58,12,10,1
61,59,12,11,1
61,60,12,12,1
61,62,13,13,1
61,63,13,14,1
62,56,13,8,1
62,57,13,9,1
62,58,13,10,1
62,59,13,11,1
62,60,13,12,1
62,61,13,13,1
62,63,14,14,1
63,56,14,8,1
63,57,14,9,1
63,58,14,10,1
63,59,14,11,1
63,60,14,12,1
63,61,14,13,1
63,62,14,14,1
64..71,0..63,0,0,4
64..71,0..63,1,1,4
64..71,0..63,2,2,4
64..71,0..63,3,3,4
64..71,0..63,4,4,4
64..71,0..63,5,5,4
64..71,0..63,6,6,4
64..71,0..63,7,7,4
64,65,8,8,1
64,66,8,9,1
64,67,8,10,1
64,68,8,11,1
64,69,8,12,1
64,70,8,13,1
64,71,8,14,1
64..71,72..511,0,0,4
64..71,72..511,1,1,4
64..71,72..511,2,2,4
64..71,72..511,3,3,4
64..71,72..511,4,4,4
64..71,72..511,5,5,4
64..71,72..511,6,6,4
64..71,72..511,7,7,4
65,64,8,8,1
65,66,9,9,1
65,67,9,10,1
65,68,9,11,1
65,69,9,12,1
65,70,9,13,1
65,71,9,14,1
66,64,9,8,1
66,65,9,9,1
66,67,10,10,1
66,68,10,11,1
66,69,10,12,1
66,70,10,13,1
66,71,10,14,1
67,64,10,8,1
67,65,10,9,1
67,66,10,10,1
67,68,11,11,1
67,69,11,12,1
67,70,11,13,1
67,71,11,14,1
68,64,11,8,1
68,65,11,9,1
68,66,11,10,1
68,67,11,11,1
68,69,12,12,1
68,70,12,13,1
68,71,12,14,1
69,64,12,8,1
69,65,12,9,1
69,66,12,10,1
69,67,12,11,1
69,68,12,12,1
69,70,13,13,1
69,71,13,14,1
70,64,13,8,1
70,65,13,9,1
70,66,13,10,1
70,67,13,11,1
70,68,13,12,1
70,69,13,13,1
70,71,14,14,1
71,64,14,8,1
71,65,14,9,1
71,66,14,10,1
71,67,14,11,1
71,68,14,12,1
71,69,14,13,1
71,70,14,14,1
72..79,0..71,0,0,4
72..79,0..71,1,1,4
72..79,0..71,2,2,4
72..79,0..71,3,3,4
72..79,0..71,4,4,4
72..79,0..71,5,5,4
72..79,0..71,6,6,4
72..79,0..71,7,7,4
72,73,8,8,1
72,74,8,9,1
72,75,8,10,1
72,76,8,11,1
72,77,8,12,1
72,78,8,13,1
72,79,8,14,1
72..79,80..511,0,0,4
72..79,80..511,1,1,4
72..79,80..511,2,2,4
72..79,80..511,3,3,4
72..79,80..511,4,4,4
72..79,80..511,5,5,4
72..79,80..511,6,6,4
72..79,80..511,7,7,4
73,72,8,8,1
73,74,9,9,1
73,75,9,10,1
73,76,9,11,1
73,77,9,12,1
73,78,9,13,1
73,79,9,14,1
74,72,9,8,1
74,73,9,9,1
74,75,10,10,1
74,76,10,11,1
74,77,10,12,1
74,78,10,13,1
74,79,10,14,1
75,72,10,8,1
75,73,10,9,1
75,74,10,10,1
75,76,11,11,1
75,77,11,12,1
75,78,11,13,1
75,79,11,14,1
76,72,11,8,1
76,73,11,9,1
76,74,11,10,1
76,75,11,11,1
76,77,12,12,1
76,78,12,13,1
76,79,12,14,1
77,72,12,8,1
77,73,12,9,1
77,74,12,10,1
77,75,12,11,1
77,76,12,12,1
77,78,13,13,1
77,79,13,14,1
78,72,13,8,1
78,73,13,9,1
78,74,13,10,1
78,75,13,11,1
78,76,13,12,1
78,77,13,13,1
78,79,14,14,1
79,72,14,8,1
79,73,14,9,1
79,74,14,10,1
79,75,14,11,1
79,76,14,12,1
79,77,14,13,1
79,78,14,14,1
80..87,0..79,0,0,4
80..87,0..79,1,1,4
80..87,0..79,2,2,4
80..87,0..79,3,3,4
80..87,0..79,4,4,4
80..87,0..79,5,5,4
80..87,0..79,6,6,4
80..87,0..79,7,7,4
80,81,8,8,1
80,82,8,9,1
80,83,8,10,1
80,84,8,11,1
80,85,8,12,1
80,86,8,13,1
80,87,8,14,1
80..87,88..511,0,0,4
80..87,88..511,1,1,4
80..87,88..511,2,2,4
80..87,88..511,3,3,4
80..87,88..511,4,4,4
80..87,88..511,5,5,4
80..87,88..511,6,6,4
80..87,88..511,7,7,4
81,80,8,8,1
81,82,9,9,1
81,83,9,10,1
81,84,9,11,1
81,85,9,12,1
81,86,9,13,1
81,87,9,14,1
82,80,9,8,1
82,81,9,9,1
82,83,10,10,1
82,84,10,11,1
82,85,10,12,1
82,86,10,13,1
82,87,10,14,1
83,80,10,8,1
83,81,10,9,1
83,82,10,10,1
83,84,11,11,1
83,85,11,12,1
83,86,11,13,1
83,87,11,14,1
84,80,11,8,1
84,81,11,9,1
84,82,11,10,1
84,83,11,11,1
84,85,12,12,1
84,86,12,13,1
84,87,12,14,1
85,80,12,8,1
85,81,12,9,1
85,82,12,10,1
85,83,12,11,1
85,84,12,12,1
85,86,13,13,1
85,87,13,14,1
86,80,13,8,1
86,81,13,9,1
86,82,13,10,1
86,83,13,11,1
86,84,13,12,1
86,85,13,13,1
86,87,14,14,1
87,80,14,8,1
87,81,14,9,1
87,82,14,10,1
87,83,14,11,1
87,84,14,12,1
87,85,14,13,1
87,86,14,14,1
88..95,0..87,0,0,4
88..95,0..87,1,1,4
88..95,0..87,2,2,4
88..95,0..87,3,3,4
88..95,0..87,4,4,4
88..95,0..87,5,5,4
88..95,0..87,6,6,4
88..95,0..87,7,7,4
88,89,8,8,1
88,90,8,9,1
88,91,8,10,1
88,92,8,11,1
88,93,8,12,1
88,94,8,13,1
88,95,8,14,1
88..95,96..511,0,0,4
88..95,96..511,1,1,4
88..95,96..511,2,2,4
88..95,96..511,3,3,4
88..95,96..511,4,4,4
88..95,96..511,5,5,4
88..95,96..511,6,6,4
88..95,96..511,7,7,4
89,88,8,8,1
89,90,9,9,1
89,91,9,10,1
89,92,9,11,1
89,93,9,12,1
89,94,9,13,1
89,95,9,14,1
90,88,9,8,1
90,89,9,9,1
90,91,10,10,1
90,92,10,11,1
90,93,10,12,1
90,94,10,13,1
90,95,10,14,1
91,88,10,8,1
91,89,10,9,1
91,90,10,10,1
91,92,11,11,1
91,93,11,12,1
91,94,11,13,1
91,95,11,14,1
92,88,11,8,1
92,89,11,9,1
92,90,11,10,1
92,91,11,11,1
92,93,12,12,1
92,94,12,13,1
92,95,12,14,1
93,88,12,8,1
93,89,12,9,1
93,90,12,10,1
93,91,12,11,1
93,92,12,12,1
93,94,13,13,1
93,95,13,14,1
94,88,13,8,1
94,89,13,9,1
94,90,13,10,1
94,91,13,11,1
94,92,13,12,1
94,93,13,13,1
94,95,14,14,1
95,88,14,8,1
95,89,14,9,1
95,90,14,10,1
95,91,14,11,1
95,92,14,12,1
95,93,14,13,1
95,94,14,14,1
96..103,0..95,0,0,4
96..103,0..95,1,1,4
96..103,0..95,2,2,4
96..103,0..95,3,3,4
96..103,0..95,4,4,4
96..103,0..95,5,5,4
96..103,0..95,6,6,4
96..103,0..95,7,7,4
96,97,8,8,1
96,98,8,9,1
96,99,8,10,1
96,100,8,11,1
96,101,8,12,1
96,102,8,13,1
96,103,8,14,1
96..103,104..511,0,0,4
96..103,104..511,1,1,4
96..103,104..511,2,2,4
96..103,104..511,3,3,4
96..103,104..511,4,4,4
96..103,104..511,5,5,4
96..103,104..511,6,6,4
96..103,104..511,7,7,4
97,96,8,8,1
97,98,9,9,1
97,99,9,10,1
97,100,9,11,1
97,101,9,12,1
97,102,9,13,1
97,103,9,14,1
98,96,9,8,1
98,97,9,9,1
98,99,10,10,1
98,100,10,11,1
98,101,10,12,1
98,102,10,13,1
98,103,10,14,1
99,96,10,8,1
99,97,10,9,1
99,98,10,10,1
99,100,11,11,1
99,101,11,12,1
99,102,11,13,1
99,103,11,14,1
100,96,11,8,1
100,97,11,9,1
100,98,11,10,1
100,99,11,11,1
100,101,12,12,1
100,102,12,13,1
100,103,12,14,1
101,96,12,8,1
101,97,12,9,1
101,98,12,10,1
101,99,12,11,1
101,100,12,12,1
101,102,13,13,1
101,103,13,14,1
102,96,13,8,1
102,97,13,9,1
102,98,13,10,1
102,99,13,11,1
102,100,13,12,1
102,101,13,13,1
102,103,14,14,1
103,96,14,8,1
103,97,14,9,1
103,98,14,10,1
103,99,14,11,1
103,100,14,12,1
103,101,14,13,1
103,102,14,14,1
104..111,0..103,0,0,4
104..111,0..103,1,1,4
104..111,0..103,2,2,4
104..111,0..103,3,3,4
104..111,0..103,4,4,4
104..111,0..103,5,5,4
104..111,0..103,6,6,4
104..111,0..103,7,7,4
104,105,8,8,1
104,106,8,9,1
104,107,8,10,1
104,108,8,11,1
104,109,8,12,1
104,110,8,13,1
104,111,8,14,1
104..111,112..511,0,0,4
104..111,112..511,1,1,4
104..111,112..511,2,2,4
104..111,112..511,3,3,4
104..111,112..511,4,4,4
104..111,112..511,5,5,4
104..111,112..511,6,6,4
104..111,112..511,7,7,4
105,104,8,8,1
105,106,9,9,1
105,107,9,10,1
105,108,9,11,1
105,109,9,12,1
105,110,9,13,1
105,111,9,14,1
106,104,9,8,1
106,105,9,9,1
106,107,10,10,1
106,108,10,11,1
106,109,10,12,1
106,110,10,13,1
106,111,10,14,1
107,104,10,8,1
107,105,10,9,1
107,106,10,10,1
107,108,11,11,1
107,109,11,12,1
107,110,11,13,1
107,111,11,14,1
108,104,11,8,1
108,105,11,9,1
108,106,11,10,1
108,107,11,11,1
108,109,12,12,1
108,110,12,13,1
108,111,12,14,1
109,104,12,8,1
109,105,12,9,1
109,106,12,10,1
109,107,12,11,1
109,108,12,12,1
109,110,13,13,1
109,111,13,14,1
110,104,13,8,1
110,105,13,9,1
110,106,13,10,1
110,107,13,11,1
110,108,13,12,1
110,109,13,13,1
110,111,14,14,1
111,104,14,8,1
111,105,14,9,1
111,106,14,10,1
111,107,14,11,1
111,108,14,12,1
111,109,14,13,1
111,110,14,14,1
112..119,0..111,0,0,4
112..119,0..111,1,1,4
112..119,0..111,2,2,4
112..119,0..111,3,3,4
112..119,0..111,4,4,4
112..119,0..111,5,5,4
112..119,0..111,6,6,4
112..119,0..111,7,7,4
112,113,8,8,1
112,114,8,9,1
112,115,8,10,1
112,116,8,11,1
112,117,8,12,1
112,118,8,13,1
112,119,8,14,1
112..119,120..511,0,0,4
112..119,120..511,1,1,4
112..119,120..511,2,2,4
112..119,120..511,3,3,4
112..119,120..511,4,4,4
112..119,120..511,5,5,4
112..119,120..511,6,6,4
112..119,120..511,7,7,4
113,112,8,8,1
113,114,9,9,1
113,115,9,10,1
113,116,9,11,1
113,117,9,12,1
113,118,9,13,1
113,119,9,14,1
114,112,9,8,1
114,113,9,9,1
114,115,10,10,1
114,116,10,11,1
114,117,10,12,1
114,118,10,13,1
114,119,10,14,1
115,112,10,8,1
115,113,10,9,1
115,114,10,10,1
115,116,11,11,1
115,117,11,12,1
115,118,11,13,1
115,119,11,14,1
116,112,11,8,1
116,113,11,9,1
116,114,11,10,1
116,115,11,11,1
116,117,12,12,1
116,118,12,13,1
116,119,12,14,1
117,112,12,8,1
117,113,12,9,1
117,114,12,10,1
117,115,12,11,1
117,116,12,12,1
117,118,13,13,1
117,119,13,14,1
118,112,13,8,1
118,113,13,9,1
118,114,13,10,1
118,115,13,11,1
118,116,13,12,1
118,117,13,13,1
118,119,14,14,1
119,112,14,8,1
119,113,14,9,1
119,114,14,10,1
119,115,14,11,1
119,116,14,12,1
119,117,14,13,1
119,118,14,14,1
120..127,0..119,0,0,4
120..127,0..119,1,1,4
120..127,0..119,2,2,4
120..127,0..119,3,3,4
120..127,0..119,4,4,4
120..127,0..119,5,5,4
120..127,0..119,6,6,4
120..127,0..119,7,7,4
120,121,8,8,1
120,122,8,9,1
120,123,8,10,1
120,124,8,11,1
120,125,8,12,1
120,126,8,13,1
120,127,8,14,1
120..127,128..511,0,0,4
120..127,128..511,1,1,4
120..127,128..511,2,2,4
120..127,128..511,3,3,4
120..127,128..511,4,4,4
120..127,128..511,5,5,4
120..127,128..511,6,6,4
120..127,128..511,7,7,4
121,120,8,8,1
121,122,9,9,1
121,123,9,10,1
121,124,9,11,1
121,125,9,12,1
121,126,9,13,1
121,127,9,14,1
122,120,9,8,1
122,121,9,9,1
122,123,10,10,1
122,124,10,11,1
122,125,10,12,1
122,126,10,13,1
122,127,10,14,1
123,120,10,8,1
123,121,10,9,1
123,122,10,10,1
123,124,11,11,1
123,125,11,12,1
123,126,11,13,1
123,127,11,14,1
124,120,11,8,1
124,121,11,9,1
124,122,11,10,1
124,123,11,11,1
124,125,12,12,1
124,126,12,13,1
124,127,12,14,1
125,120,12,8,1
125,121,12,9,1
125,122,12,10,1
125,123,12,11,1
125,124,12,12,1
125,126,13,13,1
125,127,13,14,1
126,120,13,8,1
126,121,13,9,1
126,122,13,10,1
126,123,13,11,1
126,124,13,12,1
126,125,13,13,1
126,127,14,14,1
127,120,14,8,1
127,121,14,9,1
127,122,14,10,1
127,123,14,11,1
127,124,14,12,1
127,125,14,13,1
127,126,14,14,1
128..135,0..127,0,0,4
128..135,0..127,1,1,4
128..135,0..127,2,2,4
128..135,0..127,3,3,4
128..135,0..127,4,4,4
128..135,0..127,5,5,4
128..135,0..127,6,6,4
128..135,0..127,7,7,4
128,129,8,8,1
128,130,8,9,1
128,131,8,10,1
128,132,8,11,1
128,133,8,12,1
128,134,8,13,1
128,135,8,14,1
128..135,136..511,0,0,4
128..135,136..511,1,1,4
128..135,136..511,2,2,4
128..135,136..511,3,3,4
128..135,136..511,4,4,4
128..135,136..511,5,5,4
128..135,136..511,6,6,4
128..135,136..511,7,7,4
129,128,8,8,1
129,130,9,9,1
129,131,9,10,1
129,132,9,11,1
129,133,9,12,1
129,134,9,13,1
129,135,9,14,1
130,128,9,8,1
130,129,9,9,1
130,131,10,10,1
130,132,10,11,1
130,133,10,12,1
130,134,10,13,1
130,135,10,14,1
131,128,10,8,1
131,129,10,9,1
131,130,10,10,1
131,132,11,11,1
131,133,11,12,1
131,134,11,13,1
131,135,11,14,1
132,128,11,8,1
132,129,11,9,1
132,130,11,10,1
132,131,11,11,1
132,133,12,12,1
132,134,12,13,1
132,135,12,14,1
133,128,12,8,1
133,129,12,9,1
133,130,12,10,1
133,131,12,11,1
133,132,12,12,1
133,134,13,13,1
133,135,13,14,1
134,128,13,8,1
134,129,13,9,1
134,130,13,10,1
134,131,13,11,1
134,132,13,12,1
134,133,13,13,1
134,135,14,14,1
135,128,14,8,1
135,129,14,9,1
135,130,14,10,1
135,131,14,11,1
135,132,14,12,1
135,133,14,13,1
135,134,14,14,1
136..143,0..135,0,0,4
136..143,0..135,1,1,4
136..143,0..135,2,2,4
136..143,0..135,3,3,4
136..143,0..135,4,4,4
136..143,0..135,5,5,4
136..143,0..135,6,6,4
136..143,0..135,7,7,4
136,137,8,8,1
136,138,8,9,1
136,139,8,10,1
136,140,8,11,1
136,141,8,12,1
136,142,8,13,1
136,143,8,14,1
136..143,144..511,0,0,4
136..143,144..511,1,1,4
136..143,144..511,2,2,4
136..143,144..511,3,3,4
136..143,144..511,4,4,4
136..143,144..511,5,5,4
136..143,144..511,6,6,4
136..143,144..511,7,7,4
137,136,8,8,1
137,138,9,9,1
137,139,9,10,1
137,140,9,11,1
137,141,9,12,1
137,142,9,13,1
137,143,9,14,1
138,136,9,8,1
138,137,9,9,1
138,139,10,10,1
138,140,10,11,1
138,141,10,12,1
138,142,10,13,1
138,143,10,14,1
139,136,10,8,1
139,137,10,9,1
139,138,10,10,1
139,140,11,11,1
139,141,11,12,1
139,142,11,13,1
139,143,11,14,1
140,136,11,8,1
140,137,11,9,1
140,138,11,10,1
140,139,11,11,1
140,141,12,12,1
140,142,12,13,1
140,143,12,14,1
141,136,12,8,1
141,137,12,9,1
141,138,12,10,1
141,139,12,11,1
141,140,12,12,1
141,142,13,13,1
141,143,13,14,1
142,136,13,8,1
142,137,13,9,1
142,138,13,10,1
142,139,13,11,1
142,140,13,12,1
142,141,13,13,1
142,143,14,14,1
143,136,14,8,1
143,137,14,9,1
143,138,14,10,1
143,139,14,11,1
143,140,14,12,1
143,141,14,13,1
143,142,14,14,1
144..151,0..143,0,0,4
144..151,0..143,1,1,4
144..151,0..143,2,2,4
144..151,0..143,3,3,4
144..151,0..143,4,4,4
144..151,0..143,5,5,4
144..151,0..143,6,6,4
144..151,0..143,7,7,4
144,145,8,8,1
144,146,8,9,1
144,147,8,10,1
144,148,8,11,1
144,149,8,12,1
144,150,8,13,1
144,151,8,14,1
144..151,152..511,0,0,4
144..151,152..511,1,1,4
144..151,152..511,2,2,4
144..151,152..511,3,3,4
144..151,152..511,4,4,4
144..151,152..511,5,5,4
144..151,152..511,6,6,4
144..151,152..511,7,7,4
145,144,8,8,1
145,146,9,9,1
145,147,9,10,1
145,148,9,11,1
145,149,9,12,1
145,150,9,13,1
145,151,9,14,1
146,144,9,8,1
146,145,9,9,1
146,147,10,10,1
146,148,10,11,1
146,149,10,12,1
146,150,10,13,1
146,151,10,14,1
147,144,10,8,1
147,145,10,9,1
147,146,10,10,1
147,148,11,11,1
147,149,11,12,1
147,150,11,13,1
147,151,11,14,1
148,144,11,8,1
148,145,11,9,1
148,146,11,10,1
148,147,11,11,1
148,149,12,12,1
148,150,12,13,1
148,151,12,14,1
149,144,12,8,1
149,145,12,9,1
149,146,12,10,1
149,147,12,11,1
149,148,12,12,1
149,150,13,13,1
149,151,13,14,1
150,144,13,8,1
150,145,13,9,1
150,146,13,10,1
150,147,13,11,1
150,148,13,12,1
150,149,13,13,1
150,151,14,14,1
151,144,14,8,1
151,145,14,9,1
151,146,14,10,1
151,147,14,11,1
151,148,14,12,1
151,149,14,13,1
151,150,14,14,1
152..159,0..151,0,0,4
152..159,0..151,1,1,4
152..159,0..151,2,2,4
152..159,0..151,3,3,4
152..159,0..151,4,4,4
152..159,0..151,5,5,4
152..159,0..151,6,6,4
152..159,0..151,7,7,4
152,153,8,8,1
152,154,8,9,1
152,155,8,10,1
152,156,8,11,1
152,157,8,12,1
152,158,8,13,1
152,159,8,14,1
152..159,160..511,0,0,4
152..159,160..511,1,1,4
152..159,160..511,2,2,4
152..159,160..511,3,3,4
152..159,160..511,4,4,4
152..159,160..511,5,5,4
152..159,160..511,6,6,4
152..159,160..511,7,7,4
153,152,8,8,1
153,154,9,9,1
153,155,9,10,1
153,156,9,11,1
153,157,9,12,1
153,158,9,13,1
153,159,9,14,1
154,152,9,8,1
154,153,9,9,1
154,155,10,10,1
154,156,10,11,1
154,157,10,12,1
154,158,10,13,1
154,159,10,14,1
155,152,10,8,1
155,153,10,9,1
155,154,10,10,1
155,156,11,11,1
155,157,11,12,1
155,158,11,13,1
155,159,11,14,1
156,152,11,8,1
156,153,11,9,1
156,154,11,10,1
156,155,11,11,1
156,157,12,12,1
156,158,12,13,1
156,159,12,14,1
157,152,12,8,1
157,153,12,9,1
157,154,12,10,1
157,155,12,11,1
157,156,12,12,1
157,158,13,13,1
157,159,13,14,1
158,152,13,8,1
158,153,13,9,1
158,154,13,10,1
158,155,13,11,1
158,156,13,12,1
158,157,13,13,1
158,159,14,14,1
159,152,14,8,1
159,153,14,9,1
159,154,14,10,1
159,155,14,11,1
159,156,14,12,1
159,157,14,13,1
159,158,14,14,1
160..167,0..159,0,0,4
160..167,0..159,1,1,4
160..167,0..159,2,2,4
160..167,0..159,3,3,4
160..167,0..159,4,4,4
160..167,0..159,5,5,4
160..167,0..159,6,6,4
160..167,0..159,7,7,4
160,161,8,8,1
160,162,8,9,1
160,163,8,10,1
160,164,8,11,1
160,165,8,12,1
160,166,8,13,1
160,167,8,14,1
160..167,168..511,0,0,4
160..167,168..511,1,1,4
160..167,168..511,2,2,4
160..167,168..511,3,3,4
160..167,168..511,4,4,4
160..167,168..511,5,5,4
160..167,168..511,6,6,4
160..167,168..511,7,7,4
161,160,8,8,1
161,162,9,9,1
161,163,9,10,1
161,164,9,11,1
161,165,9,12,1
161,166,9,13,1
161,167,9,14,1
162,160,9,8,1
162,161,9,9,1
162,163,10,10,1
162,164,10,11,1
162,165,10,12,1
162,166,10,13,1
162,167,10,14,1
163,160,10,8,1
163,161,10,9,1
163,162,10,10,1
163,164,11,11,1
163,165,11,12,1
163,166,11,13,1
163,167,11,14,1
164,160,11,8,1
164,161,11,9,1
164,162,11,10,1
164,163,11,11,1
164,165,12,12,1
164,166,12,13,1
164,167,12,14,1
165,160,12,8,1
165,161,12,9,1
165,162,12,10,1
165,163,12,11,1
165,164,12,12,1
165,166,13,13,1
165,167,13,14,1
166,160,13,8,1
166,161,13,9,1
166,162,13,10,1
166,163,13,11,1
166,164,13,12,1
166,165,13,13,1
166,167,14,14,1
167,160,14,8,1
167,161,14,9,1
167,162,14,10,1
167,163,14,11,1
167,164,14,12,1
167,165,14,13,1
167,166,14,14,1
168..175,0..167,0,0,4
168..175,0..167,1,1,4
168..175,0..167,2,2,4
168..175,0..167,3,3,4
168..175,0..167,4,4,4
168..175,0..167,5,5,4
168..175,0..167,6,6,4
168..175,0..167,7,7,4
168,169,8,8,1
168,170,8,9,1
168,171,8,10,1
168,172,8,11,1
168,173,8,12,1
168,174,8,13,1
168,175,8,14,1
168..175,176..511,0,0,4
168..175,176..511,1,1,4
168..175,176..511,2,2,4
168..175,176..511,3,3,4
168..175,176..511,4,4,4
168..175,176..511,5,5,4
168..175,176..511,6,6,4
168..175,176..511,7,7,4
169,168,8,8,1
169,170,9,9,1
169,171,9,10,1
169,172,9,11,1
169,173,9,12,1
169,174,9,13,1
169,175,9,14,1
170,168,9,8,1
170,169,9,9,1
170,171,10,10,1
170,172,10,11,1
170,173,10,12,1
170,174,10,13,1
170,175,10,14,1
171,168,10,8,1
171,169,10,9,1
171,170,10,10,1
171,172,11,11,1
171,173,11,12,1
171,174,11,13,1
171,175,11,14,1
172,168,11,8,1
172,169,11,9,1
172,170,11,10,1
172,171,11,11,1
172,173,12,12,1
172,174,12,13,1
172,175,12,14,1
173,168,12,8,1
173,169,12,9,1
173,170,12,10,1
173,171,12,11,1
173,172,12,12,1
173,174,13,13,1
173,175,13,14,1
174,168,13,8,1
174,169,13,9,1
174,170,13,10,1
174,171,13,11,1
174,172,13,12,1
174,173,13,13,1
174,175,14,14,1
175,168,14,8,1
175,169,14,9,1
175,170,14,10,1
175,171,14,11,1
175,172,14,12,1
175,173,14,13,1
175,174,14,14,1
176..183,0..175,0,0,4
176..183,0..175,1,1,4
176..183,0..175,2,2,4
176..183,0..175,3,3,4
176..183,0..175,4,4,4
176..183,0..175,5,5,4
176..183,0..175,6,6,4
176..183,0..175,7,7,4
176,177,8,8,1
176,178,8,9,1
176,179,8,10,1
176,180,8,11,1
176,181,8,12,1
176,182,8,13,1
176,183,8,14,1
176..183,184..511,0,0,4
176..183,184..511,1,1,4
176..183,184..511,2,2,4
176..183,184..511,3,3,4
176..183,184..511,4,4,4
176..183,184..511,5,5,4
176..183,184..511,6,6,4
176..183,184..511,7,7,4
177,176,8,8,1
177,178,9,9,1
177,179,9,10,1
177,180,9,11,1
177,181,9,12,1
177,182,9,13,1
177,183,9,14,1
178,176,9,8,1
178,177,9,9,1
178,179,10,10,1
178,180,10,11,1
178,181,10,12,1
178,182,10,13,1
178,183,10,14,1
179,176,10,8,1
179,177,10,9,1
179,178,10,10,1
179,180,11,11,1
179,181,11,12,1
179,182,11,13,1
179,183,11,14,1
180,176,11,8,1
180,177,11,9,1
180,178,11,10,1
180,179,11,11,1
180,181,12,12,1
180,182,12,13,1
180,183,12,14,1
181,176,12,8,1
181,177,12,9,1
181,178,12,10,1
181,179,12,11,1
181,180,12,12,1
181,182,13,13,1
181,183,13,14,1
182,176,13,8,1
182,177,13,9,1
182,178,13,10,1
182,179,13,11,1
182,180,13,12,1
182,181,13,13,1
182,183,14,14,1
183,176,14,8,1
183,177,14,9,1
183,178,14,10,1
183,179,14,11,1
183,180,14,12,1
183,181,14,13,1
183,182,14,14,1
184..191,0..183,0,0,4
184..191,0..183,1,1,4
184..191,0..183,2,2,4
184..191,0..183,3,3,4
184..191,0..183,4,4,4
184..191,0..183,5,5,4
184..191,0..183,6,6,4
184..191,0..183,7,7,4
184,185,8,8,1
184,186,8,9,1
184,187,8,10,1
184,188,8,11,1
184,189,8,12,1
184,190,8,13,1
184,191,8,14,1
184..191,192..511,0,0,4
184..191,192..511,1,1,4
184..191,192..511,2,2,4
184..191,192..511,3,3,4
184..191,192..511,4,4,4
184..191,192..511,5,5,4
184..191,192..511,6,6,4
184..191,192..511,7,7,4
185,184,8,8,1
185,186,9,9,1
185,187,9,10,1
185,188,9,11,1
185,189,9,12,1
185,190,9,13,1
185,191,9,14,1
186,184,9,8,1
186,185,9,9,1
186,187,10,10,1
186,188,10,11,1
186,189,10,12,1
186,190,10,13,1
186,191,10,14,1
187,184,10,8,1
187,185,10,9,1
187,186,10,10,1
187,188,11,11,1
187,189,11,12,1
187,190,11,13,1
187,191,11,14,1
188,184,11,8,1
188,185,11,9,1
188,186,11,10,1
188,187,11,11,1
188,189,12,12,1
188,190,12,13,1
188,191,12,14,1
189,184,12,8,1
189,185,12,9,1
189,186,12,10,1
189,187,12,11,1
189,188,12,12,1
189,190,13,13,1
189,191,13,14,1
190,184,13,8,1
190,185,13,9,1
190,186,13,10,1
190,187,13,11,1
190,188,13,12,1
190,189,13,13,1
190,191,14,14,1
191,184,14,8,1
191,185,14,9,1
191,186,14,10,1
191,187,14,11,1
191,188,14,12,1
191,189,14,13,1
191,190,14,14,1
192..199,0..191,0,0,4
192..199,0..191,1,1,4
192..199,0..191,2,2,4
192..199,0..191,3,3,4
192..199,0..191,4,4,4
192..199,0..191,5,5,4
192..199,0..191,6,6,4
192..199,0..191,7,7,4
192,193,8,8,1
192,194,8,9,1
192,195,8,10,1
192,196,8,11,1
192,197,8,12,1
192,198,8,13,1
192,199,8,14,1
192..199,200..511,0,0,4
192..199,200..511,1,1,4
192..199,200..511,2,2,4
192..199,200..511,3,3,4
192..199,200..511,4,4,4
192..199,200..511,5,5,4
192..199,200..511,6,6,4
192..199,200..511,7,7,4
193,192,8,8,1
193,194,9,9,1
193,195,9,10,1
193,196,9,11,1
193,197,9,12,1
193,198,9,13,1
193,199,9,14,1
194,192,9,8,1
194,193,9,9,1
194,195,10,10,1
194,196,10,11,1
194,197,10,12,1
194,198,10,13,1
194,199,10,14,1
195,192,10,8,1
195,193,10,9,1
195,194,10,10,1
195,196,11,11,1
195,197,11,12,1
195,198,11,13,1
195,199,11,14,1
196,192,11,8,1
196,193,11,9,1
196,194,11,10,1
196,195,11,11,1
196,197,12,12,1
196,198,12,13,1
196,199,12,14,1
197,192,12,8,1
197,193,12,9,1
197,194,12,10,1
197,195,12,11,1
197,196,12,12,1
197,198,13,13,1
197,199,13,14,1
198,192,13,8,1
198,193,13,9,1
198,194,13,10,1
198,195,13,11,1
198,196,13,12,1
198,197,13,13,1
198,199,14,14,1
199,192,14,8,1
199,193,14,9,1
199,194,14,10,1
199,195,14,11,1
199,196,14,12,1
199,197,14,13,1
199,198,14,14,1
200..207,0..199,0,0,4
200..207,0..199,1,1,4
200..207,0..199,2,2,4
200..207,0..199,3,3,4
200..207,0..199,4,4,4
200..207,0..199,5,5,4
200..207,0..199,6,6,4
200..207,0..199,7,7,4
200,201,8,8,1
200,202,8,9,1
200,203,8,10,1
200,204,8,11,1
200,205,8,12,1
200,206,8,13,1
200,207,8,14,1
200..207,208..511,0,0,4
200..207,208..511,1,1,4
200..207,208..511,2,2,4
200..207,208..511,3,3,4
200..207,208..511,4,4,4
200..207,208..511,5,5,4
200..207,208..511,6,6,4
200..207,208..511,7,7,4
201,200,8,8,1
201,202,9,9,1
201,203,9,10,1
201,204,9,11,1
201,205,9,12,1
201,206,9,13,1
201,207,9,14,1
202,200,9,8,1
202,201,9,9,1
202,203,10,10,1
202,204,10,11,1
202,205,10,12,1
202,206,10,13,1
202,207,10,14,1
203,200,10,8,1
203,201,10,9,1
203,202,10,10,1
203,204,11,11,1
203,205,11,12,1
203,206,11,13,1
203,207,11,14,1
204,200,11,8,1
204,201,11,9,1
204,202,11,10,1
204,203,11,11,1
204,205,12,12,1
204,206,12,13,1
204,207,12,14,1
205,200,12,8,1
205,201,12,9,1
205,202,12,10,1
205,203,12,11,1
205,204,12,12,1
205,206,13,13,1
205,207,13,14,1
206,200,13,8,1
206,201,13,9,1
206,202,13,10,1
206,203,13,11,1
206,204,13,12,1
206,205,13,13,1
206,207,14,14,1
207,200,14,8,1
207,201,14,9,1
207,202,14,10,1
207,203,14,11,1
207,204,14,12,1
207,205,14,13,1
207,206,14,14,1
208..215,0..207,0,0,4
208..215,0..207,1,1,4
208..215,0..207,2,2,4
208..215,0..207,3,3,4
208..215,0..207,4,4,4
208..215,0..207,5,5,4
208..215,0..207,6,6,4
208..215,0..207,7,7,4
208,209,8,8,1
208,210,8,9,1
208,211,8,10,1
208,212,8,11,1
208,213,8,12,1
208,214,8,13,1
208,215,8,14,1
208..215,216..511,0,0,4
208..215,216..511,1,1,4
208..215,216..511,2,2,4
208..215,216..511,3,3,4
208..215,216..511,4,4,4
208..215,216..511,5,5,4
208..215,216..511,6,6,4
208..215,216..511,7,7,4
209,208,8,8,1
209,210,9,9,1
209,211,9,10,1
209,212,9,11,1
209,213,9,12,1
209,214,9,13,1
209,215,9,14,1
210,208,9,8,1
210,209,9,9,1
210,211,10,10,1
210,212,10,11,1
210,213,10,12,1
210,214,10,13,1
210,215,10,14,1
211,208,10,8,1
211,209,10,9,1
211,210,10,10,1
211,212,11,11,1
211,213,11,12,1
211,214,11,13,1
211,215,11,14,1
212,208,11,8,1
212,209,11,9,1
212,210,11,10,1
212,211,11,11,1
212,213,12,12,1
212,214,12,13,1
212,215,12,14,1
213,208,12,8,1
213,209,12,9,1
213,210,12,10,1
213,211,12,11,1
213,212,12,12,1
213,214,13,13,1
213,215,13,14,1
214,208,13,8,1
214,209,13,9,1
214,210,13,10,1
214,211,13,11,1
214,212,13,12,1
214,213,13,13,1
214,215,14,14,1
215,208,14,8,1
215,209,14,9,1
215,210,14,10,1
215,211,14,11,1
215,212,14,12,1
215,213,14,13,1
215,214,14,14,1
216..223,0..215,0,0,4
216..223,0..215,1,1,4
216..223,0..215,2,2,4
216..223,0..215,3,3,4
216..223,0..215,4,4,4
216..223,0..215,5,5,4
216..223,0..215,6,6,4
216..223,0..215,7,7,4
216,217,8,8,1
216,218,8,9,1
216,219,8,10,1
216,220,8,11,1
216,221,8,12,1
216,222,8,13,1
216,223,8,14,1
216..223,224..511,0,0,4
216..223,224..511,1,1,4
216..223,224..511,2,2,4
216..223,224..511,3,3,4
216..223,224..511,4,4,4
216..223,224..511,5,5,4
216..223,224..511,6,6,4
216..223,224..511,7,7,4
217,216,8,8,1
217,218,9,9,1
217,219,9,10,1
217,220,9,11,1
217,221,9,12,1
217,222,9,13,1
217,223,9,14,1
218,216,9,8,1
218,217,9,9,1
218,219,10,10,1
218,220,10,11,1
218,221,10,12,1
218,222,10,13,1
218,223,10,14,1
219,216,10,8,1
219,217,10,9,1
219,218,10,10,1
219,220,11,11,1
219,221,11,12,1
219,222,11,13,1
219,223,11,14,1
220,216,11,8,1
220,217,11,9,1
220,218,11,10,1
220,219,11,11,1
220,221,12,12,1
220,222,12,13,1
220,223,12,14,1
221,216,12,8,1
221,217,12,9,1
221,218,12,10,1
221,219,12,11,1
221,220,12,12,1
221,222,13,13,1
221,223,13,14,1
222,216,13,8,1
222,217,13,9,1
222,218,13,10,1
222,219,13,11,1
222,220,13,12,1
222,221,13,13,1
222,223,14,14,1
223,216,14,8,1
223,217,14,9,1
223,218,14,10,1
223,219,14,11,1
223,220,14,12,1
223,221,14,13,1
223,222,14,14,1
224..231,0..223,0,0,4
224..231,0..223,1,1,4
224..231,0..223,2,2,4
224..231,0..223,3,3,4
224..231,0..223,4,4,4
224..231,0..223,5,5,4
224..231,0..223,6,6,4
224..231,0..223,7,7,4
224,225,8,8,1
224,226,8,9,1
224,227,8,10,1
224,228,8,11,1
224,229,8,12,1
224,230,8,13,1
224,231,8,14,1
224..231,232..511,0,0,4
224..231,232..511,1,1,4
224..231,232..511,2,2,4
224..231,232..511,3,3,4
224..231,232..511,4,4,4
224..231,232..511,5,5,4
224..231,232..511,6,6,4
224..231,232..511,7,7,4
225,224,8,8,1
225,226,9,9,1
225,227,9,10,1
225,228,9,11,1
225,229,9,12,1
225,230,9,13,1
225,231,9,14,1
226,224,9,8,1
226,225,9,9,1
226,227,10,10,1
226,228,10,11,1
226,229,10,12,1
226,230,10,13,1
226,231,10,14,1
227,224,10,8,1
227,225,10,9,1
227,226,10,10,1
227,228,11,11,1
227,229,11,12,1
227,230,11,13,1
227,231,11,14,1
228,224,11,8,1
228,225,11,9,1
228,226,11,10,1
228,227,11,11,1
228,229,12,12,1
228,230,12,13,1
228,231,12,14,1
229,224,12,8,1
229,225,12,9,1
229,226,12,10,1
229,227,12,11,1
229,228,12,12,1
229,230,13,13,1
229,231,13,14,1
230,224,13,8,1
230,225,13,9,1
230,226,13,10,1
230,227,13,11,1
230,228,13,12,1
230,229,13,13,1
230,231,14,14,1
231,224,14,8,1
231,225,14,9,1
231,226,14,10,1
231,227,14,11,1
231,228,14,12,1
231,229,14,13,1
231,230,14,14,1
232..239,0..231,0,0,4
232..239,0..231,1,1,4
232..239,0..231,2,2,4
232..239,0..231,3,3,4
232..239,0..231,4,4,4
232..239,0..231,5,5,4
232..239,0..231,6,6,4
232..239,0..231,7,7,4
232,233,8,8,1
232,234,8,9,1
232,235,8,10,1
232,236,8,11,1
232,237,8,12,1
232,238,8,13,1
232,239,8,14,1
232..239,240..511,0,0,4
232..239,240..511,1,1,4
232..239,240..511,2,2,4
232..239,240..511,3,3,4
232..239,240..511,4,4,4
232..239,240..511,5,5,4
232..239,240..511,6,6,4
232..239,240..511,7,7,4
233,232,8,8,1
233,234,9,9,1
233,235,9,10,1
233,236,9,11,1
233,237,9,12,1
233,238,9,13,1
233,239,9,14,1
234,232,9,8,1
234,233,9,9,1
234,235,10,10,1
234,236,10,11,1
234,237,10,12,1
234,238,10,13,1
234,239,10,14,1
235,232,10,8,1
235,233,10,9,1
235,234,10,10,1
235,236,11,11,1
235,237,11,12,1
235,238,11,13,1
235,239,11,14,1
236,232,11,8,1
236,233,11,9,1
236,234,11,10,1
236,235,11,11,1
236,237,12,12,1
236,238,12,13,1
236,239,12,14,1
237,232,12,8,1
237,233,12,9,1
237,234,12,10,1
237,235,12,11,1
237,236,12,12,1
237,238,13,13,1
237,239,13,14,1
238,232,13,8,1
238,233,13,9,1
238,234,13,10,1
238,235,13,11,1
238,236,13,12,1
238,237,13,13,1
238,239,14,14,1
239,232,14,8,1
239,233,14,9,1
239,234,14,10,1
239,235,14,11,1
239,236,14,12,1
239,237,14,13,1
239,238,14,14,1
240..247,0..239,0,0,4
240..247,0..239,1,1,4
240..247,0..239,2,2,4
240..247,0..239,3,3,4
240..247,0..239,4,4,4
240..247,0..239,5,5,4
240..247,0..239,6,6,4
240..247,0..239,7,7,4
240,241,8,8,1
240,242,8,9,1
240,243,8,10,1
240,244,8,11,1
240,245,8,12,1
240,246,8,13,1
240,247,8,14,1
240..247,248..511,0,0,4
240..247,248..511,1,1,4
240..247,248..511,2,2,4
240..247,248..511,3,3,4
240..247,248..511,4,4,4
240..247,248..511,5,5,4
240..247,248..511,6,6,4
240..247,248..511,7,7,4
241,240,8,8,1
241,242,9,9,1
241,243,9,10,1
241,244,9,11,1
241,245,9,12,1
241,246,9,13,1
241,247,9,14,1
242,240,9,8,1
242,241,9,9,1
242,243,10,10,1
242,244,10,11,1
242,245,10,12,1
242,246,10,13,1
242,247,10,14,1
243,240,10,8,1
243,241,10,9,1
243,242,10,10,1
243,244,11,11,1
243,245,11,12,1
243,246,11,13,1
243,247,11,14,1
244,240,11,8,1
244,241,11,9,1
244,242,11,10,1
244,243,11,11,1
244,245,12,12,1
244,246,12,13,1
244,247,12,14,1
245,240,12,8,1
245,241,12,9,1
245,242,12,10,1
245,243,12,11,1
245,244,12,12,1
245,246,13,13,1
245,247,13,14,1
246,240,13,8,1
246,241,13,9,1
246,242,13,10,1
246,243,13,11,1
246,244,13,12,1
246,245,13,13,1
246,247,14,14,1
247,240,14,8,1
247,241,14,9,1
247,242,14,10,1
247,243,14,11,1
247,244,14,12,1
247,245,14,13,1
247,246,14,14,1
248..255,0..247,0,0,4
248..255,0..247,1,1,4
248..255,0..247,2,2,4
248..255,0..247,3,3,4
248..255,0..247,4,4,4
248..255,0..247,5,5,4
248..255,0..247,6,6,4
248..255,0..247,7,7,4
248,249,8,8,1
248,250,8,9,1
248,251,8,10,1
248,252,8,11,1
248,253,8,12,1
248,254,8,13,1
248,255,8,14,1
248..255,256..511,0,0,4
248..255,256..511,1,1,4
248..255,256..511,2,2,4
248..255,256..511,3,3,4
248..255,256..511,4,4,4
248..255,256..511,5,5,4
248..255,256..511,6,6,4
248..255,256..511,7,7,4
249,248,8,8,1
249,250,9,9,1
249,251,9,10,1
249,252,9,11,1
249,253,9,12,1
249,254,9,13,1
249,255,9,14,1
250,248,9,8,1
250,249,9,9,1
250,251,10,10,1
250,252,10,11,1
250,253,10,12,1
250,254,10,13,1
250,255,10,14,1
251,248,10,8,1
251,249,10,9,1
251,250,10,10,1
251,252,11,11,1
251,253,11,12,1
251,254,11,13,1
251,255,11,14,1
252,248,11,8,1
252,249,11,9,1
252,250,11,10,1
252,251,11,11,1
252,253,12,12,1
252,254,12,13,1
252,255,12,14,1
253,248,12,8,1
253,249,12,9,1
253,250,12,10,1
253,251,12,11,1
253,252,12,12,1
253,254,13,13,1
253,255,13,14,1
254,248,13,8,1
254,249,13,9,1
254,250,13,10,1
254,251,13,11,1
254,252,13,12,1
254,253,13,13,1
254,255,14,14,1
255,248,14,8,1
255,249,14,9,1
255,250,14,10,1
255,251,14,11,1
255,252,14,12,1
255,253,14,13,1
255,254,14,14,1
256..263,0..255,0,0,4
256..263,0..255,1,1,4
256..263,0..255,2,2,4
256..263,0..255,3,3,4
256..263,0..255,4,4,4
256..263,0..255,5,5,4
256..263,0..255,6,6,4
256..263,0..255,7,7,4
256,257,8,8,1
256,258,8,9,1
256,259,8,10,1
256,260,8,11,1
256,261,8,12,1
256,262,8,13,1
256,263,8,14,1
256..263,264..511,0,0,4
256..263,264..511,1,1,4
256..263,264..511,2,2,4
256..263,264..511,3,3,4
256..263,264..511,4,4,4
256..263,264..511,5,5,4
256..263,264..511,6,6,4
256..263,264..511,7,7,4
257,256,8,8,1
257,258,9,9,1
257,259,9,10,1
257,260,9,11,1
257,261,9,12,1
257,262,9,13,1
257,263,9,14,1
258,256,9,8,1
258,257,9,9,1
258,259,10,10,1
258,260,10,11,1
258,261,10,12,1
258,262,10,13,1
258,263,10,14,1
259,256,10,8,1
259,257,10,9,1
259,258,10,10,1
259,260,11,11,1
259,261,11,12,1
259,262,11,13,1
259,263,11,14,1
260,256,11,8,1
260,257,11,9,1
260,258,11,10,1
260,259,11,11,1
260,261,12,12,1
260,262,12,13,1
260,263,12,14,1
261,256,12,8,1
261,257,12,9,1
261,258,12,10,1
261,259,12,11,1
261,260,12,12,1
261,262,13,13,1
261,263,13,14,1
262,256,13,8,1
262,257,13,9,1
262,258,13,10,1
262,259,13,11,1
262,260,13,12,1
262,261,13,13,1
262,263,14,14,1
263,256,14,8,1
263,257,14,9,1
263,258,14,10,1
263,259,14,11,1
263,260,14,12,1
263,261,14,13,1
263,262,14,14,1
264..271,0..263,0,0,4
264..271,0..263,1,1,4
264..271,0..263,2,2,4
264..271,0..263,3,3,4
264..271,0..263,4,4,4
264..271,0..263,5,5,4
264..271,0..263,6,6,4
264..271,0..263,7,7,4
264,265,8,8,1
264,266,8,9,1
264,267,8,10,1
264,268,8,11,1
264,269,8,12,1
264,270,8,13,1
264,271,8,14,1
264..271,272..511,0,0,4
264..271,272..511,1,1,4
264..271,272..511,2,2,4
264..271,272..511,3,3,4
264..271,272..511,4,4,4
264..271,272..511,5,5,4
264..271,272..511,6,6,4
264..271,272..511,7,7,4
265,264,8,8,1
265,266,9,9,1
265,267,9,10,1
265,268,9,11,1
265,269,9,12,1
265,270,9,13,1
265,271,9,14,1
266,264,9,8,1
266,265,9,9,1
266,267,10,10,1
266,268,10,11,1
266,269,10,12,1
266,270,10,13,1
266,271,10,14,1
267,264,10,8,1
267,265,10,9,1
267,266,10,10,1
267,268,11,11,1
267,269,11,12,1
267,270,11,13,1
267,271,11,14,1
268,264,11,8,1
268,265,11,9,1
268,266,11,10,1
268,267,11,11,1
268,269,12,12,1
268,270,12,13,1
268,271,12,14,1
269,264,12,8,1
269,265,12,9,1
269,266,12,10,1
269,267,12,11,1
269,268,12,12,1
269,270,13,13,1
269,271,13,14,1
270,264,13,8,1
270,265,13,9,1
270,266,13,10,1
270,267,13,11,1
270,268,13,12,1
270,269,13,13,1
270,271,14,14,1
271,264,14,8,1
271,265,14,9,1
271,266,14,10,1
271,267,14,11,1
271,268,14,12,1
271,269,14,13,1
271,270,14,14,1
272..279,0..271,0,0,4
272..279,0..271,1,1,4
272..279,0..271,2,2,4
272..279,0..271,3,3,4
272..279,0..271,4,4,4
272..279,0..271,5,5,4
272..279,0..271,6,6,4
272..279,0..271,7,7,4
272,273,8,8,1
272,274,8,9,1
272,275,8,10,1
272,276,8,11,1
272,277,8,12,1
272,278,8,13,1
272,279,8,14,1
272..279,280..511,0,0,4
272..279,280..511,1,1,4
272..279,280..511,2,2,4
272..279,280..511,3,3,4
272..279,280..511,4,4,4
272..279,280..511,5,5,4
272..279,280..511,6,6,4
272..279,280..511,7,7,4
273,272,8,8,1
273,274,9,9,1
273,275,9,10,1
273,276,9,11,1
273,277,9,12,1
273,278,9,13,1
273,279,9,14,1
274,272,9,8,1
274,273,9,9,1
274,275,10,10,1
274,276,10,11,1
274,277,10,12,1
274,278,10,13,1
274,279,10,14,1
275,272,10,8,1
275,273,10,9,1
275,274,10,10,1
275,276,11,11,1
275,277,11,12,1
275,278,11,13,1
275,279,11,14,1
276,272,11,8,1
276,273,11,9,1
276,274,11,10,1
276,275,11,11,1
276,277,12,12,1
276,278,12,13,1
276,279,12,14,1
277,272,12,8,1
277,273,12,9,1
277,274,12,10,1
277,275,12,11,1
277,276,12,12,1
277,278,13,13,1
277,279,13,14,1
278,272,13,8,1
278,273,13,9,1
278,274,13,10,1
278,275,13,11,1
278,276,13,12,1
278,277,13,13,1
278,279,14,14,1
279,272,14,8,1
279,273,14,9,1
279,274,14,10,1
279,275,14,11,1
279,276,14,12,1
279,277,14,13,1
279,278,14,14,1
280..287,0..279,0,0,4
280..287,0..279,1,1,4
280..287,0..279,2,2,4
280..287,0..279,3,3,4
280..287,0..279,4,4,4
280..287,0..279,5,5,4
280..287,0..279,6,6,4
280..287,0..279,7,7,4
280,281,8,8,1
280,282,8,9,1
280,283,8,10,1
280,284,8,11,1
280,285,8,12,1
280,286,8,13,1
280,287,8,14,1
280..287,288..511,0,0,4
280..287,288..511,1,1,4
280..287,288..511,2,2,4
280..287,288..511,3,3,4
280..287,288..511,4,4,4
280..287,288..511,5,5,4
280..287,288..511,6,6,4
280..287,288..511,7,7,4
281,280,8,8,1
281,282,9,9,1
281,283,9,10,1
281,284,9,11,1
281,285,9,12,1
281,286,9,13,1
281,287,9,14,1
282,280,9,8,1
282,281,9,9,1
282,283,10,10,1
282,284,10,11,1
282,285,10,12,1
282,286,10,13,1
282,287,10,14,1
283,280,10,8,1
283,281,10,9,1
283,282,10,10,1
283,284,11,11,1
283,285,11,12,1
283,286,11,13,1
283,287,11,14,1
284,280,11,8,1
284,281,11,9,1
284,282,11,10,1
284,283,11,11,1
284,285,12,12,1
284,286,12,13,1
284,287,12,14,1
285,280,12,8,1
285,281,12,9,1
285,282,12,10,1
285,283,12,11,1
285,284,12,12,1
285,286,13,13,1
285,287,13,14,1
286,280,13,8,1
286,281,13,9,1
286,282,13,10,1
286,283,13,11,1
286,284,13,12,1
286,285,13,13,1
286,287,14,14,1
287,280,14,8,1
287,281,14,9,1
287,282,14,10,1
287,283,14,11,1
287,284,14,12,1
287,285,14,13,1
287,286,14,14,1
288..295,0..287,0,0,4
288..295,0..287,1,1,4
288..295,0..287,2,2,4
288..295,0..287,3,3,4
288..295,0..287,4,4,4
288..295,0..287,5,5,4
288..295,0..287,6,6,4
288..295,0..287,7,7,4
288,289,8,8,1
288,290,8,9,1
288,291,8,10,1
288,292,8,11,1
288,293,8,12,1
288,294,8,13,1
288,295,8,14,1
288..295,296..511,0,0,4
288..295,296..511,1,1,4
288..295,296..511,2,2,4
288..295,296..511,3,3,4
288..295,296..511,4,4,4
288..295,296..511,5,5,4
288..295,296..511,6,6,4
288..295,296..511,7,7,4
289,288,8,8,1
289,290,9,9,1
289,291,9,10,1
289,292,9,11,1
289,293,9,12,1
289,294,9,13,1
289,295,9,14,1
290,288,9,8,1
290,289,9,9,1
290,291,10,10,1
290,292,10,11,1
290,293,10,12,1
290,294,10,13,1
290,295,10,14,1
291,288,10,8,1
291,289,10,9,1
291,290,10,10,1
291,292,11,11,1
291,293,11,12,1
291,294,11,13,1
291,295,11,14,1
292,288,11,8,1
292,289,11,9,1
292,290,11,10,1
292,291,11,11,1
292,293,12,12,1
292,294,12,13,1
292,295,12,14,1
293,288,12,8,1
293,289,12,9,1
293,290,12,10,1
293,291,12,11,1
293,292,12,12,1
293,294,13,13,1
293,295,13,14,1
294,288,13,8,1
294,289,13,9,1
294,290,13,10,1
294,291,13,11,1
294,292,13,12,1
294,293,13,13,1
294,295,14,14,1
295,288,14,8,1
295,289,14,9,1
295,290,14,10,1
295,291,14,11,1
295,292,14,12,1
295,293,14,13,1
295,294,14,14,1
296..303,0..295,0,0,4
296..303,0..295,1,1,4
296..303,0..295,2,2,4
296..303,0..295,3,3,4
296..303,0..295,4,4,4
296..303,0..295,5,5,4
296..303,0..295,6,6,4
296..303,0..295,7,7,4
296,297,8,8,1
296,298,8,9,1
296,299,8,10,1
296,300,8,11,1
296,301,8,12,1
296,302,8,13,1
296,303,8,14,1
296..303,304..511,0,0,4
296..303,304..511,1,1,4
296..303,304..511,2,2,4
296..303,304..511,3,3,4
296..303,304..511,4,4,4
296..303,304..511,5,5,4
296..303,304..511,6,6,4
296..303,304..511,7,7,4
297,296,8,8,1
297,298,9,9,1
297,299,9,10,1
297,300,9,11,1
297,301,9,12,1
297,302,9,13,1
297,303,9,14,1
298,296,9,8,1
298,297,9,9,1
298,299,10,10,1
298,300,10,11,1
298,301,10,12,1
298,302,10,13,1
298,303,10,14,1
299,296,10,8,1
299,297,10,9,1
299,298,10,10,1
299,300,11,11,1
299,301,11,12,1
299,302,11,13,1
299,303,11,14,1
300,296,11,8,1
300,297,11,9,1
300,298,11,10,1
300,299,11,11,1
300,301,12,12,1
300,302,12,13,1
300,303,12,14,1
301,296,12,8,1
301,297,12,9,1
301,298,12,10,1
301,299,12,11,1
301,300,12,12,1
301,302,13,13,1
301,303,13,14,1
302,296,13,8,1
302,297,13,9,1
302,298,13,10,1
302,299,13,11,1
302,300,13,12,1
302,301,13,13,1
302,303,14,14,1
303,296,14,8,1
303,297,14,9,1
303,298,14,10,1
303,299,14,11,1
303,300,14,12,1
303,301,14,13,1
303,302,14,14,1
304..311,0..303,0,0,4
304..311,0..303,1,1,4
304..311,0..303,2,2,4
304..311,0..303,3,3,4
304..311,0..303,4,4,4
304..311,0..303,5,5,4
304..311,0..303,6,6,4
304..311,0..303,7,7,4
304,305,8,8,1
304,306,8,9,1
304,307,8,10,1
304,308,8,11,1
304,309,8,12,1
304,310,8,13,1
304,311,8,14,1
304..311,312..511,0,0,4
304..311,312..511,1,1,4
304..311,312..511,2,2,4
304..311,312..511,3,3,4
304..311,312..511,4,4,4
304..311,312..511,5,5,4
304..311,312..511,6,6,4
304..311,312..511,7,7,4
305,304,8,8,1
305,306,9,9,1
305,307,9,10,1
305,308,9,11,1
305,309,9,12,1
305,310,9,13,1
305,311,9,14,1
306,304,9,8,1
306,305,9,9,1
306,307,10,10,1
306,308,10,11,1
306,309,10,12,1
306,310,10,13,1
306,311,10,14,1
307,304,10,8,1
307,305,10,9,1
307,306,10,10,1
307,308,11,11,1
307,309,11,12,1
307,310,11,13,1
307,311,11,14,1
308,304,11,8,1
308,305,11,9,1
308,306,11,10,1
308,307,11,11,1
308,309,12,12,1
308,310,12,13,1
308,311,12,14,1
309,304,12,8,1
309,305,12,9,1
309,306,12,10,1
309,307,12,11,1
309,308,12,12,1
309,310,13,13,1
309,311,13,14,1
310,304,13,8,1
310,305,13,9,1
310,306,13,10,1
310,307,13,11,1
310,308,13,12,1
310,309,13,13,1
310,311,14,14,1
311,304,14,8,1
311,305,14,9,1
311,306,14,10,1
311,307,14,11,1
311,308,14,12,1
311,309,14,13,1
311,310,14,14,1
312..319,0..311,0,0,4
312..319,0..311,1,1,4
312..319,0..311,2,2,4
312..319,0..311,3,3,4
312..319,0..311,4,4,4
312..319,0..311,5,5,4
312..319,0..311,6,6,4
312..319,0..311,7,7,4
312,313,8,8,1
312,314,8,9,1
312,315,8,10,1
312,316,8,11,1
312,317,8,12,1
312,318,8,13,1
312,319,8,14,1
312..319,320..511,0,0,4
312..319,320..511,1,1,4
312..319,320..511,2,2,4
312..319,320..511,3,3,4
312..319,320..511,4,4,4
312..319,320..511,5,5,4
312..319,320..511,6,6,4
312..319,320..511,7,7,4
313,312,8,8,1
313,314,9,9,1
313,315,9,10,1
313,316,9,11,1
313,317,9,12,1
313,318,9,13,1
313,319,9,14,1
314,312,9,8,1
314,313,9,9,1
314,315,10,10,1
314,316,10,11,1
314,317,10,12,1
314,318,10,13,1
314,319,10,14,1
315,312,10,8,1
315,313,10,9,1
315,314,10,10,1
315,316,11,11,1
315,317,11,12,1
315,318,11,13,1
315,319,11,14,1
316,312,11,8,1
316,313,11,9,1
316,314,11,10,1
316,315,11,11,1
316,317,12,12,1
316,318,12,13,1
316,319,12,14,1
317,312,12,8,1
317,313,12,9,1
317,314,12,10,1
317,315,12,11,1
317,316,12,12,1
317,318,13,13,1
317,319,13,14,1
318,312,13,8,1
318,313,13,9,1
318,314,13,10,1
318,315,13,11,1
318,316,13,12,1
318,317,13,13,1
318,319,14,14,1
319,312,14,8,1
319,313,14,9,1
319,314,14,10,1
319,315,14,11,1
319,316,14,12,1
319,317,14,13,1
319,318,14,14,1
320..327,0..319,0,0,4
320..327,0..319,1,1,4
320..327,0..319,2,2,4
320..327,0..319,3,3,4
320..327,0..319,4,4,4
320..327,0..319,5,5,4
320..327,0..319,6,6,4
320..327,0..319,7,7,4
320,321,8,8,1
320,322,8,9,1
320,323,8,10,1
320,324,8,11,1
320,325,8,12,1
320,326,8,13,1
320,327,8,14,1
320..327,328..511,0,0,4
320..327,328..511,1,1,4
320..327,328..511,2,2,4
320..327,328..511,3,3,4
320..327,328..511,4,4,4
320..327,328..511,5,5,4
320..327,328..511,6,6,4
320..327,328..511,7,7,4
321,320,8,8,1
321,322,9,9,1
321,323,9,10,1
321,324,9,11,1
321,325,9,12,1
321,326,9,13,1
321,327,9,14,1
322,320,9,8,1
322,321,9,9,1
322,323,10,10,1
322,324,10,11,1
322,325,10,12,1
322,326,10,13,1
322,327,10,14,1
323,320,10,8,1
323,321,10,9,1
323,322,10,10,1
323,324,11,11,1
323,325,11,12,1
323,326,11,13,1
323,327,11,14,1
324,320,11,8,1
324,321,11,9,1
324,322,11,10,1
324,323,11,11,1
324,325,12,12,1
324,326,12,13,1
324,327,12,14,1
325,320,12,8,1
325,321,12,9,1
325,322,12,10,1
325,323,12,11,1
325,324,12,12,1
325,326,13,13,1
325,327,13,14,1
326,320,13,8,1
326,321,13,9,1
326,322,13,10,1
326,323,13,11,1
326,324,13,12,1
326,325,13,13,1
326,327,14,14,1
327,320,14,8,1
327,321,14,9,1
327,322,14,10,1
327,323,14,11,1
327,324,14,12,1
327,325,14,13,1
327,326,14,14,1
328..335,0..327,0,0,4
328..335,0..327,1,1,4
328..335,0..327,2,2,4
328..335,0..327,3,3,4
328..335,0..327,4,4,4
328..335,0..327,5,5,4
328..335,0..327,6,6,4
328..335,0..327,7,7,4
328,329,8,8,1
328,330,8,9,1
328,331,8,10,1
328,332,8,11,1
328,333,8,12,1
328,334,8,13,1
328,335,8,14,1
328..335,336..511,0,0,4
328..335,336..511,1,1,4
328..335,336..511,2,2,4
328..335,336..511,3,3,4
328..335,336..511,4,4,4
328..335,336..511,5,5,4
328..335,336..511,6,6,4
328..335,336..511,7,7,4
329,328,8,8,1
329,330,9,9,1
329,331,9,10,1
329,332,9,11,1
329,333,9,12,1
329,334,9,13,1
329,335,9,14,1
330,328,9,8,1
330,329,9,9,1
330,331,10,10,1
330,332,10,11,1
330,333,10,12,1
330,334,10,13,1
330,335,10,14,1
331,328,10,8,1
331,329,10,9,1
331,330,10,10,1
331,332,11,11,1
331,333,11,12,1
331,334,11,13,1
331,335,11,14,1
332,328,11,8,1
332,329,11,9,1
332,330,11,10,1
332,331,11,11,1
332,333,12,12,1
332,334,12,13,1
332,335,12,14,1
333,328,12,8,1
333,329,12,9,1
333,330,12,10,1
333,331,12,11,1
333,332,12,12,1
333,334,13,13,1
333,335,13,14,1
334,328,13,8,1
334,329,13,9,1
334,330,13,10,1
334,331,13,11,1
334,332,13,12,1
334,333,13,13,1
334,335,14,14,1
335,328,14,8,1
335,329,14,9,1
335,330,14,10,1
335,331,14,11,1
335,332,14,12,1
335,333,14,13,1
335,334,14,14,1
336..343,0..335,0,0,4
336..343,0..335,1,1,4
336..343,0..335,2,2,4
336..343,0..335,3,3,4
336..343,0..335,4,4,4
336..343,0..335,5,5,4
336..343,0..335,6,6,4
336..343,0..335,7,7,4
336,337,8,8,1
336,338,8,9,1
336,339,8,10,1
336,340,8,11,1
336,341,8,12,1
336,342,8,13,1
336,343,8,14,1
336..343,344..511,0,0,4
336..343,344..511,1,1,4
336..343,344..511,2,2,4
336..343,344..511,3,3,4
336..343,344..511,4,4,4
336..343,344..511,5,5,4
336..343,344..511,6,6,4
336..343,344..511,7,7,4
337,336,8,8,1
337,338,9,9,1
337,339,9,10,1
337,340,9,11,1
337,341,9,12,1
337,342,9,13,1
337,343,9,14,1
338,336,9,8,1
338,337,9,9,1
338,339,10,10,1
338,340,10,11,1
338,341,10,12,1
338,342,10,13,1
338,343,10,14,1
339,336,10,8,1
339,337,10,9,1
339,338,10,10,1
339,340,11,11,1
339,341,11,12,1
339,342,11,13,1
339,343,11,14,1
340,336,11,8,1
340,337,11,9,1
340,338,11,10,1
340,339,11,11,1
340,341,12,12,1
340,342,12,13,1
340,343,12,14,1
341,336,12,8,1
341,337,12,9,1
341,338,12,10,1
341,339,12,11,1
341,340,12,12,1
341,342,13,13,1
341,343,13,14,1
342,336,13,8,1
342,337,13,9,1
342,338,13,10,1
342,339,13,11,1
342,340,13,12,1
342,341,13,13,1
342,343,14,14,1
343,336,14,8,1
343,337,14,9,1
343,338,14,10,1
343,339,14,11,1
343,340,14,12,1
343,341,14,13,1
343,342,14,14,1
344..351,0..343,0,0,4
344..351,0..343,1,1,4
344..351,0..343,2,2,4
344..351,0..343,3,3,4
344..351,0..343,4,4,4
344..351,0..343,5,5,4
344..351,0..343,6,6,4
344..351,0..343,7,7,4
344,345,8,8,1
344,346,8,9,1
344,347,8,10,1
344,348,8,11,1
344,349,8,12,1
344,350,8,13,1
344,351,8,14,1
344..351,352..511,0,0,4
344..351,352..511,1,1,4
344..351,352..511,2,2,4
344..351,352..511,3,3,4
344..351,352..511,4,4,4
344..351,352..511,5,5,4
344..351,352..511,6,6,4
344..351,352..511,7,7,4
345,344,8,8,1
345,346,9,9,1
345,347,9,10,1
345,348,9,11,1
345,349,9,12,1
345,350,9,13,1
345,351,9,14,1
346,344,9,8,1
346,345,9,9,1
346,347,10,10,1
346,348,10,11,1
346,349,10,12,1
346,350,10,13,1
346,351,10,14,1
347,344,10,8,1
347,345,10,9,1
347,346,10,10,1
347,348,11,11,1
347,349,11,12,1
347,350,11,13,1
347,351,11,14,1
348,344,11,8,1
348,345,11,9,1
348,346,11,10,1
348,347,11,11,1
348,349,12,12,1
348,350,12,13,1
348,351,12,14,1
349,344,12,8,1
349,345,12,9,1
349,346,12,10,1
349,347,12,11,1
349,348,12,12,1
349,350,13,13,1
349,351,13,14,1
350,344,13,8,1
350,345,13,9,1
350,346,13,10,1
350,347,13,11,1
350,348,13,12,1
350,349,13,13,1
350,351,14,14,1
351,344,14,8,1
351,345,14,9,1
351,346,14,10,1
351,347,14,11,1
351,348,14,12,1
351,349,14,13,1
351,350,14,14,1
352..359,0..351,0,0,4
352..359,0..351,1,1,4
352..359,0..351,2,2,4
352..359,0..351,3,3,4
352..359,0..351,4,4,4
352..359,0..351,5,5,4
352..359,0..351,6,6,4
352..359,0..351,7,7,4
352,353,8,8,1
352,354,8,9,1
352,355,8,10,1
352,356,8,11,1
352,357,8,12,1
352,358,8,13,1
352,359,8,14,1
352..359,360..511,0,0,4
352..359,360..511,1,1,4
352..359,360..511,2,2,4
352..359,360..511,3,3,4
352..359,360..511,4,4,4
352..359,360..511,5,5,4
352..359,360..511,6,6,4
352..359,360..511,7,7,4
353,352,8,8,1
353,354,9,9,1
353,355,9,10,1
353,356,9,11,1
353,357,9,12,1
353,358,9,13,1
353,359,9,14,1
354,352,9,8,1
354,353,9,9,1
354,355,10,10,1
354,356,10,11,1
354,357,10,12,1
354,358,10,13,1
354,359,10,14,1
355,352,10,8,1
355,353,10,9,1
355,354,10,10,1
355,356,11,11,1
355,357,11,12,1
355,358,11,13,1
355,359,11,14,1
356,352,11,8,1
356,353,11,9,1
356,354,11,10,1
356,355,11,11,1
356,357,12,12,1
356,358,12,13,1
356,359,12,14,1
357,352,12,8,1
357,353,12,9,1
357,354,12,10,1
357,355,12,11,1
357,356,12,12,1
357,358,13,13,1
357,359,13,14,1
358,352,13,8,1
358,353,13,9,1
358,354,13,10,1
358,355,13,11,1
358,356,13,12,1
358,357,13,13,1
358,359,14,14,1
359,352,14,8,1
359,353,14,9,1
359,354,14,10,1
359,355,14,11,1
359,356,14,12,1
359,357,14,13,1
359,358,14,14,1
360..367,0..359,0,0,4
360..367,0..359,1,1,4
360..367,0..359,2,2,4
360..367,0..359,3,3,4
360..367,0..359,4,4,4
360..367,0..359,5,5,4
360..367,0..359,6,6,4
360..367,0..359,7,7,4
360,361,8,8,1
360,362,8,9,1
360,363,8,10,1
360,364,8,11,1
360,365,8,12,1
360,366,8,13,1
360,367,8,14,1
360..367,368..511,0,0,4
360..367,368..511,1,1,4
360..367,368..511,2,2,4
360..367,368..511,3,3,4
360..367,368..511,4,4,4
360..367,368..511,5,5,4
360..367,368..511,6,6,4
360..367,368..511,7,7,4
361,360,8,8,1
361,362,9,9,1
361,363,9,10,1
361,364,9,11,1
361,365,9,12,1
361,366,9,13,1
361,367,9,14,1
362,360,9,8,1
362,361,9,9,1
362,363,10,10,1
362,364,10,11,1
362,365,10,12,1
362,366,10,13,1
362,367,10,14,1
363,360,10,8,1
363,361,10,9,1
363,362,10,10,1
363,364,11,11,1
363,365,11,12,1
363,366,11,13,1
363,367,11,14,1
364,360,11,8,1
364,361,11,9,1
364,362,11,10,1
364,363,11,11,1
364,365,12,12,1
364,366,12,13,1
364,367,12,14,1
365,360,12,8,1
365,361,12,9,1
365,362,12,10,1
365,363,12,11,1
365,364,12,12,1
365,366,13,13,1
365,367,13,14,1
366,360,13,8,1
366,361,13,9,1
366,362,13,10,1
366,363,13,11,1
366,364,13,12,1
366,365,13,13,1
366,367,14,14,1
367,360,14,8,1
367,361,14,9,1
367,362,14,10,1
367,363,14,11,1
367,364,14,12,1
367,365,14,13,1
367,366,14,14,1
368..375,0..367,0,0,4
368..375,0..367,1,1,4
368..375,0..367,2,2,4
368..375,0..367,3,3,4
368..375,0..367,4,4,4
368..375,0..367,5,5,4
368..375,0..367,6,6,4
368..375,0..367,7,7,4
368,369,8,8,1
368,370,8,9,1
368,371,8,10,1
368,372,8,11,1
368,373,8,12,1
368,374,8,13,1
368,375,8,14,1
368..375,376..511,0,0,4
368..375,376..511,1,1,4
368..375,376..511,2,2,4
368..375,376..511,3,3,4
368..375,376..511,4,4,4
368..375,376..511,5,5,4
368..375,376..511,6,6,4
368..375,376..511,7,7,4
369,368,8,8,1
369,370,9,9,1
369,371,9,10,1
369,372,9,11,1
369,373,9,12,1
369,374,9,13,1
369,375,9,14,1
370,368,9,8,1
370,369,9,9,1
370,371,10,10,1
370,372,10,11,1
370,373,10,12,1
370,374,10,13,1
370,375,10,14,1
371,368,10,8,1
371,369,10,9,1
371,370,10,10,1
371,372,11,11,1
371,373,11,12,1
371,374,11,13,1
371,375,11,14,1
372,368,11,8,1
372,369,11,9,1
372,370,11,10,1
372,371,11,11,1
372,373,12,12,1
372,374,12,13,1
372,375,12,14,1
373,368,12,8,1
373,369,12,9,1
373,370,12,10,1
373,371,12,11,1
373,372,12,12,1
373,374,13,13,1
373,375,13,14,1
374,368,13,8,1
374,369,13,9,1
374,370,13,10,1
374,371,13,11,1
374,372,13,12,1
374,373,13,13,1
374,375,14,14,1
375,368,14,8,1
375,369,14,9,1
375,370,14,10,1
375,371,14,11,1
375,372,14,12,1
375,373,14,13,1
375,374,14,14,1
376..383,0..375,0,0,4
376..383,0..375,1,1,4
376..383,0..375,2,2,4
376..383,0..375,3,3,4
376..383,0..375,4,4,4
376..383,0..375,5,5,4
376..383,0..375,6,6,4
376..383,0..375,7,7,4
376,377,8,8,1
376,378,8,9,1
376,379,8,10,1
376,380,8,11,1
376,381,8,12,1
376,382,8,13,1
376,383,8,14,1
376..383,384..511,0,0,4
376..383,384..511,1,1,4
376..383,384..511,2,2,4
376..383,384..511,3,3,4
376..383,384..511,4,4,4
376..383,384..511,5,5,4
376..383,384..511,6,6,4
376..383,384..511,7,7,4
377,376,8,8,1
377,378,9,9,1
377,379,9,10,1
377,380,9,11,1
377,381,9,12,1
377,382,9,13,1
377,383,9,14,1
378,376,9,8,1
378,377,9,9,1
378,379,10,10,1
378,380,10,11,1
378,381,10,12,1
378,382,10,13,1
378,383,10,14,1
379,376,10,8,1
379,377,10,9,1
379,378,10,10,1
379,380,11,11,1
379,381,11,12,1
379,382,11,13,1
379,383,11,14,1
380,376,11,8,1
380,377,11,9,1
380,378,11,10,1
380,379,11,11,1
380,381,12,12,1
380,382,12,13,1
380,383,12,14,1
381,376,12,8,1
381,377,12,9,1
381,378,12,10,1
381,379,12,11,1
381,380,12,12,1
381,382,13,13,1
381,383,13,14,1
382,376,13,8,1
382,377,13,9,1
382,378,13,10,1
382,379,13,11,1
382,380,13,12,1
382,381,13,13,1
382,383,14,14,1
383,376,14,8,1
383,377,14,9,1
383,378,14,10,1
383,379,14,11,1
383,380,14,12,1
383,381,14,13,1
383,382,14,14,1
384..391,0..383,0,0,4
384..391,0..383,1,1,4
384..391,0..383,2,2,4
384..391,0..383,3,3,4
384..391,0..383,4,4,4
384..391,0..383,5,5,4
384..391,0..383,6,6,4
384..391,0..383,7,7,4
384,385,8,8,1
384,386,8,9,1
384,387,8,10,1
384,388,8,11,1
384,389,8,12,1
384,390,8,13,1
384,391,8,14,1
384..391,392..511,0,0,4
384..391,392..511,1,1,4
384..391,392..511,2,2,4
384..391,392..511,3,3,4
384..391,392..511,4,4,4
384..391,392..511,5,5,4
384..391,392..511,6,6,4
384..391,392..511,7,7,4
385,384,8,8,1
385,386,9,9,1
385,387,9,10,1
385,388,9,11,1
385,389,9,12,1
385,390,9,13,1
385,391,9,14,1
386,384,9,8,1
386,385,9,9,1
386,387,10,10,1
386,388,10,11,1
386,389,10,12,1
386,390,10,13,1
386,391,10,14,1
387,384,10,8,1
387,385,10,9,1
387,386,10,10,1
387,388,11,11,1
387,389,11,12,1
387,390,11,13,1
387,391,11,14,1
388,384,11,8,1
388,385,11,9,1
388,386,11,10,1
388,387,11,11,1
388,389,12,12,1
388,390,12,13,1
388,391,12,14,1
389,384,12,8,1
389,385,12,9,1
389,386,12,10,1
389,387,12,11,1
389,388,12,12,1
389,390,13,13,1
389,391,13,14,1
390,384,13,8,1
390,385,13,9,1
390,386,13,10,1
390,387,13,11,1
390,388,13,12,1
390,389,13,13,1
390,391,14,14,1
391,384,14,8,1
391,385,14,9,1
391,386,14,10,1
391,387,14,11,1
391,388,14,12,1
391,389,14,13,1
391,390,14,14,1
392..399,0..391,0,0,4
392..399,0..391,1,1,4
392..399,0..391,2,2,4
392..399,0..391,3,3,4
392..399,0..391,4,4,4
392..399,0..391,5,5,4
392..399,0..391,6,6,4
392..399,0..391,7,7,4
392,393,8,8,1
392,394,8,9,1
392,395,8,10,1
392,396,8,11,1
392,397,8,12,1
392,398,8,13,1
392,399,8,14,1
392..399,400..511,0,0,4
392..399,400..511,1,1,4
392..399,400..511,2,2,4
392..399,400..511,3,3,4
392..399,400..511,4,4,4
392..399,400..511,5,5,4
392..399,400..511,6,6,4
392..399,400..511,7,7,4
393,392,8,8,1
393,394,9,9,1
393,395,9,10,1
393,396,9,11,1
393,397,9,12,1
393,398,9,13,1
393,399,9,14,1
394,392,9,8,1
394,393,9,9,1
394,395,10,10,1
394,396,10,11,1
394,397,10,12,1
394,398,10,13,1
394,399,10,14,1
395,392,10,8,1
395,393,10,9,1
395,394,10,10,1
395,396,11,11,1
395,397,11,12,1
395,398,11,13,1
395,399,11,14,1
396,392,11,8,1
396,393,11,9,1
396,394,11,10,1
396,395,11,11,1
396,397,12,12,1
396,398,12,13,1
396,399,12,14,1
397,392,12,8,1
397,393,12,9,1
397,394,12,10,1
397,395,12,11,1
397,396,12,12,1
397,398,13,13,1
397,399,13,14,1
398,392,13,8,1
398,393,13,9,1
398,394,13,10,1
398,395,13,11,1
398,396,13,12,1
398,397,13,13,1
398,399,14,14,1
399,392,14,8,1
399,393,14,9,1
399,394,14,10,1
399,395,14,11,1
399,396,14,12,1
399,397,14,13,1
399,398,14,14,1
400..407,0..399,0,0,4
400..407,0..399,1,1,4
400..407,0..399,2,2,4
400..407,0..399,3,3,4
400..407,0..399,4,4,4
400..407,0..399,5,5,4
400..407,0..399,6,6,4
400..407,0..399,7,7,4
400,401,8,8,1
400,402,8,9,1
400,403,8,10,1
400,404,8,11,1
400,405,8,12,1
400,406,8,13,1
400,407,8,14,1
400..407,408..511,0,0,4
400..407,408..511,1,1,4
400..407,408..511,2,2,4
400..407,408..511,3,3,4
400..407,408..511,4,4,4
400..407,408..511,5,5,4
400..407,408..511,6,6,4
400..407,408..511,7,7,4
401,400,8,8,1
401,402,9,9,1
401,403,9,10,1
401,404,9,11,1
401,405,9,12,1
401,406,9,13,1
401,407,9,14,1
402,400,9,8,1
402,401,9,9,1
402,403,10,10,1
402,404,10,11,1
402,405,10,12,1
402,406,10,13,1
402,407,10,14,1
403,400,10,8,1
403,401,10,9,1
403,402,10,10,1
403,404,11,11,1
403,405,11,12,1
403,406,11,13,1
403,407,11,14,1
404,400,11,8,1
404,401,11,9,1
404,402,11,10,1
404,403,11,11,1
404,405,12,12,1
404,406,12,13,1
404,407,12,14,1
405,400,12,8,1
405,401,12,9,1
405,402,12,10,1
405,403,12,11,1
405,404,12,12,1
405,406,13,13,1
405,407,13,14,1
406,400,13,8,1
406,401,13,9,1
406,402,13,10,1
406,403,13,11,1
406,404,13,12,1
406,405,13,13,1
406,407,14,14,1
407,400,14,8,1
407,401,14,9,1
407,402,14,10,1
407,403,14,11,1
407,404,14,12,1
407,405,14,13,1
407,406,14,14,1
408..415,0..407,0,0,4
408..415,0..407,1,1,4
408..415,0..407,2,2,4
408..415,0..407,3,3,4
408..415,0..407,4,4,4
408..415,0..407,5,5,4
408..415,0..407,6,6,4
408..415,0..407,7,7,4
408,409,8,8,1
408,410,8,9,1
408,411,8,10,1
408,412,8,11,1
408,413,8,12,1
408,414,8,13,1
408,415,8,14,1
408..415,416..511,0,0,4
408..415,416..511,1,1,4
408..415,416..511,2,2,4
408..415,416..511,3,3,4
408..415,416..511,4,4,4
408..415,416..511,5,5,4
408..415,416..511,6,6,4
408..415,416..511,7,7,4
409,408,8,8,1
409,410,9,9,1
409,411,9,10,1
409,412,9,11,1
409,413,9,12,1
409,414,9,13,1
409,415,9,14,1
410,408,9,8,1
410,409,9,9,1
410,411,10,10,1
410,412,10,11,1
410,413,10,12,1
410,414,10,13,1
410,415,10,14,1
411,408,10,8,1
411,409,10,9,1
411,410,10,10,1
411,412,11,11,1
411,413,11,12,1
411,414,11,13,1
411,415,11,14,1
412,408,11,8,1
412,409,11,9,1
412,410,11,10,1
412,411,11,11,1
412,413,12,12,1
412,414,12,13,1
412,415,12,14,1
413,408,12,8,1
413,409,12,9,1
413,410,12,10,1
413,411,12,11,1
413,412,12,12,1
413,414,13,13,1
413,415,13,14,1
414,408,13,8,1
414,409,13,9,1
414,410,13,10,1
414,411,13,11,1
414,412,13,12,1
414,413,13,13,1
414,415,14,14,1
415,408,14,8,1
415,409,14,9,1
415,410,14,10,1
415,411,14,11,1
415,412,14,12,1
415,413,14,13,1
415,414,14,14,1
416..423,0..415,0,0,4
416..423,0..415,1,1,4
416..423,0..415,2,2,4
416..423,0..415,3,3,4
416..423,0..415,4,4,4
416..423,0..415,5,5,4
416..423,0..415,6,6,4
416..423,0..415,7,7,4
416,417,8,8,1
416,418,8,9,1
416,419,8,10,1
416,420,8,11,1
416,421,8,12,1
416,422,8,13,1
416,423,8,14,1
416..423,424..511,0,0,4
416..423,424..511,1,1,4
416..423,424..511,2,2,4
416..423,424..511,3,3,4
416..423,424..511,4,4,4
416..423,424..511,5,5,4
416..423,424..511,6,6,4
416..423,424..511,7,7,4
417,416,8,8,1
417,418,9,9,1
417,419,9,10,1
417,420,9,11,1
417,421,9,12,1
417,422,9,13,1
417,423,9,14,1
418,416,9,8,1
418,417,9,9,1
418,419,10,10,1
418,420,10,11,1
418,421,10,12,1
418,422,10,13,1
418,423,10,14,1
419,416,10,8,1
419,417,10,9,1
419,418,10,10,1
419,420,11,11,1
419,421,11,12,1
419,422,11,13,1
419,423,11,14,1
420,416,11,8,1
420,417,11,9,1
420,418,11,10,1
420,419,11,11,1
420,421,12,12,1
420,422,12,13,1
420,423,12,14,1
421,416,12,8,1
421,417,12,9,1
421,418,12,10,1
421,419,12,11,1
421,420,12,12,1
421,422,13,13,1
421,423,13,14,1
422,416,13,8,1
422,417,13,9,1
422,418,13,10,1
422,419,13,11,1
422,420,13,12,1
422,421,13,13,1
422,423,14,14,1
423,416,14,8,1
423,417,14,9,1
423,418,14,10,1
423,419,14,11,1
423,420,14,12,1
423,421,14,13,1
423,422,14,14,1
424..431,0..423,0,0,4
424..431,0..423,1,1,4
424..431,0..423,2,2,4
424..431,0..423,3,3,4
424..431,0..423,4,4,4
424..431,0..423,5,5,4
424..431,0..423,6,6,4
424..431,0..423,7,7,4
424,425,8,8,1
424,426,8,9,1
424,427,8,10,1
424,428,8,11,1
424,429,8,12,1
424,430,8,13,1
424,431,8,14,1
424..431,432..511,0,0,4
424..431,432..511,1,1,4
424..431,432..511,2,2,4
424..431,432..511,3,3,4
424..431,432..511,4,4,4
424..431,432..511,5,5,4
424..431,432..511,6,6,4
424..431,432..511,7,7,4
425,424,8,8,1
425,426,9,9,1
425,427,9,10,1
425,428,9,11,1
425,429,9,12,1
425,430,9,13,1
425,431,9,14,1
426,424,9,8,1
426,425,9,9,1
426,427,10,10,1
426,428,10,11,1
426,429,10,12,1
426,430,10,13,1
426,431,10,14,1
427,424,10,8,1
427,425,10,9,1
427,426,10,10,1
427,428,11,11,1
427,429,11,12,1
427,430,11,13,1
427,431,11,14,1
428,424,11,8,1
428,425,11,9,1
428,426,11,10,1
428,427,11,11,1
428,429,12,12,1
428,430,12,13,1
428,431,12,14,1
429,424,12,8,1
429,425,12,9,1
429,426,12,10,1
429,427,12,11,1
429,428,12,12,1
429,430,13,13,1
429,431,13,14,1
430,424,13,8,1
430,425,13,9,1
430,426,13,10,1
430,427,13,11,1
430,428,13,12,1
430,429,13,13,1
430,431,14,14,1
431,424,14,8,1
431,425,14,9,1
431,426,14,10,1
431,427,14,11,1
431,428,14,12,1
431,429,14,13,1
431,430,14,14,1
432..439,0..431,0,0,4
432..439,0..431,1,1,4
432..439,0..431,2,2,4
432..439,0..431,3,3,4
432..439,0..431,4,4,4
432..439,0..431,5,5,4
432..439,0..431,6,6,4
432..439,0..431,7,7,4
432,433,8,8,1
432,434,8,9,1
432,435,8,10,1
432,436,8,11,1
432,437,8,12,1
432,438,8,13,1
432,439,8,14,1
432..439,440..511,0,0,4
432..439,440..511,1,1,4
432..439,440..511,2,2,4
432..439,440..511,3,3,4
432..439,440..511,4,4,4
432..439,440..511,5,5,4
432..439,440..511,6,6,4
432..439,440..511,7,7,4
433,432,8,8,1
433,434,9,9,1
433,435,9,10,1
433,436,9,11,1
433,437,9,12,1
433,438,9,13,1
433,439,9,14,1
434,432,9,8,1
434,433,9,9,1
434,435,10,10,1
434,436,10,11,1
434,437,10,12,1
434,438,10,13,1
434,439,10,14,1
435,432,10,8,1
435,433,10,9,1
435,434,10,10,1
435,436,11,11,1
435,437,11,12,1
435,438,11,13,1
435,439,11,14,1
436,432,11,8,1
436,433,11,9,1
436,434,11,10,1
436,435,11,11,1
436,437,12,12,1
436,438,12,13,1
436,439,12,14,1
437,432,12,8,1
437,433,12,9,1
437,434,12,10,1
437,435,12,11,1
437,436,12,12,1
437,438,13,13,1
437,439,13,14,1
438,432,13,8,1
438,433,13,9,1
438,434,13,10,1
438,435,13,11,1
438,436,13,12,1
438,437,13,13,1
438,439,14,14,1
439,432,14,8,1
439,433,14,9,1
439,434,14,10,1
439,435,14,11,1
439,436,14,12,1
439,437,14,13,1
439,438,14,14,1
440..447,0..439,0,0,4
440..447,0..439,1,1,4
440..447,0..439,2,2,4
440..447,0..439,3,3,4
440..447,0..439,4,4,4
440..447,0..439,5,5,4
440..447,0..439,6,6,4
440..447,0..439,7,7,4
440,441,8,8,1
440,442,8,9,1
440,443,8,10,1
440,444,8,11,1
440,445,8,12,1
440,446,8,13,1
440,447,8,14,1
440..447,448..511,0,0,4
440..447,448..511,1,1,4
440..447,448..511,2,2,4
440..447,448..511,3,3,4
440..447,448..511,4,4,4
440..447,448..511,5,5,4
440..447,448..511,6,6,4
440..447,448..511,7,7,4
441,440,8,8,1
441,442,9,9,1
441,443,9,10,1
441,444,9,11,1
441,445,9,12,1
441,446,9,13,1
441,447,9,14,1
442,440,9,8,1
442,441,9,9,1
442,443,10,10,1
442,444,10,11,1
442,445,10,12,1
442,446,10,13,1
442,447,10,14,1
443,440,10,8,1
443,441,10,9,1
443,442,10,10,1
443,444,11,11,1
443,445,11,12,1
443,446,11,13,1
443,447,11,14,1
444,440,11,8,1
444,441,11,9,1
444,442,11,10,1
444,443,11,11,1
444,445,12,12,1
444,446,12,13,1
444,447,12,14,1
445,440,12,8,1
445,441,12,9,1
445,442,12,10,1
445,443,12,11,1
445,444,12,12,1
445,446,13,13,1
445,447,13,14,1
446,440,13,8,1
446,441,13,9,1
446,442,13,10,1
446,443,13,11,1
446,444,13,12,1
446,445,13,13,1
446,447,14,14,1
447,440,14,8,1
447,441,14,9,1
447,442,14,10,1
447,443,14,11,1
447,444,14,12,1
447,445,14,13,1
447,446,14,14,1
448..455,0..447,0,0,4
448..455,0..447,1,1,4
448..455,0..447,2,2,4
448..455,0..447,3,3,4
448..455,0..447,4,4,4
448..455,0..447,5,5,4
448..455,0..447,6,6,4
448..455,0..447,7,7,4
448,449,8,8,1
448,450,8,9,1
448,451,8,10,1
448,452,8,11,1
448,453,8,12,1
448,454,8,13,1
448,455,8,14,1
448..455,456..511,0,0,4
448..455,456..511,1,1,4
448..455,456..511,2,2,4
448..455,456..511,3,3,4
448..455,456..511,4,4,4
448..455,456..511,5,5,4
448..455,456..511,6,6,4
448..455,456..511,7,7,4
449,448,8,8,1
449,450,9,9,1
449,451,9,10,1
449,452,9,11,1
449,453,9,12,1
449,454,9,13,1
449,455,9,14,1
450,448,9,8,1
450,449,9,9,1
450,451,10,10,1
450,452,10,11,1
450,453,10,12,1
450,454,10,13,1
450,455,10,14,1
451,448,10,8,1
451,449,10,9,1
451,450,10,10,1
451,452,11,11,1
451,453,11,12,1
451,454,11,13,1
451,455,11,14,1
452,448,11,8,1
452,449,11,9,1
452,450,11,10,1
452,451,11,11,1
452,453,12,12,1
452,454,12,13,1
452,455,12,14,1
453,448,12,8,1
453,449,12,9,1
453,450,12,10,1
453,451,12,11,1
453,452,12,12,1
453,454,13,13,1
453,455,13,14,1
454,448,13,8,1
454,449,13,9,1
454,450,13,10,1
454,451,13,11,1
454,452,13,12,1
454,453,13,13,1
454,455,14,14,1
455,448,14,8,1
455,449,14,9,1
455,450,14,10,1
455,451,14,11,1
455,452,14,12,1
455,453,14,13,1
455,454,14,14,1
456..463,0..455,0,0,4
456..463,0..455,1,1,4
456..463,0..455,2,2,4
456..463,0..455,3,3,4
456..463,0..455,4,4,4
456..463,0..455,5,5,4
456..463,0..455,6,6,4
456..463,0..455,7,7,4
456,457,8,8,1
456,458,8,9,1
456,459,8,10,1
456,460,8,11,1
456,461,8,12,1
456,462,8,13,1
456,463,8,14,1
456..463,464..511,0,0,4
456..463,464..511,1,1,4
456..463,464..511,2,2,4
456..463,464..511,3,3,4
456..463,464..511,4,4,4
456..463,464..511,5,5,4
456..463,464..511,6,6,4
456..463,464..511,7,7,4
457,456,8,8,1
457,458,9,9,1
457,459,9,10,1
457,460,9,11,1
457,461,9,12,1
457,462,9,13,1
457,463,9,14,1
458,456,9,8,1
458,457,9,9,1
458,459,10,10,1
458,460,10,11,1
458,461,10,12,1
458,462,10,13,1
458,463,10,14,1
459,456,10,8,1
459,457,10,9,1
459,458,10,10,1
459,460,11,11,1
459,461,11,12,1
459,462,11,13,1
459,463,11,14,1
460,456,11,8,1
460,457,11,9,1
460,458,11,10,1
460,459,11,11,1
460,461,12,12,1
460,462,12,13,1
460,463,12,14,1
461,456,12,8,1
461,457,12,9,1
461,458,12,10,1
461,459,12,11,1
461,460,12,12,1
461,462,13,13,1
461,463,13,14,1
462,456,13,8,1
462,457,13,9,1
462,458,13,10,1
462,459,13,11,1
462,460,13,12,1
462,461,13,13,1
462,463,14,14,1
463,456,14,8,1
463,457,14,9,1
463,458,14,10,1
463,459,14,11,1
463,460,14,12,1
463,461,14,13,1
463,462,14,14,1
464..471,0..463,0,0,4
464..471,0..463,1,1,4
464..471,0..463,2,2,4
464..471,0..463,3,3,4
464..471,0..463,4,4,4
464..471,0..463,5,5,4
464..471,0..463,6,6,4
464..471,0..463,7,7,4
464,465,8,8,1
464,466,8,9,1
464,467,8,10,1
464,468,8,11,1
464,469,8,12,1
464,470,8,13,1
464,471,8,14,1
464..471,472..511,0,0,4
464..471,472..511,1,1,4
464..471,472..511,2,2,4
464..471,472..511,3,3,4
464..471,472..511,4,4,4
464..471,472..511,5,5,4
464..471,472..511,6,6,4
464..471,472..511,7,7,4
465,464,8,8,1
465,466,9,9,1
465,467,9,10,1
465,468,9,11,1
465,469,9,12,1
465,470,9,13,1
465,471,9,14,1
466,464,9,8,1
466,465,9,9,1
466,467,10,10,1
466,468,10,11,1
466,469,10,12,1
466,470,10,13,1
466,471,10,14,1
467,464,10,8,1
467,465,10,9,1
467,466,10,10,1
467,468,11,11,1
467,469,11,12,1
467,470,11,13,1
467,471,11,14,1
468,464,11,8,1
468,465,11,9,1
468,466,11,10,1
468,467,11,11,1
468,469,12,12,1
468,470,12,13,1
468,471,12,14,1
469,464,12,8,1
469,465,12,9,1
469,466,12,10,1
469,467,12,11,1
469,468,12,12,1
469,470,13,13,1
469,471,13,14,1
470,464,13,8,1
470,465,13,9,1
470,466,13,10,1
470,467,13,11,1
470,468,13,12,1
470,469,13,13,1
470,471,14,14,1
471,464,14,8,1
471,465,14,9,1
471,466,14,10,1
471,467,14,11,1
471,468,14,12,1
471,469,14,13,1
471,470,14,14,1
472..479,0..471,0,0,4
472..479,0..471,1,1,4
472..479,0..471,2,2,4
472..479,0..471,3,3,4
472..479,0..471,4,4,4
472..479,0..471,5,5,4
472..479,0..471,6,6,4
472..479,0..471,7,7,4
472,473,8,8,1
472,474,8,9,1
472,475,8,10,1
472,476,8,11,1
472,477,8,12,1
472,478,8,13,1
472,479,8,14,1
472..479,480..511,0,0,4
472..479,480..511,1,1,4
472..479,480..511,2,2,4
472..479,480..511,3,3,4
472..479,480..511,4,4,4
472..479,480..511,5,5,4
472..479,480..511,6,6,4
472..479,480..511,7,7,4
473,472,8,8,1
473,474,9,9,1
473,475,9,10,1
473,476,9,11,1
473,477,9,12,1
473,478,9,13,1
473,479,9,14,1
474,472,9,8,1
474,473,9,9,1
474,475,10,10,1
474,476,10,11,1
474,477,10,12,1
474,478,10,13,1
474,479,10,14,1
475,472,10,8,1
475,473,10,9,1
475,474,10,10,1
475,476,11,11,1
475,477,11,12,1
475,478,11,13,1
475,479,11,14,1
476,472,11,8,1
476,473,11,9,1
476,474,11,10,1
476,475,11,11,1
476,477,12,12,1
476,478,12,13,1
476,479,12,14,1
477,472,12,8,1
477,473,12,9,1
477,474,12,10,1
477,475,12,11,1
477,476,12,12,1
477,478,13,13,1
477,479,13,14,1
478,472,13,8,1
478,473,13,9,1
478,474,13,10,1
478,475,13,11,1
478,476,13,12,1
478,477,13,13,1
478,479,14,14,1
479,472,14,8,1
479,473,14,9,1
479,474,14,10,1
479,475,14,11,1
479,476,14,12,1
479,477,14,13,1
479,478,14,14,1
480..487,0..479,0,0,4
480..487,0..479,1,1,4
480..487,0..479,2,2,4
480..487,0..479,3,3,4
480..487,0..479,4,4,4
480..487,0..479,5,5,4
480..487,0..479,6,6,4
480..487,0..479,7,7,4
480,481,8,8,1
480,482,8,9,1
480,483,8,10,1
480,484,8,11,1
480,485,8,12,1
480,486,8,13,1
480,487,8,14,1
480..487,488..511,0,0,4
480..487,488..511,1,1,4
480..487,488..511,2,2,4
480..487,488..511,3,3,4
480..487,488..511,4,4,4
480..487,488..511,5,5,4
480..487,488..511,6,6,4
480..487,488..511,7,7,4
481,480,8,8,1
481,482,9,9,1
481,483,9,10,1
481,484,9,11,1
481,485,9,12,1
481,486,9,13,1
481,487,9,14,1
482,480,9,8,1
482,481,9,9,1
482,483,10,10,1
482,484,10,11,1
482,485,10,12,1
482,486,10,13,1
482,487,10,14,1
483,480,10,8,1
483,481,10,9,1
483,482,10,10,1
483,484,11,11,1
483,485,11,12,1
483,486,11,13,1
483,487,11,14,1
484,480,11,8,1
484,481,11,9,1
484,482,11,10,1
484,483,11,11,1
484,485,12,12,1
484,486,12,13,1
484,487,12,14,1
485,480,12,8,1
485,481,12,9,1
485,482,12,10,1
485,483,12,11,1
485,484,12,12,1
485,486,13,13,1
485,487,13,14,1
486,480,13,8,1
486,481,13,9,1
486,482,13,10,1
486,483,13,11,1
486,484,13,12,1
486,485,13,13,1
486,487,14,14,1
487,480,14,8,1
487,481,14,9,1
487,482,14,10,1
487,483,14,11,1
487,484,14,12,1
487,485,14,13,1
487,486,14,14,1
488..495,0..487,0,0,4
488..495,0..487,1,1,4
488..495,0..487,2,2,4
488..495,0..487,3,3,4
488..495,0..487,4,4,4
488..495,0..487,5,5,4
488..495,0..487,6,6,4
488..495,0..487,7,7,4
488,489,8,8,1
488,490,8,9,1
488,491,8,10,1
488,492,8,11,1
488,493,8,12,1
488,494,8,13,1
488,495,8,14,1
488..495,496..511,0,0,4
488..495,496..511,1,1,4
488..495,496..511,2,2,4
488..495,496..511,3,3,4
488..495,496..511,4,4,4
488..495,496..511,5,5,4
488..495,496..511,6,6,4
488..495,496..511,7,7,4
489,488,8,8,1
489,490,9,9,1
489,491,9,10,1
489,492,9,11,1
489,493,9,12,1
489,494,9,13,1
489,495,9,14,1
490,488,9,8,1
490,489,9,9,1
490,491,10,10,1
490,492,10,11,1
490,493,10,12,1
490,494,10,13,1
490,495,10,14,1
491,488,10,8,1
491,489,10,9,1
491,490,10,10,1
491,492,11,11,1
491,493,11,12,1
491,494,11,13,1
491,495,11,14,1
492,488,11,8,1
492,489,11,9,1
492,490,11,10,1
492,491,11,11,1
492,493,12,12,1
492,494,12,13,1
492,495,12,14,1
493,488,12,8,1
493,489,12,9,1
493,490,12,10,1
493,491,12,11,1
493,492,12,12,1
493,494,13,13,1
493,495,13,14,1
494,488,13,8,1
494,489,13,9,1
494,490,13,10,1
494,491,13,11,1
494,492,13,12,1
494,493,13,13,1
494,495,14,14,1
495,488,14,8,1
495,489,14,9,1
495,490,14,10,1
495,491,14,11,1
495,492,14,12,1
495,493,14,13,1
495,494,14,14,1
496..503,0..495,0,0,4
496..503,0..495,1,1,4
496..503,0..495,2,2,4
496..503,0..495,3,3,4
496..503,0..495,4,4,4
496..503,0..495,5,5,4
496..503,0..495,6,6,4
496..503,0..495,7,7,4
496,497,8,8,1
496,498,8,9,1
496,499,8,10,1
496,500,8,11,1
496,501,8,12,1
496,502,8,13,1
496,503,8,14,1
496..503,504..511,0,0,4
496..503,504..511,1,1,4
496..503,504..511,2,2,4
496..503,504..511,3,3,4
496..503,504..511,4,4,4
496..503,504..511,5,5,4
496..503,504..511,6,6,4
496..503,504..511,7,7,4
497,496,8,8,1
497,498,9,9,1
497,499,9,10,1
497,500,9,11,1
497,501,9,12,1
497,502,9,13,1
497,503,9,14,1
498,496,9,8,1
498,497,9,9,1
498,499,10,10,1
498,500,10,11,1
498,501,10,12,1
498,502,10,13,1
498,503,10,14,1
499,496,10,8,1
499,497,10,9,1
499,498,10,10,1
499,500,11,11,1
499,501,11,12,1
499,502,11,13,1
499,503,11,14,1
500,496,11,8,1
500,497,11,9,1
500,498,11,10,1
500,499,11,11,1
500,501,12,12,1
500,502,12,13,1
500,503,12,14,1
501,496,12,8,1
501,497,12,9,1
501,498,12,10,1
501,499,12,11,1
501,500,12,12,1
501,502,13,13,1
501,503,13,14,1
502,496,13,8,1
502,497,13,9,1
502,498,13,10,1
502,499,13,11,1
502,500,13,12,1
502,501,13,13,1
502,503,14,14,1
503,496,14,8,1
503,497,14,9,1
503,498,14,10,1
503,499,14,11,1
503,500,14,12,1
503,501,14,13,1
503,502,14,14,1
504..511,0..503,0,0,4
504..511,0..503,1,1,4
504..511,0..503,2,2,4
504..511,0..503,3,3,4
504..511,0..503,4,4,4
504..511,0..503,5,5,4
504..511,0..503,6,6,4
504..511,0..503,7,7,4
504,505,8,8,1
504,506,8,9,1
504,507,8,10,1
504,508,8,11,1
504,509,8,12,1
504,510,8,13,1
504,511,8,14,1
505,504,8,8,1
505,506,9,9,1
505,507,9,10,1
505,508,9,11,1
505,509,9,12,1
505,510,9,13,1
505,511,9,14,1
506,504,9,8,1
506,505,9,9,1
506,507,10,10,1
506,508,10,11,1
506,509,10,12,1
506,510,10,13,1
506,511,10,14,1
507,504,10,8,1
507,505,10,9,1
507,506,10,10,1
507,508,11,11,1
507,509,11,12,1
507,510,11,13,1
507,511,11,14,1
508,504,11,8,1
508,505,11,9,1
508,506,11,10,1
508,507,11,11,1
508,509,12,12,1
508,510,12,13,1
508,511,12,14,1
509,504,12,8,1
509,505,12,9,1
509,506,12,10,1
509,507,12,11,1
509,508,12,12,1
509,510,13,13,1
509,511,13,14,1
510,504,13,8,1
510,505,13,9,1
510,506,13,10,1
510,507,13,11,1
510,508,13,12,1
510,509,13,13,1
510,511,14,14,1
511,504,14,8,1
511,505,14,9,1
511,506,14,10,1
511,507,14,11,1
511,508,14,12,1
511,509,14,13,1
511,510,14,14,1
512,0,0,0,1
512,1,0,1,1
512,2,0,2,1
512,3,0,3,1
512,4,0,4,1
512,5,0,5,1
512,6,0,6,1
512,7,0,7,1
512,8..63,0,8 9 10 11 12 13 14 15,3 3 3 3 3 3 3 3
512..519,64..511,0,12 13 14 15,3 3 3 3
513,0..7,0,8 9 10 11 12 13 14 15,3 3 3 3 3 3 3 3
513,8,0,0,1
513,9,0,1,1
513,10,0,2,1
513,11,0,3,1
513,12,0,4,1
513,13,0,5,1
513,14,0,6,1
513,15,0,7,1
513,16..63,0,8 9 10 11 12 13 14 15,3 3 3 3 3 3 3 3
514,0..15,0,8 9 10 11 12 13 14 15,3 3 3 3 3 3 3 3
514,16,0,0,1
514,17,0,1,1
514,18,0,2,1
514,19,0,3,1
514,20,0,4,1
514,21,0,5,1
514,22,0,6,1
514,23,0,7,1
514,24..63,0,8 9 10 11 12 13 14 15,3 3 3 3 3 3 3 3
515,0..23,0,8 9 10 11 12 13 14 15,3 3 3 3 3 3 3 3
515,24,0,0,1
515,25,0,1,1
515,26,0,2,1
515,27,0,3,1
515,28,0,4,1
515,29,0,5,1
515,30,0,6,1
515,31,0,7,1
515,32..63,0,8 9 10 11 12 13 14 15,3 3 3 3 3 3 3 3
516,0..31,0,8 9 10 11 12 13 14 15,3 3 3 3 3 3 3 3
516,32,0,0,1
516,33,0,1,1
516,34,0,2,1
516,35,0,3,1
516,36,0,4,1
516,37,0,5,1
516,38,0,6,1
516,39,0,7,1
516,40..63,0,8 9 10 11 12 13 14 15,3 3 3 3 3 3 3 3
517,0..39,0,8 9 10 11 12 13 14 15,3 3 3 3 3 3 3 3
517,40,0,0,1
517,41,0,1,1
517,42,0,2,1
517,43,0,3,1
517,44,0,4,1
517,45,0,5,1
517,46,0,6,1
517,47,0,7,1
517,48..63,0,8 9 10 11 12 13 14 15,3 3 3 3 3 3 3 3
518,0..47,0,8 9 10 11 12 13 14 15,3 3 3 3 3 3 3 3
518,48,0,0,1
518,49,0,1,1
518,50,0,2,1
518,51,0,3,1
518,52,0,4,1
518,53,0,5,1
518,54,0,6,1
518,55,0,7,1
518,56..63,0,8 9 10 11 12 13 14 15,3 3 3 3 3 3 3 3
519,0..55,0,8 9 10 11 12 13 14 15,3 3 3 3 3 3 3 3
519,56,0,0,1
519,57,0,1,1
519,58,0,2,1
519,59,0,3,1
519,60,0,4,1
519,61,0,5,1
519,62,0,6,1
519,63,0,7,1
520..527,0..63,0,12 13 14 15,3 3 3 3
520,64,0,0,1
520,65,0,1,1
520,66,0,2,1
520,67,0,3,1
520,68,0,4,1
520,69,0,5,1
520,70,0,6,1
520,71,0,7,1
520,72..127,0,8 9 10 11 12 13 14 15,3 3 3 3 3 3 3 3
520..527,128..511,0,12 13 14 15,3 3 3 3
521,64..71,0,8 9 10 11 12 13 14 15,3 3 3 3 3 3 3 3
521,72,0,0,1
521,73,0,1,1
521,74,0,2,1
521,75,0,3,1
521,76,0,4,1
521,77,0,5,1
521,78,0,6,1
521,79,0,7,1
521,80..127,0,8 9 10 11 12 13 14 15,3 3 3 3 3 3 3 3
522,64..79,0,8 9 10 11 12 13 14 15,3 3 3 3 3 3 3 3
522,80,0,0,1
522,81,0,1,1
522,82,0,2,1
522,83,0,3,1
522,84,0,4,1
522,85,0,5,1
522,86,0,6,1
522,87,0,7,1
522,88..127,0,8 9 10 11 12 13 14 15,3 3 3 3 3 3 3 3
523,64..87,0,8 9 10 11 12 13 14 15,3 3 3 3 3 3 3 3
523,88,0,0,1
523,89,0,1,1
523,90,0,2,1
523,91,0,3,1
523,92,0,4,1
523,93,0,5,1
523,94,0,6,1
523,95,0,7,1
523,96..127,0,8 9 10 11 12 13 14 15,3 3 3 3 3 3 3 3
524,64..95,0,8 9 10 11 12 13 14 15,3 3 3 3 3 3 3 3
524,96,0,0,1
524,97,0,1,1
524,98,0,2,1
524,99,0,3,1
524,100,0,4,1
524,101,0,5,1
524,102,0,6,1
524,103,0,7,1
524,104..127,0,8 9 10 11 12 13 14 15,3 3 3 3 3 3 3 3
525,64..103,0,8 9 10 11 12 13 14 15,3 3 3 3 3 3 3 3
525,104,0,0,1
525,105,0,1,1
525,106,0,2,1
525,107,0,3,1
525,108,0,4,1
525,109,0,5,1
525,110,0,6,1
525,111,0,7,1
525,112..127,0,8 9 10 11 12 13 14 15,3 3 3 3 3 3 3 3
526,64..111,0,8 9 10 11 12 13 14 15,3 3 3 3 3 3 3 3
526,112,0,0,1
526,113,0,1,1
526,114,0,2,1
526,115,0,3,1
526,116,0,4,1
526,117,0,5,1
526,118,0,6,1
526,119,0,7,1
526,120..127,0,8 9 10 11 12 13 14 15,3 3 3 3 3 3 3 3
527,64..119,0,8 9 10 11 12 13 14 15,3 3 3 3 3 3 3 3
527,120,0,0,1
527,121,0,1,1
527,122,0,2,1
527,123,0,3,1
527,124,0,4,1
527,125,0,5,1
527,126,0,6,1
527,127,0,7,1
528..535,0..127,0,12 13 14 15,3 3 3 3
528,128,0,0,1
528,129,0,1,1
528,130,0,2,1
528,131,0,3,1
528,132,0,4,1
528,133,0,5,1
528,134,0,6,1
528,135,0,7,1
528,136..191,0,8 9 10 11 12 13 14 15,3 3 3 3 3 3 3 3
528..535,192..511,0,12 13 14 15,3 3 3 3
529,128..135,0,8 9 10 11 12 13 14 15,3 3 3 3 3 3 3 3
529,136,0,0,1
529,137,0,1,1
529,138,0,2,1
529,139,0,3,1
529,140,0,4,1
529,141,0,5,1
529,142,0,6,1
529,143,0,7,1
529,144..191,0,8 9 10 11 12 13 14 15,3 3 3 3 3 3 3 3
530,128..143,0,8 9 10 11 12 13 14 15,3 3 3 3 3 3 3 3
530,144,0,0,1
530,145,0,1,1
530,146,0,2,1
530,147,0,3,1
530,148,0,4,1
530,149,0,5,1
530,150,0,6,1
530,151,0,7,1
530,152..191,0,8 9 10 11 12 13 14 15,3 3 3 3 3 3 3 3
531,128..151,0,8 9 10 11 12 13 14 15,3 3 3 3 3 3 3 3
531,152,0,0,1
531,153,0,1,1
531,154,0,2,1
531,155,0,3,1
531,156,0,4,1
531,157,0,5,1
531,158,0,6,1
531,159,0,7,1
531,160..191,0,8 9 10 11 12 13 14 15,3 3 3 3 3 3 3 3
532,128..159,0,8 9 10 11 12 13 14 15,3 3 3 3 3 3 3 3
532,160,0,0,1
532,161,0,1,1
532,162,0,2,1
532,163,0,3,1
532,164,0,4,1
532,165,0,5,1
532,166,0,6,1
532,167,0,7,1
532,168..191,0,8 9 10 11 12 13 14 15,3 3 3 3 3 3 3 3
533,128..167,0,8 9 10 11 12 13 14 15,3 3 3 3 3 3 3 3
533,168,0,0,1
533,169,0,1,1
533,170,0,2,1
533,171,0,3,1
533,172,0,4,1
533,173,0,5,1
533,174,0,6,1
533,175,0,7,1
533,176..191,0,8 9 10 11 12 13 14 15,3 3 3 3 3 3 3 3
534,128..175,0,8 9 10 11 12 13 14 15,3 3 3 3 3 3 3 3
534,176,0,0,1
534,177,0,1,1
534,178,0,2,1
534,179,0,3,1
534,180,0,4,1
534,181,0,5,1
534,182,0,6,1
534,183,0,7,1
534,184..191,0,8 9 10 11 12 13 14 15,3 3 3 3 3 3 3 3
535,128..183,0,8 9 10 11 12 13 14 15,3 3 3 3 3 3 3 3
535,184,0,0,1
535,185,0,1,1
535,186,0,2,1
535,187,0,3,1
535,188,0,4,1
535,189,0,5,1
535,190,0,6,1
535,191,0,7,1
536..543,0..191,0,12 13 14 15,3 3 3 3
536,192,0,0,1
536,193,0,1,1
536,194,0,2,1
536,195,0,3,1
536,196,0,4,1
536,197,0,5,1
536,198,0,6,1
536,199,0,7,1
536,200..255,0,8 9 10 11 12 13 14 15,3 3 3 3 3 3 3 3
536..543,256..511,0,12 13 14 15,3 3 3 3
537,192..199,0,8 9 10 11 12 13 14 15,3 3 3 3 3 3 3 3
537,200,0,0,1
537,201,0,1,1
537,202,0,2,1
537,203,0,3,1
537,204,0,4,1
537,205,0,5,1
537,206,0,6,1
537,207,0,7,1
537,208..255,0,8 9 10 11 12 13 14 15,3 3 3 3 3 3 3 3
538,192..207,0,8 9 10 11 12 13 14 15,3 3 3 3 3 3 3 3
538,208,0,0,1
538,209,0,1,1
538,210,0,2,1
538,211,0,3,1
538,212,0,4,1
538,213,0,5,1
538,214,0,6,1
538,215,0,7,1
538,216..255,0,8 9 10 11 12 13 14 15,3 3 3 3 3 3 3 3
539,192..215,0,8 9 10 11 12 13 14 15,3 3 3 3 3 3 3 3
539,216,0,0,1
539,217,0,1,1
539,218,0,2,1
539,219,0,3,1
539,220,0,4,1
539,221,0,5,1
539,222,0,6,1
539,223,0,7,1
539,224..255,0,8 9 10 11 12 13 14 15,3 3 3 3 3 3 3 3
540,192..223,0,8 9 10 11 12 13 14 15,3 3 3 3 3 3 3 3
540,224,0,0,1
540,225,0,1,1
540,226,0,2,1
540,227,0,3,1
540,228,0,4,1
540,229,0,5,1
540,230,0,6,1
540,231,0,7,1
540,232..255,0,8 9 10 11 12 13 14 15,3 3 3 3 3 3 3 3
541,192..231,0,8 9 10 11 12 13 14 15,3 3 3 3 3 3 3 3
541,232,0,0,1
541,233,0,1,1
541,234,0,2,1
541,235,0,3,1
541,236,0,4,1
541,237,0,5,1
541,238,0,6,1
541,239,0,7,1
541,240..255,0,8 9 10 11 12 13 14 15,3 3 3 3 3 3 3 3
542,192..239,0,8 9 10 11 12 13 14 15,3 3 3 3 3 3 3 3
542,240,0,0,1
542,241,0,1,1
542,242,0,2,1
542,243,0,3,1
542,244,0,4,1
542,245,0,5,1
542,246,0,6,1
542,247,0,7,1
542,248..255,0,8 9 10 11 12 13 14 15,3 3 3 3 3 3 3 3
543,192..247,0,8 9 10 11 12 13 14 15,3 3 3 3 3 3 3 3
543,248,0,0,1
543,249,0,1,1
543,250,0,2,1
543,251,0,3,1
543,252,0,4,1
543,253,0,5,1
543,254,0,6,1
543,255,0,7,1
544..551,0..255,0,12 13 14 15,3 3 3 3
544,256,0,0,1
544,257,0,1,1
544,258,0,2,1
544,259,0,3,1
544,260,0,4,1
544,261,0,5,1
544,262,0,6,1
544,263,0,7,1
544,264..319,0,8 9 10 11 12 13 14 15,3 3 3 3 3 3 3 3
544..551,320..511,0,12 13 14 15,3 3 3 3
545,256..263,0,8 9 10 11 12 13 14 15,3 3 3 3 3 3 3 3
545,264,0,0,1
545,265,0,1,1
545,266,0,2,1
545,267,0,3,1
545,268,0,4,1
545,269,0,5,1
545,270,0,6,1
545,271,0,7,1
545,272..319,0,8 9 10 11 12 13 14 15,3 3 3 3 3 3 3 3
546,256..271,0,8 9 10 11 12 13 14 15,3 3 3 3 3 3 3 3
546,272,0,0,1
546,273,0,1,1
546,274,0,2,1
546,275,0,3,1
546,276,0,4,1
546,277,0,5,1
546,278,0,6,1
546,279,0,7,1
546,280..319,0,8 9 10 11 12 13 14 15,3 3 3 3 3 3 3 3
547,256..279,0,8 9 10 11 12 13 14 15,3 3 3 3 3 3 3 3
547,280,0,0,1
547,281,0,1,1
547,282,0,2,1
547,283,0,3,1
547,284,0,4,1
547,285,0,5,1
547,286,0,6,1
547,287,0,7,1
547,288..319,0,8 9 10 11 12 13 14 15,3 3 3 3 3 3 3 3
548,256..287,0,8 9 10 11 12 13 14 15,3 3 3 3 3 3 3 3
548,288,0,0,1
548,289,0,1,1
548,290,0,2,1
548,291,0,3,1
548,292,0,4,1
548,293,0,5,1
548,294,0,6,1
548,295,0,7,1
548,296..319,0,8 9 10 11 12 13 14 15,3 3 3 3 3 3 3 3
549,256..295,0,8 9 10 11 12 13 14 15,3 3 3 3 3 3 3 3
549,296,0,0,1
549,297,0,1,1
549,298,0,2,1
549,299,0,3,1
549,300,0,4,1
549,301,0,5,1
549,302,0,6,1
549,303,0,7,1
549,304..319,0,8 9 10 11 12 13 14 15,3 3 3 3 3 3 3 3
550,256..303,0,8 9 10 11 12 13 14 15,3 3 3 3 3 3 3 3
550,304,0,0,1
550,305,0,1,1
550,306,0,2,1
550,307,0,3,1
550,308,0,4,1
550,309,0,5,1
550,310,0,6,1
550,311,0,7,1
550,312..319,0,8 9 10 11 12 13 14 15,3 3 3 3 3 3 3 3
551,256..311,0,8 9 10 11 12 13 14 15,3 3 3 3 3 3 3 3
551,312,0,0,1
551,313,0,1,1
551,314,0,2,1
551,315,0,3,1
551,316,0,4,1
551,317,0,5,1
551,318,0,6,1
551,319,0,7,1
552..559,0..319,0,12 13 14 15,3 3 3 3
552,320,0,0,1
552,321,0,1,1
552,322,0,2,1
552,323,0,3,1
552,324,0,4,1
552,325,0,5,1
552,326,0,6,1
552,327,0,7,1
552,328..383,0,8 9 10 11 12 13 14 15,3 3 3 3 3 3 3 3
552..559,384..511,0,12 13 14 15,3 3 3 3
553,320..327,0,8 9 10 11 12 13 14 15,3 3 3 3 3 3 3 3
553,328,0,0,1
553,329,0,1,1
553,330,0,2,1
553,331,0,3,1
553,332,0,4,1
553,333,0,5,1
553,334,0,6,1
553,335,0,7,1
553,336..383,0,8 9 10 11 12 13 14 15,3 3 3 3 3 3 3 3
554,320..335,0,8 9 10 11 12 13 14 15,3 3 3 3 3 3 3 3
554,336,0,0,1
554,337,0,1,1
554,338,0,2,1
554,339,0,3,1
554,340,0,4,1
554,341,0,5,1
554,342,0,6,1
554,343,0,7,1
554,344..383,0,8 9 10 11 12 13 14 15,3 3 3 3 3 3 3 3
555,320..343,0,8 9 10 11 12 13 14 15,3 3 3 3 3 3 3 3
555,344,0,0,1
555,345,0,1,1
555,346,0,2,1
555,347,0,3,1
555,348,0,4,1
555,349,0,5,1
555,350,0,6,1
555,351,0,7,1
555,352..383,0,8 9 10 11 12 13 14 15,3 3 3 3 3 3 3 3
556,320..351,0,8 9 10 11 12 13 14 15,3 3 3 3 3 3 3 3
556,352,0,0,1
556,353,0,1,1
556,354,0,2,1
556,355,0,3,1
556,356,0,4,1
556,357,0,5,1
556,358,0,6,1
556,359,0,7,1
556,360..383,0,8 9 10 11 12 13 14 15,3 3 3 3 3 3 3 3
557,320..359,0,8 9 10 11 12 13 14 15,3 3 3 3 3 3 3 3
557,360,0,0,1
557,361,0,1,1
557,362,0,2,1
557,363,0,3,1
557,364,0,4,1
557,365,0,5,1
557,366,0,6,1
557,367,0,7,1
557,368..383,0,8 9 10 11 12 13 14 15,3 3 3 3 3 3 3 3
558,320..367,0,8 9 10 11 12 13 14 15,3 3 3 3 3 3 3 3
558,368,0,0,1
558,369,0,1,1
558,370,0,2,1
558,371,0,3,1
558,372,0,4,1
558,373,0,5,1
558,374,0,6,1
558,375,0,7,1
558,376..383,0,8 9 10 11 12 13 14 15,3 3 3 3 3 3 3 3
559,320..375,0,8 9 10 11 12 13 14 15,3 3 3 3 3 3 3 3
559,376,0,0,1
559,377,0,1,1
559,378,0,2,1
559,379,0,3,1
559,380,0,4,1
559,381,0,5,1
559,382,0,6,1
559,383,0,7,1
560..567,0..383,0,12 13 14 15,3 3 3 3
560,384,0,0,1
560,385,0,1,1
560,386,0,2,1
560,387,0,3,1
560,388,0,4,1
560,389,0,5,1
560,390,0,6,1
560,391,0,7,1
560,392..447,0,8 9 10 11 12 13 14 15,3 3 3 3 3 3 3 3
560..567,448..511,0,12 13 14 15,3 3 3 3
561,384..391,0,8 9 10 11 12 13 14 15,3 3 3 3 3 3 3 3
561,392,0,0,1
561,393,0,1,1
561,394,0,2,1
561,395,0,3,1
561,396,0,4,1
561,397,0,5,1
561,398,0,6,1
561,399,0,7,1
561,400..447,0,8 9 10 11 12 13 14 15,3 3 3 3 3 3 3 3
562,384..399,0,8 9 10 11 12 13 14 15,3 3 3 3 3 3 3 3
562,400,0,0,1
562,401,0,1,1
562,402,0,2,1
562,403,0,3,1
562,404,0,4,1
562,405,0,5,1
562,406,0,6,1
562,407,0,7,1
562,408..447,0,8 9 10 11 12 13 14 15,3 3 3 3 3 3 3 3
563,384..407,0,8 9 10 11 12 13 14 15,3 3 3 3 3 3 3 3
563,408,0,0,1
563,409,0,1,1
563,410,0,2,1
563,411,0,3,1
563,412,0,4,1
563,413,0,5,1
563,414,0,6,1
563,415,0,7,1
563,416..447,0,8 9 10 11 12 13 14 15,3 3 3 3 3 3 3 3
564,384..415,0,8 9 10 11 12 13 14 15,3 3 3 3 3 3 3 3
564,416,0,0,1
564,417,0,1,1
564,418,0,2,1
564,419,0,3,1
564,420,0,4,1
564,421,0,5,1
564,422,0,6,1
564,423,0,7,1
564,424..447,0,8 9 10 11 12 13 14 15,3 3 3 3 3 3 3 3
565,384..423,0,8 9 10 11 12 13 14 15,3 3 3 3 3 3 3 3
565,424,0,0,1
565,425,0,1,1
565,426,0,2,1
565,427,0,3,1
565,428,0,4,1
565,429,0,5,1
565,430,0,6,1
565,431,0,7,1
565,432..447,0,8 9 10 11 12 13 14 15,3 3 3 3 3 3 3 3
566,384..431,0,8 9 10 11 12 13 14 15,3 3 3 3 3 3 3 3
566,432,0,0,1
566,433,0,1,1
566,434,0,2,1
566,435,0,3,1
566,436,0,4,1
566,437,0,5,1
566,438,0,6,1
566,439,0,7,1
566,440..447,0,8 9 10 11 12 13 14 15,3 3 3 3 3 3 3 3
567,384..439,0,8 9 10 11 12 13 14 15,3 3 3 3 3 3 3 3
567,440,0,0,1
567,441,0,1,1
567,442,0,2,1
567,443,0,3,1
567,444,0,4,1
567,445,0,5,1
567,446,0,6,1
567,447,0,7,1
568..575,0..447,0,12 13 14 15,3 3 3 3
568,448,0,0,1
568,449,0,1,1
568,450,0,2,1
568,451,0,3,1
568,452,0,4,1
568,453,0,5,1
568,454,0,6,1
568,455,0,7,1
568,456..511,0,8 9 10 11 12 13 14 15,3 3 3 3 3 3 3 3
569,448..455,0,8 9 10 11 12 13 14 15,3 3 3 3 3 3 3 3
569,456,0,0,1
569,457,0,1,1
569,458,0,2,1
569,459,0,3,1
569,460,0,4,1
569,461,0,5,1
569,462,0,6,1
569,463,0,7,1
569,464..511,0,8 9 10 11 12 13 14 15,3 3 3 3 3 3 3 3
570,448..463,0,8 9 10 11 12 13 14 15,3 3 3 3 3 3 3 3
570,464,0,0,1
570,465,0,1,1
570,466,0,2,1
570,467,0,3,1
570,468,0,4,1
570,469,0,5,1
570,470,0,6,1
570,471,0,7,1
570,472..511,0,8 9 10 11 12 13 14 15,3 3 3 3 3 3 3 3
571,448..471,0,8 9 10 11 12 13 14 15,3 3 3 3 3 3 3 3
571,472,0,0,1
571,473,0,1,1
571,474,0,2,1
571,475,0,3,1
571,476,0,4,1
571,477,0,5,1
571,478,0,6,1
571,479,0,7,1
571,480..511,0,8 9 10 11 12 13 14 15,3 3 3 3 3 3 3 3
572,448..479,0,8 9 10 11 12 13 14 15,3 3 3 3 3 3 3 3
572,480,0,0,1
572,481,0,1,1
572,482,0,2,1
572,483,0,3,1
572,484,0,4,1
572,485,0,5,1
572,486,0,6,1
572,487,0,7,1
572,488..511,0,8 9 10 11 12 13 14 15,3 3 3 3 3 3 3 3
573,448..487,0,8 9 10 11 12 13 14 15,3 3 3 3 3 3 3 3
573,488,0,0,1
573,489,0,1,1
573,490,0,2,1
573,491,0,3,1
573,492,0,4,1
573,493,0,5,1
573,494,0,6,1
573,495,0,7,1
573,496..511,0,8 9 10 11 12 13 14 15,3 3 3 3 3 3 3 3
574,448..495,0,8 9 10 11 12 13 14 15,3 3 3 3 3 3 3 3
574,496,0,0,1
574,497,0,1,1
574,498,0,2,1
574,499,0,3,1
574,500,0,4,1
574,501,0,5,1
574,502,0,6,1
574,503,0,7,1
574,504..511,0,8 9 10 11 12 13 14 15,3 3 3 3 3 3 3 3
575,448..503,0,8 9 10 11 12 13 14 15,3 3 3 3 3 3 3 3
575,504,0,0,1
575,505,0,1,1
575,506,0,2,1
575,507,0,3,1
575,508,0,4,1
575,509,0,5,1
575,510,0,6,1
575,511,0,7,1
576,0,1,0,1
576,1,1,1,1
576,2,1,2,1
576,3,1,3,1
576,4,1,4,1
576,5,1,5,1
576,6,1,6,1
576,7,1,7,1
576,8..63,1,8 9 10 11 12 13 14 15,3 3 3 3 3 3 3 3
576..583,64..511,1,12 13 14 15,3 3 3 3
577,0..7,1,8 9 10 11 12 13 14 15,3 3 3 3 3 3 3 3
577,8,1,0,1
577,9,1,1,1
577,10,1,2,1
577,11,1,3,1
577,12,1,4,1
577,13,1,5,1
577,14,1,6,1
577,15,1,7,1
577,16..63,1,8 9 10 11 12 13 14 15,3 3 3 3 3 3 3 3
578,0..15,1,8 9 10 11 12 13 14 15,3 3 3 3 3 3 3 3
578,16,1,0,1
578,17,1,1,1
578,18,1,2,1
578,19,1,3,1
578,20,1,4,1
578,21,1,5,1
578,22,1,6,1
578,23,1,7,1
578,24..63,1,8 9 10 11 12 13 14 15,3 3 3 3 3 3 3 3
579,0..23,1,8 9 10 11 12 13 14 15,3 3 3 3 3 3 3 3
579,24,1,0,1
579,25,1,1,1
579,26,1,2,1
579,27,1,3,1
579,28,1,4,1
579,29,1,5,1
579,30,1,6,1
579,31,1,7,1
579,32..63,1,8 9 10 11 12 13 14 15,3 3 3 3 3 3 3 3
580,0..31,1,8 9 10 11 12 13 14 15,3 3 3 3 3 3 3 3
580,32,1,0,1
580,33,1,1,1
580,34,1,2,1
580,35,1,3,1
580,36,1,4,1
580,37,1,5,1
580,38,1,6,1
580,39,1,7,1
580,40..63,1,8 9 10 11 12 13 14 15,3 3 3 3 3 3 3 3
581,0..39,1,8 9 10 11 12 13 14 15,3 3 3 3 3 3 3 3
581,40,1,0,1
581,41,1,1,1
581,42,1,2,1
581,43,1,3,1
581,44,1,4,1
581,45,1,5,1
581,46,1,6,1
581,47,1,7,1
581,48..63,1,8 9 10 11 12 13 14 15,3 3 3 3 3 3 3 3
582,0..47,1,8 9 10 11 12 13 14 15,3 3 3 3 3 3 3 3
582,48,1,0,1
582,49,1,1,1
582,50,1,2,1
582,51,1,3,1
582,52,1,4,1
582,53,1,5,1
582,54,1,6,1
582,55,1,7,1
582,56..63,1,8 9 10 11 12 13 14 15,3 3 3 3 3 3 3 3
583,0..55,1,8 9 10 11 12 13 14 15,3 3 3 3 3 3 3 3
583,56,1,0,1
583,57,1,1,1
583,58,1,2,1
583,59,1,3,1
583,60,1,4,1
583,61,1,5,1
583,62,1,6,1
583,63,1,7,1
584..591,0..63,1,12 13 14 15,3 3 3 3
584,64,1,0,1
584,65,1,1,1
584,66,1,2,1
584,67,1,3,1
584,68,1,4,1
584,69,1,5,1
584,70,1,6,1
584,71,1,7,1
584,72..127,1,8 9 10 11 12 13 14 15,3 3 3 3 3 3 3 3
584..591,128..511,1,12 13 14 15,3 3 3 3
585,64..71,1,8 9 10 11 12 13 14 15,3 3 3 3 3 3 3 3
585,72,1,0,1
585,73,1,1,1
585,74,1,2,1
585,75,1,3,1
585,76,1,4,1
585,77,1,5,1
585,78,1,6,1
585,79,1,7,1
585,80..127,1,8 9 10 11 12 13 14 15,3 3 3 3 3 3 3 3
586,64..79,1,8 9 10 11 12 13 14 15,3 3 3 3 3 3 3 3
586,80,1,0,1
586,81,1,1,1
586,82,1,2,1
586,83,1,3,1
586,84,1,4,1
586,85,1,5,1
586,86,1,6,1
586,87,1,7,1
586,88..127,1,8 9 10 11 12 13 14 15,3 3 3 3 3 3 3 3
587,64..87,1,8 9 10 11 12 13 14 15,3 3 3 3 3 3 3 3
587,88,1,0,1
587,89,1,1,1
587,90,1,2,1
587,91,1,3,1
587,92,1,4,1
587,93,1,5,1
587,94,1,6,1
587,95,1,7,1
587,96..127,1,8 9 10 11 12 13 14 15,3 3 3 3 3 3 3 3
588,64..95,1,8 9 10 11 12 13 14 15,3 3 3 3 3 3 3 3
588,96,1,0,1
588,97,1,1,1
588,98,1,2,1
588,99,1,3,1
588,100,1,4,1
588,101,1,5,1
588,102,1,6,1
588,103,1,7,1
588,104..127,1,8 9 10 11 12 13 14 15,3 3 3 3 3 3 3 3
589,64..103,1,8 9 10 11 12 13 14 15,3 3 3 3 3 3 3 3
589,104,1,0,1
589,105,1,1,1
589,106,1,2,1
589,107,1,3,1
589,108,1,4,1
589,109,1,5,1
589,110,1,6,1
589,111,1,7,1
589,112..127,1,8 9 10 11 12 13 14 15,3 3 3 3 3 3 3 3
590,64..111,1,8 9 10 11 12 13 14 15,3 3 3 3 3 3 3 3
590,112,1,0,1
590,113,1,1,1
590,114,1,2,1
590,115,1,3,1
590,116,1,4,1
590,117,1,5,1
590,118,1,6,1
590,119,1,7,1
590,120..127,1,8 9 10 11 12 13 14 15,3 3 3 3 3 3 3 3
591,64..119,1,8 9 10 11 12 13 14 15,3 3 3 3 3 3 3 3
591,120,1,0,1
591,121,1,1,1
591,122,1,2,1
591,123,1,3,1
591,124,1,4,1
591,125,1,5,1
591,126,1,6,1
591,127,1,7,1
592..599,0..127,1,12 13 14 15,3 3 3 3
592,128,1,0,1
592,129,1,1,1
592,130,1,2,1
592,131,1,3,1
592,132,1,4,1
592,133,1,5,1
592,134,1,6,1
592,135,1,7,1
592,136..191,1,8 9 10 11 12 13 14 15,3 3 3 3 3 3 3 3
592..599,192..511,1,12 13 14 15,3 3 3 3
593,128..135,1,8 9 10 11 12 13 14 15,3 3 3 3 3 3 3 3
593,136,1,0,1
593,137,1,1,1
593,138,1,2,1
593,139,1,3,1
593,140,1,4,1
593,141,1,5,1
593,142,1,6,1
593,143,1,7,1
593,144..191,1,8 9 10 11 12 13 14 15,3 3 3 3 3 3 3 3
594,128..143,1,8 9 10 11 12 13 14 15,3 3 3 3 3 3 3 3
594,144,1,0,1
594,145,1,1,1
594,146,1,2,1
594,147,1,3,1
594,148,1,4,1
594,149,1,5,1
594,150,1,6,1
594,151,1,7,1
594,152..191,1,8 9 10 11 12 13 14 15,3 3 3 3 3 3 3 3
595,128..151,1,8 9 10 11 12 13 14 15,3 3 3 3 3 3 3 3
595,152,1,0,1
595,153,1,1,1
595,154,1,2,1
595,155,1,3,1
595,156,1,4,1
595,157,1,5,1
595,158,1,6,1
595,159,1,7,1
595,160..191,1,8 9 10 11 12 13 14 15,3 3 3 3 3 3 3 3
596,128..159,1,8 9 10 11 12 13 14 15,3 3 3 3 3 3 3 3
596,160,1,0,1
596,161,1,1,1
596,162,1,2,1
596,163,1,3,1
596,164,1,4,1
596,165,1,5,1
596,166,1,6,1
596,167,1,7,1
596,168..191,1,8 9 10 11 12 13 14 15,3 3 3 3 3 3 3 3
597,128..167,1,8 9 10 11 12 13 14 15,3 3 3 3 3 3 3 3
597,168,1,0,1
597,169,1,1,1
597,170,1,2,1
597,171,1,3,1
597,172,1,4,1
597,173,1,5,1
597,174,1,6,1
597,175,1,7,1
597,176..191,1,8 9 10 11 12 13 14 15,3 3 3 3 3 3 3 3
598,128..175,1,8 9 10 11 12 13 14 15,3 3 3 3 3 3 3 3
598,176,1,0,1
598,177,1,1,1
598,178,1,2,1
598,179,1,3,1
598,180,1,4,1
598,181,1,5,1
598,182,1,6,1
598,183,1,7,1
598,184..191,1,8 9 10 11 12 13 14 15,3 3 3 3 3 3 3 3
599,128..183,1,8 9 10 11 12 13 14 15,3 3 3 3 3 3 3 3
599,184,1,0,1
599,185,1,1,1
599,186,1,2,1
599,187,1,3,1
599,188,1,4,1
599,189,1,5,1
599,190,1,6,1
599,191,1,7,1
600..607,0..191,1,12 13 14 15,3 3 3 3
600,192,1,0,1
600,193,1,1,1
600,194,1,2,1
600,195,1,3,1
600,196,1,4,1
600,197,1,5,1
600,198,1,6,1
600,199,1,7,1
600,200..255,1,8 9 10 11 12 13 14 15,3 3 3 3 3 3 3 3
600..607,256..511,1,12 13 14 15,3 3 3 3
601,192..199,1,8 9 10 11 12 13 14 15,3 3 3 3 3 3 3 3
601,200,1,0,1
601,201,1,1,1
601,202,1,2,1
601,203,1,3,1
601,204,1,4,1
601,205,1,5,1
601,206,1,6,1
601,207,1,7,1
601,208..255,1,8 9 10 11 12 13 14 15,3 3 3 3 3 3 3 3
602,192..207,1,8 9 10 11 12 13 14 15,3 3 3 3 3 3 3 3
602,208,1,0,1
602,209,1,1,1
602,210,1,2,1
602,211,1,3,1
602,212,1,4,1
602,213,1,5,1
602,214,1,6,1
602,215,1,7,1
602,216..255,1,8 9 10 11 12 13 14 15,3 3 3 3 3 3 3 3
603,192..215,1,8 9 10 11 12 13 14 15,3 3 3 3 3 3 3 3
603,216,1,0,1
603,217,1,1,1
603,218,1,2,1
603,219,1,3,1
603,220,1,4,1
603,221,1,5,1
603,222,1,6,1
603,223,1,7,1
603,224..255,1,8 9 10 11 12 13 14 15,3 3 3 3 3 3 3 3
604,192..223,1,8 9 10 11 12 13 14 15,3 3 3 3 3 3 3 3
604,224,1,0,1
604,225,1,1,1
604,226,1,2,1
604,227,1,3,1
604,228,1,4,1
604,229,1,5,1
604,230,1,6,1
604,231,1,7,1
604,232..255,1,8 9 10 11 12 13 14 15,3 3 3 3 3 3 3 3
605,192..231,1,8 9 10 11 12 13 14 15,3 3 3 3 3 3 3 3
605,232,1,0,1
605,233,1,1,1
605,234,1,2,1
605,235,1,3,1
605,236,1,4,1
605,237,1,5,1
605,238,1,6,1
605,239,1,7,1
605,240..255,1,8 9 10 11 12 13 14 15,3 3 3 3 3 3 3 3
606,192..239,1,8 9 10 11 12 13 14 15,3 3 3 3 3 3 3 3
606,240,1,0,1
606,241,1,1,1
606,242,1,2,1
606,243,1,3,1
606,244,1,4,1
606,245,1,5,1
606,246,1,6,1
606,247,1,7,1
606,248..255,1,8 9 10 11 12 13 14 15,3 3 3 3 3 3 3 3
607,192..247,1,8 9 10 11 12 13 14 15,3 3 3 3 3 3 3 3
607,248,1,0,1
607,249,1,1,1
607,250,1,2,1
607,251,1,3,1
607,252,1,4,1
607,253,1,5,1
607,254,1,6,1
607,255,1,7,1
608..615,0..255,1,12 13 14 15,3 3 3 3
608,256,1,0,1
608,257,1,1,1
608,258,1,2,1
608,259,1,3,1
608,260,1,4,1
608,261,1,5,1
608,262,1,6,1
608,263,1,7,1
608,264..319,1,8 9 10 11 12 13 14 15,3 3 3 3 3 3 3 3
608..615,320..511,1,12 13 14 15,3 3 3 3
609,256..263,1,8 9 10 11 12 13 14 15,3 3 3 3 3 3 3 3
609,264,1,0,1
609,265,1,1,1
609,266,1,2,1
609,267,1,3,1
609,268,1,4,1
609,269,1,5,1
609,270,1,6,1
609,271,1,7,1
609,272..319,1,8 9 10 11 12 13 14 15,3 3 3 3 3 3 3 3
610,256..271,1,8 9 10 11 12 13 14 15,3 3 3 3 3 3 3 3
610,272,1,0,1
610,273,1,1,1
610,274,1,2,1
610,275,1,3,1
610,276,1,4,1
610,277,1,5,1
610,278,1,6,1
610,279,1,7,1
610,280..319,1,8 9 10 11 12 13 14 15,3 3 3 3 3 3 3 3
611,256..279,1,8 9 10 11 12 13 14 15,3 3 3 3 3 3 3 3
611,280,1,0,1
611,281,1,1,1
611,282,1,2,1
611,283,1,3,1
611,284,1,4,1
611,285,1,5,1
611,286,1,6,1
611,287,1,7,1
611,288..319,1,8 9 10 11 12 13 14 15,3 3 3 3 3 3 3 3
612,256..287,1,8 9 10 11 12 13 14 15,3 3 3 3 3 3 3 3
612,288,1,0,1
612,289,1,1,1
612,290,1,2,1
612,291,1,3,1
612,292,1,4,1
612,293,1,5,1
612,294,1,6,1
612,295,1,7,1
612,296..319,1,8 9 10 11 12 13 14 15,3 3 3 3 3 3 3 3
613,256..295,1,8 9 10 11 12 13 14 15,3 3 3 3 3 3 3 3
613,296,1,0,1
613,297,1,1,1
613,298,1,2,1
613,299,1,3,1
613,300,1,4,1
613,301,1,5,1
613,302,1,6,1
613,303,1,7,1
613,304..319,1,8 9 10 11 12 13 14 15,3 3 3 3 3 3 3 3
614,256..303,1,8 9 10 11 12 13 14 15,3 3 3 3 3 3 3 3
614,304,1,0,1
614,305,1,1,1
614,306,1,2,1
614,307,1,3,1
614,308,1,4,1
614,309,1,5,1
614,310,1,6,1
614,311,1,7,1
614,312..319,1,8 9 10 11 12 13 14 15,3 3 3 3 3 3 3 3
615,256..311,1,8 9 10 11 12 13 14 15,3 3 3 3 3 3 3 3
615,312,1,0,1
615,313,1,1,1
615,314,1,2,1
615,315,1,3,1
615,316,1,4,1
615,317,1,5,1
615,318,1,6,1
615,319,1,7,1
616..623,0..319,1,12 13 14 15,3 3 3 3
616,320,1,0,1
616,321,1,1,1
616,322,1,2,1
616,323,1,3,1
616,324,1,4,1
616,325,1,5,1
616,326,1,6,1
616,327,1,7,1
616,328..383,1,8 9 10 11 12 13 14 15,3 3 3 3 3 3 3 3
616..623,384..511,1,12 13 14 15,3 3 3 3
617,320..327,1,8 9 10 11 12 13 14 15,3 3 3 3 3 3 3 3
617,328,1,0,1
617,329,1,1,1
617,330,1,2,1
617,331,1,3,1
617,332,1,4,1
617,333,1,5,1
617,334,1,6,1
617,335,1,7,1
617,336..383,1,8 9 10 11 12 13 14 15,3 3 3 3 3 3 3 3
618,320..335,1,8 9 10 11 12 13 14 15,3 3 3 3 3 3 3 3
618,336,1,0,1
618,337,1,1,1
618,338,1,2,1
618,339,1,3,1
618,340,1,4,1
618,341,1,5,1
618,342,1,6,1
618,343,1,7,1
618,344..383,1,8 9 10 11 12 13 14 15,3 3 3 3 3 3 3 3
619,320..343,1,8 9 10 11 12 13 14 15,3 3 3 3 3 3 3 3
619,344,1,0,1
619,345,1,1,1
619,346,1,2,1
619,347,1,3,1
619,348,1,4,1
619,349,1,5,1
619,350,1,6,1
619,351,1,7,1
619,352..383,1,8 9 10 11 12 13 14 15,3 3 3 3 3 3 3 3
620,320..351,1,8 9 10 11 12 13 14 15,3 3 3 3 3 3 3 3
620,352,1,0,1
620,353,1,1,1
620,354,1,2,1
620,355,1,3,1
620,356,1,4,1
620,357,1,5,1
620,358,1,6,1
620,359,1,7,1
620,360..383,1,8 9 10 11 12 13 14 15,3 3 3 3 3 3 3 3
621,320..359,1,8 9 10 11 12 13 14 15,3 3 3 3 3 3 3 3
621,360,1,0,1
621,361,1,1,1
621,362,1,2,1
621,363,1,3,1
621,364,1,4,1
621,365,1,5,1
621,366,1,6,1
621,367,1,7,1
621,368..383,1,8 9 10 11 12 13 14 15,3 3 3 3 3 3 3 3
622,320..367,1,8 9 10 11 12 13 14 15,3 3 3 3 3 3 3 3
622,368,1,0,1
622,369,1,1,1
622,370,1,2,1
622,371,1,3,1
622,372,1,4,1
622,373,1,5,1
622,374,1,6,1
622,375,1,7,1
622,376..383,1,8 9 10 11 12 13 14 15,3 3 3 3 3 3 3 3
623,320..375,1,8 9 10 11 12 13 14 15,3 3 3 3 3 3 3 3
623,376,1,0,1
623,377,1,1,1
623,378,1,2,1
623,379,1,3,1
623,380,1,4,1
623,381,1,5,1
623,382,1,6,1
623,383,1,7,1
624..631,0..383,1,12 13 14 15,3 3 3 3
624,384,1,0,1
624,385,1,1,1
624,386,1,2,1
624,387,1,3,1
624,388,1,4,1
624,389,1,5,1
624,390,1,6,1
624,391,1,7,1
624,392..447,1,8 9 10 11 12 13 14 15,3 3 3 3 3 3 3 3
624..631,448..511,1,12 13 14 15,3 3 3 3
625,384..391,1,8 9 10 11 12 13 14 15,3 3 3 3 3 3 3 3
625,392,1,0,1
625,393,1,1,1
625,394,1,2,1
625,395,1,3,1
625,396,1,4,1
625,397,1,5,1
625,398,1,6,1
625,399,1,7,1
625,400..447,1,8 9 10 11 12 13 14 15,3 3 3 3 3 3 3 3
626,384..399,1,8 9 10 11 12 13 14 15,3 3 3 3 3 3 3 3
626,400,1,0,1
626,401,1,1,1
626,402,1,2,1
626,403,1,3,1
626,404,1,4,1
626,405,1,5,1
626,406,1,6,1
626,407,1,7,1
626,408..447,1,8 9 10 11 12 13 14 15,3 3 3 3 3 3 3 3
627,384..407,1,8 9 10 11 12 13 14 15,3 3 3 3 3 3 3 3
627,408,1,0,1
627,409,1,1,1
627,410,1,2,1
627,411,1,3,1
627,412,1,4,1
627,413,1,5,1
627,414,1,6,1
627,415,1,7,1
627,416..447,1,8 9 10 11 12 13 14 15,3 3 3 3 3 3 3 3
628,384..415,1,8 9 10 11 12 13 14 15,3 3 3 3 3 3 3 3
628,416,1,0,1
628,417,1,1,1
628,418,1,2,1
628,419,1,3,1
628,420,1,4,1
628,421,1,5,1
628,422,1,6,1
628,423,1,7,1
628,424..447,1,8 9 10 11 12 13 14 15,3 3 3 3 3 3 3 3
629,384..423,1,8 9 10 11 12 13 14 15,3 3 3 3 3 3 3 3
629,424,1,0,1
629,425,1,1,1
629,426,1,2,1
629,427,1,3,1
629,428,1,4,1
629,429,1,5,1
629,430,1,6,1
629,431,1,7,1
629,432..447,1,8 9 10 11 12 13 14 15,3 3 3 3 3 3 3 3
630,384..431,1,8 9 10 11 12 13 14 15,3 3 3 3 3 3 3 3
630,432,1,0,1
630,433,1,1,1
630,434,1,2,1
630,435,1,3,1
630,436,1,4,1
630,437,1,5,1
630,438,1,6,1
630,439,1,7,1
630,440..447,1,8 9 10 11 12 13 14 15,3 3 3 3 3 3 3 3
631,384..439,1,8 9 10 11 12 13 14 15,3 3 3 3 3 3 3 3
631,440,1,0,1
631,441,1,1,1
631,442,1,2,1
631,443,1,3,1
631,444,1,4,1
631,445,1,5,1
631,446,1,6,1
631,447,1,7,1
632..639,0..447,1,12 13 14 15,3 3 3 3
632,448,1,0,1
632,449,1,1,1
632,450,1,2,1
632,451,1,3,1
632,452,1,4,1
632,453,1,5,1
632,454,1,6,1
632,455,1,7,1
632,456..511,1,8 9 10 11 12 13 14 15,3 3 3 3 3 3 3 3
633,448..455,1,8 9 10 11 12 13 14 15,3 3 3 3 3 3 3 3
633,456,1,0,1
633,457,1,1,1
633,458,1,2,1
633,459,1,3,1
633,460,1,4,1
633,461,1,5,1
633,462,1,6,1
633,463,1,7,1
633,464..511,1,8 9 10 11 12 13 14 15,3 3 3 3 3 3 3 3
634,448..463,1,8 9 10 11 12 13 14 15,3 3 3 3 3 3 3 3
634,464,1,0,1
634,465,1,1,1
634,466,1,2,1
634,467,1,3,1
634,468,1,4,1
634,469,1,5,1
634,470,1,6,1
634,471,1,7,1
634,472..511,1,8 9 10 11 12 13 14 15,3 3 3 3 3 3 3 3
635,448..471,1,8 9 10 11 12 13 14 15,3 3 3 3 3 3 3 3
635,472,1,0,1
635,473,1,1,1
635,474,1,2,1
635,475,1,3,1
635,476,1,4,1
635,477,1,5,1
635,478,1,6,1
635,479,1,7,1
635,480..511,1,8 9 10 11 12 13 14 15,3 3 3 3 3 3 3 3
636,448..479,1,8 9 10 11 12 13 14 15,3 3 3 3 3 3 3 3
636,480,1,0,1
636,481,1,1,1
636,482,1,2,1
636,483,1,3,1
636,484,1,4,1
636,485,1,5,1
636,486,1,6,1
636,487,1,7,1
636,488..511,1,8 9 10 11 12 13 14 15,3 3 3 3 3 3 3 3
637,448..487,1,8 9 10 11 12 13 14 15,3 3 3 3 3 3 3 3
637,488,1,0,1
637,489,1,1,1
637,490,1,2,1
637,491,1,3,1
637,492,1,4,1
637,493,1,5,1
637,494,1,6,1
637,495,1,7,1
637,496..511,1,8 9 10 11 12 13 14 15,3 3 3 3 3 3 3 3
638,448..495,1,8 9 10 11 12 13 14 15,3 3 3 3 3 3 3 3
638,496,1,0,1
638,497,1,1,1
638,498,1,2,1
638,499,1,3,1
638,500,1,4,1
638,501,1,5,1
638,502,1,6,1
638,503,1,7,1
638,504..511,1,8 9 10 11 12 13 14 15,3 3 3 3 3 3 3 3
639,448..503,1,8 9 10 11 12 13 14 15,3 3 3 3 3 3 3 3
639,504,1,0,1
639,505,1,1,1
639,506,1,2,1
639,507,1,3,1
639,508,1,4,1
639,509,1,5,1
639,510,1,6,1
639,511,1,7,1
640,0,2,0,1
640,1,2,1,1
640,2,2,2,1
640,3,2,3,1
640,4,2,4,1
640,5,2,5,1
640,6,2,6,1
640,7,2,7,1
640,8..63,2,8 9 10 11 12 13 14 15,3 3 3 3 3 3 3 3
640..647,64..511,2,12 13 14 15,3 3 3 3
641,0..7,2,8 9 10 11 12 13 14 15,3 3 3 3 3 3 3 3
641,8,2,0,1
641,9,2,1,1
641,10,2,2,1
641,11,2,3,1
641,12,2,4,1
641,13,2,5,1
641,14,2,6,1
641,15,2,7,1
641,16..63,2,8 9 10 11 12 13 14 15,3 3 3 3 3 3 3 3
642,0..15,2,8 9 10 11 12 13 14 15,3 3 3 3 3 3 3 3
642,16,2,0,1
642,17,2,1,1
642,18,2,2,1
642,19,2,3,1
642,20,2,4,1
642,21,2,5,1
642,22,2,6,1
642,23,2,7,1
642,24..63,2,8 9 10 11 12 13 14 15,3 3 3 3 3 3 3 3
643,0..23,2,8 9 10 11 12 13 14 15,3 3 3 3 3 3 3 3
643,24,2,0,1
643,25,2,1,1
643,26,2,2,1
643,27,2,3,1
643,28,2,4,1
643,29,2,5,1
643,30,2,6,1
643,31,2,7,1
643,32..63,2,8 9 10 11 12 13 14 15,3 3 3 3 3 3 3 3
644,0..31,2,8 9 10 11 12 13 14 15,3 3 3 3 3 3 3 3
644,32,2,0,1
644,33,2,1,1
644,34,2,2,1
644,35,2,3,1
644,36,2,4,1
644,37,2,5,1
644,38,2,6,1
644,39,2,7,1
644,40..63,2,8 9 10 11 12 13 14 15,3 3 3 3 3 3 3 3
645,0..39,2,8 9 10 11 12 13 14 15,3 3 3 3 3 3 3 3
645,40,2,0,1
645,41,2,1,1
645,42,2,2,1
645,43,2,3,1
645,44,2,4,1
645,45,2,5,1
645,46,2,6,1
645,47,2,7,1
645,48..63,2,8 9 10 11 12 13 14 15,3 3 3 3 3 3 3 3
646,0..47,2,8 9 10 11 12 13 14 15,3 3 3 3 3 3 3 3
646,48,2,0,1
646,49,2,1,1
646,50,2,2,1
646,51,2,3,1
646,52,2,4,1
646,53,2,5,1
646,54,2,6,1
646,55,2,7,1
646,56..63,2,8 9 10 11 12 13 14 15,3 3 3 3 3 3 3 3
647,0..55,2,8 9 10 11 12 13 14 15,3 3 3 3 3 3 3 3
647,56,2,0,1
647,57,2,1,1
647,58,2,2,1
647,59,2,3,1
647,60,2,4,1
647,61,2,5,1
647,62,2,6,1
647,63,2,7,1
648..655,0..63,2,12 13 14 15,3 3 3 3
648,64,2,0,1
648,65,2,1,1
648,66,2,2,1
648,67,2,3,1
648,68,2,4,1
648,69,2,5,1
648,70,2,6,1
648,71,2,7,1
648,72..127,2,8 9 10 11 12 13 14 15,3 3 3 3 3 3 3 3
648..655,128..511,2,12 13 14 15,3 3 3 3
649,64..71,2,8 9 10 11 12 13 14 15,3 3 3 3 3 3 3 3
649,72,2,0,1
649,73,2,1,1
649,74,2,2,1
649,75,2,3,1
649,76,2,4,1
649,77,2,5,1
649,78,2,6,1
649,79,2,7,1
649,80..127,2,8 9 10 11 12 13 14 15,3 3 3 3 3 3 3 3
650,64..79,2,8 9 10 11 12 13 14 15,3 3 3 3 3 3 3 3
650,80,2,0,1
650,81,2,1,1
650,82,2,2,1
650,83,2,3,1
650,84,2,4,1
650,85,2,5,1
650,86,2,6,1
650,87,2,7,1
650,88..127,2,8 9 10 11 12 13 14 15,3 3 3 3 3 3 3 3
651,64..87,2,8 9 10 11 12 13 14 15,3 3 3 3 3 3 3 3
651,88,2,0,1
651,89,2,1,1
651,90,2,2,1
651,91,2,3,1
651,92,2,4,1
651,93,2,5,1
651,94,2,6,1
651,95,2,7,1
651,96..127,2,8 9 10 11 12 13 14 15,3 3 3 3 3 3 3 3
652,64..95,2,8 9 10 11 12 13 14 15,3 3 3 3 3 3 3 3
652,96,2,0,1
652,97,2,1,1
652,98,2,2,1
652,99,2,3,1
652,100,2,4,1
652,101,2,5,1
652,102,2,6,1
652,103,2,7,1
652,104..127,2,8 9 10 11 12 13 14 15,3 3 3 3 3 3 3 3
653,64..103,2,8 9 10 11 12 13 14 15,3 3 3 3 3 3 3 3
653,104,2,0,1
653,105,2,1,1
653,106,2,2,1
653,107,2,3,1
653,108,2,4,1
653,109,2,5,1
653,110,2,6,1
653,111,2,7,1
653,112..127,2,8 9 10 11 12 13 14 15,3 3 3 3 3 3 3 3
654,64..111,2,8 9 10 11 12 13 14 15,3 3 3 3 3 3 3 3
654,112,2,0,1
654,113,2,1,1
654,114,2,2,1
654,115,2,3,1
654,116,2,4,1
654,117,2,5,1
654,118,2,6,1
654,119,2,7,1
654,120..127,2,8 9 10 11 12 13 14 15,3 3 3 3 3 3 3 3
655,64..119,2,8 9 10 11 12 13 14 15,3 3 3 3 3 3 3 3
655,120,2,0,1
655,121,2,1,1
655,122,2,2,1
655,123,2,3,1
655,124,2,4,1
655,125,2,5,1
655,126,2,6,1
655,127,2,7,1
656..663,0..127,2,12 13 14 15,3 3 3 3
656,128,2,0,1
656,129,2,1,1
656,130,2,2,1
656,131,2,3,1
656,132,2,4,1
656,133,2,5,1
656,134,2,6,1
656,135,2,7,1
656,136..191,2,8 9 10 11 12 13 14 15,3 3 3 3 3 3 3 3
656..663,192..511,2,12 13 14 15,3 3 3 3
657,128..135,2,8 9 10 11 12 13 14 15,3 3 3 3 3 3 3 3
657,136,2,0,1
657,137,2,1,1
657,138,2,2,1
657,139,2,3,1
657,140,2,4,1
657,141,2,5,1
657,142,2,6,1
657,143,2,7,1
657,144..191,2,8 9 10 11 12 13 14 15,3 3 3 3 3 3 3 3
658,128..143,2,8 9 10 11 12 13 14 15,3 3 3 3 3 3 3 3
658,144,2,0,1
658,145,2,1,1
658,146,2,2,1
658,147,2,3,1
658,148,2,4,1
658,149,2,5,1
658,150,2,6,1
658,151,2,7,1
658,152..191,2,8 9 10 11 12 13 14 15,3 3 3 3 3 3 3 3
659,128..151,2,8 9 10 11 12 13 14 15,3 3 3 3 3 3 3 3
659,152,2,0,1
659,153,2,1,1
659,154,2,2,1
659,155,2,3,1
659,156,2,4,1
659,157,2,5,1
659,158,2,6,1
659,159,2,7,1
659,160..191,2,8 9 10 11 12 13 14 15,3 3 3 3 3 3 3 3
660,128..159,2,8 9 10 11 12 13 14 15,3 3 3 3 3 3 3 3
660,160,2,0,1
660,161,2,1,1
660,162,2,2,1
660,163,2,3,1
660,164,2,4,1
660,165,2,5,1
660,166,2,6,1
660,167,2,7,1
660,168..191,2,8 9 10 11 12 13 14 15,3 3 3 3 3 3 3 3
661,128..167,2,8 9 10 11 12 13 14 15,3 3 3 3 3 3 3 3
661,168,2,0,1
661,169,2,1,1
661,170,2,2,1
661,171,2,3,1
661,172,2,4,1
661,173,2,5,1
661,174,2,6,1
661,175,2,7,1
661,176..191,2,8 9 10 11 12 13 14 15,3 3 3 3 3 3 3 3
662,128..175,2,8 9 10 11 12 13 14 15,3 3 3 3 3 3 3 3
662,176,2,0,1
662,177,2,1,1
662,178,2,2,1
662,179,2,3,1
662,180,2,4,1
662,181,2,5,1
662,182,2,6,1
662,183,2,7,1
662,184..191,2,8 9 10 11 12 13 14 15,3 3 3 3 3 3 3 3
663,128..183,2,8 9 10 11 12 13 14 15,3 3 3 3 3 3 3 3
663,184,2,0,1
663,185,2,1,1
663,186,2,2,1
663,187,2,3,1
663,188,2,4,1
663,189,2,5,1
663,190,2,6,1
663,191,2,7,1
664..671,0..191,2,12 13 14 15,3 3 3 3
664,192,2,0,1
664,193,2,1,1
664,194,2,2,1
664,195,2,3,1
664,196,2,4,1
664,197,2,5,1
664,198,2,6,1
664,199,2,7,1
664,200..255,2,8 9 10 11 12 13 14 15,3 3 3 3 3 3 3 3
664..671,256..511,2,12 13 14 15,3 3 3 3
665,192..199,2,8 9 10 11 12 13 14 15,3 3 3 3 3 3 3 3
665,200,2,0,1
665,201,2,1,1
665,202,2,2,1
665,203,2,3,1
665,204,2,4,1
665,205,2,5,1
665,206,2,6,1
665,207,2,7,1
665,208..255,2,8 9 10 11 12 13 14 15,3 3 3 3 3 3 3 3
666,192..207,2,8 9 10 11 12 13 14 15,3 3 3 3 3 3 3 3
666,208,2,0,1
666,209,2,1,1
666,210,2,2,1
666,211,2,3,1
666,212,2,4,1
666,213,2,5,1
666,214,2,6,1
666,215,2,7,1
666,216..255,2,8 9 10 11 12 13 14 15,3 3 3 3 3 3 3 3
667,192..215,2,8 9 10 11 12 13 14 15,3 3 3 3 3 3 3 3
667,216,2,0,1
667,217,2,1,1
667,218,2,2,1
667,219,2,3,1
667,220,2,4,1
667,221,2,5,1
667,222,2,6,1
667,223,2,7,1
667,224..255,2,8 9 10 11 12 13 14 15,3 3 3 3 3 3 3 3
668,192..223,2,8 9 10 11 12 13 14 15,3 3 3 3 3 3 3 3
668,224,2,0,1
668,225,2,1,1
668,226,2,2,1
668,227,2,3,1
668,228,2,4,1
668,229,2,5,1
668,230,2,6,1
668,231,2,7,1
668,232..255,2,8 9 10 11 12 13 14 15,3 3 3 3 3 3 3 3
669,192..231,2,8 9 10 11 12 13 14 15,3 3 3 3 3 3 3 3
669,232,2,0,1
669,233,2,1,1
669,234,2,2,1
669,235,2,3,1
669,236,2,4,1
669,237,2,5,1
669,238,2,6,1
669,239,2,7,1
669,240..255,2,8 9 10 11 12 13 14 15,3 3 3 3 3 3 3 3
670,192..239,2,8 9 10 11 12 13 14 15,3 3 3 3 3 3 3 3
670,240,2,0,1
670,241,2,1,1
670,242,2,2,1
670,243,2,3,1
670,244,2,4,1
670,245,2,5,1
670,246,2,6,1
670,247,2,7,1
670,248..255,2,8 9 10 11 12 13 14 15,3 3 3 3 3 3 3 3
671,192..247,2,8 9 10 11 12 13 14 15,3 3 3 3 3 3 3 3
671,248,2,0,1
671,249,2,1,1
671,250,2,2,1
671,251,2,3,1
671,252,2,4,1
671,253,2,5,1
671,254,2,6,1
671,255,2,7,1
672..679,0..255,2,12 13 14 15,3 3 3 3
672,256,2,0,1
672,257,2,1,1
672,258,2,2,1
672,259,2,3,1
672,260,2,4,1
672,261,2,5,1
672,262,2,6,1
672,263,2,7,1
672,264..319,2,8 9 10 11 12 13 14 15,3 3 3 3 3 3 3 3
672..679,320..511,2,12 13 14 15,3 3 3 3
673,256..263,2,8 9 10 11 12 13 14 15,3 3 3 3 3 3 3 3
673,264,2,0,1
673,265,2,1,1
673,266,2,2,1
673,267,2,3,1
673,268,2,4,1
673,269,2,5,1
673,270,2,6,1
673,271,2,7,1
673,272..319,2,8 9 10 11 12 13 14 15,3 3 3 3 3 3 3 3
674,256..271,2,8 9 10 11 12 13 14 15,3 3 3 3 3 3 3 3
674,272,2,0,1
674,273,2,1,1
674,274,2,2,1
674,275,2,3,1
674,276,2,4,1
674,277,2,5,1
674,278,2,6,1
674,279,2,7,1
674,280..319,2,8 9 10 11 12 13 14 15,3 3 3 3 3 3 3 3
675,256..279,2,8 9 10 11 12 13 14 15,3 3 3 3 3 3 3 3
675,280,2,0,1
675,281,2,1,1
675,282,2,2,1
675,283,2,3,1
675,284,2,4,1
675,285,2,5,1
675,286,2,6,1
675,287,2,7,1
675,288..319,2,8 9 10 11 12 13 14 15,3 3 3 3 3 3 3 3
676,256..287,2,8 9 10 11 12 13 14 15,3 3 3 3 3 3 3 3
676,288,2,0,1
676,289,2,1,1
676,290,2,2,1
676,291,2,3,1
676,292,2,4,1
676,293,2,5,1
676,294,2,6,1
676,295,2,7,1
676,296..319,2,8 9 10 11 12 13 14 15,3 3 3 3 3 3 3 3
677,256..295,2,8 9 10 11 12 13 14 15,3 3 3 3 3 3 3 3
677,296,2,0,1
677,297,2,1,1
677,298,2,2,1
677,299,2,3,1
677,300,2,4,1
677,301,2,5,1
677,302,2,6,1
677,303,2,7,1
677,304..319,2,8 9 10 11 12 13 14 15,3 3 3 3 3 3 3 3
678,256..303,2,8 9 10 11 12 13 14 15,3 3 3 3 3 3 3 3
678,304,2,0,1
678,305,2,1,1
678,306,2,2,1
678,307,2,3,1
678,308,2,4,1
678,309,2,5,1
678,310,2,6,1
678,311,2,7,1
678,312..319,2,8 9 10 11 12 13 14 15,3 3 3 3 3 3 3 3
679,256..311,2,8 9 10 11 12 13 14 15,3 3 3 3 3 3 3 3
679,312,2,0,1
679,313,2,1,1
679,314,2,2,1
679,315,2,3,1
679,316,2,4,1
679,317,2,5,1
679,318,2,6,1
679,319,2,7,1
680..687,0..319,2,12 13 14 15,3 3 3 3
680,320,2,0,1
680,321,2,1,1
680,322,2,2,1
680,323,2,3,1
680,324,2,4,1
680,325,2,5,1
680,326,2,6,1
680,327,2,7,1
680,328..383,2,8 9 10 11 12 13 14 15,3 3 3 3 3 3 3 3
680..687,384..511,2,12 13 14 15,3 3 3 3
681,320..327,2,8 9 10 11 12 13 14 15,3 3 3 3 3 3 3 3
681,328,2,0,1
681,329,2,1,1
681,330,2,2,1
681,331,2,3,1
681,332,2,4,1
681,333,2,5,1
681,334,2,6,1
681,335,2,7,1
681,336..383,2,8 9 10 11 12 13 14 15,3 3 3 3 3 3 3 3
682,320..335,2,8 9 10 11 12 13 14 15,3 3 3 3 3 3 3 3
682,336,2,0,1
682,337,2,1,1
682,338,2,2,1
682,339,2,3,1
682,340,2,4,1
682,341,2,5,1
682,342,2,6,1
682,343,2,7,1
682,344..383,2,8 9 10 11 12 13 14 15,3 3 3 3 3 3 3 3
683,320..343,2,8 9 10 11 12 13 14 15,3 3 3 3 3 3 3 3
683,344,2,0,1
683,345,2,1,1
683,346,2,2,1
683,347,2,3,1
683,348,2,4,1
683,349,2,5,1
683,350,2,6,1
683,351,2,7,1
683,352..383,2,8 9 10 11 12 13 14 15,3 3 3 3 3 3 3 3
684,320..351,2,8 9 10 11 12 13 14 15,3 3 3 3 3 3 3 3
684,352,2,0,1
684,353,2,1,1
684,354,2,2,1
684,355,2,3,1
684,356,2,4,1
684,357,2,5,1
684,358,2,6,1
684,359,2,7,1
684,360..383,2,8 9 10 11 12 13 14 15,3 3 3 3 3 3 3 3
685,320..359,2,8 9 10 11 12 13 14 15,3 3 3 3 3 3 3 3
685,360,2,0,1
685,361,2,1,1
685,362,2,2,1
685,363,2,3,1
685,364,2,4,1
685,365,2,5,1
685,366,2,6,1
685,367,2,7,1
685,368..383,2,8 9 10 11 12 13 14 15,3 3 3 3 3 3 3 3
686,320..367,2,8 9 10 11 12 13 14 15,3 3 3 3 3 3 3 3
686,368,2,0,1
686,369,2,1,1
686,370,2,2,1
686,371,2,3,1
686,372,2,4,1
686,373,2,5,1
686,374,2,6,1
686,375,2,7,1
686,376..383,2,8 9 10 11 12 13 14 15,3 3 3 3 3 3 3 3
687,320..375,2,8 9 10 11 12 13 14 15,3 3 3 3 3 3 3 3
687,376,2,0,1
687,377,2,1,1
687,378,2,2,1
687,379,2,3,1
687,380,2,4,1
687,381,2,5,1
687,382,2,6,1
687,383,2,7,1
688..695,0..383,2,12 13 14 15,3 3 3 3
688,384,2,0,1
688,385,2,1,1
688,386,2,2,1
688,387,2,3,1
688,388,2,4,1
688,389,2,5,1
688,390,2,6,1
688,391,2,7,1
688,392..447,2,8 9 10 11 12 13 14 15,3 3 3 3 3 3 3 3
688..695,448..511,2,12 13 14 15,3 3 3 3
689,384..391,2,8 9 10 11 12 13 14 15,3 3 3 3 3 3 3 3
689,392,2,0,1
689,393,2,1,1
689,394,2,2,1
689,395,2,3,1
689,396,2,4,1
689,397,2,5,1
689,398,2,6,1
689,399,2,7,1
689,400..447,2,8 9 10 11 12 13 14 15,3 3 3 3 3 3 3 3
690,384..399,2,8 9 10 11 12 13 14 15,3 3 3 3 3 3 3 3
690,400,2,0,1
690,401,2,1,1
690,402,2,2,1
690,403,2,3,1
690,404,2,4,1
690,405,2,5,1
690,406,2,6,1
690,407,2,7,1
690,408..447,2,8 9 10 11 12 13 14 15,3 3 3 3 3 3 3 3
691,384..407,2,8 9 10 11 12 13 14 15,3 3 3 3 3 3 3 3
691,408,2,0,1
691,409,2,1,1
691,410,2,2,1
691,411,2,3,1
691,412,2,4,1
691,413,2,5,1
691,414,2,6,1
691,415,2,7,1
691,416..447,2,8 9 10 11 12 13 14 15,3 3 3 3 3 3 3 3
692,384..415,2,8 9 10 11 12 13 14 15,3 3 3 3 3 3 3 3
692,416,2,0,1
692,417,2,1,1
692,418,2,2,1
692,419,2,3,1
692,420,2,4,1
692,421,2,5,1
692,422,2,6,1
692,423,2,7,1
692,424..447,2,8 9 10 11 12 13 14 15,3 3 3 3 3 3 3 3
693,384..423,2,8 9 10 11 12 13 14 15,3 3 3 3 3 3 3 3
693,424,2,0,1
693,425,2,1,1
693,426,2,2,1
693,427,2,3,1
693,428,2,4,1
693,429,2,5,1
693,430,2,6,1
693,431,2,7,1
693,432..447,2,8 9 10 11 12 13 14 15,3 3 3 3 3 3 3 3
694,384..431,2,8 9 10 11 12 13 14 15,3 3 3 3 3 3 3 3
694,432,2,0,1
694,433,2,1,1
694,434,2,2,1
694,435,2,3,1
694,436,2,4,1
694,437,2,5,1
694,438,2,6,1
694,439,2,7,1
694,440..447,2,8 9 10 11 12 13 14 15,3 3 3 3 3 3 3 3
695,384..439,2,8 9 10 11 12 13 14 15,3 3 3 3 3 3 3 3
695,440,2,0,1
695,441,2,1,1
695,442,2,2,1
695,443,2,3,1
695,444,2,4,1
695,445,2,5,1
695,446,2,6,1
695,447,2,7,1
696..703,0..447,2,12 13 14 15,3 3 3 3
696,448,2,0,1
696,449,2,1,1
696,450,2,2,1
696,451,2,3,1
696,452,2,4,1
696,453,2,5,1
696,454,2,6,1
696,455,2,7,1
696,456..511,2,8 9 10 11 12 13 14 15,3 3 3 3 3 3 3 3
697,448..455,2,8 9 10 11 12 13 14 15,3 3 3 3 3 3 3 3
697,456,2,0,1
697,457,2,1,1
697,458,2,2,1
697,459,2,3,1
697,460,2,4,1
697,461,2,5,1
697,462,2,6,1
697,463,2,7,1
697,464..511,2,8 9 10 11 12 13 14 15,3 3 3 3 3 3 3 3
698,448..463,2,8 9 10 11 12 13 14 15,3 3 3 3 3 3 3 3
698,464,2,0,1
698,465,2,1,1
698,466,2,2,1
698,467,2,3,1
698,468,2,4,1
698,469,2,5,1
698,470,2,6,1
698,471,2,7,1
698,472..511,2,8 9 10 11 12 13 14 15,3 3 3 3 3 3 3 3
699,448..471,2,8 9 10 11 12 13 14 15,3 3 3 3 3 3 3 3
699,472,2,0,1
699,473,2,1,1
699,474,2,2,1
699,475,2,3,1
699,476,2,4,1
699,477,2,5,1
699,478,2,6,1
699,479,2,7,1
699,480..511,2,8 9 10 11 12 13 14 15,3 3 3 3 3 3 3 3
700,448..479,2,8 9 10 11 12 13 14 15,3 3 3 3 3 3 3 3
700,480,2,0,1
700,481,2,1,1
700,482,2,2,1
700,483,2,3,1
700,484,2,4,1
700,485,2,5,1
700,486,2,6,1
700,487,2,7,1
700,488..511,2,8 9 10 11 12 13 14 15,3 3 3 3 3 3 3 3
701,448..487,2,8 9 10 11 12 13 14 15,3 3 3 3 3 3 3 3
701,488,2,0,1
701,489,2,1,1
701,490,2,2,1
701,491,2,3,1
701,492,2,4,1
701,493,2,5,1
701,494,2,6,1
701,495,2,7,1
701,496..511,2,8 9 10 11 12 13 14 15,3 3 3 3 3 3 3 3
702,448..495,2,8 9 10 11 12 13 14 15,3 3 3 3 3 3 3 3
702,496,2,0,1
702,497,2,1,1
702,498,2,2,1
702,499,2,3,1
702,500,2,4,1
702,501,2,5,1
702,502,2,6,1
702,503,2,7,1
702,504..511,2,8 9 10 11 12 13 14 15,3 3 3 3 3 3 3 3
703,448..503,2,8 9 10 11 12 13 14 15,3 3 3 3 3 3 3 3
703,504,2,0,1
703,505,2,1,1
703,506,2,2,1
703,507,2,3,1
703,508,2,4,1
703,509,2,5,1
703,510,2,6,1
703,511,2,7,1
704,0,3,0,1
704,1,3,1,1
704,2,3,2,1
704,3,3,3,1
704,4,3,4,1
704,5,3,5,1
704,6,3,6,1
704,7,3,7,1
704,8..63,3,8 9 10 11 12 13 14 15,3 3 3 3 3 3 3 3
704..711,64..511,3,12 13 14 15,3 3 3 3
705,0..7,3,8 9 10 11 12 13 14 15,3 3 3 3 3 3 3 3
705,8,3,0,1
705,9,3,1,1
705,10,3,2,1
705,11,3,3,1
705,12,3,4,1
705,13,3,5,1
705,14,3,6,1
705,15,3,7,1
705,16..63,3,8 9 10 11 12 13 14 15,3 3 3 3 3 3 3 3
706,0..15,3,8 9 10 11 12 13 14 15,3 3 3 3 3 3 3 3
706,16,3,0,1
706,17,3,1,1
706,18,3,2,1
706,19,3,3,1
706,20,3,4,1
706,21,3,5,1
706,22,3,6,1
706,23,3,7,1
706,24..63,3,8 9 10 11 12 13 14 15,3 3 3 3 3 3 3 3
707,0..23,3,8 9 10 11 12 13 14 15,3 3 3 3 3 3 3 3
707,24,3,0,1
707,25,3,1,1
707,26,3,2,1
707,27,3,3,1
707,28,3,4,1
707,29,3,5,1
707,30,3,6,1
707,31,3,7,1
707,32..63,3,8 9 10 11 12 13 14 15,3 3 3 3 3 3 3 3
708,0..31,3,8 9 10 11 12 13 14 15,3 3 3 3 3 3 3 3
708,32,3,0,1
708,33,3,1,1
708,34,3,2,1
708,35,3,3,1
708,36,3,4,1
708,37,3,5,1
708,38,3,6,1
708,39,3,7,1
708,40..63,3,8 9 10 11 12 13 14 15,3 3 3 3 3 3 3 3
709,0..39,3,8 9 10 11 12 13 14 15,3 3 3 3 3 3 3 3
709,40,3,0,1
709,41,3,1,1
709,42,3,2,1
709,43,3,3,1
709,44,3,4,1
709,45,3,5,1
709,46,3,6,1
709,47,3,7,1
709,48..63,3,8 9 10 11 12 13 14 15,3 3 3 3 3 3 3 3
710,0..47,3,8 9 10 11 12 13 14 15,3 3 3 3 3 3 3 3
710,48,3,0,1
710,49,3,1,1
710,50,3,2,1
710,51,3,3,1
710,52,3,4,1
710,53,3,5,1
710,54,3,6,1
710,55,3,7,1
710,56..63,3,8 9 10 11 12 13 14 15,3 3 3 3 3 3 3 3
711,0..55,3,8 9 10 11 12 13 14 15,3 3 3 3 3 3 3 3
711,56,3,0,1
711,57,3,1,1
711,58,3,2,1
711,59,3,3,1
711,60,3,4,1
711,61,3,5,1
711,62,3,6,1
711,63,3,7,1
712..719,0..63,3,12 13 14 15,3 3 3 3
712,64,3,0,1
712,65,3,1,1
712,66,3,2,1
712,67,3,3,1
712,68,3,4,1
712,69,3,5,1
712,70,3,6,1
712,71,3,7,1
712,72..127,3,8 9 10 11 12 13 14 15,3 3 3 3 3 3 3 3
712..719,128..511,3,12 13 14 15,3 3 3 3
713,64..71,3,8 9 10 11 12 13 14 15,3 3 3 3 3 3 3 3
713,72,3,0,1
713,73,3,1,1
713,74,3,2,1
713,75,3,3,1
713,76,3,4,1
713,77,3,5,1
713,78,3,6,1
713,79,3,7,1
713,80..127,3,8 9 10 11 12 13 14 15,3 3 3 3 3 3 3 3
714,64..79,3,8 9 10 11 12 13 14 15,3 3 3 3 3 3 3 3
714,80,3,0,1
714,81,3,1,1
714,82,3,2,1
714,83,3,3,1
714,84,3,4,1
714,85,3,5,1
714,86,3,6,1
714,87,3,7,1
714,88..127,3,8 9 10 11 12 13 14 15,3 3 3 3 3 3 3 3
715,64..87,3,8 9 10 11 12 13 14 15,3 3 3 3 3 3 3 3
715,88,3,0,1
715,89,3,1,1
715,90,3,2,1
715,91,3,3,1
715,92,3,4,1
715,93,3,5,1
715,94,3,6,1
715,95,3,7,1
715,96..127,3,8 9 10 11 12 13 14 15,3 3 3 3 3 3 3 3
716,64..95,3,8 9 10 11 12 13 14 15,3 3 3 3 3 3 3 3
716,96,3,0,1
716,97,3,1,1
716,98,3,2,1
716,99,3,3,1
716,100,3,4,1
716,101,3,5,1
716,102,3,6,1
716,103,3,7,1
716,104..127,3,8 9 10 11 12 13 14 15,3 3 3 3 3 3 3 3
717,64..103,3,8 9 10 11 12 13 14 15,3 3 3 3 3 3 3 3
717,104,3,0,1
717,105,3,1,1
717,106,3,2,1
717,107,3,3,1
717,108,3,4,1
717,109,3,5,1
717,110,3,6,1
717,111,3,7,1
717,112..127,3,8 9 10 11 12 13 14 15,3 3 3 3 3 3 3 3
718,64..111,3,8 9 10 11 12 13 14 15,3 3 3 3 3 3 3 3
718,112,3,0,1
718,113,3,1,1
718,114,3,2,1
718,115,3,3,1
718,116,3,4,1
718,117,3,5,1
718,118,3,6,1
718,119,3,7,1
718,120..127,3,8 9 10 11 12 13 14 15,3 3 3 3 3 3 3 3
719,64..119,3,8 9 10 11 12 13 14 15,3 3 3 3 3 3 3 3
719,120,3,0,1
719,121,3,1,1
719,122,3,2,1
719,123,3,3,1
719,124,3,4,1
719,125,3,5,1
719,126,3,6,1
719,127,3,7,1
720..727,0..127,3,12 13 14 15,3 3 3 3
720,128,3,0,1
720,129,3,1,1
720,130,3,2,1
720,131,3,3,1
720,132,3,4,1
720,133,3,5,1
720,134,3,6,1
720,135,3,7,1
720,136..191,3,8 9 10 11 12 13 14 15,3 3 3 3 3 3 3 3
720..727,192..511,3,12 13 14 15,3 3 3 3
721,128..135,3,8 9 10 11 12 13 14 15,3 3 3 3 3 3 3 3
721,136,3,0,1
721,137,3,1,1
721,138,3,2,1
721,139,3,3,1
721,140,3,4,1
721,141,3,5,1
721,142,3,6,1
721,143,3,7,1
721,144..191,3,8 9 10 11 12 13 14 15,3 3 3 3 3 3 3 3
722,128..143,3,8 9 10 11 12 13 14 15,3 3 3 3 3 3 3 3
722,144,3,0,1
722,145,3,1,1
722,146,3,2,1
722,147,3,3,1
722,148,3,4,1
722,149,3,5,1
722,150,3,6,1
722,151,3,7,1
722,152..191,3,8 9 10 11 12 13 14 15,3 3 3 3 3 3 3 3
723,128..151,3,8 9 10 11 12 13 14 15,3 3 3 3 3 3 3 3
723,152,3,0,1
723,153,3,1,1
723,154,3,2,1
723,155,3,3,1
723,156,3,4,1
723,157,3,5,1
723,158,3,6,1
723,159,3,7,1
723,160..191,3,8 9 10 11 12 13 14 15,3 3 3 3 3 3 3 3
724,128..159,3,8 9 10 11 12 13 14 15,3 3 3 3 3 3 3 3
724,160,3,0,1
724,161,3,1,1
724,162,3,2,1
724,163,3,3,1
724,164,3,4,1
724,165,3,5,1
724,166,3,6,1
724,167,3,7,1
724,168..191,3,8 9 10 11 12 13 14 15,3 3 3 3 3 3 3 3
725,128..167,3,8 9 10 11 12 13 14 15,3 3 3 3 3 3 3 3
725,168,3,0,1
725,169,3,1,1
725,170,3,2,1
725,171,3,3,1
725,172,3,4,1
725,173,3,5,1
725,174,3,6,1
725,175,3,7,1
725,176..191,3,8 9 10 11 12 13 14 15,3 3 3 3 3 3 3 3
726,128..175,3,8 9 10 11 12 13 14 15,3 3 3 3 3 3 3 3
726,176,3,0,1
726,177,3,1,1
726,178,3,2,1
726,179,3,3,1
726,180,3,4,1
726,181,3,5,1
726,182,3,6,1
726,183,3,7,1
726,184..191,3,8 9 10 11 12 13 14 15,3 3 3 3 3 3 3 3
727,128..183,3,8 9 10 11 12 13 14 15,3 3 3 3 3 3 3 3
727,184,3,0,1
727,185,3,1,1
727,186,3,2,1
727,187,3,3,1
727,188,3,4,1
727,189,3,5,1
727,190,3,6,1
727,191,3,7,1
728..735,0..191,3,12 13 14 15,3 3 3 3
728,192,3,0,1
728,193,3,1,1
728,194,3,2,1
728,195,3,3,1
728,196,3,4,1
728,197,3,5,1
728,198,3,6,1
728,199,3,7,1
728,200..255,3,8 9 10 11 12 13 14 15,3 3 3 3 3 3 3 3
728..735,256..511,3,12 13 14 15,3 3 3 3
729,192..199,3,8 9 10 11 12 13 14 15,3 3 3 3 3 3 3 3
729,200,3,0,1
729,201,3,1,1
729,202,3,2,1
729,203,3,3,1
729,204,3,4,1
729,205,3,5,1
729,206,3,6,1
729,207,3,7,1
729,208..255,3,8 9 10 11 12 13 14 15,3 3 3 3 3 3 3 3
730,192..207,3,8 9 10 11 12 13 14 15,3 3 3 3 3 3 3 3
730,208,3,0,1
730,209,3,1,1
730,210,3,2,1
730,211,3,3,1
730,212,3,4,1
730,213,3,5,1
730,214,3,6,1
730,215,3,7,1
730,216..255,3,8 9 10 11 12 13 14 15,3 3 3 3 3 3 3 3
731,192..215,3,8 9 10 11 12 13 14 15,3 3 3 3 3 3 3 3
731,216,3,0,1
731,217,3,1,1
731,218,3,2,1
731,219,3,3,1
731,220,3,4,1
731,221,3,5,1
731,222,3,6,1
731,223,3,7,1
731,224..255,3,8 9 10 11 12 13 14 15,3 3 3 3 3 3 3 3
732,192..223,3,8 9 10 11 12 13 14 15,3 3 3 3 3 3 3 3
732,224,3,0,1
732,225,3,1,1
732,226,3,2,1
732,227,3,3,1
732,228,3,4,1
732,229,3,5,1
732,230,3,6,1
732,231,3,7,1
732,232..255,3,8 9 10 11 12 13 14 15,3 3 3 3 3 3 3 3
733,192..231,3,8 9 10 11 12 13 14 15,3 3 3 3 3 3 3 3
733,232,3,0,1
733,233,3,1,1
733,234,3,2,1
733,235,3,3,1
733,236,3,4,1
733,237,3,5,1
733,238,3,6,1
733,239,3,7,1
733,240..255,3,8 9 10 11 12 13 14 15,3 3 3 3 3 3 3 3
734,192..239,3,8 9 10 11 12 13 14 15,3 3 3 3 3 3 3 3
734,240,3,0,1
734,241,3,1,1
734,242,3,2,1
734,243,3,3,1
734,244,3,4,1
734,245,3,5,1
734,246,3,6,1
734,247,3,7,1
734,248..255,3,8 9 10 11 12 13 14 15,3 3 3 3 3 3 3 3
735,192..247,3,8 9 10 11 12 13 14 15,3 3 3 3 3 3 3 3
735,248,3,0,1
735,249,3,1,1
735,250,3,2,1
735,251,3,3,1
735,252,3,4,1
735,253,3,5,1
735,254,3,6,1
735,255,3,7,1
736..743,0..255,3,12 13 14 15,3 3 3 3
736,256,3,0,1
736,257,3,1,1
736,258,3,2,1
736,259,3,3,1
736,260,3,4,1
736,261,3,5,1
736,262,3,6,1
736,263,3,7,1
736,264..319,3,8 9 10 11 12 13 14 15,3 3 3 3 3 3 3 3
736..743,320..511,3,12 13 14 15,3 3 3 3
737,256..263,3,8 9 10 11 12 13 14 15,3 3 3 3 3 3 3 3
737,264,3,0,1
737,265,3,1,1
737,266,3,2,1
737,267,3,3,1
737,268,3,4,1
737,269,3,5,1
737,270,3,6,1
737,271,3,7,1
737,272..319,3,8 9 10 11 12 13 14 15,3 3 3 3 3 3 3 3
738,256..271,3,8 9 10 11 12 13 14 15,3 3 3 3 3 3 3 3
738,272,3,0,1
738,273,3,1,1
738,274,3,2,1
738,275,3,3,1
738,276,3,4,1
738,277,3,5,1
738,278,3,6,1
738,279,3,7,1
738,280..319,3,8 9 10 11 12 13 14 15,3 3 3 3 3 3 3 3
739,256..279,3,8 9 10 11 12 13 14 15,3 3 3 3 3 3 3 3
739,280,3,0,1
739,281,3,1,1
739,282,3,2,1
739,283,3,3,1
739,284,3,4,1
739,285,3,5,1
739,286,3,6,1
739,287,3,7,1
739,288..319,3,8 9 10 11 12 13 14 15,3 3 3 3 3 3 3 3
740,256..287,3,8 9 10 11 12 13 14 15,3 3 3 3 3 3 3 3
740,288,3,0,1
740,289,3,1,1
740,290,3,2,1
740,291,3,3,1
740,292,3,4,1
740,293,3,5,1
740,294,3,6,1
740,295,3,7,1
740,296..319,3,8 9 10 11 12 13 14 15,3 3 3 3 3 3 3 3
741,256..295,3,8 9 10 11 12 13 14 15,3 3 3 3 3 3 3 3
741,296,3,0,1
741,297,3,1,1
741,298,3,2,1
741,299,3,3,1
741,300,3,4,1
741,301,3,5,1
741,302,3,6,1
741,303,3,7,1
741,304..319,3,8 9 10 11 12 13 14 15,3 3 3 3 3 3 3 3
742,256..303,3,8 9 10 11 12 13 14 15,3 3 3 3 3 3 3 3
742,304,3,0,1
742,305,3,1,1
742,306,3,2,1
742,307,3,3,1
742,308,3,4,1
742,309,3,5,1
742,310,3,6,1
742,311,3,7,1
742,312..319,3,8 9 10 11 12 13 14 15,3 3 3 3 3 3 3 3
743,256..311,3,8 9 10 11 12 13 14 15,3 3 3 3 3 3 3 3
743,312,3,0,1
743,313,3,1,1
743,314,3,2,1
743,315,3,3,1
743,316,3,4,1
743,317,3,5,1
743,318,3,6,1
743,319,3,7,1
744..751,0..319,3,12 13 14 15,3 3 3 3
744,320,3,0,1
744,321,3,1,1
744,322,3,2,1
744,323,3,3,1
744,324,3,4,1
744,325,3,5,1
744,326,3,6,1
744,327,3,7,1
744,328..383,3,8 9 10 11 12 13 14 15,3 3 3 3 3 3 3 3
744..751,384..511,3,12 13 14 15,3 3 3 3
745,320..327,3,8 9 10 11 12 13 14 15,3 3 3 3 3 3 3 3
745,328,3,0,1
745,329,3,1,1
745,330,3,2,1
745,331,3,3,1
745,332,3,4,1
745,333,3,5,1
745,334,3,6,1
745,335,3,7,1
745,336..383,3,8 9 10 11 12 13 14 15,3 3 3 3 3 3 3 3
746,320..335,3,8 9 10 11 12 13 14 15,3 3 3 3 3 3 3 3
746,336,3,0,1
746,337,3,1,1
746,338,3,2,1
746,339,3,3,1
746,340,3,4,1
746,341,3,5,1
746,342,3,6,1
746,343,3,7,1
746,344..383,3,8 9 10 11 12 13 14 15,3 3 3 3 3 3 3 3
747,320..343,3,8 9 10 11 12 13 14 15,3 3 3 3 3 3 3 3
747,344,3,0,1
747,345,3,1,1
747,346,3,2,1
747,347,3,3,1
747,348,3,4,1
747,349,3,5,1
747,350,3,6,1
747,351,3,7,1
747,352..383,3,8 9 10 11 12 13 14 15,3 3 3 3 3 3 3 3
748,320..351,3,8 9 10 11 12 13 14 15,3 3 3 3 3 3 3 3
748,352,3,0,1
748,353,3,1,1
748,354,3,2,1
748,355,3,3,1
748,356,3,4,1
748,357,3,5,1
748,358,3,6,1
748,359,3,7,1
748,360..383,3,8 9 10 11 12 13 14 15,3 3 3 3 3 3 3 3
749,320..359,3,8 9 10 11 12 13 14 15,3 3 3 3 3 3 3 3
749,360,3,0,1
749,361,3,1,1
749,362,3,2,1
749,363,3,3,1
749,364,3,4,1
749,365,3,5,1
749,366,3,6,1
749,367,3,7,1
749,368..383,3,8 9 10 11 12 13 14 15,3 3 3 3 3 3 3 3
750,320..367,3,8 9 10 11 12 13 14 15,3 3 3 3 3 3 3 3
750,368,3,0,1
750,369,3,1,1
750,370,3,2,1
750,371,3,3,1
750,372,3,4,1
750,373,3,5,1
750,374,3,6,1
750,375,3,7,1
750,376..383,3,8 9 10 11 12 13 14 15,3 3 3 3 3 3 3 3
751,320..375,3,8 9 10 11 12 13 14 15,3 3 3 3 3 3 3 3
751,376,3,0,1
751,377,3,1,1
751,378,3,2,1
751,379,3,3,1
751,380,3,4,1
751,381,3,5,1
751,382,3,6,1
751,383,3,7,1
752..759,0..383,3,12 13 14 15,3 3 3 3
752,384,3,0,1
752,385,3,1,1
752,386,3,2,1
752,387,3,3,1
752,388,3,4,1
752,389,3,5,1
752,390,3,6,1
752,391,3,7,1
752,392..447,3,8 9 10 11 12 13 14 15,3 3 3 3 3 3 3 3
752..759,448..511,3,12 13 14 15,3 3 3 3
753,384..391,3,8 9 10 11 12 13 14 15,3 3 3 3 3 3 3 3
753,392,3,0,1
753,393,3,1,1
753,394,3,2,1
753,395,3,3,1
753,396,3,4,1
753,397,3,5,1
753,398,3,6,1
753,399,3,7,1
753,400..447,3,8 9 10 11 12 13 14 15,3 3 3 3 3 3 3 3
754,384..399,3,8 9 10 11 12 13 14 15,3 3 3 3 3 3 3 3
754,400,3,0,1
754,401,3,1,1
754,402,3,2,1
754,403,3,3,1
754,404,3,4,1
754,405,3,5,1
754,406,3,6,1
754,407,3,7,1
754,408..447,3,8 9 10 11 12 13 14 15,3 3 3 3 3 3 3 3
755,384..407,3,8 9 10 11 12 13 14 15,3 3 3 3 3 3 3 3
755,408,3,0,1
755,409,3,1,1
755,410,3,2,1
755,411,3,3,1
755,412,3,4,1
755,413,3,5,1
755,414,3,6,1
755,415,3,7,1
755,416..447,3,8 9 10 11 12 13 14 15,3 3 3 3 3 3 3 3
756,384..415,3,8 9 10 11 12 13 14 15,3 3 3 3 3 3 3 3
756,416,3,0,1
756,417,3,1,1
756,418,3,2,1
756,419,3,3,1
756,420,3,4,1
756,421,3,5,1
756,422,3,6,1
756,423,3,7,1
756,424..447,3,8 9 10 11 12 13 14 15,3 3 3 3 3 3 3 3
757,384..423,3,8 9 10 11 12 13 14 15,3 3 3 3 3 3 3 3
757,424,3,0,1
757,425,3,1,1
757,426,3,2,1
757,427,3,3,1
757,428,3,4,1
757,429,3,5,1
757,430,3,6,1
757,431,3,7,1
757,432..447,3,8 9 10 11 12 13 14 15,3 3 3 3 3 3 3 3
758,384..431,3,8 9 10 11 12 13 14 15,3 3 3 3 3 3 3 3
758,432,3,0,1
758,433,3,1,1
758,434,3,2,1
758,435,3,3,1
758,436,3,4,1
758,437,3,5,1
758,438,3,6,1
758,439,3,7,1
758,440..447,3,8 9 10 11 12 13 14 15,3 3 3 3 3 3 3 3
759,384..439,3,8 9 10 11 12 13 14 15,3 3 3 3 3 3 3 3
759,440,3,0,1
759,441,3,1,1
759,442,3,2,1
759,443,3,3,1
759,444,3,4,1
759,445,3,5,1
759,446,3,6,1
759,447,3,7,1
760..767,0..447,3,12 13 14 15,3 3 3 3
760,448,3,0,1
760,449,3,1,1
760,450,3,2,1
760,451,3,3,1
760,452,3,4,1
760,453,3,5,1
760,454,3,6,1
760,455,3,7,1
760,456..511,3,8 9 10 11 12 13 14 15,3 3 3 3 3 3 3 3
761,448..455,3,8 9 10 11 12 13 14 15,3 3 3 3 3 3 3 3
761,456,3,0,1
761,457,3,1,1
761,458,3,2,1
761,459,3,3,1
761,460,3,4,1
761,461,3,5,1
761,462,3,6,1
761,463,3,7,1
761,464..511,3,8 9 10 11 12 13 14 15,3 3 3 3 3 3 3 3
762,448..463,3,8 9 10 11 12 13 14 15,3 3 3 3 3 3 3 3
762,464,3,0,1
762,465,3,1,1
762,466,3,2,1
762,467,3,3,1
762,468,3,4,1
762,469,3,5,1
762,470,3,6,1
762,471,3,7,1
762,472..511,3,8 9 10 11 12 13 14 15,3 3 3 3 3 3 3 3
763,448..471,3,8 9 10 11 12 13 14 15,3 3 3 3 3 3 3 3
763,472,3,0,1
763,473,3,1,1
763,474,3,2,1
763,475,3,3,1
763,476,3,4,1
763,477,3,5,1
763,478,3,6,1
763,479,3,7,1
763,480..511,3,8 9 10 11 12 13 14 15,3 3 3 3 3 3 3 3
764,448..479,3,8 9 10 11 12 13 14 15,3 3 3 3 3 3 3 3
764,480,3,0,1
764,481,3,1,1
764,482,3,2,1
764,483,3,3,1
764,484,3,4,1
764,485,3,5,1
764,486,3,6,1
764,487,3,7,1
764,488..511,3,8 9 10 11 12 13 14 15,3 3 3 3 3 3 3 3
765,448..487,3,8 9 10 11 12 13 14 15,3 3 3 3 3 3 3 3
765,488,3,0,1
765,489,3,1,1
765,490,3,2,1
765,491,3,3,1
765,492,3,4,1
765,493,3,5,1
765,494,3,6,1
765,495,3,7,1
765,496..511,3,8 9 10 11 12 13 14 15,3 3 3 3 3 3 3 3
766,448..495,3,8 9 10 11 12 13 14 15,3 3 3 3 3 3 3 3
766,496,3,0,1
766,497,3,1,1
766,498,3,2,1
766,499,3,3,1
766,500,3,4,1
766,501,3,5,1
766,502,3,6,1
766,503,3,7,1
766,504..511,3,8 9 10 11 12 13 14 15,3 3 3 3 3 3 3 3
767,448..503,3,8 9 10 11 12 13 14 15,3 3 3 3 3 3 3 3
767,504,3,0,1
767,505,3,1,1
767,506,3,2,1
767,507,3,3,1
767,508,3,4,1
767,509,3,5,1
767,510,3,6,1
767,511,3,7,1
768,0,4,0,1
768,1,4,1,1
768,2,4,2,1
768,3,4,3,1
768,4,4,4,1
768,5,4,5,1
768,6,4,6,1
768,7,4,7,1
768,8..63,4,8 9 10 11 12 13 14 15,3 3 3 3 3 3 3 3
768..775,64..511,4,12 13 14 15,3 3 3 3
769,0..7,4,8 9 10 11 12 13 14 15,3 3 3 3 3 3 3 3
769,8,4,0,1
769,9,4,1,1
769,10,4,2,1
769,11,4,3,1
769,12,4,4,1
769,13,4,5,1
769,14,4,6,1
769,15,4,7,1
769,16..63,4,8 9 10 11 12 13 14 15,3 3 3 3 3 3 3 3
770,0..15,4,8 9 10 11 12 13 14 15,3 3 3 3 3 3 3 3
770,16,4,0,1
770,17,4,1,1
770,18,4,2,1
770,19,4,3,1
770,20,4,4,1
770,21,4,5,1
770,22,4,6,1
770,23,4,7,1
770,24..63,4,8 9 10 11 12 13 14 15,3 3 3 3 3 3 3 3
771,0..23,4,8 9 10 11 12 13 14 15,3 3 3 3 3 3 3 3
771,24,4,0,1
771,25,4,1,1
771,26,4,2,1
771,27,4,3,1
771,28,4,4,1
771,29,4,5,1
771,30,4,6,1
771,31,4,7,1
771,32..63,4,8 9 10 11 12 13 14 15,3 3 3 3 3 3 3 3
772,0..31,4,8 9 10 11 12 13 14 15,3 3 3 3 3 3 3 3
772,32,4,0,1
772,33,4,1,1
772,34,4,2,1
772,35,4,3,1
772,36,4,4,1
772,37,4,5,1
772,38,4,6,1
772,39,4,7,1
772,40..63,4,8 9 10 11 12 13 14 15,3 3 3 3 3 3 3 3
773,0..39,4,8 9 10 11 12 13 14 15,3 3 3 3 3 3 3 3
773,40,4,0,1
773,41,4,1,1
773,42,4,2,1
773,43,4,3,1
773,44,4,4,1
773,45,4,5,1
773,46,4,6,1
773,47,4,7,1
773,48..63,4,8 9 10 11 12 13 14 15,3 3 3 3 3 3 3 3
774,0..47,4,8 9 10 11 12 13 14 15,3 3 3 3 3 3 3 3
774,48,4,0,1
774,49,4,1,1
774,50,4,2,1
774,51,4,3,1
774,52,4,4,1
774,53,4,5,1
774,54,4,6,1
774,55,4,7,1
774,56..63,4,8 9 10 11 12 13 14 15,3 3 3 3 3 3 3 3
775,0..55,4,8 9 10 11 12 13 14 15,3 3 3 3 3 3 3 3
775,56,4,0,1
775,57,4,1,1
775,58,4,2,1
775,59,4,3,1
775,60,4,4,1
775,61,4,5,1
775,62,4,6,1
775,63,4,7,1
776..783,0..63,4,12 13 14 15,3 3 3 3
776,64,4,0,1
776,65,4,1,1
776,66,4,2,1
776,67,4,3,1
776,68,4,4,1
776,69,4,5,1
776,70,4,6,1
776,71,4,7,1
776,72..127,4,8 9 10 11 12 13 14 15,3 3 3 3 3 3 3 3
776..783,128..511,4,12 13 14 15,3 3 3 3
777,64..71,4,8 9 10 11 12 13 14 15,3 3 3 3 3 3 3 3
777,72,4,0,1
777,73,4,1,1
777,74,4,2,1
777,75,4,3,1
777,76,4,4,1
777,77,4,5,1
777,78,4,6,1
777,79,4,7,1
777,80..127,4,8 9 10 11 12 13 14 15,3 3 3 3 3 3 3 3
778,64..79,4,8 9 10 11 12 13 14 15,3 3 3 3 3 3 3 3
778,80,4,0,1
778,81,4,1,1
778,82,4,2,1
778,83,4,3,1
778,84,4,4,1
778,85,4,5,1
778,86,4,6,1
778,87,4,7,1
778,88..127,4,8 9 10 11 12 13 14 15,3 3 3 3 3 3 3 3
779,64..87,4,8 9 10 11 12 13 14 15,3 3 3 3 3 3 3 3
779,88,4,0,1
779,89,4,1,1
779,90,4,2,1
779,91,4,3,1
779,92,4,4,1
779,93,4,5,1
779,94,4,6,1
779,95,4,7,1
779,96..127,4,8 9 10 11 12 13 14 15,3 3 3 3 3 3 3 3
780,64..95,4,8 9 10 11 12 13 14 15,3 3 3 3 3 3 3 3
780,96,4,0,1
780,97,4,1,1
780,98,4,2,1
780,99,4,3,1
780,100,4,4,1
780,101,4,5,1
780,102,4,6,1
780,103,4,7,1
780,104..127,4,8 9 10 11 12 13 14 15,3 3 3 3 3 3 3 3
781,64..103,4,8 9 10 11 12 13 14 15,3 3 3 3 3 3 3 3
781,104,4,0,1
781,105,4,1,1
781,106,4,2,1
781,107,4,3,1
781,108,4,4,1
781,109,4,5,1
781,110,4,6,1
781,111,4,7,1
781,112..127,4,8 9 10 11 12 13 14 15,3 3 3 3 3 3 3 3
782,64..111,4,8 9 10 11 12 13 14 15,3 3 3 3 3 3 3 3
782,112,4,0,1
782,113,4,1,1
782,114,4,2,1
782,115,4,3,1
782,116,4,4,1
782,117,4,5,1
782,118,4,6,1
782,119,4,7,1
782,120..127,4,8 9 10 11 12 13 14 15,3 3 3 3 3 3 3 3
783,64..119,4,8 9 10 11 12 13 14 15,3 3 3 3 3 3 3 3
783,120,4,0,1
783,121,4,1,1
783,122,4,2,1
783,123,4,3,1
783,124,4,4,1
783,125,4,5,1
783,126,4,6,1
783,127,4,7,1
784..791,0..127,4,12 13 14 15,3 3 3 3
784,128,4,0,1
784,129,4,1,1
784,130,4,2,1
784,131,4,3,1
784,132,4,4,1
784,133,4,5,1
784,134,4,6,1
784,135,4,7,1
784,136..191,4,8 9 10 11 12 13 14 15,3 3 3 3 3 3 3 3
784..791,192..511,4,12 13 14 15,3 3 3 3
785,128..135,4,8 9 10 11 12 13 14 15,3 3 3 3 3 3 3 3
785,136,4,0,1
785,137,4,1,1
785,138,4,2,1
785,139,4,3,1
785,140,4,4,1
785,141,4,5,1
785,142,4,6,1
785,143,4,7,1
785,144..191,4,8 9 10 11 12 13 14 15,3 3 3 3 3 3 3 3
786,128..143,4,8 9 10 11 12 13 14 15,3 3 3 3 3 3 3 3
786,144,4,0,1
786,145,4,1,1
786,146,4,2,1
786,147,4,3,1
786,148,4,4,1
786,149,4,5,1
786,150,4,6,1
786,151,4,7,1
786,152..191,4,8 9 10 11 12 13 14 15,3 3 3 3 3 3 3 3
787,128..151,4,8 9 10 11 12 13 14 15,3 3 3 3 3 3 3 3
787,152,4,0,1
787,153,4,1,1
787,154,4,2,1
787,155,4,3,1
787,156,4,4,1
787,157,4,5,1
787,158,4,6,1
787,159,4,7,1
787,160..191,4,8 9 10 11 12 13 14 15,3 3 3 3 3 3 3 3
788,128..159,4,8 9 10 11 12 13 14 15,3 3 3 3 3 3 3 3
788,160,4,0,1
788,161,4,1,1
788,162,4,2,1
788,163,4,3,1
788,164,4,4,1
788,165,4,5,1
788,166,4,6,1
788,167,4,7,1
788,168..191,4,8 9 10 11 12 13 14 15,3 3 3 3 3 3 3 3
789,128..167,4,8 9 10 11 12 13 14 15,3 3 3 3 3 3 3 3
789,168,4,0,1
789,169,4,1,1
789,170,4,2,1
789,171,4,3,1
789,172,4,4,1
789,173,4,5,1
789,174,4,6,1
789,175,4,7,1
789,176..191,4,8 9 10 11 12 13 14 15,3 3 3 3 3 3 3 3
790,128..175,4,8 9 10 11 12 13 14 15,3 3 3 3 3 3 3 3
790,176,4,0,1
790,177,4,1,1
790,178,4,2,1
790,179,4,3,1
790,180,4,4,1
790,181,4,5,1
790,182,4,6,1
790,183,4,7,1
790,184..191,4,8 9 10 11 12 13 14 15,3 3 3 3 3 3 3 3
791,128..183,4,8 9 10 11 12 13 14 15,3 3 3 3 3 3 3 3
791,184,4,0,1
791,185,4,1,1
791,186,4,2,1
791,187,4,3,1
791,188,4,4,1
791,189,4,5,1
791,190,4,6,1
791,191,4,7,1
792..799,0..191,4,12 13 14 15,3 3 3 3
792,192,4,0,1
792,193,4,1,1
792,194,4,2,1
792,195,4,3,1
792,196,4,4,1
792,197,4,5,1
792,198,4,6,1
792,199,4,7,1
792,200..255,4,8 9 10 11 12 13 14 15,3 3 3 3 3 3 3 3
792..799,256..511,4,12 13 14 15,3 3 3 3
793,192..199,4,8 9 10 11 12 13 14 15,3 3 3 3 3 3 3 3
793,200,4,0,1
793,201,4,1,1
793,202,4,2,1
793,203,4,3,1
793,204,4,4,1
793,205,4,5,1
793,206,4,6,1
793,207,4,7,1
793,208..255,4,8 9 10 11 12 13 14 15,3 3 3 3 3 3 3 3
794,192..207,4,8 9 10 11 12 13 14 15,3 3 3 3 3 3 3 3
794,208,4,0,1
794,209,4,1,1
794,210,4,2,1
794,211,4,3,1
794,212,4,4,1
794,213,4,5,1
794,214,4,6,1
794,215,4,7,1
794,216..255,4,8 9 10 11 12 13 14 15,3 3 3 3 3 3 3 3
795,192..215,4,8 9 10 11 12 13 14 15,3 3 3 3 3 3 3 3
795,216,4,0,1
795,217,4,1,1
795,218,4,2,1
795,219,4,3,1
795,220,4,4,1
795,221,4,5,1
795,222,4,6,1
795,223,4,7,1
795,224..255,4,8 9 10 11 12 13 14 15,3 3 3 3 3 3 3 3
796,192..223,4,8 9 10 11 12 13 14 15,3 3 3 3 3 3 3 3
796,224,4,0,1
796,225,4,1,1
796,226,4,2,1
796,227,4,3,1
796,228,4,4,1
796,229,4,5,1
796,230,4,6,1
796,231,4,7,1
796,232..255,4,8 9 10 11 12 13 14 15,3 3 3 3 3 3 3 3
797,192..231,4,8 9 10 11 12 13 14 15,3 3 3 3 3 3 3 3
797,232,4,0,1
797,233,4,1,1
797,234,4,2,1
797,235,4,3,1
797,236,4,4,1
797,237,4,5,1
797,238,4,6,1
797,239,4,7,1
797,240..255,4,8 9 10 11 12 13 14 15,3 3 3 3 3 3 3 3
798,192..239,4,8 9 10 11 12 13 14 15,3 3 3 3 3 3 3 3
798,240,4,0,1
798,241,4,1,1
798,242,4,2,1
798,243,4,3,1
798,244,4,4,1
798,245,4,5,1
798,246,4,6,1
798,247,4,7,1
798,248..255,4,8 9 10 11 12 13 14 15,3 3 3 3 3 3 3 3
799,192..247,4,8 9 10 11 12 13 14 15,3 3 3 3 3 3 3 3
799,248,4,0,1
799,249,4,1,1
799,250,4,2,1
799,251,4,3,1
799,252,4,4,1
799,253,4,5,1
799,254,4,6,1
799,255,4,7,1
800..807,0..255,4,12 13 14 15,3 3 3 3
800,256,4,0,1
800,257,4,1,1
800,258,4,2,1
800,259,4,3,1
800,260,4,4,1
800,261,4,5,1
800,262,4,6,1
800,263,4,7,1
800,264..319,4,8 9 10 11 12 13 14 15,3 3 3 3 3 3 3 3
800..807,320..511,4,12 13 14 15,3 3 3 3
801,256..263,4,8 9 10 11 12 13 14 15,3 3 3 3 3 3 3 3
801,264,4,0,1
801,265,4,1,1
801,266,4,2,1
801,267,4,3,1
801,268,4,4,1
801,269,4,5,1
801,270,4,6,1
801,271,4,7,1
801,272..319,4,8 9 10 11 12 13 14 15,3 3 3 3 3 3 3 3
802,256..271,4,8 9 10 11 12 13 14 15,3 3 3 3 3 3 3 3
802,272,4,0,1
802,273,4,1,1
802,274,4,2,1
802,275,4,3,1
802,276,4,4,1
802,277,4,5,1
802,278,4,6,1
802,279,4,7,1
802,280..319,4,8 9 10 11 12 13 14 15,3 3 3 3 3 3 3 3
803,256..279,4,8 9 10 11 12 13 14 15,3 3 3 3 3 3 3 3
803,280,4,0,1
803,281,4,1,1
803,282,4,2,1
803,283,4,3,1
803,284,4,4,1
803,285,4,5,1
803,286,4,6,1
803,287,4,7,1
803,288..319,4,8 9 10 11 12 13 14 15,3 3 3 3 3 3 3 3
804,256..287,4,8 9 10 11 12 13 14 15,3 3 3 3 3 3 3 3
804,288,4,0,1
804,289,4,1,1
804,290,4,2,1
804,291,4,3,1
804,292,4,4,1
804,293,4,5,1
804,294,4,6,1
804,295,4,7,1
804,296..319,4,8 9 10 11 12 13 14 15,3 3 3 3 3 3 3 3
805,256..295,4,8 9 10 11 12 13 14 15,3 3 3 3 3 3 3 3
805,296,4,0,1
805,297,4,1,1
805,298,4,2,1
805,299,4,3,1
805,300,4,4,1
805,301,4,5,1
805,302,4,6,1
805,303,4,7,1
805,304..319,4,8 9 10 11 12 13 14 15,3 3 3 3 3 3 3 3
806,256..303,4,8 9 10 11 12 13 14 15,3 3 3 3 3 3 3 3
806,304,4,0,1
806,305,4,1,1
806,306,4,2,1
806,307,4,3,1
806,308,4,4,1
806,309,4,5,1
806,310,4,6,1
806,311,4,7,1
806,312..319,4,8 9 10 11 12 13 14 15,3 3 3 3 3 3 3 3
807,256..311,4,8 9 10 11 12 13 14 15,3 3 3 3 3 3 3 3
807,312,4,0,1
807,313,4,1,1
807,314,4,2,1
807,315,4,3,1
807,316,4,4,1
807,317,4,5,1
807,318,4,6,1
807,319,4,7,1
808..815,0..319,4,12 13 14 15,3 3 3 3
808,320,4,0,1
808,321,4,1,1
808,322,4,2,1
808,323,4,3,1
808,324,4,4,1
808,325,4,5,1
808,326,4,6,1
808,327,4,7,1
808,328..383,4,8 9 10 11 12 13 14 15,3 3 3 3 3 3 3 3
808..815,384..511,4,12 13 14 15,3 3 3 3
809,320..327,4,8 9 10 11 12 13 14 15,3 3 3 3 3 3 3 3
809,328,4,0,1
809,329,4,1,1
809,330,4,2,1
809,331,4,3,1
809,332,4,4,1
809,333,4,5,1
809,334,4,6,1
809,335,4,7,1
809,336..383,4,8 9 10 11 12 13 14 15,3 3 3 3 3 3 3 3
810,320..335,4,8 9 10 11 12 13 14 15,3 3 3 3 3 3 3 3
810,336,4,0,1
810,337,4,1,1
810,338,4,2,1
810,339,4,3,1
810,340,4,4,1
810,341,4,5,1
810,342,4,6,1
810,343,4,7,1
810,344..383,4,8 9 10 11 12 13 14 15,3 3 3 3 3 3 3 3
811,320..343,4,8 9 10 11 12 13 14 15,3 3 3 3 3 3 3 3
811,344,4,0,1
811,345,4,1,1
811,346,4,2,1
811,347,4,3,1
811,348,4,4,1
811,349,4,5,1
811,350,4,6,1
811,351,4,7,1
811,352..383,4,8 9 10 11 12 13 14 15,3 3 3 3 3 3 3 3
812,320..351,4,8 9 10 11 12 13 14 15,3 3 3 3 3 3 3 3
812,352,4,0,1
812,353,4,1,1
812,354,4,2,1
812,355,4,3,1
812,356,4,4,1
812,357,4,5,1
812,358,4,6,1
812,359,4,7,1
812,360..383,4,8 9 10 11 12 13 14 15,3 3 3 3 3 3 3 3
813,320..359,4,8 9 10 11 12 13 14 15,3 3 3 3 3 3 3 3
813,360,4,0,1
813,361,4,1,1
813,362,4,2,1
813,363,4,3,1
813,364,4,4,1
813,365,4,5,1
813,366,4,6,1
813,367,4,7,1
813,368..383,4,8 9 10 11 12 13 14 15,3 3 3 3 3 3 3 3
814,320..367,4,8 9 10 11 12 13 14 15,3 3 3 3 3 3 3 3
814,368,4,0,1
814,369,4,1,1
814,370,4,2,1
814,371,4,3,1
814,372,4,4,1
814,373,4,5,1
814,374,4,6,1
814,375,4,7,1
814,376..383,4,8 9 10 11 12 13 14 15,3 3 3 3 3 3 3 3
815,320..375,4,8 9 10 11 12 13 14 15,3 3 3 3 3 3 3 3
815,376,4,0,1
815,377,4,1,1
815,378,4,2,1
815,379,4,3,1
815,380,4,4,1
815,381,4,5,1
815,382,4,6,1
815,383,4,7,1
816..823,0..383,4,12 13 14 15,3 3 3 3
816,384,4,0,1
816,385,4,1,1
816,386,4,2,1
816,387,4,3,1
816,388,4,4,1
816,389,4,5,1
816,390,4,6,1
816,391,4,7,1
816,392..447,4,8 9 10 11 12 13 14 15,3 3 3 3 3 3 3 3
816..823,448..511,4,12 13 14 15,3 3 3 3
817,384..391,4,8 9 10 11 12 13 14 15,3 3 3 3 3 3 3 3
817,392,4,0,1
817,393,4,1,1
817,394,4,2,1
817,395,4,3,1
817,396,4,4,1
817,397,4,5,1
817,398,4,6,1
817,399,4,7,1
817,400..447,4,8 9 10 11 12 13 14 15,3 3 3 3 3 3 3 3
818,384..399,4,8 9 10 11 12 13 14 15,3 3 3 3 3 3 3 3
818,400,4,0,1
818,401,4,1,1
818,402,4,2,1
818,403,4,3,1
818,404,4,4,1
818,405,4,5,1
818,406,4,6,1
818,407,4,7,1
818,408..447,4,8 9 10 11 12 13 14 15,3 3 3 3 3 3 3 3
819,384..407,4,8 9 10 11 12 13 14 15,3 3 3 3 3 3 3 3
819,408,4,0,1
819,409,4,1,1
819,410,4,2,1
819,411,4,3,1
819,412,4,4,1
819,413,4,5,1
819,414,4,6,1
819,415,4,7,1
819,416..447,4,8 9 10 11 12 13 14 15,3 3 3 3 3 3 3 3
820,384..415,4,8 9 10 11 12 13 14 15,3 3 3 3 3 3 3 3
820,416,4,0,1
820,417,4,1,1
820,418,4,2,1
820,419,4,3,1
820,420,4,4,1
820,421,4,5,1
820,422,4,6,1
820,423,4,7,1
820,424..447,4,8 9 10 11 12 13 14 15,3 3 3 3 3 3 3 3
821,384..423,4,8 9 10 11 12 13 14 15,3 3 3 3 3 3 3 3
821,424,4,0,1
821,425,4,1,1
821,426,4,2,1
821,427,4,3,1
821,428,4,4,1
821,429,4,5,1
821,430,4,6,1
821,431,4,7,1
821,432..447,4,8 9 10 11 12 13 14 15,3 3 3 3 3 3 3 3
822,384..431,4,8 9 10 11 12 13 14 15,3 3 3 3 3 3 3 3
822,432,4,0,1
822,433,4,1,1
822,434,4,2,1
822,435,4,3,1
822,436,4,4,1
822,437,4,5,1
822,438,4,6,1
822,439,4,7,1
822,440..447,4,8 9 10 11 12 13 14 15,3 3 3 3 3 3 3 3
823,384..439,4,8 9 10 11 12 13 14 15,3 3 3 3 3 3 3 3
823,440,4,0,1
823,441,4,1,1
823,442,4,2,1
823,443,4,3,1
823,444,4,4,1
823,445,4,5,1
823,446,4,6,1
823,447,4,7,1
824..831,0..447,4,12 13 14 15,3 3 3 3
824,448,4,0,1
824,449,4,1,1
824,450,4,2,1
824,451,4,3,1
824,452,4,4,1
824,453,4,5,1
824,454,4,6,1
824,455,4,7,1
824,456..511,4,8 9 10 11 12 13 14 15,3 3 3 3 3 3 3 3
825,448..455,4,8 9 10 11 12 13 14 15,3 3 3 3 3 3 3 3
825,456,4,0,1
825,457,4,1,1
825,458,4,2,1
825,459,4,3,1
825,460,4,4,1
825,461,4,5,1
825,462,4,6,1
825,463,4,7,1
825,464..511,4,8 9 10 11 12 13 14 15,3 3 3 3 3 3 3 3
826,448..463,4,8 9 10 11 12 13 14 15,3 3 3 3 3 3 3 3
826,464,4,0,1
826,465,4,1,1
826,466,4,2,1
826,467,4,3,1
826,468,4,4,1
826,469,4,5,1
826,470,4,6,1
826,471,4,7,1
826,472..511,4,8 9 10 11 12 13 14 15,3 3 3 3 3 3 3 3
827,448..471,4,8 9 10 11 12 13 14 15,3 3 3 3 3 3 3 3
827,472,4,0,1
827,473,4,1,1
827,474,4,2,1
827,475,4,3,1
827,476,4,4,1
827,477,4,5,1
827,478,4,6,1
827,479,4,7,1
827,480..511,4,8 9 10 11 12 13 14 15,3 3 3 3 3 3 3 3
828,448..479,4,8 9 10 11 12 13 14 15,3 3 3 3 3 3 3 3
828,480,4,0,1
828,481,4,1,1
828,482,4,2,1
828,483,4,3,1
828,484,4,4,1
828,485,4,5,1
828,486,4,6,1
828,487,4,7,1
828,488..511,4,8 9 10 11 12 13 14 15,3 3 3 3 3 3 3 3
829,448..487,4,8 9 10 11 12 13 14 15,3 3 3 3 3 3 3 3
829,488,4,0,1
829,489,4,1,1
829,490,4,2,1
829,491,4,3,1
829,492,4,4,1
829,493,4,5,1
829,494,4,6,1
829,495,4,7,1
829,496..511,4,8 9 10 11 12 13 14 15,3 3 3 3 3 3 3 3
830,448..495,4,8 9 10 11 12 13 14 15,3 3 3 3 3 3 3 3
830,496,4,0,1
830,497,4,1,1
830,498,4,2,1
830,499,4,3,1
830,500,4,4,1
830,501,4,5,1
830,502,4,6,1
830,503,4,7,1
830,504..511,4,8 9 10 11 12 13 14 15,3 3 3 3 3 3 3 3
831,448..503,4,8 9 10 11 12 13 14 15,3 3 3 3 3 3 3 3
831,504,4,0,1
831,505,4,1,1
831,506,4,2,1
831,507,4,3,1
831,508,4,4,1
831,509,4,5,1
831,510,4,6,1
831,511,4,7,1
832,0,5,0,1
832,1,5,1,1
832,2,5,2,1
832,3,5,3,1
832,4,5,4,1
832,5,5,5,1
832,6,5,6,1
832,7,5,7,1
832,8..63,5,8 9 10 11 12 13 14 15,3 3 3 3 3 3 3 3
832..839,64..511,5,12 13 14 15,3 3 3 3
833,0..7,5,8 9 10 11 12 13 14 15,3 3 3 3 3 3 3 3
833,8,5,0,1
833,9,5,1,1
833,10,5,2,1
833,11,5,3,1
833,12,5,4,1
833,13,5,5,1
833,14,5,6,1
833,15,5,7,1
833,16..63,5,8 9 10 11 12 13 14 15,3 3 3 3 3 3 3 3
834,0..15,5,8 9 10 11 12 13 14 15,3 3 3 3 3 3 3 3
834,16,5,0,1
834,17,5,1,1
834,18,5,2,1
834,19,5,3,1
834,20,5,4,1
834,21,5,5,1
834,22,5,6,1
834,23,5,7,1
834,24..63,5,8 9 10 11 12 13 14 15,3 3 3 3 3 3 3 3
835,0..23,5,8 9 10 11 12 13 14 15,3 3 3 3 3 3 3 3
835,24,5,0,1
835,25,5,1,1
835,26,5,2,1
835,27,5,3,1
835,28,5,4,1
835,29,5,5,1
835,30,5,6,1
835,31,5,7,1
835,32..63,5,8 9 10 11 12 13 14 15,3 3 3 3 3 3 3 3
836,0..31,5,8 9 10 11 12 13 14 15,3 3 3 3 3 3 3 3
836,32,5,0,1
836,33,5,1,1
836,34,5,2,1
836,35,5,3,1
836,36,5,4,1
836,37,5,5,1
836,38,5,6,1
836,39,5,7,1
836,40..63,5,8 9 10 11 12 13 14 15,3 3 3 3 3 3 3 3
837,0..39,5,8 9 10 11 12 13 14 15,3 3 3 3 3 3 3 3
837,40,5,0,1
837,41,5,1,1
837,42,5,2,1
837,43,5,3,1
837,44,5,4,1
837,45,5,5,1
837,46,5,6,1
837,47,5,7,1
837,48..63,5,8 9 10 11 12 13 14 15,3 3 3 3 3 3 3 3
838,0..47,5,8 9 10 11 12 13 14 15,3 3 3 3 3 3 3 3
838,48,5,0,1
838,49,5,1,1
838,50,5,2,1
838,51,5,3,1
838,52,5,4,1
838,53,5,5,1
838,54,5,6,1
838,55,5,7,1
838,56..63,5,8 9 10 11 12 13 14 15,3 3 3 3 3 3 3 3
839,0..55,5,8 9 10 11 12 13 14 15,3 3 3 3 3 3 3 3
839,56,5,0,1
839,57,5,1,1
839,58,5,2,1
839,59,5,3,1
839,60,5,4,1
839,61,5,5,1
839,62,5,6,1
839,63,5,7,1
840..847,0..63,5,12 13 14 15,3 3 3 3
840,64,5,0,1
840,65,5,1,1
840,66,5,2,1
840,67,5,3,1
840,68,5,4,1
840,69,5,5,1
840,70,5,6,1
840,71,5,7,1
840,72..127,5,8 9 10 11 12 13 14 15,3 3 3 3 3 3 3 3
840..847,128..511,5,12 13 14 15,3 3 3 3
841,64..71,5,8 9 10 11 12 13 14 15,3 3 3 3 3 3 3 3
841,72,5,0,1
841,73,5,1,1
841,74,5,2,1
841,75,5,3,1
841,76,5,4,1
841,77,5,5,1
841,78,5,6,1
841,79,5,7,1
841,80..127,5,8 9 10 11 12 13 14 15,3 3 3 3 3 3 3 3
842,64..79,5,8 9 10 11 12 13 14 15,3 3 3 3 3 3 3 3
842,80,5,0,1
842,81,5,1,1
842,82,5,2,1
842,83,5,3,1
842,84,5,4,1
842,85,5,5,1
842,86,5,6,1
842,87,5,7,1
842,88..127,5,8 9 10 11 12 13 14 15,3 3 3 3 3 3 3 3
843,64..87,5,8 9 10 11 12 13 14 15,3 3 3 3 3 3 3 3
843,88,5,0,1
843,89,5,1,1
843,90,5,2,1
843,91,5,3,1
843,92,5,4,1
843,93,5,5,1
843,94,5,6,1
843,95,5,7,1
843,96..127,5,8 9 10 11 12 13 14 15,3 3 3 3 3 3 3 3
844,64..95,5,8 9 10 11 12 13 14 15,3 3 3 3 3 3 3 3
844,96,5,0,1
844,97,5,1,1
844,98,5,2,1
844,99,5,3,1
844,100,5,4,1
844,101,5,5,1
844,102,5,6,1
844,103,5,7,1
844,104..127,5,8 9 10 11 12 13 14 15,3 3 3 3 3 3 3 3
845,64..103,5,8 9 10 11 12 13 14 15,3 3 3 3 3 3 3 3
845,104,5,0,1
845,105,5,1,1
845,106,5,2,1
845,107,5,3,1
845,108,5,4,1
845,109,5,5,1
845,110,5,6,1
845,111,5,7,1
845,112..127,5,8 9 10 11 12 13 14 15,3 3 3 3 3 3 3 3
846,64..111,5,8 9 10 11 12 13 14 15,3 3 3 3 3 3 3 3
846,112,5,0,1
846,113,5,1,1
846,114,5,2,1
846,115,5,3,1
846,116,5,4,1
846,117,5,5,1
846,118,5,6,1
846,119,5,7,1
846,120..127,5,8 9 10 11 12 13 14 15,3 3 3 3 3 3 3 3
847,64..119,5,8 9 10 11 12 13 14 15,3 3 3 3 3 3 3 3
847,120,5,0,1
847,121,5,1,1
847,122,5,2,1
847,123,5,3,1
847,124,5,4,1
847,125,5,5,1
847,126,5,6,1
847,127,5,7,1
848..855,0..127,5,12 13 14 15,3 3 3 3
848,128,5,0,1
848,129,5,1,1
848,130,5,2,1
848,131,5,3,1
848,132,5,4,1
848,133,5,5,1
848,134,5,6,1
848,135,5,7,1
848,136..191,5,8 9 10 11 12 13 14 15,3 3 3 3 3 3 3 3
848..855,192..511,5,12 13 14 15,3 3 3 3
849,128..135,5,8 9 10 11 12 13 14 15,3 3 3 3 3 3 3 3
849,136,5,0,1
849,137,5,1,1
849,138,5,2,1
849,139,5,3,1
849,140,5,4,1
849,141,5,5,1
849,142,5,6,1
849,143,5,7,1
849,144..191,5,8 9 10 11 12 13 14 15,3 3 3 3 3 3 3 3
850,128..143,5,8 9 10 11 12 13 14 15,3 3 3 3 3 3 3 3
850,144,5,0,1
850,145,5,1,1
850,146,5,2,1
850,147,5,3,1
850,148,5,4,1
850,149,5,5,1
850,150,5,6,1
850,151,5,7,1
850,152..191,5,8 9 10 11 12 13 14 15,3 3 3 3 3 3 3 3
851,128..151,5,8 9 10 11 12 13 14 15,3 3 3 3 3 3 3 3
851,152,5,0,1
851,153,5,1,1
851,154,5,2,1
851,155,5,3,1
851,156,5,4,1
851,157,5,5,1
851,158,5,6,1
851,159,5,7,1
851,160..191,5,8 9 10 11 12 13 14 15,3 3 3 3 3 3 3 3
852,128..159,5,8 9 10 11 12 13 14 15,3 3 3 3 3 3 3 3
852,160,5,0,1
852,161,5,1,1
852,162,5,2,1
852,163,5,3,1
852,164,5,4,1
852,165,5,5,1
852,166,5,6,1
852,167,5,7,1
852,168..191,5,8 9 10 11 12 13 14 15,3 3 3 3 3 3 3 3
853,128..167,5,8 9 10 11 12 13 14 15,3 3 3 3 3 3 3 3
853,168,5,0,1
853,169,5,1,1
853,170,5,2,1
853,171,5,3,1
853,172,5,4,1
853,173,5,5,1
853,174,5,6,1
853,175,5,7,1
853,176..191,5,8 9 10 11 12 13 14 15,3 3 3 3 3 3 3 3
854,128..175,5,8 9 10 11 12 13 14 15,3 3 3 3 3 3 3 3
854,176,5,0,1
854,177,5,1,1
854,178,5,2,1
854,179,5,3,1
854,180,5,4,1
854,181,5,5,1
854,182,5,6,1
854,183,5,7,1
854,184..191,5,8 9 10 11 12 13 14 15,3 3 3 3 3 3 3 3
855,128..183,5,8 9 10 11 12 13 14 15,3 3 3 3 3 3 3 3
855,184,5,0,1
855,185,5,1,1
855,186,5,2,1
855,187,5,3,1
855,188,5,4,1
855,189,5,5,1
855,190,5,6,1
855,191,5,7,1
856..863,0..191,5,12 13 14 15,3 3 3 3
856,192,5,0,1
856,193,5,1,1
856,194,5,2,1
856,195,5,3,1
856,196,5,4,1
856,197,5,5,1
856,198,5,6,1
856,199,5,7,1
856,200..255,5,8 9 10 11 12 13 14 15,3 3 3 3 3 3 3 3
856..863,256..511,5,12 13 14 15,3 3 3 3
857,192..199,5,8 9 10 11 12 13 14 15,3 3 3 3 3 3 3 3
857,200,5,0,1
857,201,5,1,1
857,202,5,2,1
857,203,5,3,1
857,204,5,4,1
857,205,5,5,1
857,206,5,6,1
857,207,5,7,1
857,208..255,5,8 9 10 11 12 13 14 15,3 3 3 3 3 3 3 3
858,192..207,5,8 9 10 11 12 13 14 15,3 3 3 3 3 3 3 3
858,208,5,0,1
858,209,5,1,1
858,210,5,2,1
858,211,5,3,1
858,212,5,4,1
858,213,5,5,1
858,214,5,6,1
858,215,5,7,1
858,216..255,5,8 9 10 11 12 13 14 15,3 3 3 3 3 3 3 3
859,192..215,5,8 9 10 11 12 13 14 15,3 3 3 3 3 3 3 3
859,216,5,0,1
859,217,5,1,1
859,218,5,2,1
859,219,5,3,1
859,220,5,4,1
859,221,5,5,1
859,222,5,6,1
859,223,5,7,1
859,224..255,5,8 9 10 11 12 13 14 15,3 3 3 3 3 3 3 3
860,192..223,5,8 9 10 11 12 13 14 15,3 3 3 3 3 3 3 3
860,224,5,0,1
860,225,5,1,1
860,226,5,2,1
860,227,5,3,1
860,228,5,4,1
860,229,5,5,1
860,230,5,6,1
860,231,5,7,1
860,232..255,5,8 9 10 11 12 13 14 15,3 3 3 3 3 3 3 3
861,192..231,5,8 9 10 11 12 13 14 15,3 3 3 3 3 3 3 3
861,232,5,0,1
861,233,5,1,1
861,234,5,2,1
861,235,5,3,1
861,236,5,4,1
861,237,5,5,1
861,238,5,6,1
861,239,5,7,1
861,240..255,5,8 9 10 11 12 13 14 15,3 3 3 3 3 3 3 3
862,192..239,5,8 9 10 11 12 13 14 15,3 3 3 3 3 3 3 3
862,240,5,0,1
862,241,5,1,1
862,242,5,2,1
862,243,5,3,1
862,244,5,4,1
862,245,5,5,1
862,246,5,6,1
862,247,5,7,1
862,248..255,5,8 9 10 11 12 13 14 15,3 3 3 3 3 3 3 3
863,192..247,5,8 9 10 11 12 13 14 15,3 3 3 3 3 3 3 3
863,248,5,0,1
863,249,5,1,1
863,250,5,2,1
863,251,5,3,1
863,252,5,4,1
863,253,5,5,1
863,254,5,6,1
863,255,5,7,1
864..871,0..255,5,12 13 14 15,3 3 3 3
864,256,5,0,1
864,257,5,1,1
864,258,5,2,1
864,259,5,3,1
864,260,5,4,1
864,261,5,5,1
864,262,5,6,1
864,263,5,7,1
864,264..319,5,8 9 10 11 12 13 14 15,3 3 3 3 3 3 3 3
864..871,320..511,5,12 13 14 15,3 3 3 3
865,256..263,5,8 9 10 11 12 13 14 15,3 3 3 3 3 3 3 3
865,264,5,0,1
865,265,5,1,1
865,266,5,2,1
865,267,5,3,1
865,268,5,4,1
865,269,5,5,1
865,270,5,6,1
865,271,5,7,1
865,272..319,5,8 9 10 11 12 13 14 15,3 3 3 3 3 3 3 3
866,256..271,5,8 9 10 11 12 13 14 15,3 3 3 3 3 3 3 3
866,272,5,0,1
866,273,5,1,1
866,274,5,2,1
866,275,5,3,1
866,276,5,4,1
866,277,5,5,1
866,278,5,6,1
866,279,5,7,1
866,280..319,5,8 9 10 11 12 13 14 15,3 3 3 3 3 3 3 3
867,256..279,5,8 9 10 11 12 13 14 15,3 3 3 3 3 3 3 3
867,280,5,0,1
867,281,5,1,1
867,282,5,2,1
867,283,5,3,1
867,284,5,4,1
867,285,5,5,1
867,286,5,6,1
867,287,5,7,1
867,288..319,5,8 9 10 11 12 13 14 15,3 3 3 3 3 3 3 3
868,256..287,5,8 9 10 11 12 13 14 15,3 3 3 3 3 3 3 3
868,288,5,0,1
868,289,5,1,1
868,290,5,2,1
868,291,5,3,1
868,292,5,4,1
868,293,5,5,1
868,294,5,6,1
868,295,5,7,1
868,296..319,5,8 9 10 11 12 13 14 15,3 3 3 3 3 3 3 3
869,256..295,5,8 9 10 11 12 13 14 15,3 3 3 3 3 3 3 3
869,296,5,0,1
869,297,5,1,1
869,298,5,2,1
869,299,5,3,1
869,300,5,4,1
869,301,5,5,1
869,302,5,6,1
869,303,5,7,1
869,304..319,5,8 9 10 11 12 13 14 15,3 3 3 3 3 3 3 3
870,256..303,5,8 9 10 11 12 13 14 15,3 3 3 3 3 3 3 3
870,304,5,0,1
870,305,5,1,1
870,306,5,2,1
870,307,5,3,1
870,308,5,4,1
870,309,5,5,1
870,310,5,6,1
870,311,5,7,1
870,312..319,5,8 9 10 11 12 13 14 15,3 3 3 3 3 3 3 3
871,256..311,5,8 9 10 11 12 13 14 15,3 3 3 3 3 3 3 3
871,312,5,0,1
871,313,5,1,1
871,314,5,2,1
871,315,5,3,1
871,316,5,4,1
871,317,5,5,1
871,318,5,6,1
871,319,5,7,1
872..879,0..319,5,12 13 14 15,3 3 3 3
872,320,5,0,1
872,321,5,1,1
872,322,5,2,1
872,323,5,3,1
872,324,5,4,1
872,325,5,5,1
872,326,5,6,1
872,327,5,7,1
872,328..383,5,8 9 10 11 12 13 14 15,3 3 3 3 3 3 3 3
872..879,384..511,5,12 13 14 15,3 3 3 3
873,320..327,5,8 9 10 11 12 13 14 15,3 3 3 3 3 3 3 3
873,328,5,0,1
873,329,5,1,1
873,330,5,2,1
873,331,5,3,1
873,332,5,4,1
873,333,5,5,1
873,334,5,6,1
873,335,5,7,1
873,336..383,5,8 9 10 11 12 13 14 15,3 3 3 3 3 3 3 3
874,320..335,5,8 9 10 11 12 13 14 15,3 3 3 3 3 3 3 3
874,336,5,0,1
874,337,5,1,1
874,338,5,2,1
874,339,5,3,1
874,340,5,4,1
874,341,5,5,1
874,342,5,6,1
874,343,5,7,1
874,344..383,5,8 9 10 11 12 13 14 15,3 3 3 3 3 3 3 3
875,320..343,5,8 9 10 11 12 13 14 15,3 3 3 3 3 3 3 3
875,344,5,0,1
875,345,5,1,1
875,346,5,2,1
875,347,5,3,1
875,348,5,4,1
875,349,5,5,1
875,350,5,6,1
875,351,5,7,1
875,352..383,5,8 9 10 11 12 13 14 15,3 3 3 3 3 3 3 3
876,320..351,5,8 9 10 11 12 13 14 15,3 3 3 3 3 3 3 3
876,352,5,0,1
876,353,5,1,1
876,354,5,2,1
876,355,5,3,1
876,356,5,4,1
876,357,5,5,1
876,358,5,6,1
876,359,5,7,1
876,360..383,5,8 9 10 11 12 13 14 15,3 3 3 3 3 3 3 3
877,320..359,5,8 9 10 11 12 13 14 15,3 3 3 3 3 3 3 3
877,360,5,0,1
877,361,5,1,1
877,362,5,2,1
877,363,5,3,1
877,364,5,4,1
877,365,5,5,1
877,366,5,6,1
877,367,5,7,1
877,368..383,5,8 9 10 11 12 13 14 15,3 3 3 3 3 3 3 3
878,320..367,5,8 9 10 11 12 13 14 15,3 3 3 3 3 3 3 3
878,368,5,0,1
878,369,5,1,1
878,370,5,2,1
878,371,5,3,1
878,372,5,4,1
878,373,5,5,1
878,374,5,6,1
878,375,5,7,1
878,376..383,5,8 9 10 11 12 13 14 15,3 3 3 3 3 3 3 3
879,320..375,5,8 9 10 11 12 13 14 15,3 3 3 3 3 3 3 3
879,376,5,0,1
879,377,5,1,1
879,378,5,2,1
879,379,5,3,1
879,380,5,4,1
879,381,5,5,1
879,382,5,6,1
879,383,5,7,1
880..887,0..383,5,12 13 14 15,3 3 3 3
880,384,5,0,1
880,385,5,1,1
880,386,5,2,1
880,387,5,3,1
880,388,5,4,1
880,389,5,5,1
880,390,5,6,1
880,391,5,7,1
880,392..447,5,8 9 10 11 12 13 14 15,3 3 3 3 3 3 3 3
880..887,448..511,5,12 13 14 15,3 3 3 3
881,384..391,5,8 9 10 11 12 13 14 15,3 3 3 3 3 3 3 3
881,392,5,0,1
881,393,5,1,1
881,394,5,2,1
881,395,5,3,1
881,396,5,4,1
881,397,5,5,1
881,398,5,6,1
881,399,5,7,1
881,400..447,5,8 9 10 11 12 13 14 15,3 3 3 3 3 3 3 3
882,384..399,5,8 9 10 11 12 13 14 15,3 3 3 3 3 3 3 3
882,400,5,0,1
882,401,5,1,1
882,402,5,2,1
882,403,5,3,1
882,404,5,4,1
882,405,5,5,1
882,406,5,6,1
882,407,5,7,1
882,408..447,5,8 9 10 11 12 13 14 15,3 3 3 3 3 3 3 3
883,384..407,5,8 9 10 11 12 13 14 15,3 3 3 3 3 3 3 3
883,408,5,0,1
883,409,5,1,1
883,410,5,2,1
883,411,5,3,1
883,412,5,4,1
883,413,5,5,1
883,414,5,6,1
883,415,5,7,1
883,416..447,5,8 9 10 11 12 13 14 15,3 3 3 3 3 3 3 3
884,384..415,5,8 9 10 11 12 13 14 15,3 3 3 3 3 3 3 3
884,416,5,0,1
884,417,5,1,1
884,418,5,2,1
884,419,5,3,1
884,420,5,4,1
884,421,5,5,1
884,422,5,6,1
884,423,5,7,1
884,424..447,5,8 9 10 11 12 13 14 15,3 3 3 3 3 3 3 3
885,384..423,5,8 9 10 11 12 13 14 15,3 3 3 3 3 3 3 3
885,424,5,0,1
885,425,5,1,1
885,426,5,2,1
885,427,5,3,1
885,428,5,4,1
885,429,5,5,1
885,430,5,6,1
885,431,5,7,1
885,432..447,5,8 9 10 11 12 13 14 15,3 3 3 3 3 3 3 3
886,384..431,5,8 9 10 11 12 13 14 15,3 3 3 3 3 3 3 3
886,432,5,0,1
886,433,5,1,1
886,434,5,2,1
886,435,5,3,1
886,436,5,4,1
886,437,5,5,1
886,438,5,6,1
886,439,5,7,1
886,440..447,5,8 9 10 11 12 13 14 15,3 3 3 3 3 3 3 3
887,384..439,5,8 9 10 11 12 13 14 15,3 3 3 3 3 3 3 3
887,440,5,0,1
887,441,5,1,1
887,442,5,2,1
887,443,5,3,1
887,444,5,4,1
887,445,5,5,1
887,446,5,6,1
887,447,5,7,1
888..895,0..447,5,12 13 14 15,3 3 3 3
888,448,5,0,1
888,449,5,1,1
888,450,5,2,1
888,451,5,3,1
888,452,5,4,1
888,453,5,5,1
888,454,5,6,1
888,455,5,7,1
888,456..511,5,8 9 10 11 12 13 14 15,3 3 3 3 3 3 3 3
889,448..455,5,8 9 10 11 12 13 14 15,3 3 3 3 3 3 3 3
889,456,5,0,1
889,457,5,1,1
889,458,5,2,1
889,459,5,3,1
889,460,5,4,1
889,461,5,5,1
889,462,5,6,1
889,463,5,7,1
889,464..511,5,8 9 10 11 12 13 14 15,3 3 3 3 3 3 3 3
890,448..463,5,8 9 10 11 12 13 14 15,3 3 3 3 3 3 3 3
890,464,5,0,1
890,465,5,1,1
890,466,5,2,1
890,467,5,3,1
890,468,5,4,1
890,469,5,5,1
890,470,5,6,1
890,471,5,7,1
890,472..511,5,8 9 10 11 12 13 14 15,3 3 3 3 3 3 3 3
891,448..471,5,8 9 10 11 12 13 14 15,3 3 3 3 3 3 3 3
891,472,5,0,1
891,473,5,1,1
891,474,5,2,1
891,475,5,3,1
891,476,5,4,1
891,477,5,5,1
891,478,5,6,1
891,479,5,7,1
891,480..511,5,8 9 10 11 12 13 14 15,3 3 3 3 3 3 3 3
892,448..479,5,8 9 10 11 12 13 14 15,3 3 3 3 3 3 3 3
892,480,5,0,1
892,481,5,1,1
892,482,5,2,1
892,483,5,3,1
892,484,5,4,1
892,485,5,5,1
892,486,5,6,1
892,487,5,7,1
892,488..511,5,8 9 10 11 12 13 14 15,3 3 3 3 3 3 3 3
893,448..487,5,8 9 10 11 12 13 14 15,3 3 3 3 3 3 3 3
893,488,5,0,1
893,489,5,1,1
893,490,5,2,1
893,491,5,3,1
893,492,5,4,1
893,493,5,5,1
893,494,5,6,1
893,495,5,7,1
893,496..511,5,8 9 10 11 12 13 14 15,3 3 3 3 3 3 3 3
894,448..495,5,8 9 10 11 12 13 14 15,3 3 3 3 3 3 3 3
894,496,5,0,1
894,497,5,1,1
894,498,5,2,1
894,499,5,3,1
894,500,5,4,1
894,501,5,5,1
894,502,5,6,1
894,503,5,7,1
894,504..511,5,8 9 10 11 12 13 14 15,3 3 3 3 3 3 3 3
895,448..503,5,8 9 10 11 12 13 14 15,3 3 3 3 3 3 3 3
895,504,5,0,1
895,505,5,1,1
895,506,5,2,1
895,507,5,3,1
895,508,5,4,1
895,509,5,5,1
895,510,5,6,1
895,511,5,7,1
896,0,6,0,1
896,1,6,1,1
896,2,6,2,1
896,3,6,3,1
896,4,6,4,1
896,5,6,5,1
896,6,6,6,1
896,7,6,7,1
896,8..63,6,8 9 10 11 12 13 14 15,3 3 3 3 3 3 3 3
896..903,64..511,6,12 13 14 15,3 3 3 3
897,0..7,6,8 9 10 11 12 13 14 15,3 3 3 3 3 3 3 3
897,8,6,0,1
897,9,6,1,1
897,10,6,2,1
897,11,6,3,1
897,12,6,4,1
897,13,6,5,1
897,14,6,6,1
897,15,6,7,1
897,16..63,6,8 9 10 11 12 13 14 15,3 3 3 3 3 3 3 3
898,0..15,6,8 9 10 11 12 13 14 15,3 3 3 3 3 3 3 3
898,16,6,0,1
898,17,6,1,1
898,18,6,2,1
898,19,6,3,1
898,20,6,4,1
898,21,6,5,1
898,22,6,6,1
898,23,6,7,1
898,24..63,6,8 9 10 11 12 13 14 15,3 3 3 3 3 3 3 3
899,0..23,6,8 9 10 11 12 13 14 15,3 3 3 3 3 3 3 3
899,24,6,0,1
899,25,6,1,1
899,26,6,2,1
899,27,6,3,1
899,28,6,4,1
899,29,6,5,1
899,30,6,6,1
899,31,6,7,1
899,32..63,6,8 9 10 11 12 13 14 15,3 3 3 3 3 3 3 3
900,0..31,6,8 9 10 11 12 13 14 15,3 3 3 3 3 3 3 3
900,32,6,0,1
900,33,6,1,1
900,34,6,2,1
900,35,6,3,1
900,36,6,4,1
900,37,6,5,1
900,38,6,6,1
900,39,6,7,1
900,40..63,6,8 9 10 11 12 13 14 15,3 3 3 3 3 3 3 3
901,0..39,6,8 9 10 11 12 13 14 15,3 3 3 3 3 3 3 3
901,40,6,0,1
901,41,6,1,1
901,42,6,2,1
901,43,6,3,1
901,44,6,4,1
901,45,6,5,1
901,46,6,6,1
901,47,6,7,1
901,48..63,6,8 9 10 11 12 13 14 15,3 3 3 3 3 3 3 3
902,0..47,6,8 9 10 11 12 13 14 15,3 3 3 3 3 3 3 3
902,48,6,0,1
902,49,6,1,1
902,50,6,2,1
902,51,6,3,1
902,52,6,4,1
902,53,6,5,1
902,54,6,6,1
902,55,6,7,1
902,56..63,6,8 9 10 11 12 13 14 15,3 3 3 3 3 3 3 3
903,0..55,6,8 9 10 11 12 13 14 15,3 3 3 3 3 3 3 3
903,56,6,0,1
903,57,6,1,1
903,58,6,2,1
903,59,6,3,1
903,60,6,4,1
903,61,6,5,1
903,62,6,6,1
903,63,6,7,1
904..911,0..63,6,12 13 14 15,3 3 3 3
904,64,6,0,1
904,65,6,1,1
904,66,6,2,1
904,67,6,3,1
904,68,6,4,1
904,69,6,5,1
904,70,6,6,1
904,71,6,7,1
904,72..127,6,8 9 10 11 12 13 14 15,3 3 3 3 3 3 3 3
904..911,128..511,6,12 13 14 15,3 3 3 3
905,64..71,6,8 9 10 11 12 13 14 15,3 3 3 3 3 3 3 3
905,72,6,0,1
905,73,6,1,1
905,74,6,2,1
905,75,6,3,1
905,76,6,4,1
905,77,6,5,1
905,78,6,6,1
905,79,6,7,1
905,80..127,6,8 9 10 11 12 13 14 15,3 3 3 3 3 3 3 3
906,64..79,6,8 9 10 11 12 13 14 15,3 3 3 3 3 3 3 3
906,80,6,0,1
906,81,6,1,1
906,82,6,2,1
906,83,6,3,1
906,84,6,4,1
906,85,6,5,1
906,86,6,6,1
906,87,6,7,1
906,88..127,6,8 9 10 11 12 13 14 15,3 3 3 3 3 3 3 3
907,64..87,6,8 9 10 11 12 13 14 15,3 3 3 3 3 3 3 3
907,88,6,0,1
907,89,6,1,1
907,90,6,2,1
907,91,6,3,1
907,92,6,4,1
907,93,6,5,1
907,94,6,6,1
907,95,6,7,1
907,96..127,6,8 9 10 11 12 13 14 15,3 3 3 3 3 3 3 3
908,64..95,6,8 9 10 11 12 13 14 15,3 3 3 3 3 3 3 3
908,96,6,0,1
908,97,6,1,1
908,98,6,2,1
908,99,6,3,1
908,100,6,4,1
908,101,6,5,1
908,102,6,6,1
908,103,6,7,1
908,104..127,6,8 9 10 11 12 13 14 15,3 3 3 3 3 3 3 3
909,64..103,6,8 9 10 11 12 13 14 15,3 3 3 3 3 3 3 3
909,104,6,0,1
909,105,6,1,1
909,106,6,2,1
909,107,6,3,1
909,108,6,4,1
909,109,6,5,1
909,110,6,6,1
909,111,6,7,1
909,112..127,6,8 9 10 11 12 13 14 15,3 3 3 3 3 3 3 3
910,64..111,6,8 9 10 11 12 13 14 15,3 3 3 3 3 3 3 3
910,112,6,0,1
910,113,6,1,1
910,114,6,2,1
910,115,6,3,1
910,116,6,4,1
910,117,6,5,1
910,118,6,6,1
910,119,6,7,1
910,120..127,6,8 9 10 11 12 13 14 15,3 3 3 3 3 3 3 3
911,64..119,6,8 9 10 11 12 13 14 15,3 3 3 3 3 3 3 3
911,120,6,0,1
911,121,6,1,1
911,122,6,2,1
911,123,6,3,1
911,124,6,4,1
911,125,6,5,1
911,126,6,6,1
911,127,6,7,1
912..919,0..127,6,12 13 14 15,3 3 3 3
912,128,6,0,1
912,129,6,1,1
912,130,6,2,1
912,131,6,3,1
912,132,6,4,1
912,133,6,5,1
912,134,6,6,1
912,135,6,7,1
912,136..191,6,8 9 10 11 12 13 14 15,3 3 3 3 3 3 3 3
912..919,192..511,6,12 13 14 15,3 3 3 3
913,128..135,6,8 9 10 11 12 13 14 15,3 3 3 3 3 3 3 3
913,136,6,0,1
913,137,6,1,1
913,138,6,2,1
913,139,6,3,1
913,140,6,4,1
913,141,6,5,1
913,142,6,6,1
913,143,6,7,1
913,144..191,6,8 9 10 11 12 13 14 15,3 3 3 3 3 3 3 3
914,128..143,6,8 9 10 11 12 13 14 15,3 3 3 3 3 3 3 3
914,144,6,0,1
914,145,6,1,1
914,146,6,2,1
914,147,6,3,1
914,148,6,4,1
914,149,6,5,1
914,150,6,6,1
914,151,6,7,1
914,152..191,6,8 9 10 11 12 13 14 15,3 3 3 3 3 3 3 3
915,128..151,6,8 9 10 11 12 13 14 15,3 3 3 3 3 3 3 3
915,152,6,0,1
915,153,6,1,1
915,154,6,2,1
915,155,6,3,1
915,156,6,4,1
915,157,6,5,1
915,158,6,6,1
915,159,6,7,1
915,160..191,6,8 9 10 11 12 13 14 15,3 3 3 3 3 3 3 3
916,128..159,6,8 9 10 11 12 13 14 15,3 3 3 3 3 3 3 3
916,160,6,0,1
916,161,6,1,1
916,162,6,2,1
916,163,6,3,1
916,164,6,4,1
916,165,6,5,1
916,166,6,6,1
916,167,6,7,1
916,168..191,6,8 9 10 11 12 13 14 15,3 3 3 3 3 3 3 3
917,128..167,6,8 9 10 11 12 13 14 15,3 3 3 3 3 3 3 3
917,168,6,0,1
917,169,6,1,1
917,170,6,2,1
917,171,6,3,1
917,172,6,4,1
917,173,6,5,1
917,174,6,6,1
917,175,6,7,1
917,176..191,6,8 9 10 11 12 13 14 15,3 3 3 3 3 3 3 3
918,128..175,6,8 9 10 11 12 13 14 15,3 3 3 3 3 3 3 3
918,176,6,0,1
918,177,6,1,1
918,178,6,2,1
918,179,6,3,1
918,180,6,4,1
918,181,6,5,1
918,182,6,6,1
918,183,6,7,1
918,184..191,6,8 9 10 11 12 13 14 15,3 3 3 3 3 3 3 3
919,128..183,6,8 9 10 11 12 13 14 15,3 3 3 3 3 3 3 3
919,184,6,0,1
919,185,6,1,1
919,186,6,2,1
919,187,6,3,1
919,188,6,4,1
919,189,6,5,1
919,190,6,6,1
919,191,6,7,1
920..927,0..191,6,12 13 14 15,3 3 3 3
920,192,6,0,1
920,193,6,1,1
920,194,6,2,1
920,195,6,3,1
920,196,6,4,1
920,197,6,5,1
920,198,6,6,1
920,199,6,7,1
920,200..255,6,8 9 10 11 12 13 14 15,3 3 3 3 3 3 3 3
920..927,256..511,6,12 13 14 15,3 3 3 3
921,192..199,6,8 9 10 11 12 13 14 15,3 3 3 3 3 3 3 3
921,200,6,0,1
921,201,6,1,1
921,202,6,2,1
921,203,6,3,1
921,204,6,4,1
921,205,6,5,1
921,206,6,6,1
921,207,6,7,1
921,208..255,6,8 9 10 11 12 13 14 15,3 3 3 3 3 3 3 3
922,192..207,6,8 9 10 11 12 13 14 15,3 3 3 3 3 3 3 3
922,208,6,0,1
922,209,6,1,1
922,210,6,2,1
922,211,6,3,1
922,212,6,4,1
922,213,6,5,1
922,214,6,6,1
922,215,6,7,1
922,216..255,6,8 9 10 11 12 13 14 15,3 3 3 3 3 3 3 3
923,192..215,6,8 9 10 11 12 13 14 15,3 3 3 3 3 3 3 3
923,216,6,0,1
923,217,6,1,1
923,218,6,2,1
923,219,6,3,1
923,220,6,4,1
923,221,6,5,1
923,222,6,6,1
923,223,6,7,1
923,224..255,6,8 9 10 11 12 13 14 15,3 3 3 3 3 3 3 3
924,192..223,6,8 9 10 11 12 13 14 15,3 3 3 3 3 3 3 3
924,224,6,0,1
924,225,6,1,1
924,226,6,2,1
924,227,6,3,1
924,228,6,4,1
924,229,6,5,1
924,230,6,6,1
924,231,6,7,1
924,232..255,6,8 9 10 11 12 13 14 15,3 3 3 3 3 3 3 3
925,192..231,6,8 9 10 11 12 13 14 15,3 3 3 3 3 3 3 3
925,232,6,0,1
925,233,6,1,1
925,234,6,2,1
925,235,6,3,1
925,236,6,4,1
925,237,6,5,1
925,238,6,6,1
925,239,6,7,1
925,240..255,6,8 9 10 11 12 13 14 15,3 3 3 3 3 3 3 3
926,192..239,6,8 9 10 11 12 13 14 15,3 3 3 3 3 3 3 3
926,240,6,0,1
926,241,6,1,1
926,242,6,2,1
926,243,6,3,1
926,244,6,4,1
926,245,6,5,1
926,246,6,6,1
926,247,6,7,1
926,248..255,6,8 9 10 11 12 13 14 15,3 3 3 3 3 3 3 3
927,192..247,6,8 9 10 11 12 13 14 15,3 3 3 3 3 3 3 3
927,248,6,0,1
927,249,6,1,1
927,250,6,2,1
927,251,6,3,1
927,252,6,4,1
927,253,6,5,1
927,254,6,6,1
927,255,6,7,1
928..935,0..255,6,12 13 14 15,3 3 3 3
928,256,6,0,1
928,257,6,1,1
928,258,6,2,1
928,259,6,3,1
928,260,6,4,1
928,261,6,5,1
928,262,6,6,1
928,263,6,7,1
928,264..319,6,8 9 10 11 12 13 14 15,3 3 3 3 3 3 3 3
928..935,320..511,6,12 13 14 15,3 3 3 3
929,256..263,6,8 9 10 11 12 13 14 15,3 3 3 3 3 3 3 3
929,264,6,0,1
929,265,6,1,1
929,266,6,2,1
929,267,6,3,1
929,268,6,4,1
929,269,6,5,1
929,270,6,6,1
929,271,6,7,1
929,272..319,6,8 9 10 11 12 13 14 15,3 3 3 3 3 3 3 3
930,256..271,6,8 9 10 11 12 13 14 15,3 3 3 3 3 3 3 3
930,272,6,0,1
930,273,6,1,1
930,274,6,2,1
930,275,6,3,1
930,276,6,4,1
930,277,6,5,1
930,278,6,6,1
930,279,6,7,1
930,280..319,6,8 9 10 11 12 13 14 15,3 3 3 3 3 3 3 3
931,256..279,6,8 9 10 11 12 13 14 15,3 3 3 3 3 3 3 3
931,280,6,0,1
931,281,6,1,1
931,282,6,2,1
931,283,6,3,1
931,284,6,4,1
931,285,6,5,1
931,286,6,6,1
931,287,6,7,1
931,288..319,6,8 9 10 11 12 13 14 15,3 3 3 3 3 3 3 3
932,256..287,6,8 9 10 11 12 13 14 15,3 3 3 3 3 3 3 3
932,288,6,0,1
932,289,6,1,1
932,290,6,2,1
932,291,6,3,1
932,292,6,4,1
932,293,6,5,1
932,294,6,6,1
932,295,6,7,1
932,296..319,6,8 9 10 11 12 13 14 15,3 3 3 3 3 3 3 3
933,256..295,6,8 9 10 11 12 13 14 15,3 3 3 3 3 3 3 3
933,296,6,0,1
933,297,6,1,1
933,298,6,2,1
933,299,6,3,1
933,300,6,4,1
933,301,6,5,1
933,302,6,6,1
933,303,6,7,1
933,304..319,6,8 9 10 11 12 13 14 15,3 3 3 3 3 3 3 3
934,256..303,6,8 9 10 11 12 13 14 15,3 3 3 3 3 3 3 3
934,304,6,0,1
934,305,6,1,1
934,306,6,2,1
934,307,6,3,1
934,308,6,4,1
934,309,6,5,1
934,310,6,6,1
934,311,6,7,1
934,312..319,6,8 9 10 11 12 13 14 15,3 3 3 3 3 3 3 3
935,256..311,6,8 9 10 11 12 13 14 15,3 3 3 3 3 3 3 3
935,312,6,0,1
935,313,6,1,1
935,314,6,2,1
935,315,6,3,1
935,316,6,4,1
935,317,6,5,1
935,318,6,6,1
935,319,6,7,1
936..943,0..319,6,12 13 14 15,3 3 3 3
936,320,6,0,1
936,321,6,1,1
936,322,6,2,1
936,323,6,3,1
936,324,6,4,1
936,325,6,5,1
936,326,6,6,1
936,327,6,7,1
936,328..383,6,8 9 10 11 12 13 14 15,3 3 3 3 3 3 3 3
936..943,384..511,6,12 13 14 15,3 3 3 3
937,320..327,6,8 9 10 11 12 13 14 15,3 3 3 3 3 3 3 3
937,328,6,0,1
937,329,6,1,1
937,330,6,2,1
937,331,6,3,1
937,332,6,4,1
937,333,6,5,1
937,334,6,6,1
937,335,6,7,1
937,336..383,6,8 9 10 11 12 13 14 15,3 3 3 3 3 3 3 3
938,320..335,6,8 9 10 11 12 13 14 15,3 3 3 3 3 3 3 3
938,336,6,0,1
938,337,6,1,1
938,338,6,2,1
938,339,6,3,1
938,340,6,4,1
938,341,6,5,1
938,342,6,6,1
938,343,6,7,1
938,344..383,6,8 9 10 11 12 13 14 15,3 3 3 3 3 3 3 3
939,320..343,6,8 9 10 11 12 13 14 15,3 3 3 3 3 3 3 3
939,344,6,0,1
939,345,6,1,1
939,346,6,2,1
939,347,6,3,1
939,348,6,4,1
939,349,6,5,1
939,350,6,6,1
939,351,6,7,1
939,352..383,6,8 9 10 11 12 13 14 15,3 3 3 3 3 3 3 3
940,320..351,6,8 9 10 11 12 13 14 15,3 3 3 3 3 3 3 3
940,352,6,0,1
940,353,6,1,1
940,354,6,2,1
940,355,6,3,1
940,356,6,4,1
940,357,6,5,1
940,358,6,6,1
940,359,6,7,1
940,360..383,6,8 9 10 11 12 13 14 15,3 3 3 3 3 3 3 3
941,320..359,6,8 9 10 11 12 13 14 15,3 3 3 3 3 3 3 3
941,360,6,0,1
941,361,6,1,1
941,362,6,2,1
941,363,6,3,1
941,364,6,4,1
941,365,6,5,1
941,366,6,6,1
941,367,6,7,1
941,368..383,6,8 9 10 11 12 13 14 15,3 3 3 3 3 3 3 3
942,320..367,6,8 9 10 11 12 13 14 15,3 3 3 3 3 3 3 3
942,368,6,0,1
942,369,6,1,1
942,370,6,2,1
942,371,6,3,1
942,372,6,4,1
942,373,6,5,1
942,374,6,6,1
942,375,6,7,1
942,376..383,6,8 9 10 11 12 13 14 15,3 3 3 3 3 3 3 3
943,320..375,6,8 9 10 11 12 13 14 15,3 3 3 3 3 3 3 3
943,376,6,0,1
943,377,6,1,1
943,378,6,2,1
943,379,6,3,1
943,380,6,4,1
943,381,6,5,1
943,382,6,6,1
943,383,6,7,1
944..951,0..383,6,12 13 14 15,3 3 3 3
944,384,6,0,1
944,385,6,1,1
944,386,6,2,1
944,387,6,3,1
944,388,6,4,1
944,389,6,5,1
944,390,6,6,1
944,391,6,7,1
944,392..447,6,8 9 10 11 12 13 14 15,3 3 3 3 3 3 3 3
944..951,448..511,6,12 13 14 15,3 3 3 3
945,384..391,6,8 9 10 11 12 13 14 15,3 3 3 3 3 3 3 3
945,392,6,0,1
945,393,6,1,1
945,394,6,2,1
945,395,6,3,1
945,396,6,4,1
945,397,6,5,1
945,398,6,6,1
945,399,6,7,1
945,400..447,6,8 9 10 11 12 13 14 15,3 3 3 3 3 3 3 3
946,384..399,6,8 9 10 11 12 13 14 15,3 3 3 3 3 3 3 3
946,400,6,0,1
946,401,6,1,1
946,402,6,2,1
946,403,6,3,1
946,404,6,4,1
946,405,6,5,1
946,406,6,6,1
946,407,6,7,1
946,408..447,6,8 9 10 11 12 13 14 15,3 3 3 3 3 3 3 3
947,384..407,6,8 9 10 11 12 13 14 15,3 3 3 3 3 3 3 3
947,408,6,0,1
947,409,6,1,1
947,410,6,2,1
947,411,6,3,1
947,412,6,4,1
947,413,6,5,1
947,414,6,6,1
947,415,6,7,1
947,416..447,6,8 9 10 11 12 13 14 15,3 3 3 3 3 3 3 3
948,384..415,6,8 9 10 11 12 13 14 15,3 3 3 3 3 3 3 3
948,416,6,0,1
948,417,6,1,1
948,418,6,2,1
948,419,6,3,1
948,420,6,4,1
948,421,6,5,1
948,422,6,6,1
948,423,6,7,1
948,424..447,6,8 9 10 11 12 13 14 15,3 3 3 3 3 3 3 3
949,384..423,6,8 9 10 11 12 13 14 15,3 3 3 3 3 3 3 3
949,424,6,0,1
949,425,6,1,1
949,426,6,2,1
949,427,6,3,1
949,428,6,4,1
949,429,6,5,1
949,430,6,6,1
949,431,6,7,1
949,432..447,6,8 9 10 11 12 13 14 15,3 3 3 3 3 3 3 3
950,384..431,6,8 9 10 11 12 13 14 15,3 3 3 3 3 3 3 3
950,432,6,0,1
950,433,6,1,1
950,434,6,2,1
950,435,6,3,1
950,436,6,4,1
950,437,6,5,1
950,438,6,6,1
950,439,6,7,1
950,440..447,6,8 9 10 11 12 13 14 15,3 3 3 3 3 3 3 3
951,384..439,6,8 9 10 11 12 13 14 15,3 3 3 3 3 3 3 3
951,440,6,0,1
951,441,6,1,1
951,442,6,2,1
951,443,6,3,1
951,444,6,4,1
951,445,6,5,1
951,446,6,6,1
951,447,6,7,1
952..959,0..447,6,12 13 14 15,3 3 3 3
952,448,6,0,1
952,449,6,1,1
952,450,6,2,1
952,451,6,3,1
952,452,6,4,1
952,453,6,5,1
952,454,6,6,1
952,455,6,7,1
952,456..511,6,8 9 10 11 12 13 14 15,3 3 3 3 3 3 3 3
953,448..455,6,8 9 10 11 12 13 14 15,3 3 3 3 3 3 3 3
953,456,6,0,1
953,457,6,1,1
953,458,6,2,1
953,459,6,3,1
953,460,6,4,1
953,461,6,5,1
953,462,6,6,1
953,463,6,7,1
953,464..511,6,8 9 10 11 12 13 14 15,3 3 3 3 3 3 3 3
954,448..463,6,8 9 10 11 12 13 14 15,3 3 3 3 3 3 3 3
954,464,6,0,1
954,465,6,1,1
954,466,6,2,1
954,467,6,3,1
954,468,6,4,1
954,469,6,5,1
954,470,6,6,1
954,471,6,7,1
954,472..511,6,8 9 10 11 12 13 14 15,3 3 3 3 3 3 3 3
955,448..471,6,8 9 10 11 12 13 14 15,3 3 3 3 3 3 3 3
955,472,6,0,1
955,473,6,1,1
955,474,6,2,1
955,475,6,3,1
955,476,6,4,1
955,477,6,5,1
955,478,6,6,1
955,479,6,7,1
955,480..511,6,8 9 10 11 12 13 14 15,3 3 3 3 3 3 3 3
956,448..479,6,8 9 10 11 12 13 14 15,3 3 3 3 3 3 3 3
956,480,6,0,1
956,481,6,1,1
956,482,6,2,1
956,483,6,3,1
956,484,6,4,1
956,485,6,5,1
956,486,6,6,1
956,487,6,7,1
956,488..511,6,8 9 10 11 12 13 14 15,3 3 3 3 3 3 3 3
957,448..487,6,8 9 10 11 12 13 14 15,3 3 3 3 3 3 3 3
957,488,6,0,1
957,489,6,1,1
957,490,6,2,1
957,491,6,3,1
957,492,6,4,1
957,493,6,5,1
957,494,6,6,1
957,495,6,7,1
957,496..511,6,8 9 10 11 12 13 14 15,3 3 3 3 3 3 3 3
958,448..495,6,8 9 10 11 12 13 14 15,3 3 3 3 3 3 3 3
958,496,6,0,1
958,497,6,1,1
958,498,6,2,1
958,499,6,3,1
958,500,6,4,1
958,501,6,5,1
958,502,6,6,1
958,503,6,7,1
958,504..511,6,8 9 10 11 12 13 14 15,3 3 3 3 3 3 3 3
959,448..503,6,8 9 10 11 12 13 14 15,3 3 3 3 3 3 3 3
959,504,6,0,1
959,505,6,1,1
959,506,6,2,1
959,507,6,3,1
959,508,6,4,1
959,509,6,5,1
959,510,6,6,1
959,511,6,7,1
960,0,7,0,1
960,1,7,1,1
960,2,7,2,1
960,3,7,3,1
960,4,7,4,1
960,5,7,5,1
960,6,7,6,1
960,7,7,7,1
960,8..63,7,8 9 10 11 12 13 14 15,3 3 3 3 3 3 3 3
960..967,64..511,7,12 13 14 15,3 3 3 3
961,0..7,7,8 9 10 11 12 13 14 15,3 3 3 3 3 3 3 3
961,8,7,0,1
961,9,7,1,1
961,10,7,2,1
961,11,7,3,1
961,12,7,4,1
961,13,7,5,1
961,14,7,6,1
961,15,7,7,1
961,16..63,7,8 9 10 11 12 13 14 15,3 3 3 3 3 3 3 3
962,0..15,7,8 9 10 11 12 13 14 15,3 3 3 3 3 3 3 3
962,16,7,0,1
962,17,7,1,1
962,18,7,2,1
962,19,7,3,1
962,20,7,4,1
962,21,7,5,1
962,22,7,6,1
962,23,7,7,1
962,24..63,7,8 9 10 11 12 13 14 15,3 3 3 3 3 3 3 3
963,0..23,7,8 9 10 11 12 13 14 15,3 3 3 3 3 3 3 3
963,24,7,0,1
963,25,7,1,1
963,26,7,2,1
963,27,7,3,1
963,28,7,4,1
963,29,7,5,1
963,30,7,6,1
963,31,7,7,1
963,32..63,7,8 9 10 11 12 13 14 15,3 3 3 3 3 3 3 3
964,0..31,7,8 9 10 11 12 13 14 15,3 3 3 3 3 3 3 3
964,32,7,0,1
964,33,7,1,1
964,34,7,2,1
964,35,7,3,1
964,36,7,4,1
964,37,7,5,1
964,38,7,6,1
964,39,7,7,1
964,40..63,7,8 9 10 11 12 13 14 15,3 3 3 3 3 3 3 3
965,0..39,7,8 9 10 11 12 13 14 15,3 3 3 3 3 3 3 3
965,40,7,0,1
965,41,7,1,1
965,42,7,2,1
965,43,7,3,1
965,44,7,4,1
965,45,7,5,1
965,46,7,6,1
965,47,7,7,1
965,48..63,7,8 9 10 11 12 13 14 15,3 3 3 3 3 3 3 3
966,0..47,7,8 9 10 11 12 13 14 15,3 3 3 3 3 3 3 3
966,48,7,0,1
966,49,7,1,1
966,50,7,2,1
966,51,7,3,1
966,52,7,4,1
966,53,7,5,1
966,54,7,6,1
966,55,7,7,1
966,56..63,7,8 9 10 11 12 13 14 15,3 3 3 3 3 3 3 3
967,0..55,7,8 9 10 11 12 13 14 15,3 3 3 3 3 3 3 3
967,56,7,0,1
967,57,7,1,1
967,58,7,2,1
967,59,7,3,1
967,60,7,4,1
967,61,7,5,1
967,62,7,6,1
967,63,7,7,1
968..975,0..63,7,12 13 14 15,3 3 3 3
968,64,7,0,1
968,65,7,1,1
968,66,7,2,1
968,67,7,3,1
968,68,7,4,1
968,69,7,5,1
968,70,7,6,1
968,71,7,7,1
968,72..127,7,8 9 10 11 12 13 14 15,3 3 3 3 3 3 3 3
968..975,128..511,7,12 13 14 15,3 3 3 3
969,64..71,7,8 9 10 11 12 13 14 15,3 3 3 3 3 3 3 3
969,72,7,0,1
969,73,7,1,1
969,74,7,2,1
969,75,7,3,1
969,76,7,4,1
969,77,7,5,1
969,78,7,6,1
969,79,7,7,1
969,80..127,7,8 9 10 11 12 13 14 15,3 3 3 3 3 3 3 3
970,64..79,7,8 9 10 11 12 13 14 15,3 3 3 3 3 3 3 3
970,80,7,0,1
970,81,7,1,1
970,82,7,2,1
970,83,7,3,1
970,84,7,4,1
970,85,7,5,1
970,86,7,6,1
970,87,7,7,1
970,88..127,7,8 9 10 11 12 13 14 15,3 3 3 3 3 3 3 3
971,64..87,7,8 9 10 11 12 13 14 15,3 3 3 3 3 3 3 3
971,88,7,0,1
971,89,7,1,1
971,90,7,2,1
971,91,7,3,1
971,92,7,4,1
971,93,7,5,1
971,94,7,6,1
971,95,7,7,1
971,96..127,7,8 9 10 11 12 13 14 15,3 3 3 3 3 3 3 3
972,64..95,7,8 9 10 11 12 13 14 15,3 3 3 3 3 3 3 3
972,96,7,0,1
972,97,7,1,1
972,98,7,2,1
972,99,7,3,1
972,100,7,4,1
972,101,7,5,1
972,102,7,6,1
972,103,7,7,1
972,104..127,7,8 9 10 11 12 13 14 15,3 3 3 3 3 3 3 3
973,64..103,7,8 9 10 11 12 13 14 15,3 3 3 3 3 3 3 3
973,104,7,0,1
973,105,7,1,1
973,106,7,2,1
973,107,7,3,1
973,108,7,4,1
973,109,7,5,1
973,110,7,6,1
973,111,7,7,1
973,112..127,7,8 9 10 11 12 13 14 15,3 3 3 3 3 3 3 3
974,64..111,7,8 9 10 11 12 13 14 15,3 3 3 3 3 3 3 3
974,112,7,0,1
974,113,7,1,1
974,114,7,2,1
974,115,7,3,1
974,116,7,4,1
974,117,7,5,1
974,118,7,6,1
974,119,7,7,1
974,120..127,7,8 9 10 11 12 13 14 15,3 3 3 3 3 3 3 3
975,64..119,7,8 9 10 11 12 13 14 15,3 3 3 3 3 3 3 3
975,120,7,0,1
975,121,7,1,1
975,122,7,2,1
975,123,7,3,1
975,124,7,4,1
975,125,7,5,1
975,126,7,6,1
975,127,7,7,1
976..983,0..127,7,12 13 14 15,3 3 3 3
976,128,7,0,1
976,129,7,1,1
976,130,7,2,1
976,131,7,3,1
976,132,7,4,1
976,133,7,5,1
976,134,7,6,1
976,135,7,7,1
976,136..191,7,8 9 10 11 12 13 14 15,3 3 3 3 3 3 3 3
976..983,192..511,7,12 13 14 15,3 3 3 3
977,128..135,7,8 9 10 11 12 13 14 15,3 3 3 3 3 3 3 3
977,136,7,0,1
977,137,7,1,1
977,138,7,2,1
977,139,7,3,1
977,140,7,4,1
977,141,7,5,1
977,142,7,6,1
977,143,7,7,1
977,144..191,7,8 9 10 11 12 13 14 15,3 3 3 3 3 3 3 3
978,128..143,7,8 9 10 11 12 13 14 15,3 3 3 3 3 3 3 3
978,144,7,0,1
978,145,7,1,1
978,146,7,2,1
978,147,7,3,1
978,148,7,4,1
978,149,7,5,1
978,150,7,6,1
978,151,7,7,1
978,152..191,7,8 9 10 11 12 13 14 15,3 3 3 3 3 3 3 3
979,128..151,7,8 9 10 11 12 13 14 15,3 3 3 3 3 3 3 3
979,152,7,0,1
979,153,7,1,1
979,154,7,2,1
979,155,7,3,1
979,156,7,4,1
979,157,7,5,1
979,158,7,6,1
979,159,7,7,1
979,160..191,7,8 9 10 11 12 13 14 15,3 3 3 3 3 3 3 3
980,128..159,7,8 9 10 11 12 13 14 15,3 3 3 3 3 3 3 3
980,160,7,0,1
980,161,7,1,1
980,162,7,2,1
980,163,7,3,1
980,164,7,4,1
980,165,7,5,1
980,166,7,6,1
980,167,7,7,1
980,168..191,7,8 9 10 11 12 13 14 15,3 3 3 3 3 3 3 3
981,128..167,7,8 9 10 11 12 13 14 15,3 3 3 3 3 3 3 3
981,168,7,0,1
981,169,7,1,1
981,170,7,2,1
981,171,7,3,1
981,172,7,4,1
981,173,7,5,1
981,174,7,6,1
981,175,7,7,1
981,176..191,7,8 9 10 11 12 13 14 15,3 3 3 3 3 3 3 3
982,128..175,7,8 9 10 11 12 13 14 15,3 3 3 3 3 3 3 3
982,176,7,0,1
982,177,7,1,1
982,178,7,2,1
982,179,7,3,1
982,180,7,4,1
982,181,7,5,1
982,182,7,6,1
982,183,7,7,1
982,184..191,7,8 9 10 11 12 13 14 15,3 3 3 3 3 3 3 3
983,128..183,7,8 9 10 11 12 13 14 15,3 3 3 3 3 3 3 3
983,184,7,0,1
983,185,7,1,1
983,186,7,2,1
983,187,7,3,1
983,188,7,4,1
983,189,7,5,1
983,190,7,6,1
983,191,7,7,1
984..991,0..191,7,12 13 14 15,3 3 3 3
984,192,7,0,1
984,193,7,1,1
984,194,7,2,1
984,195,7,3,1
984,196,7,4,1
984,197,7,5,1
984,198,7,6,1
984,199,7,7,1
984,200..255,7,8 9 10 11 12 13 14 15,3 3 3 3 3 3 3 3
984..991,256..511,7,12 13 14 15,3 3 3 3
985,192..199,7,8 9 10 11 12 13 14 15,3 3 3 3 3 3 3 3
985,200,7,0,1
985,201,7,1,1
985,202,7,2,1
985,203,7,3,1
985,204,7,4,1
985,205,7,5,1
985,206,7,6,1
985,207,7,7,1
985,208..255,7,8 9 10 11 12 13 14 15,3 3 3 3 3 3 3 3
986,192..207,7,8 9 10 11 12 13 14 15,3 3 3 3 3 3 3 3
986,208,7,0,1
986,209,7,1,1
986,210,7,2,1
986,211,7,3,1
986,212,7,4,1
986,213,7,5,1
986,214,7,6,1
986,215,7,7,1
986,216..255,7,8 9 10 11 12 13 14 15,3 3 3 3 3 3 3 3
987,192..215,7,8 9 10 11 12 13 14 15,3 3 3 3 3 3 3 3
987,216,7,0,1
987,217,7,1,1
987,218,7,2,1
987,219,7,3,1
987,220,7,4,1
987,221,7,5,1
987,222,7,6,1
987,223,7,7,1
987,224..255,7,8 9 10 11 12 13 14 15,3 3 3 3 3 3 3 3
988,192..223,7,8 9 10 11 12 13 14 15,3 3 3 3 3 3 3 3
988,224,7,0,1
988,225,7,1,1
988,226,7,2,1
988,227,7,3,1
988,228,7,4,1
988,229,7,5,1
988,230,7,6,1
988,231,7,7,1
988,232..255,7,8 9 10 11 12 13 14 15,3 3 3 3 3 3 3 3
989,192..231,7,8 9 10 11 12 13 14 15,3 3 3 3 3 3 3 3
989,232,7,0,1
989,233,7,1,1
989,234,7,2,1
989,235,7,3,1
989,236,7,4,1
989,237,7,5,1
989,238,7,6,1
989,239,7,7,1
989,240..255,7,8 9 10 11 12 13 14 15,3 3 3 3 3 3 3 3
990,192..239,7,8 9 10 11 12 13 14 15,3 3 3 3 3 3 3 3
990,240,7,0,1
990,241,7,1,1
990,242,7,2,1
990,243,7,3,1
990,244,7,4,1
990,245,7,5,1
990,246,7,6,1
990,247,7,7,1
990,248..255,7,8 9 10 11 12 13 14 15,3 3 3 3 3 3 3 3
991,192..247,7,8 9 10 11 12 13 14 15,3 3 3 3 3 3 3 3
991,248,7,0,1
991,249,7,1,1
991,250,7,2,1
991,251,7,3,1
991,252,7,4,1
991,253,7,5,1
991,254,7,6,1
991,255,7,7,1
992..999,0..255,7,12 13 14 15,3 3 3 3
992,256,7,0,1
992,257,7,1,1
992,258,7,2,1
992,259,7,3,1
992,260,7,4,1
992,261,7,5,1
992,262,7,6,1
992,263,7,7,1
992,264..319,7,8 9 10 11 12 13 14 15,3 3 3 3 3 3 3 3
992..999,320..511,7,12 13 14 15,3 3 3 3
993,256..263,7,8 9 10 11 12 13 14 15,3 3 3 3 3 3 3 3
993,264,7,0,1
993,265,7,1,1
993,266,7,2,1
993,267,7,3,1
993,268,7,4,1
993,269,7,5,1
993,270,7,6,1
993,271,7,7,1
993,272..319,7,8 9 10 11 12 13 14 15,3 3 3 3 3 3 3 3
994,256..271,7,8 9 10 11 12 13 14 15,3 3 3 3 3 3 3 3
994,272,7,0,1
994,273,7,1,1
994,274,7,2,1
994,275,7,3,1
994,276,7,4,1
994,277,7,5,1
994,278,7,6,1
994,279,7,7,1
994,280..319,7,8 9 10 11 12 13 14 15,3 3 3 3 3 3 3 3
995,256..279,7,8 9 10 11 12 13 14 15,3 3 3 3 3 3 3 3
995,280,7,0,1
995,281,7,1,1
995,282,7,2,1
995,283,7,3,1
995,284,7,4,1
995,285,7,5,1
995,286,7,6,1
995,287,7,7,1
995,288..319,7,8 9 10 11 12 13 14 15,3 3 3 3 3 3 3 3
996,256..287,7,8 9 10 11 12 13 14 15,3 3 3 3 3 3 3 3
996,288,7,0,1
996,289,7,1,1
996,290,7,2,1
996,291,7,3,1
996,292,7,4,1
996,293,7,5,1
996,294,7,6,1
996,295,7,7,1
996,296..319,7,8 9 10 11 12 13 14 15,3 3 3 3 3 3 3 3
997,256..295,7,8 9 10 11 12 13 14 15,3 3 3 3 3 3 3 3
997,296,7,0,1
997,297,7,1,1
997,298,7,2,1
997,299,7,3,1
997,300,7,4,1
997,301,7,5,1
997,302,7,6,1
997,303,7,7,1
997,304..319,7,8 9 10 11 12 13 14 15,3 3 3 3 3 3 3 3
998,256..303,7,8 9 10 11 12 13 14 15,3 3 3 3 3 3 3 3
998,304,7,0,1
998,305,7,1,1
998,306,7,2,1
998,307,7,3,1
998,308,7,4,1
998,309,7,5,1
998,310,7,6,1
998,311,7,7,1
998,312..319,7,8 9 10 11 12 13 14 15,3 3 3 3 3 3 3 3
999,256..311,7,8 9 10 11 12 13 14 15,3 3 3 3 3 3 3 3
999,312,7,0,1
999,313,7,1,1
999,314,7,2,1
999,315,7,3,1
999,316,7,4,1
999,317,7,5,1
999,318,7,6,1
999,319,7,7,1
1000..1007,0..319,7,12 13 14 15,3 3 3 3
1000,320,7,0,1
1000,321,7,1,1
1000,322,7,2,1
1000,323,7,3,1
1000,324,7,4,1
1000,325,7,5,1
1000,326,7,6,1
1000,327,7,7,1
1000,328..383,7,8 9 10 11 12 13 14 15,3 3 3 3 3 3 3 3
1000..1007,384..511,7,12 13 14 15,3 3 3 3
1001,320..327,7,8 9 10 11 12 13 14 15,3 3 3 3 3 3 3 3
1001,328,7,0,1
1001,329,7,1,1
1001,330,7,2,1
1001,331,7,3,1
1001,332,7,4,1
1001,333,7,5,1
1001,334,7,6,1
1001,335,7,7,1
1001,336..383,7,8 9 10 11 12 13 14 15,3 3 3 3 3 3 3 3
1002,320..335,7,8 9 10 11 12 13 14 15,3 3 3 3 3 3 3 3
1002,336,7,0,1
1002,337,7,1,1
1002,338,7,2,1
1002,339,7,3,1
1002,340,7,4,1
1002,341,7,5,1
1002,342,7,6,1
1002,343,7,7,1
1002,344..383,7,8 9 10 11 12 13 14 15,3 3 3 3 3 3 3 3
1003,320..343,7,8 9 10 11 12 13 14 15,3 3 3 3 3 3 3 3
1003,344,7,0,1
1003,345,7,1,1
1003,346,7,2,1
1003,347,7,3,1
1003,348,7,4,1
1003,349,7,5,1
1003,350,7,6,1
1003,351,7,7,1
1003,352..383,7,8 9 10 11 12 13 14 15,3 3 3 3 3 3 3 3
1004,320..351,7,8 9 10 11 12 13 14 15,3 3 3 3 3 3 3 3
1004,352,7,0,1
1004,353,7,1,1
1004,354,7,2,1
1004,355,7,3,1
1004,356,7,4,1
1004,357,7,5,1
1004,358,7,6,1
1004,359,7,7,1
1004,360..383,7,8 9 10 11 12 13 14 15,3 3 3 3 3 3 3 3
1005,320..359,7,8 9 10 11 12 13 14 15,3 3 3 3 3 3 3 3
1005,360,7,0,1
1005,361,7,1,1
1005,362,7,2,1
1005,363,7,3,1
1005,364,7,4,1
1005,365,7,5,1
1005,366,7,6,1
1005,367,7,7,1
1005,368..383,7,8 9 10 11 12 13 14 15,3 3 3 3 3 3 3 3
1006,320..367,7,8 9 10 11 12 13 14 15,3 3 3 3 3 3 3 3
1006,368,7,0,1
1006,369,7,1,1
1006,370,7,2,1
1006,371,7,3,1
1006,372,7,4,1
1006,373,7,5,1
1006,374,7,6,1
1006,375,7,7,1
1006,376..383,7,8 9 10 11 12 13 14 15,3 3 3 3 3 3 3 3
1007,320..375,7,8 9 10 11 12 13 14 15,3 3 3 3 3 3 3 3
1007,376,7,0,1
1007,377,7,1,1
1007,378,7,2,1
1007,379,7,3,1
1007,380,7,4,1
1007,381,7,5,1
1007,382,7,6,1
1007,383,7,7,1
1008..1015,0..383,7,12 13 14 15,3 3 3 3
1008,384,7,0,1
1008,385,7,1,1
1008,386,7,2,1
1008,387,7,3,1
1008,388,7,4,1
1008,389,7,5,1
1008,390,7,6,1
1008,391,7,7,1
1008,392..447,7,8 9 10 11 12 13 14 15,3 3 3 3 3 3 3 3
1008..1015,448..511,7,12 13 14 15,3 3 3 3
1009,384..391,7,8 9 10 11 12 13 14 15,3 3 3 3 3 3 3 3
1009,392,7,0,1
1009,393,7,1,1
1009,394,7,2,1
1009,395,7,3,1
1009,396,7,4,1
1009,397,7,5,1
1009,398,7,6,1
1009,399,7,7,1
1009,400..447,7,8 9 10 11 12 13 14 15,3 3 3 3 3 3 3 3
1010,384..399,7,8 9 10 11 12 13 14 15,3 3 3 3 3 3 3 3
1010,400,7,0,1
1010,401,7,1,1
1010,402,7,2,1
1010,403,7,3,1
1010,404,7,4,1
1010,405,7,5,1
1010,406,7,6,1
1010,407,7,7,1
1010,408..447,7,8 9 10 11 12 13 14 15,3 3 3 3 3 3 3 3
1011,384..407,7,8 9 10 11 12 13 14 15,3 3 3 3 3 3 3 3
1011,408,7,0,1
1011,409,7,1,1
1011,410,7,2,1
1011,411,7,3,1
1011,412,7,4,1
1011,413,7,5,1
1011,414,7,6,1
1011,415,7,7,1
1011,416..447,7,8 9 10 11 12 13 14 15,3 3 3 3 3 3 3 3
1012,384..415,7,8 9 10 11 12 13 14 15,3 3 3 3 3 3 3 3
1012,416,7,0,1
1012,417,7,1,1
1012,418,7,2,1
1012,419,7,3,1
1012,420,7,4,1
1012,421,7,5,1
1012,422,7,6,1
1012,423,7,7,1
1012,424..447,7,8 9 10 11 12 13 14 15,3 3 3 3 3 3 3 3
1013,384..423,7,8 9 10 11 12 13 14 15,3 3 3 3 3 3 3 3
1013,424,7,0,1
1013,425,7,1,1
1013,426,7,2,1
1013,427,7,3,1
1013,428,7,4,1
1013,429,7,5,1
1013,430,7,6,1
1013,431,7,7,1
1013,432..447,7,8 9 10 11 12 13 14 15,3 3 3 3 3 3 3 3
1014,384..431,7,8 9 10 11 12 13 14 15,3 3 3 3 3 3 3 3
1014,432,7,0,1
1014,433,7,1,1
1014,434,7,2,1
1014,435,7,3,1
1014,436,7,4,1
1014,437,7,5,1
1014,438,7,6,1
1014,439,7,7,1
1014,440..447,7,8 9 10 11 12 13 14 15,3 3 3 3 3 3 3 3
1015,384..439,7,8 9 10 11 12 13 14 15,3 3 3 3 3 3 3 3
1015,440,7,0,1
1015,441,7,1,1
1015,442,7,2,1
1015,443,7,3,1
1015,444,7,4,1
1015,445,7,5,1
1015,446,7,6,1
1015,447,7,7,1
1016..1023,0..447,7,12 13 14 15,3 3 3 3
1016,448,7,0,1
1016,449,7,1,1
1016,450,7,2,1
1016,451,7,3,1
1016,452,7,4,1
1016,453,7,5,1
1016,454,7,6,1
1016,455,7,7,1
1016,456..511,7,8 9 10 11 12 13 14 15,3 3 3 3 3 3 3 3
1017,448..455,7,8 9 10 11 12 13 14 15,3 3 3 3 3 3 3 3
1017,456,7,0,1
1017,457,7,1,1
1017,458,7,2,1
1017,459,7,3,1
1017,460,7,4,1
1017,461,7,5,1
1017,462,7,6,1
1017,463,7,7,1
1017,464..511,7,8 9 10 11 12 13 14 15,3 3 3 3 3 3 3 3
1018,448..463,7,8 9 10 11 12 13 14 15,3 3 3 3 3 3 3 3
1018,464,7,0,1
1018,465,7,1,1
1018,466,7,2,1
1018,467,7,3,1
1018,468,7,4,1
1018,469,7,5,1
1018,470,7,6,1
1018,471,7,7,1
1018,472..511,7,8 9 10 11 12 13 14 15,3 3 3 3 3 3 3 3
1019,448..471,7,8 9 10 11 12 13 14 15,3 3 3 3 3 3 3 3
1019,472,7,0,1
1019,473,7,1,1
1019,474,7,2,1
1019,475,7,3,1
1019,476,7,4,1
1019,477,7,5,1
1019,478,7,6,1
1019,479,7,7,1
1019,480..511,7,8 9 10 11 12 13 14 15,3 3 3 3 3 3 3 3
1020,448..479,7,8 9 10 11 12 13 14 15,3 3 3 3 3 3 3 3
1020,480,7,0,1
1020,481,7,1,1
1020,482,7,2,1
1020,483,7,3,1
1020,484,7,4,1
1020,485,7,5,1
1020,486,7,6,1
1020,487,7,7,1
1020,488..511,7,8 9 10 11 12 13 14 15,3 3 3 3 3 3 3 3
1021,448..487,7,8 9 10 11 12 13 14 15,3 3 3 3 3 3 3 3
1021,488,7,0,1
1021,489,7,1,1
1021,490,7,2,1
1021,491,7,3,1
1021,492,7,4,1
1021,493,7,5,1
1021,494,7,6,1
1021,495,7,7,1
1021,496..511,7,8 9 10 11 12 13 14 15,3 3 3 3 3 3 3 3
1022,448..495,7,8 9 10 11 12 13 14 15,3 3 3 3 3 3 3 3
1022,496,7,0,1
1022,497,7,1,1
1022,498,7,2,1
1022,499,7,3,1
1022,500,7,4,1
1022,501,7,5,1
1022,502,7,6,1
1022,503,7,7,1
1022,504..511,7,8 9 10 11 12 13 14 15,3 3 3 3 3 3 3 3
1023,448..503,7,8 9 10 11 12 13 14 15,3 3 3 3 3 3 3 3
1023,504,7,0,1
1023,505,7,1,1
1023,506,7,2,1
1023,507,7,3,1
1023,508,7,4,1
1023,509,7,5,1
1023,510,7,6,1
1023,511,7,7,1
1024..1025,0..7,0,0 1,2 2
1024..1025,8..15,0,2 3,2 2
1024..1025,16..23,0,4 5,2 2
1024..1025,24..31,0,6 7,2 2
1024..1025,32..39,0,8 9,2 2
1024..1025,40..47,0,10 11,2 2
1024..1025,48..55,0,12 13,2 2
1024..1025,56..63,0,14 15,2 2
1026..1027,64..71,0,0 1,2 2
1026..1027,72..79,0,2 3,2 2
1026..1027,80..87,0,4 5,2 2
1026..1027,88..95,0,6 7,2 2
1026..1027,96..103,0,8 9,2 2
1026..1027,104..111,0,10 11,2 2
1026..1027,112..119,0,12 13,2 2
1026..1027,120..127,0,14 15,2 2
1028..1029,128..135,0,0 1,2 2
1028..1029,136..143,0,2 3,2 2
1028..1029,144..151,0,4 5,2 2
1028..1029,152..159,0,6 7,2 2
1028..1029,160..167,0,8 9,2 2
1028..1029,168..175,0,10 11,2 2
1028..1029,176..183,0,12 13,2 2
1028..1029,184..191,0,14 15,2 2
1030..1031,192..199,0,0 1,2 2
1030..1031,200..207,0,2 3,2 2
1030..1031,208..215,0,4 5,2 2
1030..1031,216..223,0,6 7,2 2
1030..1031,224..231,0,8 9,2 2
1030..1031,232..239,0,10 11,2 2
1030..1031,240..247,0,12 13,2 2
1030..1031,248..255,0,14 15,2 2
1032..1033,256..263,0,0 1,2 2
1032..1033,264..271,0,2 3,2 2
1032..1033,272..279,0,4 5,2 2
1032..1033,280..287,0,6 7,2 2
1032..1033,288..295,0,8 9,2 2
1032..1033,296..303,0,10 11,2 2
1032..1033,304..311,0,12 13,2 2
1032..1033,312..319,0,14 15,2 2
1034..1035,320..327,0,0 1,2 2
1034..1035,328..335,0,2 3,2 2
1034..1035,336..343,0,4 5,2 2
1034..1035,344..351,0,6 7,2 2
1034..1035,352..359,0,8 9,2 2
1034..1035,360..367,0,10 11,2 2
1034..1035,368..375,0,12 13,2 2
1034..1035,376..383,0,14 15,2 2
1036..1037,384..391,0,0 1,2 2
1036..1037,392..399,0,2 3,2 2
1036..1037,400..407,0,4 5,2 2
1036..1037,408..415,0,6 7,2 2
1036..1037,416..423,0,8 9,2 2
1036..1037,424..431,0,10 11,2 2
1036..1037,432..439,0,12 13,2 2
1036..1037,440..447,0,14 15,2 2
1038..1039,448..455,0,0 1,2 2
1038..1039,456..463,0,2 3,2 2
1038..1039,464..471,0,4 5,2 2
1038..1039,472..479,0,6 7,2 2
1038..1039,480..487,0,8 9,2 2
1038..1039,488..495,0,10 11,2 2
1038..1039,496..503,0,12 13,2 2
1038..1039,504..511,0,14 15,2 2
1040..1041,0..7,1,0 1,2 2
1040..1041,8..15,1,2 3,2 2
1040..1041,16..23,1,4 5,2 2
1040..1041,24..31,1,6 7,2 2
1040..1041,32..39,1,8 9,2 2
1040..1041,40..47,1,10 11,2 2
1040..1041,48..55,1,12 13,2 2
1040..1041,56..63,1,14 15,2 2
1042..1043,64..71,1,0 1,2 2
1042..1043,72..79,1,2 3,2 2
1042..1043,80..87,1,4 5,2 2
1042..1043,88..95,1,6 7,2 2
1042..1043,96..103,1,8 9,2 2
1042..1043,104..111,1,10 11,2 2
1042..1043,112..119,1,12 13,2 2
1042..1043,120..127,1,14 15,2 2
1044..1045,128..135,1,0 1,2 2
1044..1045,136..143,1,2 3,2 2
1044..1045,144..151,1,4 5,2 2
1044..1045,152..159,1,6 7,2 2
1044..1045,160..167,1,8 9,2 2
1044..1045,168..175,1,10 11,2 2
1044..1045,176..183,1,12 13,2 2
1044..1045,184..191,1,14 15,2 2
1046..1047,192..199,1,0 1,2 2
1046..1047,200..207,1,2 3,2 2
1046..1047,208..215,1,4 5,2 2
1046..1047,216..223,1,6 7,2 2
1046..1047,224..231,1,8 9,2 2
1046..1047,232..239,1,10 11,2 2
1046..1047,240..247,1,12 13,2 2
1046..1047,248..255,1,14 15,2 2
1048..1049,256..263,1,0 1,2 2
1048..1049,264..271,1,2 3,2 2
1048..1049,272..279,1,4 5,2 2
1048..1049,280..287,1,6 7,2 2
1048..1049,288..295,1,8 9,2 2
1048..1049,296..303,1,10 11,2 2
1048..1049,304..311,1,12 13,2 2
1048..1049,312..319,1,14 15,2 2
1050..1051,320..327,1,0 1,2 2
1050..1051,328..335,1,2 3,2 2
1050..1051,336..343,1,4 5,2 2
1050..1051,344..351,1,6 7,2 2
1050..1051,352..359,1,8 9,2 2
1050..1051,360..367,1,10 11,2 2
1050..1051,368..375,1,12 13,2 2
1050..1051,376..383,1,14 15,2 2
1052..1053,384..391,1,0 1,2 2
1052..1053,392..399,1,2 3,2 2
1052..1053,400..407,1,4 5,2 2
1052..1053,408..415,1,6 7,2 2
1052..1053,416..423,1,8 9,2 2
1052..1053,424..431,1,10 11,2 2
1052..1053,432..439,1,12 13,2 2
1052..1053,440..447,1,14 15,2 2
1054..1055,448..455,1,0 1,2 2
1054..1055,456..463,1,2 3,2 2
1054..1055,464..471,1,4 5,2 2
1054..1055,472..479,1,6 7,2 2
1054..1055,480..487,1,8 9,2 2
1054..1055,488..495,1,10 11,2 2
1054..1055,496..503,1,12 13,2 2
1054..1055,504..511,1,14 15,2 2
1056..1057,0..7,2,0 1,2 2
1056..1057,8..15,2,2 3,2 2
1056..1057,16..23,2,4 5,2 2
1056..1057,24..31,2,6 7,2 2
1056..1057,32..39,2,8 9,2 2
1056..1057,40..47,2,10 11,2 2
1056..1057,48..55,2,12 13,2 2
1056..1057,56..63,2,14 15,2 2
1058..1059,64..71,2,0 1,2 2
1058..1059,72..79,2,2 3,2 2
1058..1059,80..87,2,4 5,2 2
1058..1059,88..95,2,6 7,2 2
1058..1059,96..103,2,8 9,2 2
1058..1059,104..111,2,10 11,2 2
1058..1059,112..119,2,12 13,2 2
1058..1059,120..127,2,14 15,2 2
1060..1061,128..135,2,0 1,2 2
1060..1061,136..143,2,2 3,2 2
1060..1061,144..151,2,4 5,2 2
1060..1061,152..159,2,6 7,2 2
1060..1061,160..167,2,8 9,2 2
1060..1061,168..175,2,10 11,2 2
1060..1061,176..183,2,12 13,2 2
1060..1061,184..191,2,14 15,2 2
1062..1063,192..199,2,0 1,2 2
1062..1063,200..207,2,2 3,2 2
1062..1063,208..215,2,4 5,2 2
1062..1063,216..223,2,6 7,2 2
1062..1063,224..231,2,8 9,2 2
1062..1063,232..239,2,10 11,2 2
1062..1063,240..247,2,12 13,2 2
1062..1063,248..255,2,14 15,2 2
1064..1065,256..263,2,0 1,2 2
1064..1065,264..271,2,2 3,2 2
1064..1065,272..279,2,4 5,2 2
1064..1065,280..287,2,6 7,2 2
1064..1065,288..295,2,8 9,2 2
1064..1065,296..303,2,10 11,2 2
1064..1065,304..311,2,12 13,2 2
1064..1065,312..319,2,14 15,2 2
1066..1067,320..327,2,0 1,2 2
1066..1067,328..335,2,2 3,2 2
1066..1067,336..343,2,4 5,2 2
1066..1067,344..351,2,6 7,2 2
1066..1067,352..359,2,8 9,2 2
1066..1067,360..367,2,10 11,2 2
1066..1067,368..375,2,12 13,2 2
1066..1067,376..383,2,14 15,2 2
1068..1069,384..391,2,0 1,2 2
1068..1069,392..399,2,2 3,2 2
1068..1069,400..407,2,4 5,2 2
1068..1069,408..415,2,6 7,2 2
1068..1069,416..423,2,8 9,2 2
1068..1069,424..431,2,10 11,2 2
1068..1069,432..439,2,12 13,2 2
1068..1069,440..447,2,14 15,2 2
1070..1071,448..455,2,0 1,2 2
1070..1071,456..463,2,2 3,2 2
1070..1071,464..471,2,4 5,2 2
1070..1071,472..479,2,6 7,2 2
1070..1071,480..487,2,8 9,2 2
1070..1071,488..495,2,10 11,2 2
1070..1071,496..503,2,12 13,2 2
1070..1071,504..511,2,14 15,2 2
1072..1073,0..7,3,0 1,2 2
1072..1073,8..15,3,2 3,2 2
1072..1073,16..23,3,4 5,2 2
1072..1073,24..31,3,6 7,2 2
1072..1073,32..39,3,8 9,2 2
1072..1073,40..47,3,10 11,2 2
1072..1073,48..55,3,12 13,2 2
1072..1073,56..63,3,14 15,2 2
1074..1075,64..71,3,0 1,2 2
1074..1075,72..79,3,2 3,2 2
1074..1075,80..87,3,4 5,2 2
1074..1075,88..95,3,6 7,2 2
1074..1075,96..103,3,8 9,2 2
1074..1075,104..111,3,10 11,2 2
1074..1075,112..119,3,12 13,2 2
1074..1075,120..127,3,14 15,2 2
1076..1077,128..135,3,0 1,2 2
1076..1077,136..143,3,2 3,2 2
1076..1077,144..151,3,4 5,2 2
1076..1077,152..159,3,6 7,2 2
1076..1077,160..167,3,8 9,2 2
1076..1077,168..175,3,10 11,2 2
1076..1077,176..183,3,12 13,2 2
1076..1077,184..191,3,14 15,2 2
1078..1079,192..199,3,0 1,2 2
1078..1079,200..207,3,2 3,2 2
1078..1079,208..215,3,4 5,2 2
1078..1079,216..223,3,6 7,2 2
1078..1079,224..231,3,8 9,2 2
1078..1079,232..239,3,10 11,2 2
1078..1079,240..247,3,12 13,2 2
1078..1079,248..255,3,14 15,2 2
1080..1081,256..263,3,0 1,2 2
1080..1081,264..271,3,2 3,2 2
1080..1081,272..279,3,4 5,2 2
1080..1081,280..287,3,6 7,2 2
1080..1081,288..295,3,8 9,2 2
1080..1081,296..303,3,10 11,2 2
1080..1081,304..311,3,12 13,2 2
1080..1081,312..319,3,14 15,2 2
1082..1083,320..327,3,0 1,2 2
1082..1083,328..335,3,2 3,2 2
1082..1083,336..343,3,4 5,2 2
1082..1083,344..351,3,6 7,2 2
1082..1083,352..359,3,8 9,2 2
1082..1083,360..367,3,10 11,2 2
1082..1083,368..375,3,12 13,2 2
1082..1083,376..383,3,14 15,2 2
1084..1085,384..391,3,0 1,2 2
1084..1085,392..399,3,2 3,2 2
1084..1085,400..407,3,4 5,2 2
1084..1085,408..415,3,6 7,2 2
1084..1085,416..423,3,8 9,2 2
1084..1085,424..431,3,10 11,2 2
1084..1085,432..439,3,12 13,2 2
1084..1085,440..447,3,14 15,2 2
1086..1087,448..455,3,0 1,2 2
1086..1087,456..463,3,2 3,2 2
1086..1087,464..471,3,4 5,2 2
1086..1087,472..479,3,6 7,2 2
1086..1087,480..487,3,8 9,2 2
1086..1087,488..495,3,10 11,2 2
1086..1087,496..503,3,12 13,2 2
1086..1087,504..511,3,14 15,2 2
1088..1089,0..7,4,0 1,2 2
1088..1089,8..15,4,2 3,2 2
1088..1089,16..23,4,4 5,2 2
1088..1089,24..31,4,6 7,2 2
1088..1089,32..39,4,8 9,2 2
1088..1089,40..47,4,10 11,2 2
1088..1089,48..55,4,12 13,2 2
1088..1089,56..63,4,14 15,2 2
1090..1091,64..71,4,0 1,2 2
1090..1091,72..79,4,2 3,2 2
1090..1091,80..87,4,4 5,2 2
1090..1091,88..95,4,6 7,2 2
1090..1091,96..103,4,8 9,2 2
1090..1091,104..111,4,10 11,2 2
1090..1091,112..119,4,12 13,2 2
1090..1091,120..127,4,14 15,2 2
1092..1093,128..135,4,0 1,2 2
1092..1093,136..143,4,2 3,2 2
1092..1093,144..151,4,4 5,2 2
1092..1093,152..159,4,6 7,2 2
1092..1093,160..167,4,8 9,2 2
1092..1093,168..175,4,10 11,2 2
1092..1093,176..183,4,12 13,2 2
1092..1093,184..191,4,14 15,2 2
1094..1095,192..199,4,0 1,2 2
1094..1095,200..207,4,2 3,2 2
1094..1095,208..215,4,4 5,2 2
1094..1095,216..223,4,6 7,2 2
1094..1095,224..231,4,8 9,2 2
1094..1095,232..239,4,10 11,2 2
1094..1095,240..247,4,12 13,2 2
1094..1095,248..255,4,14 15,2 2
1096..1097,256..263,4,0 1,2 2
1096..1097,264..271,4,2 3,2 2
1096..1097,272..279,4,4 5,2 2
1096..1097,280..287,4,6 7,2 2
1096..1097,288..295,4,8 9,2 2
1096..1097,296..303,4,10 11,2 2
1096..1097,304..311,4,12 13,2 2
1096..1097,312..319,4,14 15,2 2
1098..1099,320..327,4,0 1,2 2
1098..1099,328..335,4,2 3,2 2
1098..1099,336..343,4,4 5,2 2
1098..1099,344..351,4,6 7,2 2
1098..1099,352..359,4,8 9,2 2
1098..1099,360..367,4,10 11,2 2
1098..1099,368..375,4,12 13,2 2
1098..1099,376..383,4,14 15,2 2
1100..1101,384..391,4,0 1,2 2
1100..1101,392..399,4,2 3,2 2
1100..1101,400..407,4,4 5,2 2
1100..1101,408..415,4,6 7,2 2
1100..1101,416..423,4,8 9,2 2
1100..1101,424..431,4,10 11,2 2
1100..1101,432..439,4,12 13,2 2
1100..1101,440..447,4,14 15,2 2
1102..1103,448..455,4,0 1,2 2
1102..1103,456..463,4,2 3,2 2
1102..1103,464..471,4,4 5,2 2
1102..1103,472..479,4,6 7,2 2
1102..1103,480..487,4,8 9,2 2
1102..1103,488..495,4,10 11,2 2
1102..1103,496..503,4,12 13,2 2
1102..1103,504..511,4,14 15,2 2
1104..1105,0..7,5,0 1,2 2
1104..1105,8..15,5,2 3,2 2
1104..1105,16..23,5,4 5,2 2
1104..1105,24..31,5,6 7,2 2
1104..1105,32..39,5,8 9,2 2
1104..1105,40..47,5,10 11,2 2
1104..1105,48..55,5,12 13,2 2
1104..1105,56..63,5,14 15,2 2
1106..1107,64..71,5,0 1,2 2
1106..1107,72..79,5,2 3,2 2
1106..1107,80..87,5,4 5,2 2
1106..1107,88..95,5,6 7,2 2
1106..1107,96..103,5,8 9,2 2
1106..1107,104..111,5,10 11,2 2
1106..1107,112..119,5,12 13,2 2
1106..1107,120..127,5,14 15,2 2
1108..1109,128..135,5,0 1,2 2
1108..1109,136..143,5,2 3,2 2
1108..1109,144..151,5,4 5,2 2
1108..1109,152..159,5,6 7,2 2
1108..1109,160..167,5,8 9,2 2
1108..1109,168..175,5,10 11,2 2
1108..1109,176..183,5,12 13,2 2
1108..1109,184..191,5,14 15,2 2
1110..1111,192..199,5,0 1,2 2
1110..1111,200..207,5,2 3,2 2
1110..1111,208..215,5,4 5,2 2
1110..1111,216..223,5,6 7,2 2
1110..1111,224..231,5,8 9,2 2
1110..1111,232..239,5,10 11,2 2
1110..1111,240..247,5,12 13,2 2
1110..1111,248..255,5,14 15,2 2
1112..1113,256..263,5,0 1,2 2
1112..1113,264..271,5,2 3,2 2
1112..1113,272..279,5,4 5,2 2
1112..1113,280..287,5,6 7,2 2
1112..1113,288..295,5,8 9,2 2
1112..1113,296..303,5,10 11,2 2
1112..1113,304..311,5,12 13,2 2
1112..1113,312..319,5,14 15,2 2
1114..1115,320..327,5,0 1,2 2
1114..1115,328..335,5,2 3,2 2
1114..1115,336..343,5,4 5,2 2
1114..1115,344..351,5,6 7,2 2
1114..1115,352..359,5,8 9,2 2
1114..1115,360..367,5,10 11,2 2
1114..1115,368..375,5,12 13,2 2
1114..1115,376..383,5,14 15,2 2
1116..1117,384..391,5,0 1,2 2
1116..1117,392..399,5,2 3,2 2
1116..1117,400..407,5,4 5,2 2
1116..1117,408..415,5,6 7,2 2
1116..1117,416..423,5,8 9,2 2
1116..1117,424..431,5,10 11,2 2
1116..1117,432..439,5,12 13,2 2
1116..1117,440..447,5,14 15,2 2
1118..1119,448..455,5,0 1,2 2
1118..1119,456..463,5,2 3,2 2
1118..1119,464..471,5,4 5,2 2
1118..1119,472..479,5,6 7,2 2
1118..1119,480..487,5,8 9,2 2
1118..1119,488..495,5,10 11,2 2
1118..1119,496..503,5,12 13,2 2
1118..1119,504..511,5,14 15,2 2
1120..1121,0..7,6,0 1,2 2
1120..1121,8..15,6,2 3,2 2
1120..1121,16..23,6,4 5,2 2
1120..1121,24..31,6,6 7,2 2
1120..1121,32..39,6,8 9,2 2
1120..1121,40..47,6,10 11,2 2
1120..1121,48..55,6,12 13,2 2
1120..1121,56..63,6,14 15,2 2
1122..1123,64..71,6,0 1,2 2
1122..1123,72..79,6,2 3,2 2
1122..1123,80..87,6,4 5,2 2
1122..1123,88..95,6,6 7,2 2
1122..1123,96..103,6,8 9,2 2
1122..1123,104..111,6,10 11,2 2
1122..1123,112..119,6,12 13,2 2
1122..1123,120..127,6,14 15,2 2
1124..1125,128..135,6,0 1,2 2
1124..1125,136..143,6,2 3,2 2
1124..1125,144..151,6,4 5,2 2
1124..1125,152..159,6,6 7,2 2
1124..1125,160..167,6,8 9,2 2
1124..1125,168..175,6,10 11,2 2
1124..1125,176..183,6,12 13,2 2
1124..1125,184..191,6,14 15,2 2
1126..1127,192..199,6,0 1,2 2
1126..1127,200..207,6,2 3,2 2
1126..1127,208..215,6,4 5,2 2
1126..1127,216..223,6,6 7,2 2
1126..1127,224..231,6,8 9,2 2
1126..1127,232..239,6,10 11,2 2
1126..1127,240..247,6,12 13,2 2
1126..1127,248..255,6,14 15,2 2
1128..1129,256..263,6,0 1,2 2
1128..1129,264..271,6,2 3,2 2
1128..1129,272..279,6,4 5,2 2
1128..1129,280..287,6,6 7,2 2
1128..1129,288..295,6,8 9,2 2
1128..1129,296..303,6,10 11,2 2
1128..1129,304..311,6,12 13,2 2
1128..1129,312..319,6,14 15,2 2
1130..1131,320..327,6,0 1,2 2
1130..1131,328..335,6,2 3,2 2
1130..1131,336..343,6,4 5,2 2
1130..1131,344..351,6,6 7,2 2
1130..1131,352..359,6,8 9,2 2
1130..1131,360..367,6,10 11,2 2
1130..1131,368..375,6,12 13,2 2
1130..1131,376..383,6,14 15,2 2
1132..1133,384..391,6,0 1,2 2
1132..1133,392..399,6,2 3,2 2
1132..1133,400..407,6,4 5,2 2
1132..1133,408..415,6,6 7,2 2
1132..1133,416..423,6,8 9,2 2
1132..1133,424..431,6,10 11,2 2
1132..1133,432..439,6,12 13,2 2
1132..1133,440..447,6,14 15,2 2
1134..1135,448..455,6,0 1,2 2
1134..1135,456..463,6,2 3,2 2
1134..1135,464..471,6,4 5,2 2
1134..1135,472..479,6,6 7,2 2
1134..1135,480..487,6,8 9,2 2
1134..1135,488..495,6,10 11,2 2
1134..1135,496..503,6,12 13,2 2
1134..1135,504..511,6,14 15,2 2
1136..1137,0..7,7,0 1,2 2
1136..1137,8..15,7,2 3,2 2
1136..1137,16..23,7,4 5,2 2
1136..1137,24..31,7,6 7,2 2
1136..1137,32..39,7,8 9,2 2
1136..1137,40..47,7,10 11,2 2
1136..1137,48..55,7,12 13,2 2
1136..1137,56..63,7,14 15,2 2
1138..1139,64..71,7,0 1,2 2
1138..1139,72..79,7,2 3,2 2
1138..1139,80..87,7,4 5,2 2
1138..1139,88..95,7,6 7,2 2
1138..1139,96..103,7,8 9,2 2
1138..1139,104..111,7,10 11,2 2
1138..1139,112..119,7,12 13,2 2
1138..1139,120..127,7,14 15,2 2
1140..1141,128..135,7,0 1,2 2
1140..1141,136..143,7,2 3,2 2
1140..1141,144..151,7,4 5,2 2
1140..1141,152..159,7,6 7,2 2
1140..1141,160..167,7,8 9,2 2
1140..1141,168..175,7,10 11,2 2
1140..1141,176..183,7,12 13,2 2
1140..1141,184..191,7,14 15,2 2
1142..1143,192..199,7,0 1,2 2
1142..1143,200..207,7,2 3,2 2
1142..1143,208..215,7,4 5,2 2
1142..1143,216..223,7,6 7,2 2
1142..1143,224..231,7,8 9,2 2
1142..1143,232..239,7,10 11,2 2
1142..1143,240..247,7,12 13,2 2
1142..1143,248..255,7,14 15,2 2
1144..1145,256..263,7,0 1,2 2
1144..1145,264..271,7,2 3,2 2
1144..1145,272..279,7,4 5,2 2
1144..1145,280..287,7,6 7,2 2
1144..1145,288..295,7,8 9,2 2
1144..1145,296..303,7,10 11,2 2
1144..1145,304..311,7,12 13,2 2
1144..1145,312..319,7,14 15,2 2
1146..1147,320..327,7,0 1,2 2
1146..1147,328..335,7,2 3,2 2
1146..1147,336..343,7,4 5,2 2
1146..1147,344..351,7,6 7,2 2
1146..1147,352..359,7,8 9,2 2
1146..1147,360..367,7,10 11,2 2
1146..1147,368..375,7,12 13,2 2
1146..1147,376..383,7,14 15,2 2
1148..1149,384..391,7,0 1,2 2
1148..1149,392..399,7,2 3,2 2
1148..1149,400..407,7,4 5,2 2
1148..1149,408..415,7,6 7,2 2
1148..1149,416..423,7,8 9,2 2
1148..1149,424..431,7,10 11,2 2
1148..1149,432..439,7,12 13,2 2
1148..1149,440..447,7,14 15,2 2
1150..1151,448..455,7,0 1,2 2
1150..1151,456..463,7,2 3,2 2
1150..1151,464..471,7,4 5,2 2
1150..1151,472..479,7,6 7,2 2
1150..1151,480..487,7,8 9,2 2
1150..1151,488..495,7,10 11,2 2
1150..1151,496..503,7,12 13,2 2
1150..1151,504..511,7,14 15,2 2
1152..1155,0..7,0,0,2
1152..1155,8..15,0,1,2
1152..1155,16..23,0,2,2
1152..1155,24..31,0,3,2
1152..1155,32..39,0,4,2
1152..1155,40..47,0,5,2
1152..1155,48..55,0,6,2
1152..1155,56..63,0,7,2
1152..1155,64..71,0,8,2
1152..1155,72..79,0,9,2
1152..1155,80..87,0,10,2
1152..1155,88..95,0,11,2
1152..1155,96..103,0,12,2
1152..1155,104..111,0,13,2
1152..1155,112..119,0,14,2
1152..1155,120..127,0,15,2
1152..1155,128..135,0,16,2
1152..1155,136..143,0,17,2
1152..1155,144..151,0,18,2
1152..1155,152..159,0,19,2
1152..1155,160..167,0,20,2
1152..1155,168..175,0,21,2
1152..1155,176..183,0,22,2
1152..1155,184..191,0,23,2
1152..1155,192..199,0,24,2
1152..1155,200..207,0,25,2
1152..1155,208..215,0,26,2
1152..1155,216..223,0,27,2
1152..1155,224..231,0,28,2
1152..1155,232..239,0,29,2
1152..1155,240..247,0,30,2
1152..1155,248..255,0,31,2
1152..1155,256..263,0,32,2
1152..1155,264..271,0,33,2
1152..1155,272..279,0,34,2
1152..1155,280..287,0,35,2
1152..1155,288..295,0,36,2
1152..1155,296..303,0,37,2
1152..1155,304..311,0,38,2
1152..1155,312..319,0,39,2
1152..1155,320..327,0,40,2
1152..1155,328..335,0,41,2
1152..1155,336..343,0,42,2
1152..1155,344..351,0,43,2
1152..1155,352..359,0,44,2
1152..1155,360..367,0,45,2
1152..1155,368..375,0,46,2
1152..1155,376..383,0,47,2
1152..1155,384..391,0,48,2
1152..1155,392..399,0,49,2
1152..1155,400..407,0,50,2
1152..1155,408..415,0,51,2
1152..1155,416..423,0,52,2
1152..1155,424..431,0,53,2
1152..1155,432..439,0,54,2
1152..1155,440..447,0,55,2
1152..1155,448..455,0,56,2
1152..1155,456..463,0,57,2
1152..1155,464..471,0,58,2
1152..1155,472..479,0,59,2
1152..1155,480..487,0,60,2
1152..1155,488..495,0,61,2
1152..1155,496..503,0,62,2
1152..1155,504..511,0,63,2
1156..1159,0..7,1,0,2
1156..1159,8..15,1,1,2
1156..1159,16..23,1,2,2
1156..1159,24..31,1,3,2
1156..1159,32..39,1,4,2
1156..1159,40..47,1,5,2
1156..1159,48..55,1,6,2
1156..1159,56..63,1,7,2
1156..1159,64..71,1,8,2
1156..1159,72..79,1,9,2
1156..1159,80..87,1,10,2
1156..1159,88..95,1,11,2
1156..1159,96..103,1,12,2
1156..1159,104..111,1,13,2
1156..1159,112..119,1,14,2
1156..1159,120..127,1,15,2
1156..1159,128..135,1,16,2
1156..1159,136..143,1,17,2
1156..1159,144..151,1,18,2
1156..1159,152..159,1,19,2
1156..1159,160..167,1,20,2
1156..1159,168..175,1,21,2
1156..1159,176..183,1,22,2
1156..1159,184..191,1,23,2
1156..1159,192..199,1,24,2
1156..1159,200..207,1,25,2
1156..1159,208..215,1,26,2
1156..1159,216..223,1,27,2
1156..1159,224..231,1,28,2
1156..1159,232..239,1,29,2
1156..1159,240..247,1,30,2
1156..1159,248..255,1,31,2
1156..1159,256..263,1,32,2
1156..1159,264..271,1,33,2
1156..1159,272..279,1,34,2
1156..1159,280..287,1,35,2
1156..1159,288..295,1,36,2
1156..1159,296..303,1,37,2
1156..1159,304..311,1,38,2
1156..1159,312..319,1,39,2
1156..1159,320..327,1,40,2
1156..1159,328..335,1,41,2
1156..1159,336..343,1,42,2
1156..1159,344..351,1,43,2
1156..1159,352..359,1,44,2
1156..1159,360..367,1,45,2
1156..1159,368..375,1,46,2
1156..1159,376..383,1,47,2
1156..1159,384..391,1,48,2
1156..1159,392..399,1,49,2
1156..1159,400..407,1,50,2
1156..1159,408..415,1,51,2
1156..1159,416..423,1,52,2
1156..1159,424..431,1,53,2
1156..1159,432..439,1,54,2
1156..1159,440..447,1,55,2
1156..1159,448..455,1,56,2
1156..1159,456..463,1,57,2
1156..1159,464..471,1,58,2
1156..1159,472..479,1,59,2
1156..1159,480..487,1,60,2
1156..1159,488..495,1,61,2
1156..1159,496..503,1,62,2
1156..1159,504..511,1,63,2
1160..1163,0..7,2,0,2
1160..1163,8..15,2,1,2
1160..1163,16..23,2,2,2
1160..1163,24..31,2,3,2
1160..1163,32..39,2,4,2
1160..1163,40..47,2,5,2
1160..1163,48..55,2,6,2
1160..1163,56..63,2,7,2
1160..1163,64..71,2,8,2
1160..1163,72..79,2,9,2
1160..1163,80..87,2,10,2
1160..1163,88..95,2,11,2
1160..1163,96..103,2,12,2
1160..1163,104..111,2,13,2
1160..1163,112..119,2,14,2
1160..1163,120..127,2,15,2
1160..1163,128..135,2,16,2
1160..1163,136..143,2,17,2
1160..1163,144..151,2,18,2
1160..1163,152..159,2,19,2
1160..1163,160..167,2,20,2
1160..1163,168..175,2,21,2
1160..1163,176..183,2,22,2
1160..1163,184..191,2,23,2
1160..1163,192..199,2,24,2
1160..1163,200..207,2,25,2
1160..1163,208..215,2,26,2
1160..1163,216..223,2,27,2
1160..1163,224..231,2,28,2
1160..1163,232..239,2,29,2
1160..1163,240..247,2,30,2
1160..1163,248..255,2,31,2
1160..1163,256..263,2,32,2
1160..1163,264..271,2,33,2
1160..1163,272..279,2,34,2
1160..1163,280..287,2,35,2
1160..1163,288..295,2,36,2
1160..1163,296..303,2,37,2
1160..1163,304..311,2,38,2
1160..1163,312..319,2,39,2
1160..1163,320..327,2,40,2
1160..1163,328..335,2,41,2
1160..1163,336..343,2,42,2
1160..1163,344..351,2,43,2
1160..1163,352..359,2,44,2
1160..1163,360..367,2,45,2
1160..1163,368..375,2,46,2
1160..1163,376..383,2,47,2
1160..1163,384..391,2,48,2
1160..1163,392..399,2,49,2
1160..1163,400..407,2,50,2
1160..1163,408..415,2,51,2
1160..1163,416..423,2,52,2
1160..1163,424..431,2,53,2
1160..1163,432..439,2,54,2
1160..1163,440..447,2,55,2
1160..1163,448..455,2,56,2
1160..1163,456..463,2,57,2
1160..1163,464..471,2,58,2
1160..1163,472..479,2,59,2
1160..1163,480..487,2,60,2
1160..1163,488..495,2,61,2
1160..1163,496..503,2,62,2
1160..1163,504..511,2,63,2
1164..1167,0..7,3,0,2
1164..1167,8..15,3,1,2
1164..1167,16..23,3,2,2
1164..1167,24..31,3,3,2
1164..1167,32..39,3,4,2
1164..1167,40..47,3,5,2
1164..1167,48..55,3,6,2
1164..1167,56..63,3,7,2
1164..1167,64..71,3,8,2
1164..1167,72..79,3,9,2
1164..1167,80..87,3,10,2
1164..1167,88..95,3,11,2
1164..1167,96..103,3,12,2
1164..1167,104..111,3,13,2
1164..1167,112..119,3,14,2
1164..1167,120..127,3,15,2
1164..1167,128..135,3,16,2
1164..1167,136..143,3,17,2
1164..1167,144..151,3,18,2
1164..1167,152..159,3,19,2
1164..1167,160..167,3,20,2
1164..1167,168..175,3,21,2
1164..1167,176..183,3,22,2
1164..1167,184..191,3,23,2
1164..1167,192..199,3,24,2
1164..1167,200..207,3,25,2
1164..1167,208..215,3,26,2
1164..1167,216..223,3,27,2
1164..1167,224..231,3,28,2
1164..1167,232..239,3,29,2
1164..1167,240..247,3,30,2
1164..1167,248..255,3,31,2
1164..1167,256..263,3,32,2
1164..1167,264..271,3,33,2
1164..1167,272..279,3,34,2
1164..1167,280..287,3,35,2
1164..1167,288..295,3,36,2
1164..1167,296..303,3,37,2
1164..1167,304..311,3,38,2
1164..1167,312..319,3,39,2
1164..1167,320..327,3,40,2
1164..1167,328..335,3,41,2
1164..1167,336..343,3,42,2
1164..1167,344..351,3,43,2
1164..1167,352..359,3,44,2
1164..1167,360..367,3,45,2
1164..1167,368..375,3,46,2
1164..1167,376..383,3,47,2
1164..1167,384..391,3,48,2
1164..1167,392..399,3,49,2
1164..1167,400..407,3,50,2
1164..1167,408..415,3,51,2
1164..1167,416..423,3,52,2
1164..1167,424..431,3,53,2
1164..1167,432..439,3,54,2
1164..1167,440..447,3,55,2
1164..1167,448..455,3,56,2
1164..1167,456..463,3,57,2
1164..1167,464..471,3,58,2
1164..1167,472..479,3,59,2
1164..1167,480..487,3,60,2
1164..1167,488..495,3,61,2
1164..1167,496..503,3,62,2
1164..1167,504..511,3,63,2
1168..1171,0..7,4,0,2
1168..1171,8..15,4,1,2
1168..1171,16..23,4,2,2
1168..1171,24..31,4,3,2
1168..1171,32..39,4,4,2
1168..1171,40..47,4,5,2
1168..1171,48..55,4,6,2
1168..1171,56..63,4,7,2
1168..1171,64..71,4,8,2
1168..1171,72..79,4,9,2
1168..1171,80..87,4,10,2
1168..1171,88..95,4,11,2
1168..1171,96..103,4,12,2
1168..1171,104..111,4,13,2
1168..1171,112..119,4,14,2
1168..1171,120..127,4,15,2
1168..1171,128..135,4,16,2
1168..1171,136..143,4,17,2
1168..1171,144..151,4,18,2
1168..1171,152..159,4,19,2
1168..1171,160..167,4,20,2
1168..1171,168..175,4,21,2
1168..1171,176..183,4,22,2
1168..1171,184..191,4,23,2
1168..1171,192..199,4,24,2
1168..1171,200..207,4,25,2
1168..1171,208..215,4,26,2
1168..1171,216..223,4,27,2
1168..1171,224..231,4,28,2
1168..1171,232..239,4,29,2
1168..1171,240..247,4,30,2
1168..1171,248..255,4,31,2
1168..1171,256..263,4,32,2
1168..1171,264..271,4,33,2
1168..1171,272..279,4,34,2
1168..1171,280..287,4,35,2
1168..1171,288..295,4,36,2
1168..1171,296..303,4,37,2
1168..1171,304..311,4,38,2
1168..1171,312..319,4,39,2
1168..1171,320..327,4,40,2
1168..1171,328..335,4,41,2
1168..1171,336..343,4,42,2
1168..1171,344..351,4,43,2
1168..1171,352..359,4,44,2
1168..1171,360..367,4,45,2
1168..1171,368..375,4,46,2
1168..1171,376..383,4,47,2
1168..1171,384..391,4,48,2
1168..1171,392..399,4,49,2
1168..1171,400..407,4,50,2
1168..1171,408..415,4,51,2
1168..1171,416..423,4,52,2
1168..1171,424..431,4,53,2
1168..1171,432..439,4,54,2
1168..1171,440..447,4,55,2
1168..1171,448..455,4,56,2
1168..1171,456..463,4,57,2
1168..1171,464..471,4,58,2
1168..1171,472..479,4,59,2
1168..1171,480..487,4,60,2
1168..1171,488..495,4,61,2
1168..1171,496..503,4,62,2
1168..1171,504..511,4,63,2
1172..1175,0..7,5,0,2
1172..1175,8..15,5,1,2
1172..1175,16..23,5,2,2
1172..1175,24..31,5,3,2
1172..1175,32..39,5,4,2
1172..1175,40..47,5,5,2
1172..1175,48..55,5,6,2
1172..1175,56..63,5,7,2
1172..1175,64..71,5,8,2
1172..1175,72..79,5,9,2
1172..1175,80..87,5,10,2
1172..1175,88..95,5,11,2
1172..1175,96..103,5,12,2
1172..1175,104..111,5,13,2
1172..1175,112..119,5,14,2
1172..1175,120..127,5,15,2
1172..1175,128..135,5,16,2
1172..1175,136..143,5,17,2
1172..1175,144..151,5,18,2
1172..1175,152..159,5,19,2
1172..1175,160..167,5,20,2
1172..1175,168..175,5,21,2
1172..1175,176..183,5,22,2
1172..1175,184..191,5,23,2
1172..1175,192..199,5,24,2
1172..1175,200..207,5,25,2
1172..1175,208..215,5,26,2
1172..1175,216..223,5,27,2
1172..1175,224..231,5,28,2
1172..1175,232..239,5,29,2
1172..1175,240..247,5,30,2
1172..1175,248..255,5,31,2
1172..1175,256..263,5,32,2
1172..1175,264..271,5,33,2
1172..1175,272..279,5,34,2
1172..1175,280..287,5,35,2
1172..1175,288..295,5,36,2
1172..1175,296..303,5,37,2
1172..1175,304..311,5,38,2
1172..1175,312..319,5,39,2
1172..1175,320..327,5,40,2
1172..1175,328..335,5,41,2
1172..1175,336..343,5,42,2
1172..1175,344..351,5,43,2
1172..1175,352..359,5,44,2
1172..1175,360..367,5,45,2
1172..1175,368..375,5,46,2
1172..1175,376..383,5,47,2
1172..1175,384..391,5,48,2
1172..1175,392..399,5,49,2
1172..1175,400..407,5,50,2
1172..1175,408..415,5,51,2
1172..1175,416..423,5,52,2
1172..1175,424..431,5,53,2
1172..1175,432..439,5,54,2
1172..1175,440..447,5,55,2
1172..1175,448..455,5,56,2
1172..1175,456..463,5,57,2
1172..1175,464..471,5,58,2
1172..1175,472..479,5,59,2
1172..1175,480..487,5,60,2
1172..1175,488..495,5,61,2
1172..1175,496..503,5,62,2
1172..1175,504..511,5,63,2
1176..1179,0..7,6,0,2
1176..1179,8..15,6,1,2
1176..1179,16..23,6,2,2
1176..1179,24..31,6,3,2
1176..1179,32..39,6,4,2
1176..1179,40..47,6,5,2
1176..1179,48..55,6,6,2
1176..1179,56..63,6,7,2
1176..1179,64..71,6,8,2
1176..1179,72..79,6,9,2
1176..1179,80..87,6,10,2
1176..1179,88..95,6,11,2
1176..1179,96..103,6,12,2
1176..1179,104..111,6,13,2
1176..1179,112..119,6,14,2
1176..1179,120..127,6,15,2
1176..1179,128..135,6,16,2
1176..1179,136..143,6,17,2
1176..1179,144..151,6,18,2
1176..1179,152..159,6,19,2
1176..1179,160..167,6,20,2
1176..1179,168..175,6,21,2
1176..1179,176..183,6,22,2
1176..1179,184..191,6,23,2
1176..1179,192..199,6,24,2
1176..1179,200..207,6,25,2
1176..1179,208..215,6,26,2
1176..1179,216..223,6,27,2
1176..1179,224..231,6,28,2
1176..1179,232..239,6,29,2
1176..1179,240..247,6,30,2
1176..1179,248..255,6,31,2
1176..1179,256..263,6,32,2
1176..1179,264..271,6,33,2
1176..1179,272..279,6,34,2
1176..1179,280..287,6,35,2
1176..1179,288..295,6,36,2
1176..1179,296..303,6,37,2
1176..1179,304..311,6,38,2
1176..1179,312..319,6,39,2
1176..1179,320..327,6,40,2
1176..1179,328..335,6,41,2
1176..1179,336..343,6,42,2
1176..1179,344..351,6,43,2
1176..1179,352..359,6,44,2
1176..1179,360..367,6,45,2
1176..1179,368..375,6,46,2
1176..1179,376..383,6,47,2
1176..1179,384..391,6,48,2
1176..1179,392..399,6,49,2
1176..1179,400..407,6,50,2
1176..1179,408..415,6,51,2
1176..1179,416..423,6,52,2
1176..1179,424..431,6,53,2
1176..1179,432..439,6,54,2
1176..1179,440..447,6,55,2
1176..1179,448..455,6,56,2
1176..1179,456..463,6,57,2
1176..1179,464..471,6,58,2
1176..1179,472..479,6,59,2
1176..1179,480..487,6,60,2
1176..1179,488..495,6,61,2
1176..1179,496..503,6,62,2
1176..1179,504..511,6,63,2
1180..1183,0..7,7,0,2
1180..1183,8..15,7,1,2
1180..1183,16..23,7,2,2
1180..1183,24..31,7,3,2
1180..1183,32..39,7,4,2
1180..1183,40..47,7,5,2
1180..1183,48..55,7,6,2
1180..1183,56..63,7,7,2
1180..1183,64..71,7,8,2
1180..1183,72..79,7,9,2
1180..1183,80..87,7,10,2
1180..1183,88..95,7,11,2
1180..1183,96..103,7,12,2
1180..1183,104..111,7,13,2
1180..1183,112..119,7,14,2
1180..1183,120..127,7,15,2
1180..1183,128..135,7,16,2
1180..1183,136..143,7,17,2
1180..1183,144..151,7,18,2
1180..1183,152..159,7,19,2
1180..1183,160..167,7,20,2
1180..1183,168..175,7,21,2
1180..1183,176..183,7,22,2
1180..1183,184..191,7,23,2
1180..1183,192..199,7,24,2
1180..1183,200..207,7,25,2
1180..1183,208..215,7,26,2
1180..1183,216..223,7,27,2
1180..1183,224..231,7,28,2
1180..1183,232..239,7,29,2
1180..1183,240..247,7,30,2
1180..1183,248..255,7,31,2
1180..1183,256..263,7,32,2
1180..1183,264..271,7,33,2
1180..1183,272..279,7,34,2
1180..1183,280..287,7,35,2
1180..1183,288..295,7,36,2
1180..1183,296..303,7,37,2
1180..1183,304..311,7,38,2
1180..1183,312..319,7,39,2
1180..1183,320..327,7,40,2
1180..1183,328..335,7,41,2
1180..1183,336..343,7,42,2
1180..1183,344..351,7,43,2
1180..1183,352..359,7,44,2
1180..1183,360..367,7,45,2
1180..1183,368..375,7,46,2
1180..1183,376..383,7,47,2
1180..1183,384..391,7,48,2
1180..1183,392..399,7,49,2
1180..1183,400..407,7,50,2
1180..1183,408..415,7,51,2
1180..1183,416..423,7,52,2
1180..1183,424..431,7,53,2
1180..1183,432..439,7,54,2
1180..1183,440..447,7,55,2
1180..1183,448..455,7,56,2
1180..1183,456..463,7,57,2
1180..1183,464..471,7,58,2
1180..1183,472..479,7,59,2
1180..1183,480..487,7,60,2
1180..1183,488..495,7,61,2
1180..1183,496..503,7,62,2
1180..1183,504..511,7,63,2
