nodeId,dstNodeId,dstPortId,outPorts,metrics
0,1,8,8,1
0,2,8,9,1
0,3,8,10,1
0,4,8,11,1
0,5,8,12,1
0,6,8,13,1
0,7,8,14,1
0..7,8..255,0,0,4
0..7,8..255,1,1,4
0..7,8..255,2,2,4
0..7,8..255,3,3,4
0..7,8..255,4,4,4
0..7,8..255,5,5,4
0..7,8..255,6,6,4
0..7,8..255,7,7,4
1,0,8,8,1
1,2,9,9,1
1,3,9,10,1
1,4,9,11,1
1,5,9,12,1
1,6,9,13,1
1,7,9,14,1
2,0,9,8,1
2,1,9,9,1
2,3,10,10,1
2,4,10,11,1
2,5,10,12,1
2,6,10,13,1
2,7,10,14,1
3,0,10,8,1
3,1,10,9,1
3,2,10,10,1
3,4,11,11,1
3,5,11,12,1
3,6,11,13,1
3,7,11,14,1
4,0,11,8,1
4,1,11,9,1
4,2,11,10,1
4,3,11,11,1
4,5,12,12,1
4,6,12,13,1
4,7,12,14,1
5,0,12,8,1
5,1,12,9,1
5,2,12,10,1
5,3,12,11,1
5,4,12,12,1
5,6,13,13,1
5,7,13,14,1
6,0,13,8,1
6,1,13,9,1
6,2,13,10,1
6,3,13,11,1
6,4,13,12,1
6,5,13,13,1
6,7,14,14,1
7,0,14,8,1
7,1,14,9,1
7,2,14,10,1
7,3,14,11,1
7,4,14,12,1
7,5,14,13,1
7,6,14,14,1
8..15,0..7,0,0,4
8..15,0..7,1,1,4
8..15,0..7,2,2,4
8..15,0..7,3,3,4
8..15,0..7,4,4,4
8..15,0..7,5,5,4
8..15,0..7,6,6,4
8..15,0..7,7,7,4
8,9,8,8,1
8,10,8,9,1
8,11,8,10,1
8,12,8,11,1
8,13,8,12,1
8,14,8,13,1
8,15,8,14,1
8..15,16..255,0,0,4
8..15,16..255,1,1,4
8..15,16..255,2,2,4
8..15,16..255,3,3,4
8..15,16..255,4,4,4
8..15,16..255,5,5,4
8..15,16..255,6,6,4
8..15,16..255,7,7,4
9,8,8,8,1
9,10,9,9,1
9,11,9,10,1
9,12,9,11,1
9,13,9,12,1
9,14,9,13,1
9,15,9,14,1
10,8,9,8,1
10,9,9,9,1
10,11,10,10,1
10,12,10,11,1
10,13,10,12,1
10,14,10,13,1
10,15,10,14,1
11,8,10,8,1
11,9,10,9,1
11,10,10,10,1
11,12,11,11,1
11,13,11,12,1
11,14,11,13,1
11,15,11,14,1
12,8,11,8,1
12,9,11,9,1
12,10,11,10,1
12,11,11,11,1
12,13,12,12,1
12,14,12,13,1
12,15,12,14,1
13,8,12,8,1
13,9,12,9,1
13,10,12,10,1
13,11,12,11,1
13,12,12,12,1
13,14,13,13,1
13,15,13,14,1
14,8,13,8,1
14,9,13,9,1
14,10,13,10,1
14,11,13,11,1
14,12,13,12,1
14,13,13,13,1
14,15,14,14,1
15,8,14,8,1
15,9,14,9,1
15,10,14,10,1
15,11,14,11,1
15,12,14,12,1
15,13,14,13,1
15,14,14,14,1
16..23,0..15,0,0,4
16..23,0..15,1,1,4
16..23,0..15,2,2,4
16..23,0..15,3,3,4
16..23,0..15,4,4,4
16..23,0..15,5,5,4
16..23,0..15,6,6,4
16..23,0..15,7,7,4
16,17,8,8,1
16,18,8,9,1
16,19,8,10,1
16,20,8,11,1
16,21,8,12,1
16,22,8,13,1
16,23,8,14,1
16..23,24..255,0,0,4
16..23,24..255,1,1,4
16..23,24..255,2,2,4
16..23,24..255,3,3,4
16..23,24..255,4,4,4
16..23,24..255,5,5,4
16..23,24..255,6,6,4
16..23,24..255,7,7,4
17,16,8,8,1
17,18,9,9,1
17,19,9,10,1
17,20,9,11,1
17,21,9,12,1
17,22,9,13,1
17,23,9,14,1
18,16,9,8,1
18,17,9,9,1
18,19,10,10,1
18,20,10,11,1
18,21,10,12,1
18,22,10,13,1
18,23,10,14,1
19,16,10,8,1
19,17,10,9,1
19,18,10,10,1
19,20,11,11,1
19,21,11,12,1
19,22,11,13,1
19,23,11,14,1
20,16,11,8,1
20,17,11,9,1
20,18,11,10,1
20,19,11,11,1
20,21,12,12,1
20,22,12,13,1
20,23,12,14,1
21,16,12,8,1
21,17,12,9,1
21,18,12,10,1
21,19,12,11,1
21,20,12,12,1
21,22,13,13,1
21,23,13,14,1
22,16,13,8,1
22,17,13,9,1
22,18,13,10,1
22,19,13,11,1
22,20,13,12,1
22,21,13,13,1
22,23,14,14,1
23,16,14,8,1
23,17,14,9,1
23,18,14,10,1
23,19,14,11,1
23,20,14,12,1
23,21,14,13,1
23,22,14,14,1
24..31,0..23,0,0,4
24..31,0..23,1,1,4
24..31,0..23,2,2,4
24..31,0..23,3,3,4
24..31,0..23,4,4,4
24..31,0..23,5,5,4
24..31,0..23,6,6,4
24..31,0..23,7,7,4
24,25,8,8,1
24,26,8,9,1
24,27,8,10,1
24,28,8,11,1
24,29,8,12,1
24,30,8,13,1
24,31,8,14,1
24..31,32..255,0,0,4
24..31,32..255,1,1,4
24..31,32..255,2,2,4
24..31,32..255,3,3,4
24..31,32..255,4,4,4
24..31,32..255,5,5,4
24..31,32..255,6,6,4
24..31,32..255,7,7,4
25,24,8,8,1
25,26,9,9,1
25,27,9,10,1
25,28,9,11,1
25,29,9,12,1
25,30,9,13,1
25,31,9,14,1
26,24,9,8,1
26,25,9,9,1
26,27,10,10,1
26,28,10,11,1
26,29,10,12,1
26,30,10,13,1
26,31,10,14,1
27,24,10,8,1
27,25,10,9,1
27,26,10,10,1
27,28,11,11,1
27,29,11,12,1
27,30,11,13,1
27,31,11,14,1
28,24,11,8,1
28,25,11,9,1
28,26,11,10,1
28,27,11,11,1
28,29,12,12,1
28,30,12,13,1
28,31,12,14,1
29,24,12,8,1
29,25,12,9,1
29,26,12,10,1
29,27,12,11,1
29,28,12,12,1
29,30,13,13,1
29,31,13,14,1
30,24,13,8,1
30,25,13,9,1
30,26,13,10,1
30,27,13,11,1
30,28,13,12,1
30,29,13,13,1
30,31,14,14,1
31,24,14,8,1
31,25,14,9,1
31,26,14,10,1
31,27,14,11,1
31,28,14,12,1
31,29,14,13,1
31,30,14,14,1
32..39,0..31,0,0,4
32..39,0..31,1,1,4
32..39,0..31,2,2,4
32..39,0..31,3,3,4
32..39,0..31,4,4,4
32..39,0..31,5,5,4
32..39,0..31,6,6,4
32..39,0..31,7,7,4
32,33,8,8,1
32,34,8,9,1
32,35,8,10,1
32,36,8,11,1
32,37,8,12,1
32,38,8,13,1
32,39,8,14,1
32..39,40..255,0,0,4
32..39,40..255,1,1,4
32..39,40..255,2,2,4
32..39,40..255,3,3,4
32..39,40..255,4,4,4
32..39,40..255,5,5,4
32..39,40..255,6,6,4
32..39,40..255,7,7,4
33,32,8,8,1
33,34,9,9,1
33,35,9,10,1
33,36,9,11,1
33,37,9,12,1
33,38,9,13,1
33,39,9,14,1
34,32,9,8,1
34,33,9,9,1
34,35,10,10,1
34,36,10,11,1
34,37,10,12,1
34,38,10,13,1
34,39,10,14,1
35,32,10,8,1
35,33,10,9,1
35,34,10,10,1
35,36,11,11,1
35,37,11,12,1
35,38,11,13,1
35,39,11,14,1
36,32,11,8,1
36,33,11,9,1
36,34,11,10,1
36,35,11,11,1
36,37,12,12,1
36,38,12,13,1
36,39,12,14,1
37,32,12,8,1
37,33,12,9,1
37,34,12,10,1
37,35,12,11,1
37,36,12,12,1
37,38,13,13,1
37,39,13,14,1
38,32,13,8,1
38,33,13,9,1
38,34,13,10,1
38,35,13,11,1
38,36,13,12,1
38,37,13,13,1
38,39,14,14,1
39,32,14,8,1
39,33,14,9,1
39,34,14,10,1
39,35,14,11,1
39,36,14,12,1
39,37,14,13,1
39,38,14,14,1
40..47,0..39,0,0,4
40..47,0..39,1,1,4
40..47,0..39,2,2,4
40..47,0..39,3,3,4
40..47,0..39,4,4,4
40..47,0..39,5,5,4
40..47,0..39,6,6,4
40..47,0..39,7,7,4
40,41,8,8,1
40,42,8,9,1
40,43,8,10,1
40,44,8,11,1
40,45,8,12,1
40,46,8,13,1
40,47,8,14,1
40..47,48..255,0,0,4
40..47,48..255,1,1,4
40..47,48..255,2,2,4
40..47,48..255,3,3,4
40..47,48..255,4,4,4
40..47,48..255,5,5,4
40..47,48..255,6,6,4
40..47,48..255,7,7,4
41,40,8,8,1
41,42,9,9,1
41,43,9,10,1
41,44,9,11,1
41,45,9,12,1
41,46,9,13,1
41,47,9,14,1
42,40,9,8,1
42,41,9,9,1
42,43,10,10,1
42,44,10,11,1
42,45,10,12,1
42,46,10,13,1
42,47,10,14,1
43,40,10,8,1
43,41,10,9,1
43,42,10,10,1
43,44,11,11,1
43,45,11,12,1
43,46,11,13,1
43,47,11,14,1
44,40,11,8,1
44,41,11,9,1
44,42,11,10,1
44,43,11,11,1
44,45,12,12,1
44,46,12,13,1
44,47,12,14,1
45,40,12,8,1
45,41,12,9,1
45,42,12,10,1
45,43,12,11,1
45,44,12,12,1
45,46,13,13,1
45,47,13,14,1
46,40,13,8,1
46,41,13,9,1
46,42,13,10,1
46,43,13,11,1
46,44,13,12,1
46,45,13,13,1
46,47,14,14,1
47,40,14,8,1
47,41,14,9,1
47,42,14,10,1
47,43,14,11,1
47,44,14,12,1
47,45,14,13,1
47,46,14,14,1
48..55,0..47,0,0,4
48..55,0..47,1,1,4
48..55,0..47,2,2,4
48..55,0..47,3,3,4
48..55,0..47,4,4,4
48..55,0..47,5,5,4
48..55,0..47,6,6,4
48..55,0..47,7,7,4
48,49,8,8,1
48,50,8,9,1
48,51,8,10,1
48,52,8,11,1
48,53,8,12,1
48,54,8,13,1
48,55,8,14,1
48..55,56..255,0,0,4
48..55,56..255,1,1,4
48..55,56..255,2,2,4
48..55,56..255,3,3,4
48..55,56..255,4,4,4
48..55,56..255,5,5,4
48..55,56..255,6,6,4
48..55,56..255,7,7,4
49,48,8,8,1
49,50,9,9,1
49,51,9,10,1
49,52,9,11,1
49,53,9,12,1
49,54,9,13,1
49,55,9,14,1
50,48,9,8,1
50,49,9,9,1
50,51,10,10,1
50,52,10,11,1
50,53,10,12,1
50,54,10,13,1
50,55,10,14,1
51,48,10,8,1
51,49,10,9,1
51,50,10,10,1
51,52,11,11,1
51,53,11,12,1
51,54,11,13,1
51,55,11,14,1
52,48,11,8,1
52,49,11,9,1
52,50,11,10,1
52,51,11,11,1
52,53,12,12,1
52,54,12,13,1
52,55,12,14,1
53,48,12,8,1
53,49,12,9,1
53,50,12,10,1
53,51,12,11,1
53,52,12,12,1
53,54,13,13,1
53,55,13,14,1
54,48,13,8,1
54,49,13,9,1
54,50,13,10,1
54,51,13,11,1
54,52,13,12,1
54,53,13,13,1
54,55,14,14,1
55,48,14,8,1
55,49,14,9,1
55,50,14,10,1
55,51,14,11,1
55,52,14,12,1
55,53,14,13,1
55,54,14,14,1
56..63,0..55,0,0,4
56..63,0..55,1,1,4
56..63,0..55,2,2,4
56..63,0..55,3,3,4
56..63,0..55,4,4,4
56..63,0..55,5,5,4
56..63,0..55,6,6,4
56..63,0..55,7,7,4
56,57,8,8,1
56,58,8,9,1
56,59,8,10,1
56,60,8,11,1
56,61,8,12,1
56,62,8,13,1
56,63,8,14,1
56..63,64..255,0,0,4
56..63,64..255,1,1,4
56..63,64..255,2,2,4
56..63,64..255,3,3,4
56..63,64..255,4,4,4
56..63,64..255,5,5,4
56..63,64..255,6,6,4
56..63,64..255,7,7,4
57,56,8,8,1
57,58,9,9,1
57,59,9,10,1
57,60,9,11,1
57,61,9,12,1
57,62,9,13,1
57,63,9,14,1
58,56,9,8,1
58,57,9,9,1
58,59,10,10,1
58,60,10,11,1
58,61,10,12,1
58,62,10,13,1
58,63,10,14,1
59,56,10,8,1
59,57,10,9,1
59,58,10,10,1
59,60,11,11,1
59,61,11,12,1
59,62,11,13,1
59,63,11,14,1
60,56,11,8,1
60,57,11,9,1
60,58,11,10,1
60,59,11,11,1
60,61,12,12,1
60,62,12,13,1
60,63,12,14,1
61,56,12,8,1
61,57,12,9,1
61,58,12,10,1
61,59,12,11,1
61,60,12,12,1
61,62,13,13,1
61,63,13,14,1
62,56,13,8,1
62,57,13,9,1
62,58,13,10,1
62,59,13,11,1
62,60,13,12,1
62,61,13,13,1
62,63,14,14,1
63,56,14,8,1
63,57,14,9,1
63,58,14,10,1
63,59,14,11,1
63,60,14,12,1
63,61,14,13,1
63,62,14,14,1
64..71,0..63,0,0,4
64..71,0..63,1,1,4
64..71,0..63,2,2,4
64..71,0..63,3,3,4
64..71,0..63,4,4,4
64..71,0..63,5,5,4
64..71,0..63,6,6,4
64..71,0..63,7,7,4
64,65,8,8,1
64,66,8,9,1
64,67,8,10,1
64,68,8,11,1
64,69,8,12,1
64,70,8,13,1
64,71,8,14,1
64..71,72..255,0,0,4
64..71,72..255,1,1,4
64..71,72..255,2,2,4
64..71,72..255,3,3,4
64..71,72..255,4,4,4
64..71,72..255,5,5,4
64..71,72..255,6,6,4
64..71,72..255,7,7,4
65,64,8,8,1
65,66,9,9,1
65,67,9,10,1
65,68,9,11,1
65,69,9,12,1
65,70,9,13,1
65,71,9,14,1
66,64,9,8,1
66,65,9,9,1
66,67,10,10,1
66,68,10,11,1
66,69,10,12,1
66,70,10,13,1
66,71,10,14,1
67,64,10,8,1
67,65,10,9,1
67,66,10,10,1
67,68,11,11,1
67,69,11,12,1
67,70,11,13,1
67,71,11,14,1
68,64,11,8,1
68,65,11,9,1
68,66,11,10,1
68,67,11,11,1
68,69,12,12,1
68,70,12,13,1
68,71,12,14,1
69,64,12,8,1
69,65,12,9,1
69,66,12,10,1
69,67,12,11,1
69,68,12,12,1
69,70,13,13,1
69,71,13,14,1
70,64,13,8,1
70,65,13,9,1
70,66,13,10,1
70,67,13,11,1
70,68,13,12,1
70,69,13,13,1
70,71,14,14,1
71,64,14,8,1
71,65,14,9,1
71,66,14,10,1
71,67,14,11,1
71,68,14,12,1
71,69,14,13,1
71,70,14,14,1
72..79,0..71,0,0,4
72..79,0..71,1,1,4
72..79,0..71,2,2,4
72..79,0..71,3,3,4
72..79,0..71,4,4,4
72..79,0..71,5,5,4
72..79,0..71,6,6,4
72..79,0..71,7,7,4
72,73,8,8,1
72,74,8,9,1
72,75,8,10,1
72,76,8,11,1
72,77,8,12,1
72,78,8,13,1
72,79,8,14,1
72..79,80..255,0,0,4
72..79,80..255,1,1,4
72..79,80..255,2,2,4
72..79,80..255,3,3,4
72..79,80..255,4,4,4
72..79,80..255,5,5,4
72..79,80..255,6,6,4
72..79,80..255,7,7,4
73,72,8,8,1
73,74,9,9,1
73,75,9,10,1
73,76,9,11,1
73,77,9,12,1
73,78,9,13,1
73,79,9,14,1
74,72,9,8,1
74,73,9,9,1
74,75,10,10,1
74,76,10,11,1
74,77,10,12,1
74,78,10,13,1
74,79,10,14,1
75,72,10,8,1
75,73,10,9,1
75,74,10,10,1
75,76,11,11,1
75,77,11,12,1
75,78,11,13,1
75,79,11,14,1
76,72,11,8,1
76,73,11,9,1
76,74,11,10,1
76,75,11,11,1
76,77,12,12,1
76,78,12,13,1
76,79,12,14,1
77,72,12,8,1
77,73,12,9,1
77,74,12,10,1
77,75,12,11,1
77,76,12,12,1
77,78,13,13,1
77,79,13,14,1
78,72,13,8,1
78,73,13,9,1
78,74,13,10,1
78,75,13,11,1
78,76,13,12,1
78,77,13,13,1
78,79,14,14,1
79,72,14,8,1
79,73,14,9,1
79,74,14,10,1
79,75,14,11,1
79,76,14,12,1
79,77,14,13,1
79,78,14,14,1
80..87,0..79,0,0,4
80..87,0..79,1,1,4
80..87,0..79,2,2,4
80..87,0..79,3,3,4
80..87,0..79,4,4,4
80..87,0..79,5,5,4
80..87,0..79,6,6,4
80..87,0..79,7,7,4
80,81,8,8,1
80,82,8,9,1
80,83,8,10,1
80,84,8,11,1
80,85,8,12,1
80,86,8,13,1
80,87,8,14,1
80..87,88..255,0,0,4
80..87,88..255,1,1,4
80..87,88..255,2,2,4
80..87,88..255,3,3,4
80..87,88..255,4,4,4
80..87,88..255,5,5,4
80..87,88..255,6,6,4
80..87,88..255,7,7,4
81,80,8,8,1
81,82,9,9,1
81,83,9,10,1
81,84,9,11,1
81,85,9,12,1
81,86,9,13,1
81,87,9,14,1
82,80,9,8,1
82,81,9,9,1
82,83,10,10,1
82,84,10,11,1
82,85,10,12,1
82,86,10,13,1
82,87,10,14,1
83,80,10,8,1
83,81,10,9,1
83,82,10,10,1
83,84,11,11,1
83,85,11,12,1
83,86,11,13,1
83,87,11,14,1
84,80,11,8,1
84,81,11,9,1
84,82,11,10,1
84,83,11,11,1
84,85,12,12,1
84,86,12,13,1
84,87,12,14,1
85,80,12,8,1
85,81,12,9,1
85,82,12,10,1
85,83,12,11,1
85,84,12,12,1
85,86,13,13,1
85,87,13,14,1
86,80,13,8,1
86,81,13,9,1
86,82,13,10,1
86,83,13,11,1
86,84,13,12,1
86,85,13,13,1
86,87,14,14,1
87,80,14,8,1
87,81,14,9,1
87,82,14,10,1
87,83,14,11,1
87,84,14,12,1
87,85,14,13,1
87,86,14,14,1
88..95,0..87,0,0,4
88..95,0..87,1,1,4
88..95,0..87,2,2,4
88..95,0..87,3,3,4
88..95,0..87,4,4,4
88..95,0..87,5,5,4
88..95,0..87,6,6,4
88..95,0..87,7,7,4
88,89,8,8,1
88,90,8,9,1
88,91,8,10,1
88,92,8,11,1
88,93,8,12,1
88,94,8,13,1
88,95,8,14,1
88..95,96..255,0,0,4
88..95,96..255,1,1,4
88..95,96..255,2,2,4
88..95,96..255,3,3,4
88..95,96..255,4,4,4
88..95,96..255,5,5,4
88..95,96..255,6,6,4
88..95,96..255,7,7,4
89,88,8,8,1
89,90,9,9,1
89,91,9,10,1
89,92,9,11,1
89,93,9,12,1
89,94,9,13,1
89,95,9,14,1
90,88,9,8,1
90,89,9,9,1
90,91,10,10,1
90,92,10,11,1
90,93,10,12,1
90,94,10,13,1
90,95,10,14,1
91,88,10,8,1
91,89,10,9,1
91,90,10,10,1
91,92,11,11,1
91,93,11,12,1
91,94,11,13,1
91,95,11,14,1
92,88,11,8,1
92,89,11,9,1
92,90,11,10,1
92,91,11,11,1
92,93,12,12,1
92,94,12,13,1
92,95,12,14,1
93,88,12,8,1
93,89,12,9,1
93,90,12,10,1
93,91,12,11,1
93,92,12,12,1
93,94,13,13,1
93,95,13,14,1
94,88,13,8,1
94,89,13,9,1
94,90,13,10,1
94,91,13,11,1
94,92,13,12,1
94,93,13,13,1
94,95,14,14,1
95,88,14,8,1
95,89,14,9,1
95,90,14,10,1
95,91,14,11,1
95,92,14,12,1
95,93,14,13,1
95,94,14,14,1
96..103,0..95,0,0,4
96..103,0..95,1,1,4
96..103,0..95,2,2,4
96..103,0..95,3,3,4
96..103,0..95,4,4,4
96..103,0..95,5,5,4
96..103,0..95,6,6,4
96..103,0..95,7,7,4
96,97,8,8,1
96,98,8,9,1
96,99,8,10,1
96,100,8,11,1
96,101,8,12,1
96,102,8,13,1
96,103,8,14,1
96..103,104..255,0,0,4
96..103,104..255,1,1,4
96..103,104..255,2,2,4
96..103,104..255,3,3,4
96..103,104..255,4,4,4
96..103,104..255,5,5,4
96..103,104..255,6,6,4
96..103,104..255,7,7,4
97,96,8,8,1
97,98,9,9,1
97,99,9,10,1
97,100,9,11,1
97,101,9,12,1
97,102,9,13,1
97,103,9,14,1
98,96,9,8,1
98,97,9,9,1
98,99,10,10,1
98,100,10,11,1
98,101,10,12,1
98,102,10,13,1
98,103,10,14,1
99,96,10,8,1
99,97,10,9,1
99,98,10,10,1
99,100,11,11,1
99,101,11,12,1
99,102,11,13,1
99,103,11,14,1
100,96,11,8,1
100,97,11,9,1
100,98,11,10,1
100,99,11,11,1
100,101,12,12,1
100,102,12,13,1
100,103,12,14,1
101,96,12,8,1
101,97,12,9,1
101,98,12,10,1
101,99,12,11,1
101,100,12,12,1
101,102,13,13,1
101,103,13,14,1
102,96,13,8,1
102,97,13,9,1
102,98,13,10,1
102,99,13,11,1
102,100,13,12,1
102,101,13,13,1
102,103,14,14,1
103,96,14,8,1
103,97,14,9,1
103,98,14,10,1
103,99,14,11,1
103,100,14,12,1
103,101,14,13,1
103,102,14,14,1
104..111,0..103,0,0,4
104..111,0..103,1,1,4
104..111,0..103,2,2,4
104..111,0..103,3,3,4
104..111,0..103,4,4,4
104..111,0..103,5,5,4
104..111,0..103,6,6,4
104..111,0..103,7,7,4
104,105,8,8,1
104,106,8,9,1
104,107,8,10,1
104,108,8,11,1
104,109,8,12,1
104,110,8,13,1
104,111,8,14,1
104..111,112..255,0,0,4
104..111,112..255,1,1,4
104..111,112..255,2,2,4
104..111,112..255,3,3,4
104..111,112..255,4,4,4
104..111,112..255,5,5,4
104..111,112..255,6,6,4
104..111,112..255,7,7,4
105,104,8,8,1
105,106,9,9,1
105,107,9,10,1
105,108,9,11,1
105,109,9,12,1
105,110,9,13,1
105,111,9,14,1
106,104,9,8,1
106,105,9,9,1
106,107,10,10,1
106,108,10,11,1
106,109,10,12,1
106,110,10,13,1
106,111,10,14,1
107,104,10,8,1
107,105,10,9,1
107,106,10,10,1
107,108,11,11,1
107,109,11,12,1
107,110,11,13,1
107,111,11,14,1
108,104,11,8,1
108,105,11,9,1
108,106,11,10,1
108,107,11,11,1
108,109,12,12,1
108,110,12,13,1
108,111,12,14,1
109,104,12,8,1
109,105,12,9,1
109,106,12,10,1
109,107,12,11,1
109,108,12,12,1
109,110,13,13,1
109,111,13,14,1
110,104,13,8,1
110,105,13,9,1
110,106,13,10,1
110,107,13,11,1
110,108,13,12,1
110,109,13,13,1
110,111,14,14,1
111,104,14,8,1
111,105,14,9,1
111,106,14,10,1
111,107,14,11,1
111,108,14,12,1
111,109,14,13,1
111,110,14,14,1
112..119,0..111,0,0,4
112..119,0..111,1,1,4
112..119,0..111,2,2,4
112..119,0..111,3,3,4
112..119,0..111,4,4,4
112..119,0..111,5,5,4
112..119,0..111,6,6,4
112..119,0..111,7,7,4
112,113,8,8,1
112,114,8,9,1
112,115,8,10,1
112,116,8,11,1
112,117,8,12,1
112,118,8,13,1
112,119,8,14,1
112..119,120..255,0,0,4
112..119,120..255,1,1,4
112..119,120..255,2,2,4
112..119,120..255,3,3,4
112..119,120..255,4,4,4
112..119,120..255,5,5,4
112..119,120..255,6,6,4
112..119,120..255,7,7,4
113,112,8,8,1
113,114,9,9,1
113,115,9,10,1
113,116,9,11,1
113,117,9,12,1
113,118,9,13,1
113,119,9,14,1
114,112,9,8,1
114,113,9,9,1
114,115,10,10,1
114,116,10,11,1
114,117,10,12,1
114,118,10,13,1
114,119,10,14,1
115,112,10,8,1
115,113,10,9,1
115,114,10,10,1
115,116,11,11,1
115,117,11,12,1
115,118,11,13,1
115,119,11,14,1
116,112,11,8,1
116,113,11,9,1
116,114,11,10,1
116,115,11,11,1
116,117,12,12,1
116,118,12,13,1
116,119,12,14,1
117,112,12,8,1
117,113,12,9,1
117,114,12,10,1
117,115,12,11,1
117,116,12,12,1
117,118,13,13,1
117,119,13,14,1
118,112,13,8,1
118,113,13,9,1
118,114,13,10,1
118,115,13,11,1
118,116,13,12,1
118,117,13,13,1
118,119,14,14,1
119,112,14,8,1
119,113,14,9,1
119,114,14,10,1
119,115,14,11,1
119,116,14,12,1
119,117,14,13,1
119,118,14,14,1
120..127,0..119,0,0,4
120..127,0..119,1,1,4
120..127,0..119,2,2,4
120..127,0..119,3,3,4
120..127,0..119,4,4,4
120..127,0..119,5,5,4
120..127,0..119,6,6,4
120..127,0..119,7,7,4
120,121,8,8,1
120,122,8,9,1
120,123,8,10,1
120,124,8,11,1
120,125,8,12,1
120,126,8,13,1
120,127,8,14,1
120..127,128..255,0,0,4
120..127,128..255,1,1,4
120..127,128..255,2,2,4
120..127,128..255,3,3,4
120..127,128..255,4,4,4
120..127,128..255,5,5,4
120..127,128..255,6,6,4
120..127,128..255,7,7,4
121,120,8,8,1
121,122,9,9,1
121,123,9,10,1
121,124,9,11,1
121,125,9,12,1
121,126,9,13,1
121,127,9,14,1
122,120,9,8,1
122,121,9,9,1
122,123,10,10,1
122,124,10,11,1
122,125,10,12,1
122,126,10,13,1
122,127,10,14,1
123,120,10,8,1
123,121,10,9,1
123,122,10,10,1
123,124,11,11,1
123,125,11,12,1
123,126,11,13,1
123,127,11,14,1
124,120,11,8,1
124,121,11,9,1
124,122,11,10,1
124,123,11,11,1
124,125,12,12,1
124,126,12,13,1
124,127,12,14,1
125,120,12,8,1
125,121,12,9,1
125,122,12,10,1
125,123,12,11,1
125,124,12,12,1
125,126,13,13,1
125,127,13,14,1
126,120,13,8,1
126,121,13,9,1
126,122,13,10,1
126,123,13,11,1
126,124,13,12,1
126,125,13,13,1
126,127,14,14,1
127,120,14,8,1
127,121,14,9,1
127,122,14,10,1
127,123,14,11,1
127,124,14,12,1
127,125,14,13,1
127,126,14,14,1
128..135,0..127,0,0,4
128..135,0..127,1,1,4
128..135,0..127,2,2,4
128..135,0..127,3,3,4
128..135,0..127,4,4,4
128..135,0..127,5,5,4
128..135,0..127,6,6,4
128..135,0..127,7,7,4
128,129,8,8,1
128,130,8,9,1
128,131,8,10,1
128,132,8,11,1
128,133,8,12,1
128,134,8,13,1
128,135,8,14,1
128..135,136..255,0,0,4
128..135,136..255,1,1,4
128..135,136..255,2,2,4
128..135,136..255,3,3,4
128..135,136..255,4,4,4
128..135,136..255,5,5,4
128..135,136..255,6,6,4
128..135,136..255,7,7,4
129,128,8,8,1
129,130,9,9,1
129,131,9,10,1
129,132,9,11,1
129,133,9,12,1
129,134,9,13,1
129,135,9,14,1
130,128,9,8,1
130,129,9,9,1
130,131,10,10,1
130,132,10,11,1
130,133,10,12,1
130,134,10,13,1
130,135,10,14,1
131,128,10,8,1
131,129,10,9,1
131,130,10,10,1
131,132,11,11,1
131,133,11,12,1
131,134,11,13,1
131,135,11,14,1
132,128,11,8,1
132,129,11,9,1
132,130,11,10,1
132,131,11,11,1
132,133,12,12,1
132,134,12,13,1
132,135,12,14,1
133,128,12,8,1
133,129,12,9,1
133,130,12,10,1
133,131,12,11,1
133,132,12,12,1
133,134,13,13,1
133,135,13,14,1
134,128,13,8,1
134,129,13,9,1
134,130,13,10,1
134,131,13,11,1
134,132,13,12,1
134,133,13,13,1
134,135,14,14,1
135,128,14,8,1
135,129,14,9,1
135,130,14,10,1
135,131,14,11,1
135,132,14,12,1
135,133,14,13,1
135,134,14,14,1
136..143,0..135,0,0,4
136..143,0..135,1,1,4
136..143,0..135,2,2,4
136..143,0..135,3,3,4
136..143,0..135,4,4,4
136..143,0..135,5,5,4
136..143,0..135,6,6,4
136..143,0..135,7,7,4
136,137,8,8,1
136,138,8,9,1
136,139,8,10,1
136,140,8,11,1
136,141,8,12,1
136,142,8,13,1
136,143,8,14,1
136..143,144..255,0,0,4
136..143,144..255,1,1,4
136..143,144..255,2,2,4
136..143,144..255,3,3,4
136..143,144..255,4,4,4
136..143,144..255,5,5,4
136..143,144..255,6,6,4
136..143,144..255,7,7,4
137,136,8,8,1
137,138,9,9,1
137,139,9,10,1
137,140,9,11,1
137,141,9,12,1
137,142,9,13,1
137,143,9,14,1
138,136,9,8,1
138,137,9,9,1
138,139,10,10,1
138,140,10,11,1
138,141,10,12,1
138,142,10,13,1
138,143,10,14,1
139,136,10,8,1
139,137,10,9,1
139,138,10,10,1
139,140,11,11,1
139,141,11,12,1
139,142,11,13,1
139,143,11,14,1
140,136,11,8,1
140,137,11,9,1
140,138,11,10,1
140,139,11,11,1
140,141,12,12,1
140,142,12,13,1
140,143,12,14,1
141,136,12,8,1
141,137,12,9,1
141,138,12,10,1
141,139,12,11,1
141,140,12,12,1
141,142,13,13,1
141,143,13,14,1
142,136,13,8,1
142,137,13,9,1
142,138,13,10,1
142,139,13,11,1
142,140,13,12,1
142,141,13,13,1
142,143,14,14,1
143,136,14,8,1
143,137,14,9,1
143,138,14,10,1
143,139,14,11,1
143,140,14,12,1
143,141,14,13,1
143,142,14,14,1
144..151,0..143,0,0,4
144..151,0..143,1,1,4
144..151,0..143,2,2,4
144..151,0..143,3,3,4
144..151,0..143,4,4,4
144..151,0..143,5,5,4
144..151,0..143,6,6,4
144..151,0..143,7,7,4
144,145,8,8,1
144,146,8,9,1
144,147,8,10,1
144,148,8,11,1
144,149,8,12,1
144,150,8,13,1
144,151,8,14,1
144..151,152..255,0,0,4
144..151,152..255,1,1,4
144..151,152..255,2,2,4
144..151,152..255,3,3,4
144..151,152..255,4,4,4
144..151,152..255,5,5,4
144..151,152..255,6,6,4
144..151,152..255,7,7,4
145,144,8,8,1
145,146,9,9,1
145,147,9,10,1
145,148,9,11,1
145,149,9,12,1
145,150,9,13,1
145,151,9,14,1
146,144,9,8,1
146,145,9,9,1
146,147,10,10,1
146,148,10,11,1
146,149,10,12,1
146,150,10,13,1
146,151,10,14,1
147,144,10,8,1
147,145,10,9,1
147,146,10,10,1
147,148,11,11,1
147,149,11,12,1
147,150,11,13,1
147,151,11,14,1
148,144,11,8,1
148,145,11,9,1
148,146,11,10,1
148,147,11,11,1
148,149,12,12,1
148,150,12,13,1
148,151,12,14,1
149,144,12,8,1
149,145,12,9,1
149,146,12,10,1
149,147,12,11,1
149,148,12,12,1
149,150,13,13,1
149,151,13,14,1
150,144,13,8,1
150,145,13,9,1
150,146,13,10,1
150,147,13,11,1
150,148,13,12,1
150,149,13,13,1
150,151,14,14,1
151,144,14,8,1
151,145,14,9,1
151,146,14,10,1
151,147,14,11,1
151,148,14,12,1
151,149,14,13,1
151,150,14,14,1
152..159,0..151,0,0,4
152..159,0..151,1,1,4
152..159,0..151,2,2,4
152..159,0..151,3,3,4
152..159,0..151,4,4,4
152..159,0..151,5,5,4
152..159,0..151,6,6,4
152..159,0..151,7,7,4
152,153,8,8,1
152,154,8,9,1
152,155,8,10,1
152,156,8,11,1
152,157,8,12,1
152,158,8,13,1
152,159,8,14,1
152..159,160..255,0,0,4
152..159,160..255,1,1,4
152..159,160..255,2,2,4
152..159,160..255,3,3,4
152..159,160..255,4,4,4
152..159,160..255,5,5,4
152..159,160..255,6,6,4
152..159,160..255,7,7,4
153,152,8,8,1
153,154,9,9,1
153,155,9,10,1
153,156,9,11,1
153,157,9,12,1
153,158,9,13,1
153,159,9,14,1
154,152,9,8,1
154,153,9,9,1
154,155,10,10,1
154,156,10,11,1
154,157,10,12,1
154,158,10,13,1
154,159,10,14,1
155,152,10,8,1
155,153,10,9,1
155,154,10,10,1
155,156,11,11,1
155,157,11,12,1
155,158,11,13,1
155,159,11,14,1
156,152,11,8,1
156,153,11,9,1
156,154,11,10,1
156,155,11,11,1
156,157,12,12,1
156,158,12,13,1
156,159,12,14,1
157,152,12,8,1
157,153,12,9,1
157,154,12,10,1
157,155,12,11,1
157,156,12,12,1
157,158,13,13,1
157,159,13,14,1
158,152,13,8,1
158,153,13,9,1
158,154,13,10,1
158,155,13,11,1
158,156,13,12,1
158,157,13,13,1
158,159,14,14,1
159,152,14,8,1
159,153,14,9,1
159,154,14,10,1
159,155,14,11,1
159,156,14,12,1
159,157,14,13,1
159,158,14,14,1
160..167,0..159,0,0,4
160..167,0..159,1,1,4
160..167,0..159,2,2,4
160..167,0..159,3,3,4
160..167,0..159,4,4,4
160..167,0..159,5,5,4
160..167,0..159,6,6,4
160..167,0..159,7,7,4
160,161,8,8,1
160,162,8,9,1
160,163,8,10,1
160,164,8,11,1
160,165,8,12,1
160,166,8,13,1
160,167,8,14,1
160..167,168..255,0,0,4
160..167,168..255,1,1,4
160..167,168..255,2,2,4
160..167,168..255,3,3,4
160..167,168..255,4,4,4
160..167,168..255,5,5,4
160..167,168..255,6,6,4
160..167,168..255,7,7,4
161,160,8,8,1
161,162,9,9,1
161,163,9,10,1
161,164,9,11,1
161,165,9,12,1
161,166,9,13,1
161,167,9,14,1
162,160,9,8,1
162,161,9,9,1
162,163,10,10,1
162,164,10,11,1
162,165,10,12,1
162,166,10,13,1
162,167,10,14,1
163,160,10,8,1
163,161,10,9,1
163,162,10,10,1
163,164,11,11,1
163,165,11,12,1
163,166,11,13,1
163,167,11,14,1
164,160,11,8,1
164,161,11,9,1
164,162,11,10,1
164,163,11,11,1
164,165,12,12,1
164,166,12,13,1
164,167,12,14,1
165,160,12,8,1
165,161,12,9,1
165,162,12,10,1
165,163,12,11,1
165,164,12,12,1
165,166,13,13,1
165,167,13,14,1
166,160,13,8,1
166,161,13,9,1
166,162,13,10,1
166,163,13,11,1
166,164,13,12,1
166,165,13,13,1
166,167,14,14,1
167,160,14,8,1
167,161,14,9,1
167,162,14,10,1
167,163,14,11,1
167,164,14,12,1
167,165,14,13,1
167,166,14,14,1
168..175,0..167,0,0,4
168..175,0..167,1,1,4
168..175,0..167,2,2,4
168..175,0..167,3,3,4
168..175,0..167,4,4,4
168..175,0..167,5,5,4
168..175,0..167,6,6,4
168..175,0..167,7,7,4
168,169,8,8,1
168,170,8,9,1
168,171,8,10,1
168,172,8,11,1
168,173,8,12,1
168,174,8,13,1
168,175,8,14,1
168..175,176..255,0,0,4
168..175,176..255,1,1,4
168..175,176..255,2,2,4
168..175,176..255,3,3,4
168..175,176..255,4,4,4
168..175,176..255,5,5,4
168..175,176..255,6,6,4
168..175,176..255,7,7,4
169,168,8,8,1
169,170,9,9,1
169,171,9,10,1
169,172,9,11,1
169,173,9,12,1
169,174,9,13,1
169,175,9,14,1
170,168,9,8,1
170,169,9,9,1
170,171,10,10,1
170,172,10,11,1
170,173,10,12,1
170,174,10,13,1
170,175,10,14,1
171,168,10,8,1
171,169,10,9,1
171,170,10,10,1
171,172,11,11,1
171,173,11,12,1
171,174,11,13,1
171,175,11,14,1
172,168,11,8,1
172,169,11,9,1
172,170,11,10,1
172,171,11,11,1
172,173,12,12,1
172,174,12,13,1
172,175,12,14,1
173,168,12,8,1
173,169,12,9,1
173,170,12,10,1
173,171,12,11,1
173,172,12,12,1
173,174,13,13,1
173,175,13,14,1
174,168,13,8,1
174,169,13,9,1
174,170,13,10,1
174,171,13,11,1
174,172,13,12,1
174,173,13,13,1
174,175,14,14,1
175,168,14,8,1
175,169,14,9,1
175,170,14,10,1
175,171,14,11,1
175,172,14,12,1
175,173,14,13,1
175,174,14,14,1
176..183,0..175,0,0,4
176..183,0..175,1,1,4
176..183,0..175,2,2,4
176..183,0..175,3,3,4
176..183,0..175,4,4,4
176..183,0..175,5,5,4
176..183,0..175,6,6,4
176..183,0..175,7,7,4
176,177,8,8,1
176,178,8,9,1
176,179,8,10,1
176,180,8,11,1
176,181,8,12,1
176,182,8,13,1
176,183,8,14,1
176..183,184..255,0,0,4
176..183,184..255,1,1,4
176..183,184..255,2,2,4
176..183,184..255,3,3,4
176..183,184..255,4,4,4
176..183,184..255,5,5,4
176..183,184..255,6,6,4
176..183,184..255,7,7,4
177,176,8,8,1
177,178,9,9,1
177,179,9,10,1
177,180,9,11,1
177,181,9,12,1
177,182,9,13,1
177,183,9,14,1
178,176,9,8,1
178,177,9,9,1
178,179,10,10,1
178,180,10,11,1
178,181,10,12,1
178,182,10,13,1
178,183,10,14,1
179,176,10,8,1
179,177,10,9,1
179,178,10,10,1
179,180,11,11,1
179,181,11,12,1
179,182,11,13,1
179,183,11,14,1
180,176,11,8,1
180,177,11,9,1
180,178,11,10,1
180,179,11,11,1
180,181,12,12,1
180,182,12,13,1
180,183,12,14,1
181,176,12,8,1
181,177,12,9,1
181,178,12,10,1
181,179,12,11,1
181,180,12,12,1
181,182,13,13,1
181,183,13,14,1
182,176,13,8,1
182,177,13,9,1
182,178,13,10,1
182,179,13,11,1
182,180,13,12,1
182,181,13,13,1
182,183,14,14,1
183,176,14,8,1
183,177,14,9,1
183,178,14,10,1
183,179,14,11,1
183,180,14,12,1
183,181,14,13,1
183,182,14,14,1
184..191,0..183,0,0,4
184..191,0..183,1,1,4
184..191,0..183,2,2,4
184..191,0..183,3,3,4
184..191,0..183,4,4,4
184..191,0..183,5,5,4
184..191,0..183,6,6,4
184..191,0..183,7,7,4
184,185,8,8,1
184,186,8,9,1
184,187,8,10,1
184,188,8,11,1
184,189,8,12,1
184,190,8,13,1
184,191,8,14,1
184..191,192..255,0,0,4
184..191,192..255,1,1,4
184..191,192..255,2,2,4
184..191,192..255,3,3,4
184..191,192..255,4,4,4
184..191,192..255,5,5,4
184..191,192..255,6,6,4
184..191,192..255,7,7,4
185,184,8,8,1
185,186,9,9,1
185,187,9,10,1
185,188,9,11,1
185,189,9,12,1
185,190,9,13,1
185,191,9,14,1
186,184,9,8,1
186,185,9,9,1
186,187,10,10,1
186,188,10,11,1
186,189,10,12,1
186,190,10,13,1
186,191,10,14,1
187,184,10,8,1
187,185,10,9,1
187,186,10,10,1
187,188,11,11,1
187,189,11,12,1
187,190,11,13,1
187,191,11,14,1
188,184,11,8,1
188,185,11,9,1
188,186,11,10,1
188,187,11,11,1
188,189,12,12,1
188,190,12,13,1
188,191,12,14,1
189,184,12,8,1
189,185,12,9,1
189,186,12,10,1
189,187,12,11,1
189,188,12,12,1
189,190,13,13,1
189,191,13,14,1
190,184,13,8,1
190,185,13,9,1
190,186,13,10,1
190,187,13,11,1
190,188,13,12,1
190,189,13,13,1
190,191,14,14,1
191,184,14,8,1
191,185,14,9,1
191,186,14,10,1
191,187,14,11,1
191,188,14,12,1
191,189,14,13,1
191,190,14,14,1
192..199,0..191,0,0,4
192..199,0..191,1,1,4
192..199,0..191,2,2,4
192..199,0..191,3,3,4
192..199,0..191,4,4,4
192..199,0..191,5,5,4
192..199,0..191,6,6,4
192..199,0..191,7,7,4
192,193,8,8,1
192,194,8,9,1
192,195,8,10,1
192,196,8,11,1
192,197,8,12,1
192,198,8,13,1
192,199,8,14,1
192..199,200..255,0,0,4
192..199,200..255,1,1,4
192..199,200..255,2,2,4
192..199,200..255,3,3,4
192..199,200..255,4,4,4
192..199,200..255,5,5,4
192..199,200..255,6,6,4
192..199,200..255,7,7,4
193,192,8,8,1
193,194,9,9,1
193,195,9,10,1
193,196,9,11,1
193,197,9,12,1
193,198,9,13,1
193,199,9,14,1
194,192,9,8,1
194,193,9,9,1
194,195,10,10,1
194,196,10,11,1
194,197,10,12,1
194,198,10,13,1
194,199,10,14,1
195,192,10,8,1
195,193,10,9,1
195,194,10,10,1
195,196,11,11,1
195,197,11,12,1
195,198,11,13,1
195,199,11,14,1
196,192,11,8,1
196,193,11,9,1
196,194,11,10,1
196,195,11,11,1
196,197,12,12,1
196,198,12,13,1
196,199,12,14,1
197,192,12,8,1
197,193,12,9,1
197,194,12,10,1
197,195,12,11,1
197,196,12,12,1
197,198,13,13,1
197,199,13,14,1
198,192,13,8,1
198,193,13,9,1
198,194,13,10,1
198,195,13,11,1
198,196,13,12,1
198,197,13,13,1
198,199,14,14,1
199,192,14,8,1
199,193,14,9,1
199,194,14,10,1
199,195,14,11,1
199,196,14,12,1
199,197,14,13,1
199,198,14,14,1
200..207,0..199,0,0,4
200..207,0..199,1,1,4
200..207,0..199,2,2,4
200..207,0..199,3,3,4
200..207,0..199,4,4,4
200..207,0..199,5,5,4
200..207,0..199,6,6,4
200..207,0..199,7,7,4
200,201,8,8,1
200,202,8,9,1
200,203,8,10,1
200,204,8,11,1
200,205,8,12,1
200,206,8,13,1
200,207,8,14,1
200..207,208..255,0,0,4
200..207,208..255,1,1,4
200..207,208..255,2,2,4
200..207,208..255,3,3,4
200..207,208..255,4,4,4
200..207,208..255,5,5,4
200..207,208..255,6,6,4
200..207,208..255,7,7,4
201,200,8,8,1
201,202,9,9,1
201,203,9,10,1
201,204,9,11,1
201,205,9,12,1
201,206,9,13,1
201,207,9,14,1
202,200,9,8,1
202,201,9,9,1
202,203,10,10,1
202,204,10,11,1
202,205,10,12,1
202,206,10,13,1
202,207,10,14,1
203,200,10,8,1
203,201,10,9,1
203,202,10,10,1
203,204,11,11,1
203,205,11,12,1
203,206,11,13,1
203,207,11,14,1
204,200,11,8,1
204,201,11,9,1
204,202,11,10,1
204,203,11,11,1
204,205,12,12,1
204,206,12,13,1
204,207,12,14,1
205,200,12,8,1
205,201,12,9,1
205,202,12,10,1
205,203,12,11,1
205,204,12,12,1
205,206,13,13,1
205,207,13,14,1
206,200,13,8,1
206,201,13,9,1
206,202,13,10,1
206,203,13,11,1
206,204,13,12,1
206,205,13,13,1
206,207,14,14,1
207,200,14,8,1
207,201,14,9,1
207,202,14,10,1
207,203,14,11,1
207,204,14,12,1
207,205,14,13,1
207,206,14,14,1
208..215,0..207,0,0,4
208..215,0..207,1,1,4
208..215,0..207,2,2,4
208..215,0..207,3,3,4
208..215,0..207,4,4,4
208..215,0..207,5,5,4
208..215,0..207,6,6,4
208..215,0..207,7,7,4
208,209,8,8,1
208,210,8,9,1
208,211,8,10,1
208,212,8,11,1
208,213,8,12,1
208,214,8,13,1
208,215,8,14,1
208..215,216..255,0,0,4
208..215,216..255,1,1,4
208..215,216..255,2,2,4
208..215,216..255,3,3,4
208..215,216..255,4,4,4
208..215,216..255,5,5,4
208..215,216..255,6,6,4
208..215,216..255,7,7,4
209,208,8,8,1
209,210,9,9,1
209,211,9,10,1
209,212,9,11,1
209,213,9,12,1
209,214,9,13,1
209,215,9,14,1
210,208,9,8,1
210,209,9,9,1
210,211,10,10,1
210,212,10,11,1
210,213,10,12,1
210,214,10,13,1
210,215,10,14,1
211,208,10,8,1
211,209,10,9,1
211,210,10,10,1
211,212,11,11,1
211,213,11,12,1
211,214,11,13,1
211,215,11,14,1
212,208,11,8,1
212,209,11,9,1
212,210,11,10,1
212,211,11,11,1
212,213,12,12,1
212,214,12,13,1
212,215,12,14,1
213,208,12,8,1
213,209,12,9,1
213,210,12,10,1
213,211,12,11,1
213,212,12,12,1
213,214,13,13,1
213,215,13,14,1
214,208,13,8,1
214,209,13,9,1
214,210,13,10,1
214,211,13,11,1
214,212,13,12,1
214,213,13,13,1
214,215,14,14,1
215,208,14,8,1
215,209,14,9,1
215,210,14,10,1
215,211,14,11,1
215,212,14,12,1
215,213,14,13,1
215,214,14,14,1
216..223,0..215,0,0,4
216..223,0..215,1,1,4
216..223,0..215,2,2,4
216..223,0..215,3,3,4
216..223,0..215,4,4,4
216..223,0..215,5,5,4
216..223,0..215,6,6,4
216..223,0..215,7,7,4
216,217,8,8,1
216,218,8,9,1
216,219,8,10,1
216,220,8,11,1
216,221,8,12,1
216,222,8,13,1
216,223,8,14,1
216..223,224..255,0,0,4
216..223,224..255,1,1,4
216..223,224..255,2,2,4
216..223,224..255,3,3,4
216..223,224..255,4,4,4
216..223,224..255,5,5,4
216..223,224..255,6,6,4
216..223,224..255,7,7,4
217,216,8,8,1
217,218,9,9,1
217,219,9,10,1
217,220,9,11,1
217,221,9,12,1
217,222,9,13,1
217,223,9,14,1
218,216,9,8,1
218,217,9,9,1
218,219,10,10,1
218,220,10,11,1
218,221,10,12,1
218,222,10,13,1
218,223,10,14,1
219,216,10,8,1
219,217,10,9,1
219,218,10,10,1
219,220,11,11,1
219,221,11,12,1
219,222,11,13,1
219,223,11,14,1
220,216,11,8,1
220,217,11,9,1
220,218,11,10,1
220,219,11,11,1
220,221,12,12,1
220,222,12,13,1
220,223,12,14,1
221,216,12,8,1
221,217,12,9,1
221,218,12,10,1
221,219,12,11,1
221,220,12,12,1
221,222,13,13,1
221,223,13,14,1
222,216,13,8,1
222,217,13,9,1
222,218,13,10,1
222,219,13,11,1
222,220,13,12,1
222,221,13,13,1
222,223,14,14,1
223,216,14,8,1
223,217,14,9,1
223,218,14,10,1
223,219,14,11,1
223,220,14,12,1
223,221,14,13,1
223,222,14,14,1
224..231,0..223,0,0,4
224..231,0..223,1,1,4
224..231,0..223,2,2,4
224..231,0..223,3,3,4
224..231,0..223,4,4,4
224..231,0..223,5,5,4
224..231,0..223,6,6,4
224..231,0..223,7,7,4
224,225,8,8,1
224,226,8,9,1
224,227,8,10,1
224,228,8,11,1
224,229,8,12,1
224,230,8,13,1
224,231,8,14,1
224..231,232..255,0,0,4
224..231,232..255,1,1,4
224..231,232..255,2,2,4
224..231,232..255,3,3,4
224..231,232..255,4,4,4
224..231,232..255,5,5,4
224..231,232..255,6,6,4
224..231,232..255,7,7,4
225,224,8,8,1
225,226,9,9,1
225,227,9,10,1
225,228,9,11,1
225,229,9,12,1
225,230,9,13,1
225,231,9,14,1
226,224,9,8,1
226,225,9,9,1
226,227,10,10,1
226,228,10,11,1
226,229,10,12,1
226,230,10,13,1
226,231,10,14,1
227,224,10,8,1
227,225,10,9,1
227,226,10,10,1
227,228,11,11,1
227,229,11,12,1
227,230,11,13,1
227,231,11,14,1
228,224,11,8,1
228,225,11,9,1
228,226,11,10,1
228,227,11,11,1
228,229,12,12,1
228,230,12,13,1
228,231,12,14,1
229,224,12,8,1
229,225,12,9,1
229,226,12,10,1
229,227,12,11,1
229,228,12,12,1
229,230,13,13,1
229,231,13,14,1
230,224,13,8,1
230,225,13,9,1
230,226,13,10,1
230,227,13,11,1
230,228,13,12,1
230,229,13,13,1
230,231,14,14,1
231,224,14,8,1
231,225,14,9,1
231,226,14,10,1
231,227,14,11,1
231,228,14,12,1
231,229,14,13,1
231,230,14,14,1
232..239,0..231,0,0,4
232..239,0..231,1,1,4
232..239,0..231,2,2,4
232..239,0..231,3,3,4
232..239,0..231,4,4,4
232..239,0..231,5,5,4
232..239,0..231,6,6,4
232..239,0..231,7,7,4
232,233,8,8,1
232,234,8,9,1
232,235,8,10,1
232,236,8,11,1
232,237,8,12,1
232,238,8,13,1
232,239,8,14,1
232..239,240..255,0,0,4
232..239,240..255,1,1,4
232..239,240..255,2,2,4
232..239,240..255,3,3,4
232..239,240..255,4,4,4
232..239,240..255,5,5,4
232..239,240..255,6,6,4
232..239,240..255,7,7,4
233,232,8,8,1
233,234,9,9,1
233,235,9,10,1
233,236,9,11,1
233,237,9,12,1
233,238,9,13,1
233,239,9,14,1
234,232,9,8,1
234,233,9,9,1
234,235,10,10,1
234,236,10,11,1
234,237,10,12,1
234,238,10,13,1
234,239,10,14,1
235,232,10,8,1
235,233,10,9,1
235,234,10,10,1
235,236,11,11,1
235,237,11,12,1
235,238,11,13,1
235,239,11,14,1
236,232,11,8,1
236,233,11,9,1
236,234,11,10,1
236,235,11,11,1
236,237,12,12,1
236,238,12,13,1
236,239,12,14,1
237,232,12,8,1
237,233,12,9,1
237,234,12,10,1
237,235,12,11,1
237,236,12,12,1
237,238,13,13,1
237,239,13,14,1
238,232,13,8,1
238,233,13,9,1
238,234,13,10,1
238,235,13,11,1
238,236,13,12,1
238,237,13,13,1
238,239,14,14,1
239,232,14,8,1
239,233,14,9,1
239,234,14,10,1
239,235,14,11,1
239,236,14,12,1
239,237,14,13,1
239,238,14,14,1
240..247,0..239,0,0,4
240..247,0..239,1,1,4
240..247,0..239,2,2,4
240..247,0..239,3,3,4
240..247,0..239,4,4,4
240..247,0..239,5,5,4
240..247,0..239,6,6,4
240..247,0..239,7,7,4
240,241,8,8,1
240,242,8,9,1
240,243,8,10,1
240,244,8,11,1
240,245,8,12,1
240,246,8,13,1
240,247,8,14,1
240..247,248..255,0,0,4
240..247,248..255,1,1,4
240..247,248..255,2,2,4
240..247,248..255,3,3,4
240..247,248..255,4,4,4
240..247,248..255,5,5,4
240..247,248..255,6,6,4
240..247,248..255,7,7,4
241,240,8,8,1
241,242,9,9,1
241,243,9,10,1
241,244,9,11,1
241,245,9,12,1
241,246,9,13,1
241,247,9,14,1
242,240,9,8,1
242,241,9,9,1
242,243,10,10,1
242,244,10,11,1
242,245,10,12,1
242,246,10,13,1
242,247,10,14,1
243,240,10,8,1
243,241,10,9,1
243,242,10,10,1
243,244,11,11,1
243,245,11,12,1
243,246,11,13,1
243,247,11,14,1
244,240,11,8,1
244,241,11,9,1
244,242,11,10,1
244,243,11,11,1
244,245,12,12,1
244,246,12,13,1
244,247,12,14,1
245,240,12,8,1
245,241,12,9,1
245,242,12,10,1
245,243,12,11,1
245,244,12,12,1
245,246,13,13,1
245,247,13,14,1
246,240,13,8,1
246,241,13,9,1
246,242,13,10,1
246,243,13,11,1
246,244,13,12,1
246,245,13,13,1
246,247,14,14,1
247,240,14,8,1
247,241,14,9,1
247,242,14,10,1
247,243,14,11,1
247,244,14,12,1
247,245,14,13,1
247,246,14,14,1
248..255,0..247,0,0,4
248..255,0..247,1,1,4
248..255,0..247,2,2,4
248..255,0..247,3,3,4
248..255,0..247,4,4,4
248..255,0..247,5,5,4
248..255,0..247,6,6,4
248..255,0..247,7,7,4
248,249,8,8,1
248,250,8,9,1
248,251,8,10,1
248,252,8,11,1
248,253,8,12,1
248,254,8,13,1
248,255,8,14,1
249,248,8,8,1
249,250,9,9,1
249,251,9,10,1
249,252,9,11,1
249,253,9,12,1
249,254,9,13,1
249,255,9,14,1
250,248,9,8,1
250,249,9,9,1
250,251,10,10,1
250,252,10,11,1
250,253,10,12,1
250,254,10,13,1
250,255,10,14,1
251,248,10,8,1
251,249,10,9,1
251,250,10,10,1
251,252,11,11,1
251,253,11,12,1
251,254,11,13,1
251,255,11,14,1
252,248,11,8,1
252,249,11,9,1
252,250,11,10,1
252,251,11,11,1
252,253,12,12,1
252,254,12,13,1
252,255,12,14,1
253,248,12,8,1
253,249,12,9,1
253,250,12,10,1
253,251,12,11,1
253,252,12,12,1
253,254,13,13,1
253,255,13,14,1
254,248,13,8,1
254,249,13,9,1
254,250,13,10,1
254,251,13,11,1
254,252,13,12,1
254,253,13,13,1
254,255,14,14,1
255,248,14,8,1
255,249,14,9,1
255,250,14,10,1
255,251,14,11,1
255,252,14,12,1
255,253,14,13,1
255,254,14,14,1
256,0,0,0,1
256,1,0,1,1
256,2,0,2,1
256,3,0,3,1
256,4,0,4,1
256,5,0,5,1
256,6,0,6,1
256,7,0,7,1
256,8..63,0,8 9 10 11 12 13 14 15,3 3 3 3 3 3 3 3
256..263,64..255,0,12 13 14 15,3 3 3 3
257,0..7,0,8 9 10 11 12 13 14 15,3 3 3 3 3 3 3 3
257,8,0,0,1
257,9,0,1,1
257,10,0,2,1
257,11,0,3,1
257,12,0,4,1
257,13,0,5,1
257,14,0,6,1
257,15,0,7,1
257,16..63,0,8 9 10 11 12 13 14 15,3 3 3 3 3 3 3 3
258,0..15,0,8 9 10 11 12 13 14 15,3 3 3 3 3 3 3 3
258,16,0,0,1
258,17,0,1,1
258,18,0,2,1
258,19,0,3,1
258,20,0,4,1
258,21,0,5,1
258,22,0,6,1
258,23,0,7,1
258,24..63,0,8 9 10 11 12 13 14 15,3 3 3 3 3 3 3 3
259,0..23,0,8 9 10 11 12 13 14 15,3 3 3 3 3 3 3 3
259,24,0,0,1
259,25,0,1,1
259,26,0,2,1
259,27,0,3,1
259,28,0,4,1
259,29,0,5,1
259,30,0,6,1
259,31,0,7,1
259,32..63,0,8 9 10 11 12 13 14 15,3 3 3 3 3 3 3 3
260,0..31,0,8 9 10 11 12 13 14 15,3 3 3 3 3 3 3 3
260,32,0,0,1
260,33,0,1,1
260,34,0,2,1
260,35,0,3,1
260,36,0,4,1
260,37,0,5,1
260,38,0,6,1
260,39,0,7,1
260,40..63,0,8 9 10 11 12 13 14 15,3 3 3 3 3 3 3 3
261,0..39,0,8 9 10 11 12 13 14 15,3 3 3 3 3 3 3 3
261,40,0,0,1
261,41,0,1,1
261,42,0,2,1
261,43,0,3,1
261,44,0,4,1
261,45,0,5,1
261,46,0,6,1
261,47,0,7,1
261,48..63,0,8 9 10 11 12 13 14 15,3 3 3 3 3 3 3 3
262,0..47,0,8 9 10 11 12 13 14 15,3 3 3 3 3 3 3 3
262,48,0,0,1
262,49,0,1,1
262,50,0,2,1
262,51,0,3,1
262,52,0,4,1
262,53,0,5,1
262,54,0,6,1
262,55,0,7,1
262,56..63,0,8 9 10 11 12 13 14 15,3 3 3 3 3 3 3 3
263,0..55,0,8 9 10 11 12 13 14 15,3 3 3 3 3 3 3 3
263,56,0,0,1
263,57,0,1,1
263,58,0,2,1
263,59,0,3,1
263,60,0,4,1
263,61,0,5,1
263,62,0,6,1
263,63,0,7,1
264..271,0..63,0,12 13 14 15,3 3 3 3
264,64,0,0,1
264,65,0,1,1
264,66,0,2,1
264,67,0,3,1
264,68,0,4,1
264,69,0,5,1
264,70,0,6,1
264,71,0,7,1
264,72..127,0,8 9 10 11 12 13 14 15,3 3 3 3 3 3 3 3
264..271,128..255,0,12 13 14 15,3 3 3 3
265,64..71,0,8 9 10 11 12 13 14 15,3 3 3 3 3 3 3 3
265,72,0,0,1
265,73,0,1,1
265,74,0,2,1
265,75,0,3,1
265,76,0,4,1
265,77,0,5,1
265,78,0,6,1
265,79,0,7,1
265,80..127,0,8 9 10 11 12 13 14 15,3 3 3 3 3 3 3 3
266,64..79,0,8 9 10 11 12 13 14 15,3 3 3 3 3 3 3 3
266,80,0,0,1
266,81,0,1,1
266,82,0,2,1
266,83,0,3,1
266,84,0,4,1
266,85,0,5,1
266,86,0,6,1
266,87,0,7,1
266,88..127,0,8 9 10 11 12 13 14 15,3 3 3 3 3 3 3 3
267,64..87,0,8 9 10 11 12 13 14 15,3 3 3 3 3 3 3 3
267,88,0,0,1
267,89,0,1,1
267,90,0,2,1
267,91,0,3,1
267,92,0,4,1
267,93,0,5,1
267,94,0,6,1
267,95,0,7,1
267,96..127,0,8 9 10 11 12 13 14 15,3 3 3 3 3 3 3 3
268,64..95,0,8 9 10 11 12 13 14 15,3 3 3 3 3 3 3 3
268,96,0,0,1
268,97,0,1,1
268,98,0,2,1
268,99,0,3,1
268,100,0,4,1
268,101,0,5,1
268,102,0,6,1
268,103,0,7,1
268,104..127,0,8 9 10 11 12 13 14 15,3 3 3 3 3 3 3 3
269,64..103,0,8 9 10 11 12 13 14 15,3 3 3 3 3 3 3 3
269,104,0,0,1
269,105,0,1,1
269,106,0,2,1
269,107,0,3,1
269,108,0,4,1
269,109,0,5,1
269,110,0,6,1
269,111,0,7,1
269,112..127,0,8 9 10 11 12 13 14 15,3 3 3 3 3 3 3 3
270,64..111,0,8 9 10 11 12 13 14 15,3 3 3 3 3 3 3 3
270,112,0,0,1
270,113,0,1,1
270,114,0,2,1
270,115,0,3,1
270,116,0,4,1
270,117,0,5,1
270,118,0,6,1
270,119,0,7,1
270,120..127,0,8 9 10 11 12 13 14 15,3 3 3 3 3 3 3 3
271,64..119,0,8 9 10 11 12 13 14 15,3 3 3 3 3 3 3 3
271,120,0,0,1
271,121,0,1,1
271,122,0,2,1
271,123,0,3,1
271,124,0,4,1
271,125,0,5,1
271,126,0,6,1
271,127,0,7,1
272..279,0..127,0,12 13 14 15,3 3 3 3
272,128,0,0,1
272,129,0,1,1
272,130,0,2,1
272,131,0,3,1
272,132,0,4,1
272,133,0,5,1
272,134,0,6,1
272,135,0,7,1
272,136..191,0,8 9 10 11 12 13 14 15,3 3 3 3 3 3 3 3
272..279,192..255,0,12 13 14 15,3 3 3 3
273,128..135,0,8 9 10 11 12 13 14 15,3 3 3 3 3 3 3 3
273,136,0,0,1
273,137,0,1,1
273,138,0,2,1
273,139,0,3,1
273,140,0,4,1
273,141,0,5,1
273,142,0,6,1
273,143,0,7,1
273,144..191,0,8 9 10 11 12 13 14 15,3 3 3 3 3 3 3 3
274,128..143,0,8 9 10 11 12 13 14 15,3 3 3 3 3 3 3 3
274,144,0,0,1
274,145,0,1,1
274,146,0,2,1
274,147,0,3,1
274,148,0,4,1
274,149,0,5,1
274,150,0,6,1
274,151,0,7,1
274,152..191,0,8 9 10 11 12 13 14 15,3 3 3 3 3 3 3 3
275,128..151,0,8 9 10 11 12 13 14 15,3 3 3 3 3 3 3 3
275,152,0,0,1
275,153,0,1,1
275,154,0,2,1
275,155,0,3,1
275,156,0,4,1
275,157,0,5,1
275,158,0,6,1
275,159,0,7,1
275,160..191,0,8 9 10 11 12 13 14 15,3 3 3 3 3 3 3 3
276,128..159,0,8 9 10 11 12 13 14 15,3 3 3 3 3 3 3 3
276,160,0,0,1
276,161,0,1,1
276,162,0,2,1
276,163,0,3,1
276,164,0,4,1
276,165,0,5,1
276,166,0,6,1
276,167,0,7,1
276,168..191,0,8 9 10 11 12 13 14 15,3 3 3 3 3 3 3 3
277,128..167,0,8 9 10 11 12 13 14 15,3 3 3 3 3 3 3 3
277,168,0,0,1
277,169,0,1,1
277,170,0,2,1
277,171,0,3,1
277,172,0,4,1
277,173,0,5,1
277,174,0,6,1
277,175,0,7,1
277,176..191,0,8 9 10 11 12 13 14 15,3 3 3 3 3 3 3 3
278,128..175,0,8 9 10 11 12 13 14 15,3 3 3 3 3 3 3 3
278,176,0,0,1
278,177,0,1,1
278,178,0,2,1
278,179,0,3,1
278,180,0,4,1
278,181,0,5,1
278,182,0,6,1
278,183,0,7,1
278,184..191,0,8 9 10 11 12 13 14 15,3 3 3 3 3 3 3 3
279,128..183,0,8 9 10 11 12 13 14 15,3 3 3 3 3 3 3 3
279,184,0,0,1
279,185,0,1,1
279,186,0,2,1
279,187,0,3,1
279,188,0,4,1
279,189,0,5,1
279,190,0,6,1
279,191,0,7,1
280..287,0..191,0,12 13 14 15,3 3 3 3
280,192,0,0,1
280,193,0,1,1
280,194,0,2,1
280,195,0,3,1
280,196,0,4,1
280,197,0,5,1
280,198,0,6,1
280,199,0,7,1
280,200..255,0,8 9 10 11 12 13 14 15,3 3 3 3 3 3 3 3
281,192..199,0,8 9 10 11 12 13 14 15,3 3 3 3 3 3 3 3
281,200,0,0,1
281,201,0,1,1
281,202,0,2,1
281,203,0,3,1
281,204,0,4,1
281,205,0,5,1
281,206,0,6,1
281,207,0,7,1
281,208..255,0,8 9 10 11 12 13 14 15,3 3 3 3 3 3 3 3
282,192..207,0,8 9 10 11 12 13 14 15,3 3 3 3 3 3 3 3
282,208,0,0,1
282,209,0,1,1
282,210,0,2,1
282,211,0,3,1
282,212,0,4,1
282,213,0,5,1
282,214,0,6,1
282,215,0,7,1
282,216..255,0,8 9 10 11 12 13 14 15,3 3 3 3 3 3 3 3
283,192..215,0,8 9 10 11 12 13 14 15,3 3 3 3 3 3 3 3
283,216,0,0,1
283,217,0,1,1
283,218,0,2,1
283,219,0,3,1
283,220,0,4,1
283,221,0,5,1
283,222,0,6,1
283,223,0,7,1
283,224..255,0,8 9 10 11 12 13 14 15,3 3 3 3 3 3 3 3
284,192..223,0,8 9 10 11 12 13 14 15,3 3 3 3 3 3 3 3
284,224,0,0,1
284,225,0,1,1
284,226,0,2,1
284,227,0,3,1
284,228,0,4,1
284,229,0,5,1
284,230,0,6,1
284,231,0,7,1
284,232..255,0,8 9 10 11 12 13 14 15,3 3 3 3 3 3 3 3
285,192..231,0,8 9 10 11 12 13 14 15,3 3 3 3 3 3 3 3
285,232,0,0,1
285,233,0,1,1
285,234,0,2,1
285,235,0,3,1
285,236,0,4,1
285,237,0,5,1
285,238,0,6,1
285,239,0,7,1
285,240..255,0,8 9 10 11 12 13 14 15,3 3 3 3 3 3 3 3
286,192..239,0,8 9 10 11 12 13 14 15,3 3 3 3 3 3 3 3
286,240,0,0,1
286,241,0,1,1
286,242,0,2,1
286,243,0,3,1
286,244,0,4,1
286,245,0,5,1
286,246,0,6,1
286,247,0,7,1
286,248..255,0,8 9 10 11 12 13 14 15,3 3 3 3 3 3 3 3
287,192..247,0,8 9 10 11 12 13 14 15,3 3 3 3 3 3 3 3
287,248,0,0,1
287,249,0,1,1
287,250,0,2,1
287,251,0,3,1
287,252,0,4,1
287,253,0,5,1
287,254,0,6,1
287,255,0,7,1
288,0,1,0,1
288,1,1,1,1
288,2,1,2,1
288,3,1,3,1
288,4,1,4,1
288,5,1,5,1
288,6,1,6,1
288,7,1,7,1
288,8..63,1,8 9 10 11 12 13 14 15,3 3 3 3 3 3 3 3
288..295,64..255,1,12 13 14 15,3 3 3 3
289,0..7,1,8 9 10 11 12 13 14 15,3 3 3 3 3 3 3 3
289,8,1,0,1
289,9,1,1,1
289,10,1,2,1
289,11,1,3,1
289,12,1,4,1
289,13,1,5,1
289,14,1,6,1
289,15,1,7,1
289,16..63,1,8 9 10 11 12 13 14 15,3 3 3 3 3 3 3 3
290,0..15,1,8 9 10 11 12 13 14 15,3 3 3 3 3 3 3 3
290,16,1,0,1
290,17,1,1,1
290,18,1,2,1
290,19,1,3,1
290,20,1,4,1
290,21,1,5,1
290,22,1,6,1
290,23,1,7,1
290,24..63,1,8 9 10 11 12 13 14 15,3 3 3 3 3 3 3 3
291,0..23,1,8 9 10 11 12 13 14 15,3 3 3 3 3 3 3 3
291,24,1,0,1
291,25,1,1,1
291,26,1,2,1
291,27,1,3,1
291,28,1,4,1
291,29,1,5,1
291,30,1,6,1
291,31,1,7,1
291,32..63,1,8 9 10 11 12 13 14 15,3 3 3 3 3 3 3 3
292,0..31,1,8 9 10 11 12 13 14 15,3 3 3 3 3 3 3 3
292,32,1,0,1
292,33,1,1,1
292,34,1,2,1
292,35,1,3,1
292,36,1,4,1
292,37,1,5,1
292,38,1,6,1
292,39,1,7,1
292,40..63,1,8 9 10 11 12 13 14 15,3 3 3 3 3 3 3 3
293,0..39,1,8 9 10 11 12 13 14 15,3 3 3 3 3 3 3 3
293,40,1,0,1
293,41,1,1,1
293,42,1,2,1
293,43,1,3,1
293,44,1,4,1
293,45,1,5,1
293,46,1,6,1
293,47,1,7,1
293,48..63,1,8 9 10 11 12 13 14 15,3 3 3 3 3 3 3 3
294,0..47,1,8 9 10 11 12 13 14 15,3 3 3 3 3 3 3 3
294,48,1,0,1
294,49,1,1,1
294,50,1,2,1
294,51,1,3,1
294,52,1,4,1
294,53,1,5,1
294,54,1,6,1
294,55,1,7,1
294,56..63,1,8 9 10 11 12 13 14 15,3 3 3 3 3 3 3 3
295,0..55,1,8 9 10 11 12 13 14 15,3 3 3 3 3 3 3 3
295,56,1,0,1
295,57,1,1,1
295,58,1,2,1
295,59,1,3,1
295,60,1,4,1
295,61,1,5,1
295,62,1,6,1
295,63,1,7,1
296..303,0..63,1,12 13 14 15,3 3 3 3
296,64,1,0,1
296,65,1,1,1
296,66,1,2,1
296,67,1,3,1
296,68,1,4,1
296,69,1,5,1
296,70,1,6,1
296,71,1,7,1
296,72..127,1,8 9 10 11 12 13 14 15,3 3 3 3 3 3 3 3
296..303,128..255,1,12 13 14 15,3 3 3 3
297,64..71,1,8 9 10 11 12 13 14 15,3 3 3 3 3 3 3 3
297,72,1,0,1
297,73,1,1,1
297,74,1,2,1
297,75,1,3,1
297,76,1,4,1
297,77,1,5,1
297,78,1,6,1
297,79,1,7,1
297,80..127,1,8 9 10 11 12 13 14 15,3 3 3 3 3 3 3 3
298,64..79,1,8 9 10 11 12 13 14 15,3 3 3 3 3 3 3 3
298,80,1,0,1
298,81,1,1,1
298,82,1,2,1
298,83,1,3,1
298,84,1,4,1
298,85,1,5,1
298,86,1,6,1
298,87,1,7,1
298,88..127,1,8 9 10 11 12 13 14 15,3 3 3 3 3 3 3 3
299,64..87,1,8 9 10 11 12 13 14 15,3 3 3 3 3 3 3 3
299,88,1,0,1
299,89,1,1,1
299,90,1,2,1
299,91,1,3,1
299,92,1,4,1
299,93,1,5,1
299,94,1,6,1
299,95,1,7,1
299,96..127,1,8 9 10 11 12 13 14 15,3 3 3 3 3 3 3 3
300,64..95,1,8 9 10 11 12 13 14 15,3 3 3 3 3 3 3 3
300,96,1,0,1
300,97,1,1,1
300,98,1,2,1
300,99,1,3,1
300,100,1,4,1
300,101,1,5,1
300,102,1,6,1
300,103,1,7,1
300,104..127,1,8 9 10 11 12 13 14 15,3 3 3 3 3 3 3 3
301,64..103,1,8 9 10 11 12 13 14 15,3 3 3 3 3 3 3 3
301,104,1,0,1
301,105,1,1,1
301,106,1,2,1
301,107,1,3,1
301,108,1,4,1
301,109,1,5,1
301,110,1,6,1
301,111,1,7,1
301,112..127,1,8 9 10 11 12 13 14 15,3 3 3 3 3 3 3 3
302,64..111,1,8 9 10 11 12 13 14 15,3 3 3 3 3 3 3 3
302,112,1,0,1
302,113,1,1,1
302,114,1,2,1
302,115,1,3,1
302,116,1,4,1
302,117,1,5,1
302,118,1,6,1
302,119,1,7,1
302,120..127,1,8 9 10 11 12 13 14 15,3 3 3 3 3 3 3 3
303,64..119,1,8 9 10 11 12 13 14 15,3 3 3 3 3 3 3 3
303,120,1,0,1
303,121,1,1,1
303,122,1,2,1
303,123,1,3,1
303,124,1,4,1
303,125,1,5,1
303,126,1,6,1
303,127,1,7,1
304..311,0..127,1,12 13 14 15,3 3 3 3
304,128,1,0,1
304,129,1,1,1
304,130,1,2,1
304,131,1,3,1
304,132,1,4,1
304,133,1,5,1
304,134,1,6,1
304,135,1,7,1
304,136..191,1,8 9 10 11 12 13 14 15,3 3 3 3 3 3 3 3
304..311,192..255,1,12 13 14 15,3 3 3 3
305,128..135,1,8 9 10 11 12 13 14 15,3 3 3 3 3 3 3 3
305,136,1,0,1
305,137,1,1,1
305,138,1,2,1
305,139,1,3,1
305,140,1,4,1
305,141,1,5,1
305,142,1,6,1
305,143,1,7,1
305,144..191,1,8 9 10 11 12 13 14 15,3 3 3 3 3 3 3 3
306,128..143,1,8 9 10 11 12 13 14 15,3 3 3 3 3 3 3 3
306,144,1,0,1
306,145,1,1,1
306,146,1,2,1
306,147,1,3,1
306,148,1,4,1
306,149,1,5,1
306,150,1,6,1
306,151,1,7,1
306,152..191,1,8 9 10 11 12 13 14 15,3 3 3 3 3 3 3 3
307,128..151,1,8 9 10 11 12 13 14 15,3 3 3 3 3 3 3 3
307,152,1,0,1
307,153,1,1,1
307,154,1,2,1
307,155,1,3,1
307,156,1,4,1
307,157,1,5,1
307,158,1,6,1
307,159,1,7,1
307,160..191,1,8 9 10 11 12 13 14 15,3 3 3 3 3 3 3 3
308,128..159,1,8 9 10 11 12 13 14 15,3 3 3 3 3 3 3 3
308,160,1,0,1
308,161,1,1,1
308,162,1,2,1
308,163,1,3,1
308,164,1,4,1
308,165,1,5,1
308,166,1,6,1
308,167,1,7,1
308,168..191,1,8 9 10 11 12 13 14 15,3 3 3 3 3 3 3 3
309,128..167,1,8 9 10 11 12 13 14 15,3 3 3 3 3 3 3 3
309,168,1,0,1
309,169,1,1,1
309,170,1,2,1
309,171,1,3,1
309,172,1,4,1
309,173,1,5,1
309,174,1,6,1
309,175,1,7,1
309,176..191,1,8 9 10 11 12 13 14 15,3 3 3 3 3 3 3 3
310,128..175,1,8 9 10 11 12 13 14 15,3 3 3 3 3 3 3 3
310,176,1,0,1
310,177,1,1,1
310,178,1,2,1
310,179,1,3,1
310,180,1,4,1
310,181,1,5,1
310,182,1,6,1
310,183,1,7,1
310,184..191,1,8 9 10 11 12 13 14 15,3 3 3 3 3 3 3 3
311,128..183,1,8 9 10 11 12 13 14 15,3 3 3 3 3 3 3 3
311,184,1,0,1
311,185,1,1,1
311,186,1,2,1
311,187,1,3,1
311,188,1,4,1
311,189,1,5,1
311,190,1,6,1
311,191,1,7,1
312..319,0..191,1,12 13 14 15,3 3 3 3
312,192,1,0,1
312,193,1,1,1
312,194,1,2,1
312,195,1,3,1
312,196,1,4,1
312,197,1,5,1
312,198,1,6,1
312,199,1,7,1
312,200..255,1,8 9 10 11 12 13 14 15,3 3 3 3 3 3 3 3
313,192..199,1,8 9 10 11 12 13 14 15,3 3 3 3 3 3 3 3
313,200,1,0,1
313,201,1,1,1
313,202,1,2,1
313,203,1,3,1
313,204,1,4,1
313,205,1,5,1
313,206,1,6,1
313,207,1,7,1
313,208..255,1,8 9 10 11 12 13 14 15,3 3 3 3 3 3 3 3
314,192..207,1,8 9 10 11 12 13 14 15,3 3 3 3 3 3 3 3
314,208,1,0,1
314,209,1,1,1
314,210,1,2,1
314,211,1,3,1
314,212,1,4,1
314,213,1,5,1
314,214,1,6,1
314,215,1,7,1
314,216..255,1,8 9 10 11 12 13 14 15,3 3 3 3 3 3 3 3
315,192..215,1,8 9 10 11 12 13 14 15,3 3 3 3 3 3 3 3
315,216,1,0,1
315,217,1,1,1
315,218,1,2,1
315,219,1,3,1
315,220,1,4,1
315,221,1,5,1
315,222,1,6,1
315,223,1,7,1
315,224..255,1,8 9 10 11 12 13 14 15,3 3 3 3 3 3 3 3
316,192..223,1,8 9 10 11 12 13 14 15,3 3 3 3 3 3 3 3
316,224,1,0,1
316,225,1,1,1
316,226,1,2,1
316,227,1,3,1
316,228,1,4,1
316,229,1,5,1
316,230,1,6,1
316,231,1,7,1
316,232..255,1,8 9 10 11 12 13 14 15,3 3 3 3 3 3 3 3
317,192..231,1,8 9 10 11 12 13 14 15,3 3 3 3 3 3 3 3
317,232,1,0,1
317,233,1,1,1
317,234,1,2,1
317,235,1,3,1
317,236,1,4,1
317,237,1,5,1
317,238,1,6,1
317,239,1,7,1
317,240..255,1,8 9 10 11 12 13 14 15,3 3 3 3 3 3 3 3
318,192..239,1,8 9 10 11 12 13 14 15,3 3 3 3 3 3 3 3
318,240,1,0,1
318,241,1,1,1
318,242,1,2,1
318,243,1,3,1
318,244,1,4,1
318,245,1,5,1
318,246,1,6,1
318,247,1,7,1
318,248..255,1,8 9 10 11 12 13 14 15,3 3 3 3 3 3 3 3
319,192..247,1,8 9 10 11 12 13 14 15,3 3 3 3 3 3 3 3
319,248,1,0,1
319,249,1,1,1
319,250,1,2,1
319,251,1,3,1
319,252,1,4,1
319,253,1,5,1
319,254,1,6,1
319,255,1,7,1
320,0,2,0,1
320,1,2,1,1
320,2,2,2,1
320,3,2,3,1
320,4,2,4,1
320,5,2,5,1
320,6,2,6,1
320,7,2,7,1
320,8..63,2,8 9 10 11 12 13 14 15,3 3 3 3 3 3 3 3
320..327,64..255,2,12 13 14 15,3 3 3 3
321,0..7,2,8 9 10 11 12 13 14 15,3 3 3 3 3 3 3 3
321,8,2,0,1
321,9,2,1,1
321,10,2,2,1
321,11,2,3,1
321,12,2,4,1
321,13,2,5,1
321,14,2,6,1
321,15,2,7,1
321,16..63,2,8 9 10 11 12 13 14 15,3 3 3 3 3 3 3 3
322,0..15,2,8 9 10 11 12 13 14 15,3 3 3 3 3 3 3 3
322,16,2,0,1
322,17,2,1,1
322,18,2,2,1
322,19,2,3,1
322,20,2,4,1
322,21,2,5,1
322,22,2,6,1
322,23,2,7,1
322,24..63,2,8 9 10 11 12 13 14 15,3 3 3 3 3 3 3 3
323,0..23,2,8 9 10 11 12 13 14 15,3 3 3 3 3 3 3 3
323,24,2,0,1
323,25,2,1,1
323,26,2,2,1
323,27,2,3,1
323,28,2,4,1
323,29,2,5,1
323,30,2,6,1
323,31,2,7,1
323,32..63,2,8 9 10 11 12 13 14 15,3 3 3 3 3 3 3 3
324,0..31,2,8 9 10 11 12 13 14 15,3 3 3 3 3 3 3 3
324,32,2,0,1
324,33,2,1,1
324,34,2,2,1
324,35,2,3,1
324,36,2,4,1
324,37,2,5,1
324,38,2,6,1
324,39,2,7,1
324,40..63,2,8 9 10 11 12 13 14 15,3 3 3 3 3 3 3 3
325,0..39,2,8 9 10 11 12 13 14 15,3 3 3 3 3 3 3 3
325,40,2,0,1
325,41,2,1,1
325,42,2,2,1
325,43,2,3,1
325,44,2,4,1
325,45,2,5,1
325,46,2,6,1
325,47,2,7,1
325,48..63,2,8 9 10 11 12 13 14 15,3 3 3 3 3 3 3 3
326,0..47,2,8 9 10 11 12 13 14 15,3 3 3 3 3 3 3 3
326,48,2,0,1
326,49,2,1,1
326,50,2,2,1
326,51,2,3,1
326,52,2,4,1
326,53,2,5,1
326,54,2,6,1
326,55,2,7,1
326,56..63,2,8 9 10 11 12 13 14 15,3 3 3 3 3 3 3 3
327,0..55,2,8 9 10 11 12 13 14 15,3 3 3 3 3 3 3 3
327,56,2,0,1
327,57,2,1,1
327,58,2,2,1
327,59,2,3,1
327,60,2,4,1
327,61,2,5,1
327,62,2,6,1
327,63,2,7,1
328..335,0..63,2,12 13 14 15,3 3 3 3
328,64,2,0,1
328,65,2,1,1
328,66,2,2,1
328,67,2,3,1
328,68,2,4,1
328,69,2,5,1
328,70,2,6,1
328,71,2,7,1
328,72..127,2,8 9 10 11 12 13 14 15,3 3 3 3 3 3 3 3
328..335,128..255,2,12 13 14 15,3 3 3 3
329,64..71,2,8 9 10 11 12 13 14 15,3 3 3 3 3 3 3 3
329,72,2,0,1
329,73,2,1,1
329,74,2,2,1
329,75,2,3,1
329,76,2,4,1
329,77,2,5,1
329,78,2,6,1
329,79,2,7,1
329,80..127,2,8 9 10 11 12 13 14 15,3 3 3 3 3 3 3 3
330,64..79,2,8 9 10 11 12 13 14 15,3 3 3 3 3 3 3 3
330,80,2,0,1
330,81,2,1,1
330,82,2,2,1
330,83,2,3,1
330,84,2,4,1
330,85,2,5,1
330,86,2,6,1
330,87,2,7,1
330,88..127,2,8 9 10 11 12 13 14 15,3 3 3 3 3 3 3 3
331,64..87,2,8 9 10 11 12 13 14 15,3 3 3 3 3 3 3 3
331,88,2,0,1
331,89,2,1,1
331,90,2,2,1
331,91,2,3,1
331,92,2,4,1
331,93,2,5,1
331,94,2,6,1
331,95,2,7,1
331,96..127,2,8 9 10 11 12 13 14 15,3 3 3 3 3 3 3 3
332,64..95,2,8 9 10 11 12 13 14 15,3 3 3 3 3 3 3 3
332,96,2,0,1
332,97,2,1,1
332,98,2,2,1
332,99,2,3,1
332,100,2,4,1
332,101,2,5,1
332,102,2,6,1
332,103,2,7,1
332,104..127,2,8 9 10 11 12 13 14 15,3 3 3 3 3 3 3 3
333,64..103,2,8 9 10 11 12 13 14 15,3 3 3 3 3 3 3 3
333,104,2,0,1
333,105,2,1,1
333,106,2,2,1
333,107,2,3,1
333,108,2,4,1
333,109,2,5,1
333,110,2,6,1
333,111,2,7,1
333,112..127,2,8 9 10 11 12 13 14 15,3 3 3 3 3 3 3 3
334,64..111,2,8 9 10 11 12 13 14 15,3 3 3 3 3 3 3 3
334,112,2,0,1
334,113,2,1,1
334,114,2,2,1
334,115,2,3,1
334,116,2,4,1
334,117,2,5,1
334,118,2,6,1
334,119,2,7,1
334,120..127,2,8 9 10 11 12 13 14 15,3 3 3 3 3 3 3 3
335,64..119,2,8 9 10 11 12 13 14 15,3 3 3 3 3 3 3 3
335,120,2,0,1
335,121,2,1,1
335,122,2,2,1
335,123,2,3,1
335,124,2,4,1
335,125,2,5,1
335,126,2,6,1
335,127,2,7,1
336..343,0..127,2,12 13 14 15,3 3 3 3
336,128,2,0,1
336,129,2,1,1
336,130,2,2,1
336,131,2,3,1
336,132,2,4,1
336,133,2,5,1
336,134,2,6,1
336,135,2,7,1
336,136..191,2,8 9 10 11 12 13 14 15,3 3 3 3 3 3 3 3
336..343,192..255,2,12 13 14 15,3 3 3 3
337,128..135,2,8 9 10 11 12 13 14 15,3 3 3 3 3 3 3 3
337,136,2,0,1
337,137,2,1,1
337,138,2,2,1
337,139,2,3,1
337,140,2,4,1
337,141,2,5,1
337,142,2,6,1
337,143,2,7,1
337,144..191,2,8 9 10 11 12 13 14 15,3 3 3 3 3 3 3 3
338,128..143,2,8 9 10 11 12 13 14 15,3 3 3 3 3 3 3 3
338,144,2,0,1
338,145,2,1,1
338,146,2,2,1
338,147,2,3,1
338,148,2,4,1
338,149,2,5,1
338,150,2,6,1
338,151,2,7,1
338,152..191,2,8 9 10 11 12 13 14 15,3 3 3 3 3 3 3 3
339,128..151,2,8 9 10 11 12 13 14 15,3 3 3 3 3 3 3 3
339,152,2,0,1
339,153,2,1,1
339,154,2,2,1
339,155,2,3,1
339,156,2,4,1
339,157,2,5,1
339,158,2,6,1
339,159,2,7,1
339,160..191,2,8 9 10 11 12 13 14 15,3 3 3 3 3 3 3 3
340,128..159,2,8 9 10 11 12 13 14 15,3 3 3 3 3 3 3 3
340,160,2,0,1
340,161,2,1,1
340,162,2,2,1
340,163,2,3,1
340,164,2,4,1
340,165,2,5,1
340,166,2,6,1
340,167,2,7,1
340,168..191,2,8 9 10 11 12 13 14 15,3 3 3 3 3 3 3 3
341,128..167,2,8 9 10 11 12 13 14 15,3 3 3 3 3 3 3 3
341,168,2,0,1
341,169,2,1,1
341,170,2,2,1
341,171,2,3,1
341,172,2,4,1
341,173,2,5,1
341,174,2,6,1
341,175,2,7,1
341,176..191,2,8 9 10 11 12 13 14 15,3 3 3 3 3 3 3 3
342,128..175,2,8 9 10 11 12 13 14 15,3 3 3 3 3 3 3 3
342,176,2,0,1
342,177,2,1,1
342,178,2,2,1
342,179,2,3,1
342,180,2,4,1
342,181,2,5,1
342,182,2,6,1
342,183,2,7,1
342,184..191,2,8 9 10 11 12 13 14 15,3 3 3 3 3 3 3 3
343,128..183,2,8 9 10 11 12 13 14 15,3 3 3 3 3 3 3 3
343,184,2,0,1
343,185,2,1,1
343,186,2,2,1
343,187,2,3,1
343,188,2,4,1
343,189,2,5,1
343,190,2,6,1
343,191,2,7,1
344..351,0..191,2,12 13 14 15,3 3 3 3
344,192,2,0,1
344,193,2,1,1
344,194,2,2,1
344,195,2,3,1
344,196,2,4,1
344,197,2,5,1
344,198,2,6,1
344,199,2,7,1
344,200..255,2,8 9 10 11 12 13 14 15,3 3 3 3 3 3 3 3
345,192..199,2,8 9 10 11 12 13 14 15,3 3 3 3 3 3 3 3
345,200,2,0,1
345,201,2,1,1
345,202,2,2,1
345,203,2,3,1
345,204,2,4,1
345,205,2,5,1
345,206,2,6,1
345,207,2,7,1
345,208..255,2,8 9 10 11 12 13 14 15,3 3 3 3 3 3 3 3
346,192..207,2,8 9 10 11 12 13 14 15,3 3 3 3 3 3 3 3
346,208,2,0,1
346,209,2,1,1
346,210,2,2,1
346,211,2,3,1
346,212,2,4,1
346,213,2,5,1
346,214,2,6,1
346,215,2,7,1
346,216..255,2,8 9 10 11 12 13 14 15,3 3 3 3 3 3 3 3
347,192..215,2,8 9 10 11 12 13 14 15,3 3 3 3 3 3 3 3
347,216,2,0,1
347,217,2,1,1
347,218,2,2,1
347,219,2,3,1
347,220,2,4,1
347,221,2,5,1
347,222,2,6,1
347,223,2,7,1
347,224..255,2,8 9 10 11 12 13 14 15,3 3 3 3 3 3 3 3
348,192..223,2,8 9 10 11 12 13 14 15,3 3 3 3 3 3 3 3
348,224,2,0,1
348,225,2,1,1
348,226,2,2,1
348,227,2,3,1
348,228,2,4,1
348,229,2,5,1
348,230,2,6,1
348,231,2,7,1
348,232..255,2,8 9 10 11 12 13 14 15,3 3 3 3 3 3 3 3
349,192..231,2,8 9 10 11 12 13 14 15,3 3 3 3 3 3 3 3
349,232,2,0,1
349,233,2,1,1
349,234,2,2,1
349,235,2,3,1
349,236,2,4,1
349,237,2,5,1
349,238,2,6,1
349,239,2,7,1
349,240..255,2,8 9 10 11 12 13 14 15,3 3 3 3 3 3 3 3
350,192..239,2,8 9 10 11 12 13 14 15,3 3 3 3 3 3 3 3
350,240,2,0,1
350,241,2,1,1
350,242,2,2,1
350,243,2,3,1
350,244,2,4,1
350,245,2,5,1
350,246,2,6,1
350,247,2,7,1
350,248..255,2,8 9 10 11 12 13 14 15,3 3 3 3 3 3 3 3
351,192..247,2,8 9 10 11 12 13 14 15,3 3 3 3 3 3 3 3
351,248,2,0,1
351,249,2,1,1
351,250,2,2,1
351,251,2,3,1
351,252,2,4,1
351,253,2,5,1
351,254,2,6,1
351,255,2,7,1
352,0,3,0,1
352,1,3,1,1
352,2,3,2,1
352,3,3,3,1
352,4,3,4,1
352,5,3,5,1
352,6,3,6,1
352,7,3,7,1
352,8..63,3,8 9 10 11 12 13 14 15,3 3 3 3 3 3 3 3
352..359,64..255,3,12 13 14 15,3 3 3 3
353,0..7,3,8 9 10 11 12 13 14 15,3 3 3 3 3 3 3 3
353,8,3,0,1
353,9,3,1,1
353,10,3,2,1
353,11,3,3,1
353,12,3,4,1
353,13,3,5,1
353,14,3,6,1
353,15,3,7,1
353,16..63,3,8 9 10 11 12 13 14 15,3 3 3 3 3 3 3 3
354,0..15,3,8 9 10 11 12 13 14 15,3 3 3 3 3 3 3 3
354,16,3,0,1
354,17,3,1,1
354,18,3,2,1
354,19,3,3,1
354,20,3,4,1
354,21,3,5,1
354,22,3,6,1
354,23,3,7,1
354,24..63,3,8 9 10 11 12 13 14 15,3 3 3 3 3 3 3 3
355,0..23,3,8 9 10 11 12 13 14 15,3 3 3 3 3 3 3 3
355,24,3,0,1
355,25,3,1,1
355,26,3,2,1
355,27,3,3,1
355,28,3,4,1
355,29,3,5,1
355,30,3,6,1
355,31,3,7,1
355,32..63,3,8 9 10 11 12 13 14 15,3 3 3 3 3 3 3 3
356,0..31,3,8 9 10 11 12 13 14 15,3 3 3 3 3 3 3 3
356,32,3,0,1
356,33,3,1,1
356,34,3,2,1
356,35,3,3,1
356,36,3,4,1
356,37,3,5,1
356,38,3,6,1
356,39,3,7,1
356,40..63,3,8 9 10 11 12 13 14 15,3 3 3 3 3 3 3 3
357,0..39,3,8 9 10 11 12 13 14 15,3 3 3 3 3 3 3 3
357,40,3,0,1
357,41,3,1,1
357,42,3,2,1
357,43,3,3,1
357,44,3,4,1
357,45,3,5,1
357,46,3,6,1
357,47,3,7,1
357,48..63,3,8 9 10 11 12 13 14 15,3 3 3 3 3 3 3 3
358,0..47,3,8 9 10 11 12 13 14 15,3 3 3 3 3 3 3 3
358,48,3,0,1
358,49,3,1,1
358,50,3,2,1
358,51,3,3,1
358,52,3,4,1
358,53,3,5,1
358,54,3,6,1
358,55,3,7,1
358,56..63,3,8 9 10 11 12 13 14 15,3 3 3 3 3 3 3 3
359,0..55,3,8 9 10 11 12 13 14 15,3 3 3 3 3 3 3 3
359,56,3,0,1
359,57,3,1,1
359,58,3,2,1
359,59,3,3,1
359,60,3,4,1
359,61,3,5,1
359,62,3,6,1
359,63,3,7,1
360..367,0..63,3,12 13 14 15,3 3 3 3
360,64,3,0,1
360,65,3,1,1
360,66,3,2,1
360,67,3,3,1
360,68,3,4,1
360,69,3,5,1
360,70,3,6,1
360,71,3,7,1
360,72..127,3,8 9 10 11 12 13 14 15,3 3 3 3 3 3 3 3
360..367,128..255,3,12 13 14 15,3 3 3 3
361,64..71,3,8 9 10 11 12 13 14 15,3 3 3 3 3 3 3 3
361,72,3,0,1
361,73,3,1,1
361,74,3,2,1
361,75,3,3,1
361,76,3,4,1
361,77,3,5,1
361,78,3,6,1
361,79,3,7,1
361,80..127,3,8 9 10 11 12 13 14 15,3 3 3 3 3 3 3 3
362,64..79,3,8 9 10 11 12 13 14 15,3 3 3 3 3 3 3 3
362,80,3,0,1
362,81,3,1,1
362,82,3,2,1
362,83,3,3,1
362,84,3,4,1
362,85,3,5,1
362,86,3,6,1
362,87,3,7,1
362,88..127,3,8 9 10 11 12 13 14 15,3 3 3 3 3 3 3 3
363,64..87,3,8 9 10 11 12 13 14 15,3 3 3 3 3 3 3 3
363,88,3,0,1
363,89,3,1,1
363,90,3,2,1
363,91,3,3,1
363,92,3,4,1
363,93,3,5,1
363,94,3,6,1
363,95,3,7,1
363,96..127,3,8 9 10 11 12 13 14 15,3 3 3 3 3 3 3 3
364,64..95,3,8 9 10 11 12 13 14 15,3 3 3 3 3 3 3 3
364,96,3,0,1
364,97,3,1,1
364,98,3,2,1
364,99,3,3,1
364,100,3,4,1
364,101,3,5,1
364,102,3,6,1
364,103,3,7,1
364,104..127,3,8 9 10 11 12 13 14 15,3 3 3 3 3 3 3 3
365,64..103,3,8 9 10 11 12 13 14 15,3 3 3 3 3 3 3 3
365,104,3,0,1
365,105,3,1,1
365,106,3,2,1
365,107,3,3,1
365,108,3,4,1
365,109,3,5,1
365,110,3,6,1
365,111,3,7,1
365,112..127,3,8 9 10 11 12 13 14 15,3 3 3 3 3 3 3 3
366,64..111,3,8 9 10 11 12 13 14 15,3 3 3 3 3 3 3 3
366,112,3,0,1
366,113,3,1,1
366,114,3,2,1
366,115,3,3,1
366,116,3,4,1
366,117,3,5,1
366,118,3,6,1
366,119,3,7,1
366,120..127,3,8 9 10 11 12 13 14 15,3 3 3 3 3 3 3 3
367,64..119,3,8 9 10 11 12 13 14 15,3 3 3 3 3 3 3 3
367,120,3,0,1
367,121,3,1,1
367,122,3,2,1
367,123,3,3,1
367,124,3,4,1
367,125,3,5,1
367,126,3,6,1
367,127,3,7,1
368..375,0..127,3,12 13 14 15,3 3 3 3
368,128,3,0,1
368,129,3,1,1
368,130,3,2,1
368,131,3,3,1
368,132,3,4,1
368,133,3,5,1
368,134,3,6,1
368,135,3,7,1
368,136..191,3,8 9 10 11 12 13 14 15,3 3 3 3 3 3 3 3
368..375,192..255,3,12 13 14 15,3 3 3 3
369,128..135,3,8 9 10 11 12 13 14 15,3 3 3 3 3 3 3 3
369,136,3,0,1
369,137,3,1,1
369,138,3,2,1
369,139,3,3,1
369,140,3,4,1
369,141,3,5,1
369,142,3,6,1
369,143,3,7,1
369,144..191,3,8 9 10 11 12 13 14 15,3 3 3 3 3 3 3 3
370,128..143,3,8 9 10 11 12 13 14 15,3 3 3 3 3 3 3 3
370,144,3,0,1
370,145,3,1,1
370,146,3,2,1
370,147,3,3,1
370,148,3,4,1
370,149,3,5,1
370,150,3,6,1
370,151,3,7,1
370,152..191,3,8 9 10 11 12 13 14 15,3 3 3 3 3 3 3 3
371,128..151,3,8 9 10 11 12 13 14 15,3 3 3 3 3 3 3 3
371,152,3,0,1
371,153,3,1,1
371,154,3,2,1
371,155,3,3,1
371,156,3,4,1
371,157,3,5,1
371,158,3,6,1
371,159,3,7,1
371,160..191,3,8 9 10 11 12 13 14 15,3 3 3 3 3 3 3 3
372,128..159,3,8 9 10 11 12 13 14 15,3 3 3 3 3 3 3 3
372,160,3,0,1
372,161,3,1,1
372,162,3,2,1
372,163,3,3,1
372,164,3,4,1
372,165,3,5,1
372,166,3,6,1
372,167,3,7,1
372,168..191,3,8 9 10 11 12 13 14 15,3 3 3 3 3 3 3 3
373,128..167,3,8 9 10 11 12 13 14 15,3 3 3 3 3 3 3 3
373,168,3,0,1
373,169,3,1,1
373,170,3,2,1
373,171,3,3,1
373,172,3,4,1
373,173,3,5,1
373,174,3,6,1
373,175,3,7,1
373,176..191,3,8 9 10 11 12 13 14 15,3 3 3 3 3 3 3 3
374,128..175,3,8 9 10 11 12 13 14 15,3 3 3 3 3 3 3 3
374,176,3,0,1
374,177,3,1,1
374,178,3,2,1
374,179,3,3,1
374,180,3,4,1
374,181,3,5,1
374,182,3,6,1
374,183,3,7,1
374,184..191,3,8 9 10 11 12 13 14 15,3 3 3 3 3 3 3 3
375,128..183,3,8 9 10 11 12 13 14 15,3 3 3 3 3 3 3 3
375,184,3,0,1
375,185,3,1,1
375,186,3,2,1
375,187,3,3,1
375,188,3,4,1
375,189,3,5,1
375,190,3,6,1
375,191,3,7,1
376..383,0..191,3,12 13 14 15,3 3 3 3
376,192,3,0,1
376,193,3,1,1
376,194,3,2,1
376,195,3,3,1
376,196,3,4,1
376,197,3,5,1
376,198,3,6,1
376,199,3,7,1
376,200..255,3,8 9 10 11 12 13 14 15,3 3 3 3 3 3 3 3
377,192..199,3,8 9 10 11 12 13 14 15,3 3 3 3 3 3 3 3
377,200,3,0,1
377,201,3,1,1
377,202,3,2,1
377,203,3,3,1
377,204,3,4,1
377,205,3,5,1
377,206,3,6,1
377,207,3,7,1
377,208..255,3,8 9 10 11 12 13 14 15,3 3 3 3 3 3 3 3
378,192..207,3,8 9 10 11 12 13 14 15,3 3 3 3 3 3 3 3
378,208,3,0,1
378,209,3,1,1
378,210,3,2,1
378,211,3,3,1
378,212,3,4,1
378,213,3,5,1
378,214,3,6,1
378,215,3,7,1
378,216..255,3,8 9 10 11 12 13 14 15,3 3 3 3 3 3 3 3
379,192..215,3,8 9 10 11 12 13 14 15,3 3 3 3 3 3 3 3
379,216,3,0,1
379,217,3,1,1
379,218,3,2,1
379,219,3,3,1
379,220,3,4,1
379,221,3,5,1
379,222,3,6,1
379,223,3,7,1
379,224..255,3,8 9 10 11 12 13 14 15,3 3 3 3 3 3 3 3
380,192..223,3,8 9 10 11 12 13 14 15,3 3 3 3 3 3 3 3
380,224,3,0,1
380,225,3,1,1
380,226,3,2,1
380,227,3,3,1
380,228,3,4,1
380,229,3,5,1
380,230,3,6,1
380,231,3,7,1
380,232..255,3,8 9 10 11 12 13 14 15,3 3 3 3 3 3 3 3
381,192..231,3,8 9 10 11 12 13 14 15,3 3 3 3 3 3 3 3
381,232,3,0,1
381,233,3,1,1
381,234,3,2,1
381,235,3,3,1
381,236,3,4,1
381,237,3,5,1
381,238,3,6,1
381,239,3,7,1
381,240..255,3,8 9 10 11 12 13 14 15,3 3 3 3 3 3 3 3
382,192..239,3,8 9 10 11 12 13 14 15,3 3 3 3 3 3 3 3
382,240,3,0,1
382,241,3,1,1
382,242,3,2,1
382,243,3,3,1
382,244,3,4,1
382,245,3,5,1
382,246,3,6,1
382,247,3,7,1
382,248..255,3,8 9 10 11 12 13 14 15,3 3 3 3 3 3 3 3
383,192..247,3,8 9 10 11 12 13 14 15,3 3 3 3 3 3 3 3
383,248,3,0,1
383,249,3,1,1
383,250,3,2,1
383,251,3,3,1
383,252,3,4,1
383,253,3,5,1
383,254,3,6,1
383,255,3,7,1
384,0,4,0,1
384,1,4,1,1
384,2,4,2,1
384,3,4,3,1
384,4,4,4,1
384,5,4,5,1
384,6,4,6,1
384,7,4,7,1
384,8..63,4,8 9 10 11 12 13 14 15,3 3 3 3 3 3 3 3
384..391,64..255,4,12 13 14 15,3 3 3 3
385,0..7,4,8 9 10 11 12 13 14 15,3 3 3 3 3 3 3 3
385,8,4,0,1
385,9,4,1,1
385,10,4,2,1
385,11,4,3,1
385,12,4,4,1
385,13,4,5,1
385,14,4,6,1
385,15,4,7,1
385,16..63,4,8 9 10 11 12 13 14 15,3 3 3 3 3 3 3 3
386,0..15,4,8 9 10 11 12 13 14 15,3 3 3 3 3 3 3 3
386,16,4,0,1
386,17,4,1,1
386,18,4,2,1
386,19,4,3,1
386,20,4,4,1
386,21,4,5,1
386,22,4,6,1
386,23,4,7,1
386,24..63,4,8 9 10 11 12 13 14 15,3 3 3 3 3 3 3 3
387,0..23,4,8 9 10 11 12 13 14 15,3 3 3 3 3 3 3 3
387,24,4,0,1
387,25,4,1,1
387,26,4,2,1
387,27,4,3,1
387,28,4,4,1
387,29,4,5,1
387,30,4,6,1
387,31,4,7,1
387,32..63,4,8 9 10 11 12 13 14 15,3 3 3 3 3 3 3 3
388,0..31,4,8 9 10 11 12 13 14 15,3 3 3 3 3 3 3 3
388,32,4,0,1
388,33,4,1,1
388,34,4,2,1
388,35,4,3,1
388,36,4,4,1
388,37,4,5,1
388,38,4,6,1
388,39,4,7,1
388,40..63,4,8 9 10 11 12 13 14 15,3 3 3 3 3 3 3 3
389,0..39,4,8 9 10 11 12 13 14 15,3 3 3 3 3 3 3 3
389,40,4,0,1
389,41,4,1,1
389,42,4,2,1
389,43,4,3,1
389,44,4,4,1
389,45,4,5,1
389,46,4,6,1
389,47,4,7,1
389,48..63,4,8 9 10 11 12 13 14 15,3 3 3 3 3 3 3 3
390,0..47,4,8 9 10 11 12 13 14 15,3 3 3 3 3 3 3 3
390,48,4,0,1
390,49,4,1,1
390,50,4,2,1
390,51,4,3,1
390,52,4,4,1
390,53,4,5,1
390,54,4,6,1
390,55,4,7,1
390,56..63,4,8 9 10 11 12 13 14 15,3 3 3 3 3 3 3 3
391,0..55,4,8 9 10 11 12 13 14 15,3 3 3 3 3 3 3 3
391,56,4,0,1
391,57,4,1,1
391,58,4,2,1
391,59,4,3,1
391,60,4,4,1
391,61,4,5,1
391,62,4,6,1
391,63,4,7,1
392..399,0..63,4,12 13 14 15,3 3 3 3
392,64,4,0,1
392,65,4,1,1
392,66,4,2,1
392,67,4,3,1
392,68,4,4,1
392,69,4,5,1
392,70,4,6,1
392,71,4,7,1
392,72..127,4,8 9 10 11 12 13 14 15,3 3 3 3 3 3 3 3
392..399,128..255,4,12 13 14 15,3 3 3 3
393,64..71,4,8 9 10 11 12 13 14 15,3 3 3 3 3 3 3 3
393,72,4,0,1
393,73,4,1,1
393,74,4,2,1
393,75,4,3,1
393,76,4,4,1
393,77,4,5,1
393,78,4,6,1
393,79,4,7,1
393,80..127,4,8 9 10 11 12 13 14 15,3 3 3 3 3 3 3 3
394,64..79,4,8 9 10 11 12 13 14 15,3 3 3 3 3 3 3 3
394,80,4,0,1
394,81,4,1,1
394,82,4,2,1
394,83,4,3,1
394,84,4,4,1
394,85,4,5,1
394,86,4,6,1
394,87,4,7,1
394,88..127,4,8 9 10 11 12 13 14 15,3 3 3 3 3 3 3 3
395,64..87,4,8 9 10 11 12 13 14 15,3 3 3 3 3 3 3 3
395,88,4,0,1
395,89,4,1,1
395,90,4,2,1
395,91,4,3,1
395,92,4,4,1
395,93,4,5,1
395,94,4,6,1
395,95,4,7,1
395,96..127,4,8 9 10 11 12 13 14 15,3 3 3 3 3 3 3 3
396,64..95,4,8 9 10 11 12 13 14 15,3 3 3 3 3 3 3 3
396,96,4,0,1
396,97,4,1,1
396,98,4,2,1
396,99,4,3,1
396,100,4,4,1
396,101,4,5,1
396,102,4,6,1
396,103,4,7,1
396,104..127,4,8 9 10 11 12 13 14 15,3 3 3 3 3 3 3 3
397,64..103,4,8 9 10 11 12 13 14 15,3 3 3 3 3 3 3 3
397,104,4,0,1
397,105,4,1,1
397,106,4,2,1
397,107,4,3,1
397,108,4,4,1
397,109,4,5,1
397,110,4,6,1
397,111,4,7,1
397,112..127,4,8 9 10 11 12 13 14 15,3 3 3 3 3 3 3 3
398,64..111,4,8 9 10 11 12 13 14 15,3 3 3 3 3 3 3 3
398,112,4,0,1
398,113,4,1,1
398,114,4,2,1
398,115,4,3,1
398,116,4,4,1
398,117,4,5,1
398,118,4,6,1
398,119,4,7,1
398,120..127,4,8 9 10 11 12 13 14 15,3 3 3 3 3 3 3 3
399,64..119,4,8 9 10 11 12 13 14 15,3 3 3 3 3 3 3 3
399,120,4,0,1
399,121,4,1,1
399,122,4,2,1
399,123,4,3,1
399,124,4,4,1
399,125,4,5,1
399,126,4,6,1
399,127,4,7,1
400..407,0..127,4,12 13 14 15,3 3 3 3
400,128,4,0,1
400,129,4,1,1
400,130,4,2,1
400,131,4,3,1
400,132,4,4,1
400,133,4,5,1
400,134,4,6,1
400,135,4,7,1
400,136..191,4,8 9 10 11 12 13 14 15,3 3 3 3 3 3 3 3
400..407,192..255,4,12 13 14 15,3 3 3 3
401,128..135,4,8 9 10 11 12 13 14 15,3 3 3 3 3 3 3 3
401,136,4,0,1
401,137,4,1,1
401,138,4,2,1
401,139,4,3,1
401,140,4,4,1
401,141,4,5,1
401,142,4,6,1
401,143,4,7,1
401,144..191,4,8 9 10 11 12 13 14 15,3 3 3 3 3 3 3 3
402,128..143,4,8 9 10 11 12 13 14 15,3 3 3 3 3 3 3 3
402,144,4,0,1
402,145,4,1,1
402,146,4,2,1
402,147,4,3,1
402,148,4,4,1
402,149,4,5,1
402,150,4,6,1
402,151,4,7,1
402,152..191,4,8 9 10 11 12 13 14 15,3 3 3 3 3 3 3 3
403,128..151,4,8 9 10 11 12 13 14 15,3 3 3 3 3 3 3 3
403,152,4,0,1
403,153,4,1,1
403,154,4,2,1
403,155,4,3,1
403,156,4,4,1
403,157,4,5,1
403,158,4,6,1
403,159,4,7,1
403,160..191,4,8 9 10 11 12 13 14 15,3 3 3 3 3 3 3 3
404,128..159,4,8 9 10 11 12 13 14 15,3 3 3 3 3 3 3 3
404,160,4,0,1
404,161,4,1,1
404,162,4,2,1
404,163,4,3,1
404,164,4,4,1
404,165,4,5,1
404,166,4,6,1
404,167,4,7,1
404,168..191,4,8 9 10 11 12 13 14 15,3 3 3 3 3 3 3 3
405,128..167,4,8 9 10 11 12 13 14 15,3 3 3 3 3 3 3 3
405,168,4,0,1
405,169,4,1,1
405,170,4,2,1
405,171,4,3,1
405,172,4,4,1
405,173,4,5,1
405,174,4,6,1
405,175,4,7,1
405,176..191,4,8 9 10 11 12 13 14 15,3 3 3 3 3 3 3 3
406,128..175,4,8 9 10 11 12 13 14 15,3 3 3 3 3 3 3 3
406,176,4,0,1
406,177,4,1,1
406,178,4,2,1
406,179,4,3,1
406,180,4,4,1
406,181,4,5,1
406,182,4,6,1
406,183,4,7,1
406,184..191,4,8 9 10 11 12 13 14 15,3 3 3 3 3 3 3 3
407,128..183,4,8 9 10 11 12 13 14 15,3 3 3 3 3 3 3 3
407,184,4,0,1
407,185,4,1,1
407,186,4,2,1
407,187,4,3,1
407,188,4,4,1
407,189,4,5,1
407,190,4,6,1
407,191,4,7,1
408..415,0..191,4,12 13 14 15,3 3 3 3
408,192,4,0,1
408,193,4,1,1
408,194,4,2,1
408,195,4,3,1
408,196,4,4,1
408,197,4,5,1
408,198,4,6,1
408,199,4,7,1
408,200..255,4,8 9 10 11 12 13 14 15,3 3 3 3 3 3 3 3
409,192..199,4,8 9 10 11 12 13 14 15,3 3 3 3 3 3 3 3
409,200,4,0,1
409,201,4,1,1
409,202,4,2,1
409,203,4,3,1
409,204,4,4,1
409,205,4,5,1
409,206,4,6,1
409,207,4,7,1
409,208..255,4,8 9 10 11 12 13 14 15,3 3 3 3 3 3 3 3
410,192..207,4,8 9 10 11 12 13 14 15,3 3 3 3 3 3 3 3
410,208,4,0,1
410,209,4,1,1
410,210,4,2,1
410,211,4,3,1
410,212,4,4,1
410,213,4,5,1
410,214,4,6,1
410,215,4,7,1
410,216..255,4,8 9 10 11 12 13 14 15,3 3 3 3 3 3 3 3
411,192..215,4,8 9 10 11 12 13 14 15,3 3 3 3 3 3 3 3
411,216,4,0,1
411,217,4,1,1
411,218,4,2,1
411,219,4,3,1
411,220,4,4,1
411,221,4,5,1
411,222,4,6,1
411,223,4,7,1
411,224..255,4,8 9 10 11 12 13 14 15,3 3 3 3 3 3 3 3
412,192..223,4,8 9 10 11 12 13 14 15,3 3 3 3 3 3 3 3
412,224,4,0,1
412,225,4,1,1
412,226,4,2,1
412,227,4,3,1
412,228,4,4,1
412,229,4,5,1
412,230,4,6,1
412,231,4,7,1
412,232..255,4,8 9 10 11 12 13 14 15,3 3 3 3 3 3 3 3
413,192..231,4,8 9 10 11 12 13 14 15,3 3 3 3 3 3 3 3
413,232,4,0,1
413,233,4,1,1
413,234,4,2,1
413,235,4,3,1
413,236,4,4,1
413,237,4,5,1
413,238,4,6,1
413,239,4,7,1
413,240..255,4,8 9 10 11 12 13 14 15,3 3 3 3 3 3 3 3
414,192..239,4,8 9 10 11 12 13 14 15,3 3 3 3 3 3 3 3
414,240,4,0,1
414,241,4,1,1
414,242,4,2,1
414,243,4,3,1
414,244,4,4,1
414,245,4,5,1
414,246,4,6,1
414,247,4,7,1
414,248..255,4,8 9 10 11 12 13 14 15,3 3 3 3 3 3 3 3
415,192..247,4,8 9 10 11 12 13 14 15,3 3 3 3 3 3 3 3
415,248,4,0,1
415,249,4,1,1
415,250,4,2,1
415,251,4,3,1
415,252,4,4,1
415,253,4,5,1
415,254,4,6,1
415,255,4,7,1
416,0,5,0,1
416,1,5,1,1
416,2,5,2,1
416,3,5,3,1
416,4,5,4,1
416,5,5,5,1
416,6,5,6,1
416,7,5,7,1
416,8..63,5,8 9 10 11 12 13 14 15,3 3 3 3 3 3 3 3
416..423,64..255,5,12 13 14 15,3 3 3 3
417,0..7,5,8 9 10 11 12 13 14 15,3 3 3 3 3 3 3 3
417,8,5,0,1
417,9,5,1,1
417,10,5,2,1
417,11,5,3,1
417,12,5,4,1
417,13,5,5,1
417,14,5,6,1
417,15,5,7,1
417,16..63,5,8 9 10 11 12 13 14 15,3 3 3 3 3 3 3 3
418,0..15,5,8 9 10 11 12 13 14 15,3 3 3 3 3 3 3 3
418,16,5,0,1
418,17,5,1,1
418,18,5,2,1
418,19,5,3,1
418,20,5,4,1
418,21,5,5,1
418,22,5,6,1
418,23,5,7,1
418,24..63,5,8 9 10 11 12 13 14 15,3 3 3 3 3 3 3 3
419,0..23,5,8 9 10 11 12 13 14 15,3 3 3 3 3 3 3 3
419,24,5,0,1
419,25,5,1,1
419,26,5,2,1
419,27,5,3,1
419,28,5,4,1
419,29,5,5,1
419,30,5,6,1
419,31,5,7,1
419,32..63,5,8 9 10 11 12 13 14 15,3 3 3 3 3 3 3 3
420,0..31,5,8 9 10 11 12 13 14 15,3 3 3 3 3 3 3 3
420,32,5,0,1
420,33,5,1,1
420,34,5,2,1
420,35,5,3,1
420,36,5,4,1
420,37,5,5,1
420,38,5,6,1
420,39,5,7,1
420,40..63,5,8 9 10 11 12 13 14 15,3 3 3 3 3 3 3 3
421,0..39,5,8 9 10 11 12 13 14 15,3 3 3 3 3 3 3 3
421,40,5,0,1
421,41,5,1,1
421,42,5,2,1
421,43,5,3,1
421,44,5,4,1
421,45,5,5,1
421,46,5,6,1
421,47,5,7,1
421,48..63,5,8 9 10 11 12 13 14 15,3 3 3 3 3 3 3 3
422,0..47,5,8 9 10 11 12 13 14 15,3 3 3 3 3 3 3 3
422,48,5,0,1
422,49,5,1,1
422,50,5,2,1
422,51,5,3,1
422,52,5,4,1
422,53,5,5,1
422,54,5,6,1
422,55,5,7,1
422,56..63,5,8 9 10 11 12 13 14 15,3 3 3 3 3 3 3 3
423,0..55,5,8 9 10 11 12 13 14 15,3 3 3 3 3 3 3 3
423,56,5,0,1
423,57,5,1,1
423,58,5,2,1
423,59,5,3,1
423,60,5,4,1
423,61,5,5,1
423,62,5,6,1
423,63,5,7,1
424..431,0..63,5,12 13 14 15,3 3 3 3
424,64,5,0,1
424,65,5,1,1
424,66,5,2,1
424,67,5,3,1
424,68,5,4,1
424,69,5,5,1
424,70,5,6,1
424,71,5,7,1
424,72..127,5,8 9 10 11 12 13 14 15,3 3 3 3 3 3 3 3
424..431,128..255,5,12 13 14 15,3 3 3 3
425,64..71,5,8 9 10 11 12 13 14 15,3 3 3 3 3 3 3 3
425,72,5,0,1
425,73,5,1,1
425,74,5,2,1
425,75,5,3,1
425,76,5,4,1
425,77,5,5,1
425,78,5,6,1
425,79,5,7,1
425,80..127,5,8 9 10 11 12 13 14 15,3 3 3 3 3 3 3 3
426,64..79,5,8 9 10 11 12 13 14 15,3 3 3 3 3 3 3 3
426,80,5,0,1
426,81,5,1,1
426,82,5,2,1
426,83,5,3,1
426,84,5,4,1
426,85,5,5,1
426,86,5,6,1
426,87,5,7,1
426,88..127,5,8 9 10 11 12 13 14 15,3 3 3 3 3 3 3 3
427,64..87,5,8 9 10 11 12 13 14 15,3 3 3 3 3 3 3 3
427,88,5,0,1
427,89,5,1,1
427,90,5,2,1
427,91,5,3,1
427,92,5,4,1
427,93,5,5,1
427,94,5,6,1
427,95,5,7,1
427,96..127,5,8 9 10 11 12 13 14 15,3 3 3 3 3 3 3 3
428,64..95,5,8 9 10 11 12 13 14 15,3 3 3 3 3 3 3 3
428,96,5,0,1
428,97,5,1,1
428,98,5,2,1
428,99,5,3,1
428,100,5,4,1
428,101,5,5,1
428,102,5,6,1
428,103,5,7,1
428,104..127,5,8 9 10 11 12 13 14 15,3 3 3 3 3 3 3 3
429,64..103,5,8 9 10 11 12 13 14 15,3 3 3 3 3 3 3 3
429,104,5,0,1
429,105,5,1,1
429,106,5,2,1
429,107,5,3,1
429,108,5,4,1
429,109,5,5,1
429,110,5,6,1
429,111,5,7,1
429,112..127,5,8 9 10 11 12 13 14 15,3 3 3 3 3 3 3 3
430,64..111,5,8 9 10 11 12 13 14 15,3 3 3 3 3 3 3 3
430,112,5,0,1
430,113,5,1,1
430,114,5,2,1
430,115,5,3,1
430,116,5,4,1
430,117,5,5,1
430,118,5,6,1
430,119,5,7,1
430,120..127,5,8 9 10 11 12 13 14 15,3 3 3 3 3 3 3 3
431,64..119,5,8 9 10 11 12 13 14 15,3 3 3 3 3 3 3 3
431,120,5,0,1
431,121,5,1,1
431,122,5,2,1
431,123,5,3,1
431,124,5,4,1
431,125,5,5,1
431,126,5,6,1
431,127,5,7,1
432..439,0..127,5,12 13 14 15,3 3 3 3
432,128,5,0,1
432,129,5,1,1
432,130,5,2,1
432,131,5,3,1
432,132,5,4,1
432,133,5,5,1
432,134,5,6,1
432,135,5,7,1
432,136..191,5,8 9 10 11 12 13 14 15,3 3 3 3 3 3 3 3
432..439,192..255,5,12 13 14 15,3 3 3 3
433,128..135,5,8 9 10 11 12 13 14 15,3 3 3 3 3 3 3 3
433,136,5,0,1
433,137,5,1,1
433,138,5,2,1
433,139,5,3,1
433,140,5,4,1
433,141,5,5,1
433,142,5,6,1
433,143,5,7,1
433,144..191,5,8 9 10 11 12 13 14 15,3 3 3 3 3 3 3 3
434,128..143,5,8 9 10 11 12 13 14 15,3 3 3 3 3 3 3 3
434,144,5,0,1
434,145,5,1,1
434,146,5,2,1
434,147,5,3,1
434,148,5,4,1
434,149,5,5,1
434,150,5,6,1
434,151,5,7,1
434,152..191,5,8 9 10 11 12 13 14 15,3 3 3 3 3 3 3 3
435,128..151,5,8 9 10 11 12 13 14 15,3 3 3 3 3 3 3 3
435,152,5,0,1
435,153,5,1,1
435,154,5,2,1
435,155,5,3,1
435,156,5,4,1
435,157,5,5,1
435,158,5,6,1
435,159,5,7,1
435,160..191,5,8 9 10 11 12 13 14 15,3 3 3 3 3 3 3 3
436,128..159,5,8 9 10 11 12 13 14 15,3 3 3 3 3 3 3 3
436,160,5,0,1
436,161,5,1,1
436,162,5,2,1
436,163,5,3,1
436,164,5,4,1
436,165,5,5,1
436,166,5,6,1
436,167,5,7,1
436,168..191,5,8 9 10 11 12 13 14 15,3 3 3 3 3 3 3 3
437,128..167,5,8 9 10 11 12 13 14 15,3 3 3 3 3 3 3 3
437,168,5,0,1
437,169,5,1,1
437,170,5,2,1
437,171,5,3,1
437,172,5,4,1
437,173,5,5,1
437,174,5,6,1
437,175,5,7,1
437,176..191,5,8 9 10 11 12 13 14 15,3 3 3 3 3 3 3 3
438,128..175,5,8 9 10 11 12 13 14 15,3 3 3 3 3 3 3 3
438,176,5,0,1
438,177,5,1,1
438,178,5,2,1
438,179,5,3,1
438,180,5,4,1
438,181,5,5,1
438,182,5,6,1
438,183,5,7,1
438,184..191,5,8 9 10 11 12 13 14 15,3 3 3 3 3 3 3 3
439,128..183,5,8 9 10 11 12 13 14 15,3 3 3 3 3 3 3 3
439,184,5,0,1
439,185,5,1,1
439,186,5,2,1
439,187,5,3,1
439,188,5,4,1
439,189,5,5,1
439,190,5,6,1
439,191,5,7,1
440..447,0..191,5,12 13 14 15,3 3 3 3
440,192,5,0,1
440,193,5,1,1
440,194,5,2,1
440,195,5,3,1
440,196,5,4,1
440,197,5,5,1
440,198,5,6,1
440,199,5,7,1
440,200..255,5,8 9 10 11 12 13 14 15,3 3 3 3 3 3 3 3
441,192..199,5,8 9 10 11 12 13 14 15,3 3 3 3 3 3 3 3
441,200,5,0,1
441,201,5,1,1
441,202,5,2,1
441,203,5,3,1
441,204,5,4,1
441,205,5,5,1
441,206,5,6,1
441,207,5,7,1
441,208..255,5,8 9 10 11 12 13 14 15,3 3 3 3 3 3 3 3
442,192..207,5,8 9 10 11 12 13 14 15,3 3 3 3 3 3 3 3
442,208,5,0,1
442,209,5,1,1
442,210,5,2,1
442,211,5,3,1
442,212,5,4,1
442,213,5,5,1
442,214,5,6,1
442,215,5,7,1
442,216..255,5,8 9 10 11 12 13 14 15,3 3 3 3 3 3 3 3
443,192..215,5,8 9 10 11 12 13 14 15,3 3 3 3 3 3 3 3
443,216,5,0,1
443,217,5,1,1
443,218,5,2,1
443,219,5,3,1
443,220,5,4,1
443,221,5,5,1
443,222,5,6,1
443,223,5,7,1
443,224..255,5,8 9 10 11 12 13 14 15,3 3 3 3 3 3 3 3
444,192..223,5,8 9 10 11 12 13 14 15,3 3 3 3 3 3 3 3
444,224,5,0,1
444,225,5,1,1
444,226,5,2,1
444,227,5,3,1
444,228,5,4,1
444,229,5,5,1
444,230,5,6,1
444,231,5,7,1
444,232..255,5,8 9 10 11 12 13 14 15,3 3 3 3 3 3 3 3
445,192..231,5,8 9 10 11 12 13 14 15,3 3 3 3 3 3 3 3
445,232,5,0,1
445,233,5,1,1
445,234,5,2,1
445,235,5,3,1
445,236,5,4,1
445,237,5,5,1
445,238,5,6,1
445,239,5,7,1
445,240..255,5,8 9 10 11 12 13 14 15,3 3 3 3 3 3 3 3
446,192..239,5,8 9 10 11 12 13 14 15,3 3 3 3 3 3 3 3
446,240,5,0,1
446,241,5,1,1
446,242,5,2,1
446,243,5,3,1
446,244,5,4,1
446,245,5,5,1
446,246,5,6,1
446,247,5,7,1
446,248..255,5,8 9 10 11 12 13 14 15,3 3 3 3 3 3 3 3
447,192..247,5,8 9 10 11 12 13 14 15,3 3 3 3 3 3 3 3
447,248,5,0,1
447,249,5,1,1
447,250,5,2,1
447,251,5,3,1
447,252,5,4,1
447,253,5,5,1
447,254,5,6,1
447,255,5,7,1
448,0,6,0,1
448,1,6,1,1
448,2,6,2,1
448,3,6,3,1
448,4,6,4,1
448,5,6,5,1
448,6,6,6,1
448,7,6,7,1
448,8..63,6,8 9 10 11 12 13 14 15,3 3 3 3 3 3 3 3
448..455,64..255,6,12 13 14 15,3 3 3 3
449,0..7,6,8 9 10 11 12 13 14 15,3 3 3 3 3 3 3 3
449,8,6,0,1
449,9,6,1,1
449,10,6,2,1
449,11,6,3,1
449,12,6,4,1
449,13,6,5,1
449,14,6,6,1
449,15,6,7,1
449,16..63,6,8 9 10 11 12 13 14 15,3 3 3 3 3 3 3 3
450,0..15,6,8 9 10 11 12 13 14 15,3 3 3 3 3 3 3 3
450,16,6,0,1
450,17,6,1,1
450,18,6,2,1
450,19,6,3,1
450,20,6,4,1
450,21,6,5,1
450,22,6,6,1
450,23,6,7,1
450,24..63,6,8 9 10 11 12 13 14 15,3 3 3 3 3 3 3 3
451,0..23,6,8 9 10 11 12 13 14 15,3 3 3 3 3 3 3 3
451,24,6,0,1
451,25,6,1,1
451,26,6,2,1
451,27,6,3,1
451,28,6,4,1
451,29,6,5,1
451,30,6,6,1
451,31,6,7,1
451,32..63,6,8 9 10 11 12 13 14 15,3 3 3 3 3 3 3 3
452,0..31,6,8 9 10 11 12 13 14 15,3 3 3 3 3 3 3 3
452,32,6,0,1
452,33,6,1,1
452,34,6,2,1
452,35,6,3,1
452,36,6,4,1
452,37,6,5,1
452,38,6,6,1
452,39,6,7,1
452,40..63,6,8 9 10 11 12 13 14 15,3 3 3 3 3 3 3 3
453,0..39,6,8 9 10 11 12 13 14 15,3 3 3 3 3 3 3 3
453,40,6,0,1
453,41,6,1,1
453,42,6,2,1
453,43,6,3,1
453,44,6,4,1
453,45,6,5,1
453,46,6,6,1
453,47,6,7,1
453,48..63,6,8 9 10 11 12 13 14 15,3 3 3 3 3 3 3 3
454,0..47,6,8 9 10 11 12 13 14 15,3 3 3 3 3 3 3 3
454,48,6,0,1
454,49,6,1,1
454,50,6,2,1
454,51,6,3,1
454,52,6,4,1
454,53,6,5,1
454,54,6,6,1
454,55,6,7,1
454,56..63,6,8 9 10 11 12 13 14 15,3 3 3 3 3 3 3 3
455,0..55,6,8 9 10 11 12 13 14 15,3 3 3 3 3 3 3 3
455,56,6,0,1
455,57,6,1,1
455,58,6,2,1
455,59,6,3,1
455,60,6,4,1
455,61,6,5,1
455,62,6,6,1
455,63,6,7,1
456..463,0..63,6,12 13 14 15,3 3 3 3
456,64,6,0,1
456,65,6,1,1
456,66,6,2,1
456,67,6,3,1
456,68,6,4,1
456,69,6,5,1
456,70,6,6,1
456,71,6,7,1
456,72..127,6,8 9 10 11 12 13 14 15,3 3 3 3 3 3 3 3
456..463,128..255,6,12 13 14 15,3 3 3 3
457,64..71,6,8 9 10 11 12 13 14 15,3 3 3 3 3 3 3 3
457,72,6,0,1
457,73,6,1,1
457,74,6,2,1
457,75,6,3,1
457,76,6,4,1
457,77,6,5,1
457,78,6,6,1
457,79,6,7,1
457,80..127,6,8 9 10 11 12 13 14 15,3 3 3 3 3 3 3 3
458,64..79,6,8 9 10 11 12 13 14 15,3 3 3 3 3 3 3 3
458,80,6,0,1
458,81,6,1,1
458,82,6,2,1
458,83,6,3,1
458,84,6,4,1
458,85,6,5,1
458,86,6,6,1
458,87,6,7,1
458,88..127,6,8 9 10 11 12 13 14 15,3 3 3 3 3 3 3 3
459,64..87,6,8 9 10 11 12 13 14 15,3 3 3 3 3 3 3 3
459,88,6,0,1
459,89,6,1,1
459,90,6,2,1
459,91,6,3,1
459,92,6,4,1
459,93,6,5,1
459,94,6,6,1
459,95,6,7,1
459,96..127,6,8 9 10 11 12 13 14 15,3 3 3 3 3 3 3 3
460,64..95,6,8 9 10 11 12 13 14 15,3 3 3 3 3 3 3 3
460,96,6,0,1
460,97,6,1,1
460,98,6,2,1
460,99,6,3,1
460,100,6,4,1
460,101,6,5,1
460,102,6,6,1
460,103,6,7,1
460,104..127,6,8 9 10 11 12 13 14 15,3 3 3 3 3 3 3 3
461,64..103,6,8 9 10 11 12 13 14 15,3 3 3 3 3 3 3 3
461,104,6,0,1
461,105,6,1,1
461,106,6,2,1
461,107,6,3,1
461,108,6,4,1
461,109,6,5,1
461,110,6,6,1
461,111,6,7,1
461,112..127,6,8 9 10 11 12 13 14 15,3 3 3 3 3 3 3 3
462,64..111,6,8 9 10 11 12 13 14 15,3 3 3 3 3 3 3 3
462,112,6,0,1
462,113,6,1,1
462,114,6,2,1
462,115,6,3,1
462,116,6,4,1
462,117,6,5,1
462,118,6,6,1
462,119,6,7,1
462,120..127,6,8 9 10 11 12 13 14 15,3 3 3 3 3 3 3 3
463,64..119,6,8 9 10 11 12 13 14 15,3 3 3 3 3 3 3 3
463,120,6,0,1
463,121,6,1,1
463,122,6,2,1
463,123,6,3,1
463,124,6,4,1
463,125,6,5,1
463,126,6,6,1
463,127,6,7,1
464..471,0..127,6,12 13 14 15,3 3 3 3
464,128,6,0,1
464,129,6,1,1
464,130,6,2,1
464,131,6,3,1
464,132,6,4,1
464,133,6,5,1
464,134,6,6,1
464,135,6,7,1
464,136..191,6,8 9 10 11 12 13 14 15,3 3 3 3 3 3 3 3
464..471,192..255,6,12 13 14 15,3 3 3 3
465,128..135,6,8 9 10 11 12 13 14 15,3 3 3 3 3 3 3 3
465,136,6,0,1
465,137,6,1,1
465,138,6,2,1
465,139,6,3,1
465,140,6,4,1
465,141,6,5,1
465,142,6,6,1
465,143,6,7,1
465,144..191,6,8 9 10 11 12 13 14 15,3 3 3 3 3 3 3 3
466,128..143,6,8 9 10 11 12 13 14 15,3 3 3 3 3 3 3 3
466,144,6,0,1
466,145,6,1,1
466,146,6,2,1
466,147,6,3,1
466,148,6,4,1
466,149,6,5,1
466,150,6,6,1
466,151,6,7,1
466,152..191,6,8 9 10 11 12 13 14 15,3 3 3 3 3 3 3 3
467,128..151,6,8 9 10 11 12 13 14 15,3 3 3 3 3 3 3 3
467,152,6,0,1
467,153,6,1,1
467,154,6,2,1
467,155,6,3,1
467,156,6,4,1
467,157,6,5,1
467,158,6,6,1
467,159,6,7,1
467,160..191,6,8 9 10 11 12 13 14 15,3 3 3 3 3 3 3 3
468,128..159,6,8 9 10 11 12 13 14 15,3 3 3 3 3 3 3 3
468,160,6,0,1
468,161,6,1,1
468,162,6,2,1
468,163,6,3,1
468,164,6,4,1
468,165,6,5,1
468,166,6,6,1
468,167,6,7,1
468,168..191,6,8 9 10 11 12 13 14 15,3 3 3 3 3 3 3 3
469,128..167,6,8 9 10 11 12 13 14 15,3 3 3 3 3 3 3 3
469,168,6,0,1
469,169,6,1,1
469,170,6,2,1
469,171,6,3,1
469,172,6,4,1
469,173,6,5,1
469,174,6,6,1
469,175,6,7,1
469,176..191,6,8 9 10 11 12 13 14 15,3 3 3 3 3 3 3 3
470,128..175,6,8 9 10 11 12 13 14 15,3 3 3 3 3 3 3 3
470,176,6,0,1
470,177,6,1,1
470,178,6,2,1
470,179,6,3,1
470,180,6,4,1
470,181,6,5,1
470,182,6,6,1
470,183,6,7,1
470,184..191,6,8 9 10 11 12 13 14 15,3 3 3 3 3 3 3 3
471,128..183,6,8 9 10 11 12 13 14 15,3 3 3 3 3 3 3 3
471,184,6,0,1
471,185,6,1,1
471,186,6,2,1
471,187,6,3,1
471,188,6,4,1
471,189,6,5,1
471,190,6,6,1
471,191,6,7,1
472..479,0..191,6,12 13 14 15,3 3 3 3
472,192,6,0,1
472,193,6,1,1
472,194,6,2,1
472,195,6,3,1
472,196,6,4,1
472,197,6,5,1
472,198,6,6,1
472,199,6,7,1
472,200..255,6,8 9 10 11 12 13 14 15,3 3 3 3 3 3 3 3
473,192..199,6,8 9 10 11 12 13 14 15,3 3 3 3 3 3 3 3
473,200,6,0,1
473,201,6,1,1
473,202,6,2,1
473,203,6,3,1
473,204,6,4,1
473,205,6,5,1
473,206,6,6,1
473,207,6,7,1
473,208..255,6,8 9 10 11 12 13 14 15,3 3 3 3 3 3 3 3
474,192..207,6,8 9 10 11 12 13 14 15,3 3 3 3 3 3 3 3
474,208,6,0,1
474,209,6,1,1
474,210,6,2,1
474,211,6,3,1
474,212,6,4,1
474,213,6,5,1
474,214,6,6,1
474,215,6,7,1
474,216..255,6,8 9 10 11 12 13 14 15,3 3 3 3 3 3 3 3
475,192..215,6,8 9 10 11 12 13 14 15,3 3 3 3 3 3 3 3
475,216,6,0,1
475,217,6,1,1
475,218,6,2,1
475,219,6,3,1
475,220,6,4,1
475,221,6,5,1
475,222,6,6,1
475,223,6,7,1
475,224..255,6,8 9 10 11 12 13 14 15,3 3 3 3 3 3 3 3
476,192..223,6,8 9 10 11 12 13 14 15,3 3 3 3 3 3 3 3
476,224,6,0,1
476,225,6,1,1
476,226,6,2,1
476,227,6,3,1
476,228,6,4,1
476,229,6,5,1
476,230,6,6,1
476,231,6,7,1
476,232..255,6,8 9 10 11 12 13 14 15,3 3 3 3 3 3 3 3
477,192..231,6,8 9 10 11 12 13 14 15,3 3 3 3 3 3 3 3
477,232,6,0,1
477,233,6,1,1
477,234,6,2,1
477,235,6,3,1
477,236,6,4,1
477,237,6,5,1
477,238,6,6,1
477,239,6,7,1
477,240..255,6,8 9 10 11 12 13 14 15,3 3 3 3 3 3 3 3
478,192..239,6,8 9 10 11 12 13 14 15,3 3 3 3 3 3 3 3
478,240,6,0,1
478,241,6,1,1
478,242,6,2,1
478,243,6,3,1
478,244,6,4,1
478,245,6,5,1
478,246,6,6,1
478,247,6,7,1
478,248..255,6,8 9 10 11 12 13 14 15,3 3 3 3 3 3 3 3
479,192..247,6,8 9 10 11 12 13 14 15,3 3 3 3 3 3 3 3
479,248,6,0,1
479,249,6,1,1
479,250,6,2,1
479,251,6,3,1
479,252,6,4,1
479,253,6,5,1
479,254,6,6,1
479,255,6,7,1
480,0,7,0,1
480,1,7,1,1
480,2,7,2,1
480,3,7,3,1
480,4,7,4,1
480,5,7,5,1
480,6,7,6,1
480,7,7,7,1
480,8..63,7,8 9 10 11 12 13 14 15,3 3 3 3 3 3 3 3
480..487,64..255,7,12 13 14 15,3 3 3 3
481,0..7,7,8 9 10 11 12 13 14 15,3 3 3 3 3 3 3 3
481,8,7,0,1
481,9,7,1,1
481,10,7,2,1
481,11,7,3,1
481,12,7,4,1
481,13,7,5,1
481,14,7,6,1
481,15,7,7,1
481,16..63,7,8 9 10 11 12 13 14 15,3 3 3 3 3 3 3 3
482,0..15,7,8 9 10 11 12 13 14 15,3 3 3 3 3 3 3 3
482,16,7,0,1
482,17,7,1,1
482,18,7,2,1
482,19,7,3,1
482,20,7,4,1
482,21,7,5,1
482,22,7,6,1
482,23,7,7,1
482,24..63,7,8 9 10 11 12 13 14 15,3 3 3 3 3 3 3 3
483,0..23,7,8 9 10 11 12 13 14 15,3 3 3 3 3 3 3 3
483,24,7,0,1
483,25,7,1,1
483,26,7,2,1
483,27,7,3,1
483,28,7,4,1
483,29,7,5,1
483,30,7,6,1
483,31,7,7,1
483,32..63,7,8 9 10 11 12 13 14 15,3 3 3 3 3 3 3 3
484,0..31,7,8 9 10 11 12 13 14 15,3 3 3 3 3 3 3 3
484,32,7,0,1
484,33,7,1,1
484,34,7,2,1
484,35,7,3,1
484,36,7,4,1
484,37,7,5,1
484,38,7,6,1
484,39,7,7,1
484,40..63,7,8 9 10 11 12 13 14 15,3 3 3 3 3 3 3 3
485,0..39,7,8 9 10 11 12 13 14 15,3 3 3 3 3 3 3 3
485,40,7,0,1
485,41,7,1,1
485,42,7,2,1
485,43,7,3,1
485,44,7,4,1
485,45,7,5,1
485,46,7,6,1
485,47,7,7,1
485,48..63,7,8 9 10 11 12 13 14 15,3 3 3 3 3 3 3 3
486,0..47,7,8 9 10 11 12 13 14 15,3 3 3 3 3 3 3 3
486,48,7,0,1
486,49,7,1,1
486,50,7,2,1
486,51,7,3,1
486,52,7,4,1
486,53,7,5,1
486,54,7,6,1
486,55,7,7,1
486,56..63,7,8 9 10 11 12 13 14 15,3 3 3 3 3 3 3 3
487,0..55,7,8 9 10 11 12 13 14 15,3 3 3 3 3 3 3 3
487,56,7,0,1
487,57,7,1,1
487,58,7,2,1
487,59,7,3,1
487,60,7,4,1
487,61,7,5,1
487,62,7,6,1
487,63,7,7,1
488..495,0..63,7,12 13 14 15,3 3 3 3
488,64,7,0,1
488,65,7,1,1
488,66,7,2,1
488,67,7,3,1
488,68,7,4,1
488,69,7,5,1
488,70,7,6,1
488,71,7,7,1
488,72..127,7,8 9 10 11 12 13 14 15,3 3 3 3 3 3 3 3
488..495,128..255,7,12 13 14 15,3 3 3 3
489,64..71,7,8 9 10 11 12 13 14 15,3 3 3 3 3 3 3 3
489,72,7,0,1
489,73,7,1,1
489,74,7,2,1
489,75,7,3,1
489,76,7,4,1
489,77,7,5,1
489,78,7,6,1
489,79,7,7,1
489,80..127,7,8 9 10 11 12 13 14 15,3 3 3 3 3 3 3 3
490,64..79,7,8 9 10 11 12 13 14 15,3 3 3 3 3 3 3 3
490,80,7,0,1
490,81,7,1,1
490,82,7,2,1
490,83,7,3,1
490,84,7,4,1
490,85,7,5,1
490,86,7,6,1
490,87,7,7,1
490,88..127,7,8 9 10 11 12 13 14 15,3 3 3 3 3 3 3 3
491,64..87,7,8 9 10 11 12 13 14 15,3 3 3 3 3 3 3 3
491,88,7,0,1
491,89,7,1,1
491,90,7,2,1
491,91,7,3,1
491,92,7,4,1
491,93,7,5,1
491,94,7,6,1
491,95,7,7,1
491,96..127,7,8 9 10 11 12 13 14 15,3 3 3 3 3 3 3 3
492,64..95,7,8 9 10 11 12 13 14 15,3 3 3 3 3 3 3 3
492,96,7,0,1
492,97,7,1,1
492,98,7,2,1
492,99,7,3,1
492,100,7,4,1
492,101,7,5,1
492,102,7,6,1
492,103,7,7,1
492,104..127,7,8 9 10 11 12 13 14 15,3 3 3 3 3 3 3 3
493,64..103,7,8 9 10 11 12 13 14 15,3 3 3 3 3 3 3 3
493,104,7,0,1
493,105,7,1,1
493,106,7,2,1
493,107,7,3,1
493,108,7,4,1
493,109,7,5,1
493,110,7,6,1
493,111,7,7,1
493,112..127,7,8 9 10 11 12 13 14 15,3 3 3 3 3 3 3 3
494,64..111,7,8 9 10 11 12 13 14 15,3 3 3 3 3 3 3 3
494,112,7,0,1
494,113,7,1,1
494,114,7,2,1
494,115,7,3,1
494,116,7,4,1
494,117,7,5,1
494,118,7,6,1
494,119,7,7,1
494,120..127,7,8 9 10 11 12 13 14 15,3 3 3 3 3 3 3 3
495,64..119,7,8 9 10 11 12 13 14 15,3 3 3 3 3 3 3 3
495,120,7,0,1
495,121,7,1,1
495,122,7,2,1
495,123,7,3,1
495,124,7,4,1
495,125,7,5,1
495,126,7,6,1
495,127,7,7,1
496..503,0..127,7,12 13 14 15,3 3 3 3
496,128,7,0,1
496,129,7,1,1
496,130,7,2,1
496,131,7,3,1
496,132,7,4,1
496,133,7,5,1
496,134,7,6,1
496,135,7,7,1
496,136..191,7,8 9 10 11 12 13 14 15,3 3 3 3 3 3 3 3
496..503,192..255,7,12 13 14 15,3 3 3 3
497,128..135,7,8 9 10 11 12 13 14 15,3 3 3 3 3 3 3 3
497,136,7,0,1
497,137,7,1,1
497,138,7,2,1
497,139,7,3,1
497,140,7,4,1
497,141,7,5,1
497,142,7,6,1
497,143,7,7,1
497,144..191,7,8 9 10 11 12 13 14 15,3 3 3 3 3 3 3 3
498,128..143,7,8 9 10 11 12 13 14 15,3 3 3 3 3 3 3 3
498,144,7,0,1
498,145,7,1,1
498,146,7,2,1
498,147,7,3,1
498,148,7,4,1
498,149,7,5,1
498,150,7,6,1
498,151,7,7,1
498,152..191,7,8 9 10 11 12 13 14 15,3 3 3 3 3 3 3 3
499,128..151,7,8 9 10 11 12 13 14 15,3 3 3 3 3 3 3 3
499,152,7,0,1
499,153,7,1,1
499,154,7,2,1
499,155,7,3,1
499,156,7,4,1
499,157,7,5,1
499,158,7,6,1
499,159,7,7,1
499,160..191,7,8 9 10 11 12 13 14 15,3 3 3 3 3 3 3 3
500,128..159,7,8 9 10 11 12 13 14 15,3 3 3 3 3 3 3 3
500,160,7,0,1
500,161,7,1,1
500,162,7,2,1
500,163,7,3,1
500,164,7,4,1
500,165,7,5,1
500,166,7,6,1
500,167,7,7,1
500,168..191,7,8 9 10 11 12 13 14 15,3 3 3 3 3 3 3 3
501,128..167,7,8 9 10 11 12 13 14 15,3 3 3 3 3 3 3 3
501,168,7,0,1
501,169,7,1,1
501,170,7,2,1
501,171,7,3,1
501,172,7,4,1
501,173,7,5,1
501,174,7,6,1
501,175,7,7,1
501,176..191,7,8 9 10 11 12 13 14 15,3 3 3 3 3 3 3 3
502,128..175,7,8 9 10 11 12 13 14 15,3 3 3 3 3 3 3 3
502,176,7,0,1
502,177,7,1,1
502,178,7,2,1
502,179,7,3,1
502,180,7,4,1
502,181,7,5,1
502,182,7,6,1
502,183,7,7,1
502,184..191,7,8 9 10 11 12 13 14 15,3 3 3 3 3 3 3 3
503,128..183,7,8 9 10 11 12 13 14 15,3 3 3 3 3 3 3 3
503,184,7,0,1
503,185,7,1,1
503,186,7,2,1
503,187,7,3,1
503,188,7,4,1
503,189,7,5,1
503,190,7,6,1
503,191,7,7,1
504..511,0..191,7,12 13 14 15,3 3 3 3
504,192,7,0,1
504,193,7,1,1
504,194,7,2,1
504,195,7,3,1
504,196,7,4,1
504,197,7,5,1
504,198,7,6,1
504,199,7,7,1
504,200..255,7,8 9 10 11 12 13 14 15,3 3 3 3 3 3 3 3
505,192..199,7,8 9 10 11 12 13 14 15,3 3 3 3 3 3 3 3
505,200,7,0,1
505,201,7,1,1
505,202,7,2,1
505,203,7,3,1
505,204,7,4,1
505,205,7,5,1
505,206,7,6,1
505,207,7,7,1
505,208..255,7,8 9 10 11 12 13 14 15,3 3 3 3 3 3 3 3
506,192..207,7,8 9 10 11 12 13 14 15,3 3 3 3 3 3 3 3
506,208,7,0,1
506,209,7,1,1
506,210,7,2,1
506,211,7,3,1
506,212,7,4,1
506,213,7,5,1
506,214,7,6,1
506,215,7,7,1
506,216..255,7,8 9 10 11 12 13 14 15,3 3 3 3 3 3 3 3
507,192..215,7,8 9 10 11 12 13 14 15,3 3 3 3 3 3 3 3
507,216,7,0,1
507,217,7,1,1
507,218,7,2,1
507,219,7,3,1
507,220,7,4,1
507,221,7,5,1
507,222,7,6,1
507,223,7,7,1
507,224..255,7,8 9 10 11 12 13 14 15,3 3 3 3 3 3 3 3
508,192..223,7,8 9 10 11 12 13 14 15,3 3 3 3 3 3 3 3
508,224,7,0,1
508,225,7,1,1
508,226,7,2,1
508,227,7,3,1
508,228,7,4,1
508,229,7,5,1
508,230,7,6,1
508,231,7,7,1
508,232..255,7,8 9 10 11 12 13 14 15,3 3 3 3 3 3 3 3
509,192..231,7,8 9 10 11 12 13 14 15,3 3 3 3 3 3 3 3
509,232,7,0,1
509,233,7,1,1
509,234,7,2,1
509,235,7,3,1
509,236,7,4,1
509,237,7,5,1
509,238,7,6,1
509,239,7,7,1
509,240..255,7,8 9 10 11 12 13 14 15,3 3 3 3 3 3 3 3
510,192..239,7,8 9 10 11 12 13 14 15,3 3 3 3 3 3 3 3
510,240,7,0,1
510,241,7,1,1
510,242,7,2,1
510,243,7,3,1
510,244,7,4,1
510,245,7,5,1
510,246,7,6,1
510,247,7,7,1
510,248..255,7,8 9 10 11 12 13 14 15,3 3 3 3 3 3 3 3
511,192..247,7,8 9 10 11 12 13 14 15,3 3 3 3 3 3 3 3
511,248,7,0,1
511,249,7,1,1
511,250,7,2,1
511,251,7,3,1
511,252,7,4,1
511,253,7,5,1
511,254,7,6,1
511,255,7,7,1
512..513,0..7,0,0 1,2 2
512..513,8..15,0,2 3,2 2
512..513,16..23,0,4 5,2 2
512..513,24..31,0,6 7,2 2
512..513,32..39,0,8 9,2 2
512..513,40..47,0,10 11,2 2
512..513,48..55,0,12 13,2 2
512..513,56..63,0,14 15,2 2
514..515,64..71,0,0 1,2 2
514..515,72..79,0,2 3,2 2
514..515,80..87,0,4 5,2 2
514..515,88..95,0,6 7,2 2
514..515,96..103,0,8 9,2 2
514..515,104..111,0,10 11,2 2
514..515,112..119,0,12 13,2 2
514..515,120..127,0,14 15,2 2
516..517,128..135,0,0 1,2 2
516..517,136..143,0,2 3,2 2
516..517,144..151,0,4 5,2 2
516..517,152..159,0,6 7,2 2
516..517,160..167,0,8 9,2 2
516..517,168..175,0,10 11,2 2
516..517,176..183,0,12 13,2 2
516..517,184..191,0,14 15,2 2
518..519,192..199,0,0 1,2 2
518..519,200..207,0,2 3,2 2
518..519,208..215,0,4 5,2 2
518..519,216..223,0,6 7,2 2
518..519,224..231,0,8 9,2 2
518..519,232..239,0,10 11,2 2
518..519,240..247,0,12 13,2 2
518..519,248..255,0,14 15,2 2
520..521,0..7,1,0 1,2 2
520..521,8..15,1,2 3,2 2
520..521,16..23,1,4 5,2 2
520..521,24..31,1,6 7,2 2
520..521,32..39,1,8 9,2 2
520..521,40..47,1,10 11,2 2
520..521,48..55,1,12 13,2 2
520..521,56..63,1,14 15,2 2
522..523,64..71,1,0 1,2 2
522..523,72..79,1,2 3,2 2
522..523,80..87,1,4 5,2 2
522..523,88..95,1,6 7,2 2
522..523,96..103,1,8 9,2 2
522..523,104..111,1,10 11,2 2
522..523,112..119,1,12 13,2 2
522..523,120..127,1,14 15,2 2
524..525,128..135,1,0 1,2 2
524..525,136..143,1,2 3,2 2
524..525,144..151,1,4 5,2 2
524..525,152..159,1,6 7,2 2
524..525,160..167,1,8 9,2 2
524..525,168..175,1,10 11,2 2
524..525,176..183,1,12 13,2 2
524..525,184..191,1,14 15,2 2
526..527,192..199,1,0 1,2 2
526..527,200..207,1,2 3,2 2
526..527,208..215,1,4 5,2 2
526..527,216..223,1,6 7,2 2
526..527,224..231,1,8 9,2 2
526..527,232..239,1,10 11,2 2
526..527,240..247,1,12 13,2 2
526..527,248..255,1,14 15,2 2
528..529,0..7,2,0 1,2 2
528..529,8..15,2,2 3,2 2
528..529,16..23,2,4 5,2 2
528..529,24..31,2,6 7,2 2
528..529,32..39,2,8 9,2 2
528..529,40..47,2,10 11,2 2
528..529,48..55,2,12 13,2 2
528..529,56..63,2,14 15,2 2
530..531,64..71,2,0 1,2 2
530..531,72..79,2,2 3,2 2
530..531,80..87,2,4 5,2 2
530..531,88..95,2,6 7,2 2
530..531,96..103,2,8 9,2 2
530..531,104..111,2,10 11,2 2
530..531,112..119,2,12 13,2 2
530..531,120..127,2,14 15,2 2
532..533,128..135,2,0 1,2 2
532..533,136..143,2,2 3,2 2
532..533,144..151,2,4 5,2 2
532..533,152..159,2,6 7,2 2
532..533,160..167,2,8 9,2 2
532..533,168..175,2,10 11,2 2
532..533,176..183,2,12 13,2 2
532..533,184..191,2,14 15,2 2
534..535,192..199,2,0 1,2 2
534..535,200..207,2,2 3,2 2
534..535,208..215,2,4 5,2 2
534..535,216..223,2,6 7,2 2
534..535,224..231,2,8 9,2 2
534..535,232..239,2,10 11,2 2
534..535,240..247,2,12 13,2 2
534..535,248..255,2,14 15,2 2
536..537,0..7,3,0 1,2 2
536..537,8..15,3,2 3,2 2
536..537,16..23,3,4 5,2 2
536..537,24..31,3,6 7,2 2
536..537,32..39,3,8 9,2 2
536..537,40..47,3,10 11,2 2
536..537,48..55,3,12 13,2 2
536..537,56..63,3,14 15,2 2
538..539,64..71,3,0 1,2 2
538..539,72..79,3,2 3,2 2
538..539,80..87,3,4 5,2 2
538..539,88..95,3,6 7,2 2
538..539,96..103,3,8 9,2 2
538..539,104..111,3,10 11,2 2
538..539,112..119,3,12 13,2 2
538..539,120..127,3,14 15,2 2
540..541,128..135,3,0 1,2 2
540..541,136..143,3,2 3,2 2
540..541,144..151,3,4 5,2 2
540..541,152..159,3,6 7,2 2
540..541,160..167,3,8 9,2 2
540..541,168..175,3,10 11,2 2
540..541,176..183,3,12 13,2 2
540..541,184..191,3,14 15,2 2
542..543,192..199,3,0 1,2 2
542..543,200..207,3,2 3,2 2
542..543,208..215,3,4 5,2 2
542..543,216..223,3,6 7,2 2
542..543,224..231,3,8 9,2 2
542..543,232..239,3,10 11,2 2
542..543,240..247,3,12 13,2 2
542..543,248..255,3,14 15,2 2
544..545,0..7,4,0 1,2 2
544..545,8..15,4,2 3,2 2
544..545,16..23,4,4 5,2 2
544..545,24..31,4,6 7,2 2
544..545,32..39,4,8 9,2 2
544..545,40..47,4,10 11,2 2
544..545,48..55,4,12 13,2 2
544..545,56..63,4,14 15,2 2
546..547,64..71,4,0 1,2 2
546..547,72..79,4,2 3,2 2
546..547,80..87,4,4 5,2 2
546..547,88..95,4,6 7,2 2
546..547,96..103,4,8 9,2 2
546..547,104..111,4,10 11,2 2
546..547,112..119,4,12 13,2 2
546..547,120..127,4,14 15,2 2
548..549,128..135,4,0 1,2 2
548..549,136..143,4,2 3,2 2
548..549,144..151,4,4 5,2 2
548..549,152..159,4,6 7,2 2
548..549,160..167,4,8 9,2 2
548..549,168..175,4,10 11,2 2
548..549,176..183,4,12 13,2 2
548..549,184..191,4,14 15,2 2
550..551,192..199,4,0 1,2 2
550..551,200..207,4,2 3,2 2
550..551,208..215,4,4 5,2 2
550..551,216..223,4,6 7,2 2
550..551,224..231,4,8 9,2 2
550..551,232..239,4,10 11,2 2
550..551,240..247,4,12 13,2 2
550..551,248..255,4,14 15,2 2
552..553,0..7,5,0 1,2 2
552..553,8..15,5,2 3,2 2
552..553,16..23,5,4 5,2 2
552..553,24..31,5,6 7,2 2
552..553,32..39,5,8 9,2 2
552..553,40..47,5,10 11,2 2
552..553,48..55,5,12 13,2 2
552..553,56..63,5,14 15,2 2
554..555,64..71,5,0 1,2 2
554..555,72..79,5,2 3,2 2
554..555,80..87,5,4 5,2 2
554..555,88..95,5,6 7,2 2
554..555,96..103,5,8 9,2 2
554..555,104..111,5,10 11,2 2
554..555,112..119,5,12 13,2 2
554..555,120..127,5,14 15,2 2
556..557,128..135,5,0 1,2 2
556..557,136..143,5,2 3,2 2
556..557,144..151,5,4 5,2 2
556..557,152..159,5,6 7,2 2
556..557,160..167,5,8 9,2 2
556..557,168..175,5,10 11,2 2
556..557,176..183,5,12 13,2 2
556..557,184..191,5,14 15,2 2
558..559,192..199,5,0 1,2 2
558..559,200..207,5,2 3,2 2
558..559,208..215,5,4 5,2 2
558..559,216..223,5,6 7,2 2
558..559,224..231,5,8 9,2 2
558..559,232..239,5,10 11,2 2
558..559,240..247,5,12 13,2 2
558..559,248..255,5,14 15,2 2
560..561,0..7,6,0 1,2 2
560..561,8..15,6,2 3,2 2
560..561,16..23,6,4 5,2 2
560..561,24..31,6,6 7,2 2
560..561,32..39,6,8 9,2 2
560..561,40..47,6,10 11,2 2
560..561,48..55,6,12 13,2 2
560..561,56..63,6,14 15,2 2
562..563,64..71,6,0 1,2 2
562..563,72..79,6,2 3,2 2
562..563,80..87,6,4 5,2 2
562..563,88..95,6,6 7,2 2
562..563,96..103,6,8 9,2 2
562..563,104..111,6,10 11,2 2
562..563,112..119,6,12 13,2 2
562..563,120..127,6,14 15,2 2
564..565,128..135,6,0 1,2 2
564..565,136..143,6,2 3,2 2
564..565,144..151,6,4 5,2 2
564..565,152..159,6,6 7,2 2
564..565,160..167,6,8 9,2 2
564..565,168..175,6,10 11,2 2
564..565,176..183,6,12 13,2 2
564..565,184..191,6,14 15,2 2
566..567,192..199,6,0 1,2 2
566..567,200..207,6,2 3,2 2
566..567,208..215,6,4 5,2 2
566..567,216..223,6,6 7,2 2
566..567,224..231,6,8 9,2 2
566..567,232..239,6,10 11,2 2
566..567,240..247,6,12 13,2 2
566..567,248..255,6,14 15,2 2
568..569,0..7,7,0 1,2 2
568..569,8..15,7,2 3,2 2
568..569,16..23,7,4 5,2 2
568..569,24..31,7,6 7,2 2
568..569,32..39,7,8 9,2 2
568..569,40..47,7,10 11,2 2
568..569,48..55,7,12 13,2 2
568..569,56..63,7,14 15,2 2
570..571,64..71,7,0 1,2 2
570..571,72..79,7,2 3,2 2
570..571,80..87,7,4 5,2 2
570..571,88..95,7,6 7,2 2
570..571,96..103,7,8 9,2 2
570..571,104..111,7,10 11,2 2
570..571,112..119,7,12 13,2 2
570..571,120..127,7,14 15,2 2
572..573,128..135,7,0 1,2 2
572..573,136..143,7,2 3,2 2
572..573,144..151,7,4 5,2 2
572..573,152..159,7,6 7,2 2
572..573,160..167,7,8 9,2 2
572..573,168..175,7,10 11,2 2
572..573,176..183,7,12 13,2 2
572..573,184..191,7,14 15,2 2
574..575,192..199,7,0 1,2 2
574..575,200..207,7,2 3,2 2
574..575,208..215,7,4 5,2 2
574..575,216..223,7,6 7,2 2
574..575,224..231,7,8 9,2 2
574..575,232..239,7,10 11,2 2
574..575,240..247,7,12 13,2 2
574..575,248..255,7,14 15,2 2
576..579,0..7,0,0,2
576..579,8..15,0,1,2
576..579,16..23,0,2,2
576..579,24..31,0,3,2
576..579,32..39,0,4,2
576..579,40..47,0,5,2
576..579,48..55,0,6,2
576..579,56..63,0,7,2
576..579,64..71,0,8,2
576..579,72..79,0,9,2
576..579,80..87,0,10,2
576..579,88..95,0,11,2
576..579,96..103,0,12,2
576..579,104..111,0,13,2
576..579,112..119,0,14,2
576..579,120..127,0,15,2
576..579,128..135,0,16,2
576..579,136..143,0,17,2
576..579,144..151,0,18,2
576..579,152..159,0,19,2
576..579,160..167,0,20,2
576..579,168..175,0,21,2
576..579,176..183,0,22,2
576..579,184..191,0,23,2
576..579,192..199,0,24,2
576..579,200..207,0,25,2
576..579,208..215,0,26,2
576..579,216..223,0,27,2
576..579,224..231,0,28,2
576..579,232..239,0,29,2
576..579,240..247,0,30,2
576..579,248..255,0,31,2
580..583,0..7,1,0,2
580..583,8..15,1,1,2
580..583,16..23,1,2,2
580..583,24..31,1,3,2
580..583,32..39,1,4,2
580..583,40..47,1,5,2
580..583,48..55,1,6,2
580..583,56..63,1,7,2
580..583,64..71,1,8,2
580..583,72..79,1,9,2
580..583,80..87,1,10,2
580..583,88..95,1,11,2
580..583,96..103,1,12,2
580..583,104..111,1,13,2
580..583,112..119,1,14,2
580..583,120..127,1,15,2
580..583,128..135,1,16,2
580..583,136..143,1,17,2
580..583,144..151,1,18,2
580..583,152..159,1,19,2
580..583,160..167,1,20,2
580..583,168..175,1,21,2
580..583,176..183,1,22,2
580..583,184..191,1,23,2
580..583,192..199,1,24,2
580..583,200..207,1,25,2
580..583,208..215,1,26,2
580..583,216..223,1,27,2
580..583,224..231,1,28,2
580..583,232..239,1,29,2
580..583,240..247,1,30,2
580..583,248..255,1,31,2
584..587,0..7,2,0,2
584..587,8..15,2,1,2
584..587,16..23,2,2,2
584..587,24..31,2,3,2
584..587,32..39,2,4,2
584..587,40..47,2,5,2
584..587,48..55,2,6,2
584..587,56..63,2,7,2
584..587,64..71,2,8,2
584..587,72..79,2,9,2
584..587,80..87,2,10,2
584..587,88..95,2,11,2
584..587,96..103,2,12,2
584..587,104..111,2,13,2
584..587,112..119,2,14,2
584..587,120..127,2,15,2
584..587,128..135,2,16,2
584..587,136..143,2,17,2
584..587,144..151,2,18,2
584..587,152..159,2,19,2
584..587,160..167,2,20,2
584..587,168..175,2,21,2
584..587,176..183,2,22,2
584..587,184..191,2,23,2
584..587,192..199,2,24,2
584..587,200..207,2,25,2
584..587,208..215,2,26,2
584..587,216..223,2,27,2
584..587,224..231,2,28,2
584..587,232..239,2,29,2
584..587,240..247,2,30,2
584..587,248..255,2,31,2
588..591,0..7,3,0,2
588..591,8..15,3,1,2
588..591,16..23,3,2,2
588..591,24..31,3,3,2
588..591,32..39,3,4,2
588..591,40..47,3,5,2
588..591,48..55,3,6,2
588..591,56..63,3,7,2
588..591,64..71,3,8,2
588..591,72..79,3,9,2
588..591,80..87,3,10,2
588..591,88..95,3,11,2
588..591,96..103,3,12,2
588..591,104..111,3,13,2
588..591,112..119,3,14,2
588..591,120..127,3,15,2
588..591,128..135,3,16,2
588..591,136..143,3,17,2
588..591,144..151,3,18,2
588..591,152..159,3,19,2
588..591,160..167,3,20,2
588..591,168..175,3,21,2
588..591,176..183,3,22,2
588..591,184..191,3,23,2
588..591,192..199,3,24,2
588..591,200..207,3,25,2
588..591,208..215,3,26,2
588..591,216..223,3,27,2
588..591,224..231,3,28,2
588..591,232..239,3,29,2
588..591,240..247,3,30,2
588..591,248..255,3,31,2
592..595,0..7,4,0,2
592..595,8..15,4,1,2
592..595,16..23,4,2,2
592..595,24..31,4,3,2
592..595,32..39,4,4,2
592..595,40..47,4,5,2
592..595,48..55,4,6,2
592..595,56..63,4,7,2
592..595,64..71,4,8,2
592..595,72..79,4,9,2
592..595,80..87,4,10,2
592..595,88..95,4,11,2
592..595,96..103,4,12,2
592..595,104..111,4,13,2
592..595,112..119,4,14,2
592..595,120..127,4,15,2
592..595,128..135,4,16,2
592..595,136..143,4,17,2
592..595,144..151,4,18,2
592..595,152..159,4,19,2
592..595,160..167,4,20,2
592..595,168..175,4,21,2
592..595,176..183,4,22,2
592..595,184..191,4,23,2
592..595,192..199,4,24,2
592..595,200..207,4,25,2
592..595,208..215,4,26,2
592..595,216..223,4,27,2
592..595,224..231,4,28,2
592..595,232..239,4,29,2
592..595,240..247,4,30,2
592..595,248..255,4,31,2
596..599,0..7,5,0,2
596..599,8..15,5,1,2
596..599,16..23,5,2,2
596..599,24..31,5,3,2
596..599,32..39,5,4,2
596..599,40..47,5,5,2
596..599,48..55,5,6,2
596..599,56..63,5,7,2
596..599,64..71,5,8,2
596..599,72..79,5,9,2
596..599,80..87,5,10,2
596..599,88..95,5,11,2
596..599,96..103,5,12,2
596..599,104..111,5,13,2
596..599,112..119,5,14,2
596..599,120..127,5,15,2
596..599,128..135,5,16,2
596..599,136..143,5,17,2
596..599,144..151,5,18,2
596..599,152..159,5,19,2
596..599,160..167,5,20,2
596..599,168..175,5,21,2
596..599,176..183,5,22,2
596..599,184..191,5,23,2
596..599,192..199,5,24,2
596..599,200..207,5,25,2
596..599,208..215,5,26,2
596..599,216..223,5,27,2
596..599,224..231,5,28,2
596..599,232..239,5,29,2
596..599,240..247,5,30,2
596..599,248..255,5,31,2
600..603,0..7,6,0,2
600..603,8..15,6,1,2
600..603,16..23,6,2,2
600..603,24..31,6,3,2
600..603,32..39,6,4,2
600..603,40..47,6,5,2
600..603,48..55,6,6,2
600..603,56..63,6,7,2
600..603,64..71,6,8,2
600..603,72..79,6,9,2
600..603,80..87,6,10,2
600..603,88..95,6,11,2
600..603,96..103,6,12,2
600..603,104..111,6,13,2
600..603,112..119,6,14,2
600..603,120..127,6,15,2
600..603,128..135,6,16,2
600..603,136..143,6,17,2
600..603,144..151,6,18,2
600..603,152..159,6,19,2
600..603,160..167,6,20,2
600..603,168..175,6,21,2
600..603,176..183,6,22,2
600..603,184..191,6,23,2
600..603,192..199,6,24,2
600..603,200..207,6,25,2
600..603,208..215,6,26,2
600..603,216..223,6,27,2
600..603,224..231,6,28,2
600..603,232..239,6,29,2
600..603,240..247,6,30,2
600..603,248..255,6,31,2
604..607,0..7,7,0,2
604..607,8..15,7,1,2
604..607,16..23,7,2,2
604..607,24..31,7,3,2
604..607,32..39,7,4,2
604..607,40..47,7,5,2
604..607,48..55,7,6,2
604..607,56..63,7,7,2
604..607,64..71,7,8,2
604..607,72..79,7,9,2
604..607,80..87,7,10,2
604..607,88..95,7,11,2
604..607,96..103,7,12,2
604..607,104..111,7,13,2
604..607,112..119,7,14,2
604..607,120..127,7,15,2
604..607,128..135,7,16,2
604..607,136..143,7,17,2
604..607,144..151,7,18,2
604..607,152..159,7,19,2
604..607,160..167,7,20,2
604..607,168..175,7,21,2
604..607,176..183,7,22,2
604..607,184..191,7,23,2
604..607,192..199,7,24,2
604..607,200..207,7,25,2
604..607,208..215,7,26,2
604..607,216..223,7,27,2
604..607,224..231,7,28,2
604..607,232..239,7,29,2
604..607,240..247,7,30,2
604..607,248..255,7,31,2
